epoch,train_loss,val_loss,dataset,model,seed
1,0.1514904766033093,0.05331774548228298,energy,MLP,42
2,0.029761108739132233,0.03415083126830203,energy,MLP,42
3,0.019940957765687595,0.03047438750841788,energy,MLP,42
4,0.01781917249106548,0.03458467199067984,energy,MLP,42
5,0.01672554771754552,0.027627737494185567,energy,MLP,42
6,0.014889218343534705,0.024547097938401357,energy,MLP,42
7,0.013987205654495594,0.024666305032691786,energy,MLP,42
8,0.013159670690639001,0.021807145393852676,energy,MLP,42
9,0.01298301261990811,0.0230757330677339,energy,MLP,42
10,0.012285969410599633,0.021967337500037893,energy,MLP,42
11,0.012558867646889254,0.02681819283004318,energy,MLP,42
12,0.01322668580564134,0.020574225212580392,energy,MLP,42
13,0.012404709059575742,0.020920269856495515,energy,MLP,42
14,0.011380594371902671,0.01906869906399931,energy,MLP,42
15,0.011839999870227819,0.021629119890608957,energy,MLP,42
16,0.011630380392131028,0.02119282223949475,energy,MLP,42
17,0.011037804398008368,0.019210938962974718,energy,MLP,42
18,0.011021640786731785,0.02152407482000334,energy,MLP,42
19,0.011158439761140582,0.02212117605709604,energy,MLP,42
20,0.011844220147891478,0.020520728347556933,energy,MLP,42
21,0.010451349323954095,0.019965778005176356,energy,MLP,42
22,0.011116798169854464,0.018344143305772116,energy,MLP,42
23,0.01033160643242864,0.020932972198352218,energy,MLP,42
24,0.010849329043236194,0.0183129159600607,energy,MLP,42
25,0.010185195676361522,0.02873587854472654,energy,MLP,42
26,0.012097679530129288,0.0192220775477056,energy,MLP,42
27,0.00949641511860219,0.017206284017967328,energy,MLP,42
28,0.009611752046497933,0.01820005995354482,energy,MLP,42
29,0.009120300740257582,0.021707017041210617,energy,MLP,42
30,0.009518694845169332,0.01811038237065077,energy,MLP,42
31,0.009322930155604175,0.018272748549601862,energy,MLP,42
32,0.009312250362144727,0.020121499563434293,energy,MLP,42
33,0.009122961370105093,0.017589637344436988,energy,MLP,42
34,0.008510975389402698,0.017791039044303552,energy,MLP,42
35,0.00914083600439357,0.020060582286013023,energy,MLP,42
1,0.15045299722502628,0.05818114921982799,energy,MLP,43
2,0.0290647342547097,0.03933666892615812,energy,MLP,43
3,0.02079987431396589,0.027400952564286336,energy,MLP,43
4,0.017155833401237473,0.03119317369003381,energy,MLP,43
5,0.01593620962265766,0.023890373895743063,energy,MLP,43
6,0.014841760960266445,0.02377275557124189,energy,MLP,43
7,0.01482072403428681,0.02799120718347175,energy,MLP,43
8,0.015430733060577151,0.023135883467538015,energy,MLP,43
9,0.012519456897721146,0.020797463499807885,energy,MLP,43
10,0.012410763199582245,0.020035086033333625,energy,MLP,43
11,0.012284413890235803,0.019745388999581337,energy,MLP,43
12,0.011906511771182219,0.019930854639304534,energy,MLP,43
13,0.012195227801743331,0.019298306666314602,energy,MLP,43
14,0.012056038672612472,0.0189920653855162,energy,MLP,43
15,0.011155551754530858,0.01961455567340766,energy,MLP,43
16,0.011264553283002566,0.019418889789709022,energy,MLP,43
17,0.011264425751781373,0.021113017124922147,energy,MLP,43
18,0.010993187665008008,0.024103130546531508,energy,MLP,43
19,0.010698496561610338,0.02122759656049311,energy,MLP,43
20,0.010780986931146772,0.01841257534189416,energy,MLP,43
21,0.010476178680123254,0.02413779916241765,energy,MLP,43
22,0.011476026184744003,0.01857337575139744,energy,MLP,43
23,0.01027839763485121,0.02139542710834316,energy,MLP,43
24,0.010197692049780127,0.019235258822196295,energy,MLP,43
25,0.009438678026058231,0.019274583352463587,energy,MLP,43
26,0.00973488463117092,0.019213441559778794,energy,MLP,43
27,0.009977420633235439,0.02173937132049884,energy,MLP,43
28,0.010633690607254252,0.01911575992458633,energy,MLP,43
1,0.14542122473093597,0.050506376794406345,energy,MLP,44
2,0.029866680248894474,0.036643851814525466,energy,MLP,44
3,0.02132705290039832,0.028987313421177014,energy,MLP,44
4,0.018721681031765358,0.03043922030233911,energy,MLP,44
5,0.0161158655502015,0.022355347206549987,energy,MLP,44
6,0.015040415459114945,0.022209418904302374,energy,MLP,44
7,0.014633809131654825,0.020880320807918906,energy,MLP,44
8,0.013302671920621035,0.020749341530193175,energy,MLP,44
9,0.013230554759502411,0.019846155873632858,energy,MLP,44
10,0.01338853707508833,0.030215068321142877,energy,MLP,44
11,0.013124262159125823,0.023598410854382173,energy,MLP,44
12,0.011817944483041312,0.02003870575156595,energy,MLP,44
13,0.012447434922002933,0.02478440012782812,energy,MLP,44
14,0.012247726892713796,0.021014323491337045,energy,MLP,44
15,0.011489514854143967,0.019452411914244294,energy,MLP,44
16,0.011458001819185236,0.021777634375861714,energy,MLP,44
17,0.01108479563316161,0.020355528819241693,energy,MLP,44
18,0.010999376864426515,0.019007859119613255,energy,MLP,44
19,0.010831338769728036,0.018570358798440014,energy,MLP,44
20,0.010088391644372181,0.02014357703072684,energy,MLP,44
21,0.010335211049426685,0.02026145499465721,energy,MLP,44
22,0.010507208743189094,0.02287761341514332,energy,MLP,44
23,0.010436079799987827,0.018746756948530674,energy,MLP,44
24,0.010280727052524911,0.02359832131436893,energy,MLP,44
25,0.011380058910810587,0.02183594404985862,energy,MLP,44
26,0.010913355046685672,0.017852935274796828,energy,MLP,44
27,0.009846419357045583,0.018432211596518755,energy,MLP,44
28,0.010145200956189497,0.022106579837522337,energy,MLP,44
29,0.010091202361791424,0.019028045436633483,energy,MLP,44
30,0.009364205941727216,0.017224187463788048,energy,MLP,44
31,0.009138994024727832,0.018641431483307054,energy,MLP,44
32,0.009196043691851875,0.017262664756604602,energy,MLP,44
33,0.009210660192889698,0.018204457126557827,energy,MLP,44
34,0.008840797049219183,0.01921365792596979,energy,MLP,44
35,0.00941661764006836,0.01608328617710088,energy,MLP,44
36,0.00956843487890155,0.022623732885611907,energy,MLP,44
37,0.008628510436127808,0.017517037922516465,energy,MLP,44
38,0.008500376793866357,0.0163945549699877,energy,MLP,44
39,0.009488070771719018,0.01589779820226665,energy,MLP,44
40,0.009138938565174061,0.015296721830964088,energy,MLP,44
41,0.00850740425062902,0.01835795591718384,energy,MLP,44
42,0.008993665147996084,0.01602837789271559,energy,MLP,44
43,0.008417745388931397,0.016997770073690584,energy,MLP,44
44,0.007921334454846201,0.014893239829689264,energy,MLP,44
45,0.008131079439243133,0.01479252680603947,energy,MLP,44
46,0.008226643637471803,0.015870173195643083,energy,MLP,44
47,0.00789332686161453,0.0166990527816649,energy,MLP,44
48,0.008769836252075478,0.016913056805995957,energy,MLP,44
49,0.008301781772664099,0.01672901146646057,energy,MLP,44
50,0.0077054029221251385,0.015820241699527417,energy,MLP,44
1,0.17697568630065882,0.05717936437577009,energy,MLP,45
2,0.033201567913320934,0.04190934402868152,energy,MLP,45
3,0.023594366160757614,0.030633654578455856,energy,MLP,45
4,0.018980349371717734,0.030221660554941212,energy,MLP,45
5,0.0166564597466001,0.023332193294273957,energy,MLP,45
6,0.014921603893691843,0.023845556192100048,energy,MLP,45
7,0.014512177775472854,0.022105445420103415,energy,MLP,45
8,0.014018148473097068,0.023710722170237983,energy,MLP,45
9,0.01297165471778223,0.0205280722750883,energy,MLP,45
10,0.01367593960215648,0.020611868223308454,energy,MLP,45
11,0.013297174789124367,0.019883619155734777,energy,MLP,45
12,0.012271970683341902,0.023205042351037264,energy,MLP,45
13,0.011382937078561747,0.019941429674093212,energy,MLP,45
14,0.012010451314519301,0.020006465326462473,energy,MLP,45
15,0.011221793003972958,0.020290833299181292,energy,MLP,45
16,0.010236554489837903,0.02067757075253342,energy,MLP,45
17,0.012472906382754445,0.02019841263868979,energy,MLP,45
18,0.011852398352471717,0.017896777617612054,energy,MLP,45
19,0.010418858043990578,0.018580331267522916,energy,MLP,45
20,0.010604109234091911,0.019038874689223512,energy,MLP,45
21,0.010152513168357087,0.017863228301783756,energy,MLP,45
22,0.009730337282896719,0.021770619321614504,energy,MLP,45
23,0.01093189354816621,0.019369954808748195,energy,MLP,45
24,0.010063692179480286,0.016386222061035887,energy,MLP,45
25,0.010139178131904566,0.017078693374060094,energy,MLP,45
26,0.0107950954204143,0.01878247403406671,energy,MLP,45
27,0.009440850953317502,0.017335432515080487,energy,MLP,45
28,0.00990179269997911,0.018795839377811978,energy,MLP,45
29,0.009627920127417328,0.01971605440069522,energy,MLP,45
30,0.009735694878283099,0.016510199788691744,energy,MLP,45
31,0.009660400862974877,0.01653572787264628,energy,MLP,45
32,0.008573182449309212,0.016348519761647497,energy,MLP,45
33,0.009068446068064959,0.021664034741531526,energy,MLP,45
34,0.00878854165432241,0.017889987843643342,energy,MLP,45
35,0.0089175875605592,0.01759351254440844,energy,MLP,45
36,0.008830689983865754,0.019977133554805602,energy,MLP,45
37,0.008338515392758629,0.02141986511248563,energy,MLP,45
38,0.009478065929601364,0.017270656103002175,energy,MLP,45
39,0.00799440628863081,0.017786047953580107,energy,MLP,45
40,0.00889751763845032,0.016736950226394192,energy,MLP,45
1,0.15035659150982444,0.0576608751767448,energy,MLP,46
2,0.0304418832317672,0.0401364675323878,energy,MLP,46
3,0.021749180205392116,0.03136639769322106,energy,MLP,46
4,0.018098656765439293,0.02900322712957859,energy,MLP,46
5,0.016982601630981222,0.026076513209513257,energy,MLP,46
6,0.015537325038828632,0.029012275261006186,energy,MLP,46
7,0.01576903954882062,0.02495835019674684,energy,MLP,46
8,0.014355287724880107,0.024675041703241214,energy,MLP,46
9,0.014193744709094366,0.023345831415749023,energy,MLP,46
10,0.013128405528594598,0.02288607378224177,energy,MLP,46
11,0.013417315020254164,0.021517026105097363,energy,MLP,46
12,0.012307007885255822,0.021113968254732236,energy,MLP,46
13,0.011873571290352353,0.02192329379197742,energy,MLP,46
14,0.012107887573427322,0.02110242231615952,energy,MLP,46
15,0.012087703188599058,0.019951443720076765,energy,MLP,46
16,0.011322549526636121,0.024276892621336237,energy,MLP,46
17,0.011316228495684989,0.023361473277743374,energy,MLP,46
18,0.011184576390819117,0.020986063738486598,energy,MLP,46
19,0.011464077471332117,0.020279552255358015,energy,MLP,46
20,0.010964244681720933,0.02095536145913814,energy,MLP,46
21,0.010658628617723783,0.022171620545642718,energy,MLP,46
22,0.010762689980875813,0.02216356068051287,energy,MLP,46
23,0.011728397217776739,0.01927955242406045,energy,MLP,46
24,0.010231276723612664,0.01958652391164963,energy,MLP,46
25,0.009946704616375042,0.018549188106719936,energy,MLP,46
26,0.010097272739971451,0.021360569101359164,energy,MLP,46
27,0.009793357228662706,0.01915098779967853,energy,MLP,46
28,0.009880446130409837,0.017099839219424342,energy,MLP,46
29,0.009893808326909713,0.021055329125374556,energy,MLP,46
30,0.01015605948244532,0.020605939207598567,energy,MLP,46
31,0.009493516687529556,0.02379738978509392,energy,MLP,46
32,0.009435873319902881,0.019333051816959466,energy,MLP,46
33,0.009577828586440195,0.019894551020115614,energy,MLP,46
34,0.010322594179094514,0.01671237511826413,energy,MLP,46
35,0.009978091404208857,0.01885066833347082,energy,MLP,46
36,0.008905246187086132,0.017751128745398352,energy,MLP,46
37,0.008757810327083324,0.016907621790388867,energy,MLP,46
38,0.008606263605708426,0.01658088547576751,energy,MLP,46
39,0.009133192788188657,0.017261990146445378,energy,MLP,46
40,0.00858282334890894,0.020030230416783264,energy,MLP,46
41,0.009211867109336185,0.015705070940644612,energy,MLP,46
42,0.008762726630789764,0.017383402612592493,energy,MLP,46
43,0.009084825562736527,0.017829946175749813,energy,MLP,46
44,0.007861519595749225,0.015694726025685668,energy,MLP,46
45,0.008420268020761961,0.016925050893665423,energy,MLP,46
46,0.009302744507846055,0.016650517387980863,energy,MLP,46
47,0.008154474145902152,0.01802537001536361,energy,MLP,46
48,0.008325756033600279,0.015883750781150802,energy,MLP,46
49,0.007554336863739247,0.01585963135585189,energy,MLP,46
50,0.008489884192716669,0.018787927659494535,energy,MLP,46
1,0.5798582791379003,0.3881891795567104,energy,LSTM,42
2,0.11643160998143932,0.08067088308078903,energy,LSTM,42
3,0.056264752917217484,0.0612255015543529,energy,LSTM,42
4,0.04651014058088714,0.049176596238144805,energy,LSTM,42
5,0.03754474019462412,0.0433577822654375,energy,LSTM,42
6,0.030883439618981247,0.039927790606660504,energy,LSTM,42
7,0.027867684253689014,0.03667015462581601,energy,LSTM,42
8,0.024703796134527885,0.030539115624768392,energy,LSTM,42
9,0.022705403269466125,0.0343732609014426,energy,LSTM,42
10,0.02128712051181179,0.02908505984981145,energy,LSTM,42
11,0.020298764899824604,0.03511159773916006,energy,LSTM,42
12,0.019836978351866656,0.02884257977296199,energy,LSTM,42
13,0.019600263331085443,0.026949936856648753,energy,LSTM,42
14,0.01796068813454247,0.025605349402342523,energy,LSTM,42
15,0.01759293784076969,0.0257706455886364,energy,LSTM,42
16,0.01786788608032194,0.02672055223956704,energy,LSTM,42
17,0.016837511479741697,0.026658194538738047,energy,LSTM,42
18,0.016835556598380208,0.02641450540561761,energy,LSTM,42
19,0.01740221722954602,0.024262952418731793,energy,LSTM,42
20,0.016813621150724815,0.024033965210297277,energy,LSTM,42
21,0.015754302963614464,0.023765348363667727,energy,LSTM,42
22,0.015725332460450856,0.022922199252726778,energy,LSTM,42
23,0.01515407175192553,0.023445825558155775,energy,LSTM,42
24,0.01629139690405943,0.023978871825550283,energy,LSTM,42
25,0.01582770222431105,0.02837090959240283,energy,LSTM,42
26,0.016583364407503694,0.023176993309919323,energy,LSTM,42
27,0.014339894260928937,0.021267292888036797,energy,LSTM,42
28,0.014164323576330913,0.022940730044086064,energy,LSTM,42
29,0.013813507376295147,0.02234827188242759,energy,LSTM,42
30,0.013813116249035706,0.022529122585962926,energy,LSTM,42
31,0.015437257497317412,0.02557392611301371,energy,LSTM,42
32,0.014622828669168732,0.02373890405786889,energy,LSTM,42
33,0.013605845555888884,0.021167441071676358,energy,LSTM,42
34,0.01302433607634157,0.021737302586968456,energy,LSTM,42
35,0.013819659178173451,0.021404493433822478,energy,LSTM,42
36,0.013760973734668258,0.022485810198954174,energy,LSTM,42
37,0.013074324057070595,0.022746301921350614,energy,LSTM,42
38,0.013940809732020804,0.02458341353173767,energy,LSTM,42
39,0.013223627970243493,0.01941227337478527,energy,LSTM,42
40,0.013531305051098267,0.023996428653065647,energy,LSTM,42
41,0.01263325706575856,0.02203698516158121,energy,LSTM,42
42,0.013028707884421403,0.022222843852692416,energy,LSTM,42
43,0.012711796888404271,0.022769140545278788,energy,LSTM,42
44,0.012786023509265347,0.019818437402136624,energy,LSTM,42
45,0.012955109010252989,0.022901942620852163,energy,LSTM,42
46,0.01411736248569055,0.02233589074707457,energy,LSTM,42
47,0.013130746891185867,0.02180795724104558,energy,LSTM,42
1,0.5539992383935235,0.2192526555487088,energy,LSTM,43
2,0.09436513381925496,0.06527289588536535,energy,LSTM,43
3,0.04748182772009662,0.049414917161422114,energy,LSTM,43
4,0.034458577378906986,0.05353343380349023,energy,LSTM,43
5,0.029766983832373764,0.04121366861675467,energy,LSTM,43
6,0.027255685139221674,0.0375543050467968,energy,LSTM,43
7,0.024889725867207304,0.03890810587576458,energy,LSTM,43
8,0.02402967324649746,0.03181730044473495,energy,LSTM,43
9,0.021599310803029573,0.03088445801820074,energy,LSTM,43
10,0.020699476385771326,0.029365412558295896,energy,LSTM,43
11,0.020139653024009684,0.027142152323254516,energy,LSTM,43
12,0.018293979450721632,0.03756262860926134,energy,LSTM,43
13,0.018192890467065754,0.027133689461542026,energy,LSTM,43
14,0.01739358600708797,0.026558580874864544,energy,LSTM,43
15,0.017217057531304432,0.025384233399693455,energy,LSTM,43
16,0.017044908479984962,0.027790591985519444,energy,LSTM,43
17,0.016629563686861235,0.028217460328180875,energy,LSTM,43
18,0.016002439279955896,0.025848296138324907,energy,LSTM,43
19,0.015960595655170353,0.024390337855688164,energy,LSTM,43
20,0.01643696485200163,0.022657984668122872,energy,LSTM,43
21,0.015030505213265618,0.023225320170500448,energy,LSTM,43
22,0.014613203288084178,0.023649552703968117,energy,LSTM,43
23,0.014778733119424996,0.02200614072249404,energy,LSTM,43
24,0.014179226145091834,0.024764168275786296,energy,LSTM,43
25,0.014110198971166305,0.02303192874283663,energy,LSTM,43
26,0.014682537727904591,0.022377542552671263,energy,LSTM,43
27,0.014191712760789827,0.023420528508722782,energy,LSTM,43
28,0.014541134322908792,0.02647017062242542,energy,LSTM,43
29,0.014245061867051956,0.022402412923318998,energy,LSTM,43
30,0.013293121426338048,0.020798702325139726,energy,LSTM,43
31,0.013354663271456957,0.020750846148335507,energy,LSTM,43
32,0.013273453939649644,0.020714968775532076,energy,LSTM,43
33,0.013293515467508272,0.021424358378031423,energy,LSTM,43
34,0.013485431974527963,0.022010667116514275,energy,LSTM,43
35,0.01339842688828481,0.02068337788140135,energy,LSTM,43
36,0.01308613239477078,0.02062455494888127,energy,LSTM,43
37,0.01254965805900142,0.02124381687359086,energy,LSTM,43
38,0.013392921974600264,0.020641590601631572,energy,LSTM,43
39,0.012930000821749369,0.020546829627294625,energy,LSTM,43
40,0.01229983113113452,0.024775622711916055,energy,LSTM,43
41,0.012809720317212244,0.019947379661191787,energy,LSTM,43
42,0.012413581043030277,0.019958868024072478,energy,LSTM,43
43,0.012845425870071984,0.01919901610485145,energy,LSTM,43
44,0.012333895079791546,0.02290611820561545,energy,LSTM,43
45,0.012190145849617142,0.021376235277525017,energy,LSTM,43
46,0.012542748047659794,0.01830991011645113,energy,LSTM,43
47,0.012058823295360939,0.023396340864045278,energy,LSTM,43
48,0.012512003050439736,0.01920207972372217,energy,LSTM,43
49,0.011969021980114507,0.02007171864222203,energy,LSTM,43
50,0.012811432670180997,0.019382113058652197,energy,LSTM,43
1,0.5671144927089865,0.3293801535453115,energy,LSTM,44
2,0.1001777049492706,0.07394565189523357,energy,LSTM,44
3,0.05179043926975944,0.058171466924250126,energy,LSTM,44
4,0.042053085497834465,0.050111613901598115,energy,LSTM,44
5,0.03284601875665513,0.04234319818871362,energy,LSTM,44
6,0.03111996738748117,0.04168286733329296,energy,LSTM,44
7,0.028466919493494613,0.037183505083833425,energy,LSTM,44
8,0.02423297605392608,0.03663139796948859,energy,LSTM,44
9,0.02315310879864476,0.035579802335372994,energy,LSTM,44
10,0.02167738006083351,0.02993397301595126,energy,LSTM,44
11,0.021435021740299733,0.029829343847398247,energy,LSTM,44
12,0.01945818473838947,0.02796256429116641,energy,LSTM,44
13,0.01999985579062592,0.0314500365805413,energy,LSTM,44
14,0.01868583925181266,0.029994259921035597,energy,LSTM,44
15,0.017312871743783806,0.02854927090395774,energy,LSTM,44
16,0.017061703365691232,0.024953116995415518,energy,LSTM,44
17,0.016501708224302893,0.026269983367196152,energy,LSTM,44
18,0.016631323851249886,0.025750459504446814,energy,LSTM,44
19,0.01683680926957591,0.027902600288923298,energy,LSTM,44
20,0.015838858826706808,0.02387236916859235,energy,LSTM,44
21,0.01533509326647177,0.027129864054066793,energy,LSTM,44
22,0.015658956514953665,0.02481896210727947,energy,LSTM,44
23,0.015157252959342617,0.023061007760199054,energy,LSTM,44
24,0.015517719068818471,0.024047380978507654,energy,LSTM,44
25,0.016354255879184966,0.024591699741514667,energy,LSTM,44
26,0.015310993735593829,0.024060940369963646,energy,LSTM,44
27,0.014313202379553608,0.022486329012151276,energy,LSTM,44
28,0.014766042798080227,0.024820118809917142,energy,LSTM,44
29,0.014240517563214808,0.025294605176895857,energy,LSTM,44
30,0.014469242661796285,0.02343942690640688,energy,LSTM,44
31,0.014270708352948228,0.0256996891860451,energy,LSTM,44
32,0.014083506800516538,0.02189276217749076,energy,LSTM,44
33,0.013703085792561373,0.02376902412756213,energy,LSTM,44
34,0.013659264423150682,0.022568159171247056,energy,LSTM,44
35,0.013520093105564063,0.02190080754059766,energy,LSTM,44
36,0.013351837236603553,0.023577367487762655,energy,LSTM,44
37,0.013759116331736246,0.023852304189598987,energy,LSTM,44
38,0.01369102963839065,0.02063089153463287,energy,LSTM,44
39,0.01354060578159988,0.020642412061403905,energy,LSTM,44
40,0.013421484784251361,0.020836629771760533,energy,LSTM,44
41,0.013398877091028473,0.024811363645962307,energy,LSTM,44
42,0.013425211669086959,0.02075059013441205,energy,LSTM,44
43,0.013015890656264894,0.0244340520086033,energy,LSTM,44
44,0.013148948119840386,0.02126914359230016,energy,LSTM,44
45,0.012777678259281498,0.019734865886026194,energy,LSTM,44
46,0.01282819160824698,0.021520400952015604,energy,LSTM,44
47,0.012579176797192882,0.019521025608160665,energy,LSTM,44
48,0.012996823653917421,0.020405612719644393,energy,LSTM,44
49,0.012596189347801335,0.019738562272063324,energy,LSTM,44
50,0.012551255848710283,0.02056252204680017,energy,LSTM,44
1,0.5582457561836098,0.2279807393039976,energy,LSTM,45
2,0.08509059566440004,0.06672889220395259,energy,LSTM,45
3,0.04693984175383142,0.051213592157832215,energy,LSTM,45
4,0.036836443694703506,0.04327947646379471,energy,LSTM,45
5,0.0301383222227521,0.03917912945949605,energy,LSTM,45
6,0.027849737371346266,0.03505406016483903,energy,LSTM,45
7,0.02516580710300442,0.03327177491571222,energy,LSTM,45
8,0.022885394226195233,0.030851006507873535,energy,LSTM,45
9,0.022472325190337317,0.028844991698861122,energy,LSTM,45
10,0.020873807088443726,0.027718475121738657,energy,LSTM,45
11,0.01989513972181488,0.029747514386794398,energy,LSTM,45
12,0.018795258661901407,0.028943450955141867,energy,LSTM,45
13,0.01856828930745409,0.029751145546989783,energy,LSTM,45
14,0.017755750750163286,0.03007322902392064,energy,LSTM,45
15,0.01758453259808999,0.023984689032658935,energy,LSTM,45
16,0.015964851044400624,0.02821758166620774,energy,LSTM,45
17,0.016978876665234566,0.02481436516557421,energy,LSTM,45
18,0.017099654795884184,0.02303493901022843,energy,LSTM,45
19,0.015753826846114614,0.029589982237666845,energy,LSTM,45
20,0.016032283829355783,0.0260281271434256,energy,LSTM,45
21,0.014989641614992059,0.02486607405756201,energy,LSTM,45
22,0.014993171680323554,0.02174180213894163,energy,LSTM,45
23,0.014867728815950228,0.023958660695435747,energy,LSTM,45
24,0.014460803891503901,0.022789356099175557,energy,LSTM,45
25,0.015130968834979065,0.02157888132413583,energy,LSTM,45
26,0.014973911661372491,0.022767024414081658,energy,LSTM,45
27,0.014289847112994528,0.02213742457596319,energy,LSTM,45
28,0.014448306988924742,0.023352293098079308,energy,LSTM,45
29,0.014354599689161687,0.02450357869799648,energy,LSTM,45
30,0.014124438081952658,0.024810173881373236,energy,LSTM,45
31,0.013655804207012283,0.022025169605123147,energy,LSTM,45
32,0.0135944093238901,0.021199710367779647,energy,LSTM,45
33,0.013793508550434402,0.025022775333906924,energy,LSTM,45
34,0.01340676214066193,0.023580111929082444,energy,LSTM,45
35,0.013661045686934482,0.021636077535471747,energy,LSTM,45
36,0.013535527194934812,0.02204786117986909,energy,LSTM,45
37,0.013042221431422866,0.020772347027169808,energy,LSTM,45
38,0.013116149337623607,0.020689473021775484,energy,LSTM,45
39,0.012777931550799898,0.023899358896804706,energy,LSTM,45
40,0.01285861021923748,0.023996381122352823,energy,LSTM,45
41,0.012925427202417544,0.02281247791168945,energy,LSTM,45
42,0.012975679273068003,0.020191180453236614,energy,LSTM,45
43,0.013573527456063664,0.020347853656858206,energy,LSTM,45
44,0.012540324612266639,0.019017875094764998,energy,LSTM,45
45,0.012640822707026295,0.020975362276658416,energy,LSTM,45
46,0.01214122615585273,0.02035802971970822,energy,LSTM,45
47,0.012139918928203935,0.020011835831350515,energy,LSTM,45
48,0.012647433319326603,0.02160361984611622,energy,LSTM,45
49,0.012523908619627808,0.022715969909248606,energy,LSTM,45
50,0.013095588585587613,0.022379100256200348,energy,LSTM,45
1,0.5996966063976288,0.31024695932865143,energy,LSTM,46
2,0.09577403223198472,0.07707841880619526,energy,LSTM,46
3,0.05016127900418007,0.06044271761285407,energy,LSTM,46
4,0.04702621517759381,0.05523257955376591,energy,LSTM,46
5,0.03641050023901643,0.0462015312431114,energy,LSTM,46
6,0.030631677614468517,0.04415996000170708,energy,LSTM,46
7,0.030263212142568646,0.04109792477850403,energy,LSTM,46
8,0.027005040284359093,0.04058320926768439,energy,LSTM,46
9,0.025333702691238035,0.042942347404147894,energy,LSTM,46
10,0.024347617559022074,0.03130886677120413,energy,LSTM,46
11,0.02330838499421423,0.03141944296658039,energy,LSTM,46
12,0.021423763496744814,0.030630745326301882,energy,LSTM,46
13,0.02038503012789244,0.032127780241093466,energy,LSTM,46
14,0.019697469708537967,0.02721747842484287,energy,LSTM,46
15,0.018809084145521574,0.026906475524551103,energy,LSTM,46
16,0.018262393158775838,0.026256142716322626,energy,LSTM,46
17,0.017999984549753593,0.027301787066140344,energy,LSTM,46
18,0.0180360511523869,0.026291698816099336,energy,LSTM,46
19,0.017704539311428864,0.027248216194233725,energy,LSTM,46
20,0.016469974338895445,0.028398836829832623,energy,LSTM,46
21,0.016640805674603944,0.02552909224427172,energy,LSTM,46
22,0.016520818935312105,0.02546898209090744,energy,LSTM,46
23,0.01652549829503352,0.023528606531077197,energy,LSTM,46
24,0.015601525506512686,0.02567341391529356,energy,LSTM,46
25,0.01595182673102527,0.023395434387826493,energy,LSTM,46
26,0.015372665408490733,0.02744058266814266,energy,LSTM,46
27,0.015400389851437825,0.022846363617905548,energy,LSTM,46
28,0.01563093579854026,0.023448857345751355,energy,LSTM,46
29,0.01485099166518811,0.024858342417116677,energy,LSTM,46
30,0.01450202161107551,0.022053741118205444,energy,LSTM,46
31,0.014587762934917753,0.02276238360043083,energy,LSTM,46
32,0.014399501650283733,0.023054438776203563,energy,LSTM,46
33,0.014344527026299726,0.02252753052328314,energy,LSTM,46
34,0.014592592533903591,0.02324629428663424,energy,LSTM,46
35,0.0141562897514439,0.02444253519310483,energy,LSTM,46
36,0.01414390036723379,0.02362087964346366,energy,LSTM,46
37,0.014217225834727287,0.021196360234171152,energy,LSTM,46
38,0.01315222227607261,0.023700932539733394,energy,LSTM,46
39,0.014171349681970296,0.02154451798248504,energy,LSTM,46
40,0.013530780458963956,0.02148699580824801,energy,LSTM,46
41,0.013260011575325872,0.020455938398039768,energy,LSTM,46
42,0.012996632161296227,0.020487285052825297,energy,LSTM,46
43,0.013331064220630762,0.02147587914285915,energy,LSTM,46
44,0.012454679715588238,0.023194491364327923,energy,LSTM,46
45,0.013174450144905484,0.02158899192831346,energy,LSTM,46
46,0.01317367760224663,0.021018765600664274,energy,LSTM,46
47,0.012427942894370944,0.021191957473222698,energy,LSTM,46
48,0.01221079001852283,0.020973099063017538,energy,LSTM,46
49,0.012749566978803186,0.024100249034485648,energy,LSTM,46
1,0.12099135675552217,0.029468488081225326,energy,TransformerEncoder,42
2,0.02727873070221959,0.028235964543585266,energy,TransformerEncoder,42
3,0.026072096883911978,0.02816830389201641,energy,TransformerEncoder,42
4,0.023630708300819,0.028340427670627832,energy,TransformerEncoder,42
5,0.020703617723263575,0.0358102958915489,energy,TransformerEncoder,42
6,0.02067770917589466,0.02649289828592113,energy,TransformerEncoder,42
7,0.019149744078855623,0.030830664427152703,energy,TransformerEncoder,42
8,0.0186204151250422,0.031544906952019246,energy,TransformerEncoder,42
9,0.018857574090361595,0.024892239698341916,energy,TransformerEncoder,42
10,0.01850969243484239,0.023850700352340937,energy,TransformerEncoder,42
11,0.017261783105575225,0.026205402399812425,energy,TransformerEncoder,42
12,0.016853582854806023,0.024099897726305892,energy,TransformerEncoder,42
13,0.01732613894890881,0.02244220973391618,energy,TransformerEncoder,42
14,0.016596979913160656,0.024277869212840284,energy,TransformerEncoder,42
15,0.01641966425108187,0.025698876341006587,energy,TransformerEncoder,42
16,0.016891034044833345,0.022405392124450633,energy,TransformerEncoder,42
17,0.015687230120723445,0.023189797897690108,energy,TransformerEncoder,42
18,0.01649247691261046,0.02320979236225997,energy,TransformerEncoder,42
19,0.015890189157234447,0.026190696949405328,energy,TransformerEncoder,42
20,0.01587740204889666,0.022257720353081822,energy,TransformerEncoder,42
21,0.014824181491734855,0.022865283535793424,energy,TransformerEncoder,42
22,0.015835655824930378,0.022735389614743844,energy,TransformerEncoder,42
23,0.015462243350956476,0.025308067644281045,energy,TransformerEncoder,42
24,0.015842086480309565,0.02314959709266467,energy,TransformerEncoder,42
25,0.01564162041794396,0.024314901059759513,energy,TransformerEncoder,42
26,0.01517427494664761,0.022154249117842743,energy,TransformerEncoder,42
27,0.014491597084667195,0.020214769091191038,energy,TransformerEncoder,42
28,0.014868107158690691,0.022159447128485357,energy,TransformerEncoder,42
29,0.014212785359246262,0.020202383997717073,energy,TransformerEncoder,42
30,0.014958446880689624,0.021268037746527364,energy,TransformerEncoder,42
31,0.013998961323081996,0.020870914882315055,energy,TransformerEncoder,42
32,0.01484122147755415,0.022788383033392683,energy,TransformerEncoder,42
33,0.013961695889575463,0.022434997372329235,energy,TransformerEncoder,42
34,0.01417703154694402,0.01984570045689387,energy,TransformerEncoder,42
35,0.01479912341120794,0.022639020678720305,energy,TransformerEncoder,42
36,0.014315016398375685,0.02042213797436229,energy,TransformerEncoder,42
37,0.013550273664860111,0.02332030250025647,energy,TransformerEncoder,42
38,0.01499657301147553,0.021803666637944325,energy,TransformerEncoder,42
39,0.015009351589745193,0.020043949663106884,energy,TransformerEncoder,42
40,0.014182249514498946,0.01958030249391283,energy,TransformerEncoder,42
41,0.013741505903784524,0.01974064377801759,energy,TransformerEncoder,42
42,0.01400395673981896,0.0211696995289198,energy,TransformerEncoder,42
43,0.013250494404046825,0.020310227759182453,energy,TransformerEncoder,42
44,0.013560621180769169,0.01934844149010522,energy,TransformerEncoder,42
45,0.014109919362729697,0.02102604874276689,energy,TransformerEncoder,42
46,0.01318796500422512,0.020445155778101513,energy,TransformerEncoder,42
47,0.013695693962896863,0.018750596525413648,energy,TransformerEncoder,42
48,0.013282835885713046,0.0194968822678285,energy,TransformerEncoder,42
49,0.014122804549212256,0.019929983486820544,energy,TransformerEncoder,42
50,0.01376472759258115,0.020100532232650688,energy,TransformerEncoder,42
1,0.11022969298629147,0.03003192975717996,energy,TransformerEncoder,43
2,0.02768625904608405,0.02856311621144414,energy,TransformerEncoder,43
3,0.027815185346160873,0.03177975158074072,energy,TransformerEncoder,43
4,0.022592635458391724,0.027212490859840597,energy,TransformerEncoder,43
5,0.021769063646030245,0.02617043163627386,energy,TransformerEncoder,43
6,0.021117137914354153,0.024911312752270272,energy,TransformerEncoder,43
7,0.0189585265788165,0.027775060718080828,energy,TransformerEncoder,43
8,0.020435223454665957,0.033011240019862144,energy,TransformerEncoder,43
9,0.019394056173041463,0.022633711474814584,energy,TransformerEncoder,43
10,0.01857685809955001,0.028704192289816483,energy,TransformerEncoder,43
11,0.01968145965259861,0.027231264593345777,energy,TransformerEncoder,43
12,0.01676735233261504,0.02336348719628794,energy,TransformerEncoder,43
13,0.016417218195838912,0.02515326746340309,energy,TransformerEncoder,43
14,0.016333619026805867,0.02250651117148144,energy,TransformerEncoder,43
15,0.015948293328454547,0.02393424298082079,energy,TransformerEncoder,43
16,0.01620824763438467,0.022651559207588434,energy,TransformerEncoder,43
17,0.017218817230031797,0.021735768000196134,energy,TransformerEncoder,43
18,0.01599630747329105,0.031736252430294244,energy,TransformerEncoder,43
19,0.017292769548172753,0.025269338927630867,energy,TransformerEncoder,43
20,0.015335750187549627,0.02153983592454876,energy,TransformerEncoder,43
21,0.01568768084557219,0.021480833579386984,energy,TransformerEncoder,43
22,0.014828512409814832,0.020148606738075614,energy,TransformerEncoder,43
23,0.015185233664162683,0.02085338406530874,energy,TransformerEncoder,43
24,0.015621942672596284,0.020347229038764323,energy,TransformerEncoder,43
25,0.015082587241054032,0.022288303522925292,energy,TransformerEncoder,43
26,0.014708048325370659,0.02104810731751578,energy,TransformerEncoder,43
27,0.01444350126566309,0.022641654492222836,energy,TransformerEncoder,43
28,0.015592503368459416,0.023866607109084725,energy,TransformerEncoder,43
29,0.014496614013544538,0.026388474074857577,energy,TransformerEncoder,43
30,0.01577580656686967,0.018998388799705675,energy,TransformerEncoder,43
31,0.014533250148154118,0.019224919012880752,energy,TransformerEncoder,43
32,0.014625504246038017,0.02762928871171815,energy,TransformerEncoder,43
33,0.015648287558702356,0.02272419385345919,energy,TransformerEncoder,43
34,0.014414465111313444,0.020702572938586985,energy,TransformerEncoder,43
35,0.014395212514721083,0.018606296707210795,energy,TransformerEncoder,43
36,0.01568532985578658,0.023940483839916333,energy,TransformerEncoder,43
37,0.014156126847603557,0.02044654920298074,energy,TransformerEncoder,43
38,0.013963161607865582,0.019873143173754215,energy,TransformerEncoder,43
39,0.013938736706746347,0.02013459482363292,energy,TransformerEncoder,43
40,0.013356330903303442,0.01978277281991073,energy,TransformerEncoder,43
41,0.014293988693900632,0.020449396588706543,energy,TransformerEncoder,43
42,0.014861913546073165,0.020101638144946525,energy,TransformerEncoder,43
43,0.015166323773111359,0.01984940013582153,energy,TransformerEncoder,43
1,0.07042960777427211,0.039306899665721824,energy,TransformerEncoder,44
2,0.027032221328805794,0.029476663629923548,energy,TransformerEncoder,44
3,0.023690925318409096,0.026959710022700683,energy,TransformerEncoder,44
4,0.02144491331030925,0.032467818552894254,energy,TransformerEncoder,44
5,0.021342732731930235,0.029305977946413413,energy,TransformerEncoder,44
6,0.021385501195309742,0.025826549057715704,energy,TransformerEncoder,44
7,0.021530266075084608,0.030049323170844997,energy,TransformerEncoder,44
8,0.017855892028433806,0.024253455655915395,energy,TransformerEncoder,44
9,0.016984454518409842,0.02512361468481166,energy,TransformerEncoder,44
10,0.017476331484927374,0.02885125876803483,energy,TransformerEncoder,44
11,0.018252171978185124,0.023205331726265804,energy,TransformerEncoder,44
12,0.01678133830004795,0.025219603973839964,energy,TransformerEncoder,44
13,0.01779206812551076,0.026031026616692543,energy,TransformerEncoder,44
14,0.016250406173198964,0.023580339471144334,energy,TransformerEncoder,44
15,0.015567493370988152,0.024932964704930782,energy,TransformerEncoder,44
16,0.016165658478822672,0.023745537269860506,energy,TransformerEncoder,44
17,0.016203909329223363,0.02453364711254835,energy,TransformerEncoder,44
18,0.015449928641883713,0.023431556166282723,energy,TransformerEncoder,44
19,0.016693699208906655,0.02521916033167924,energy,TransformerEncoder,44
1,0.14257547270619508,0.03349594558988299,energy,TransformerEncoder,45
2,0.027704465781536066,0.0275717984352793,energy,TransformerEncoder,45
3,0.027272903896642452,0.03575112644050803,energy,TransformerEncoder,45
4,0.02218438174124017,0.027268995264811174,energy,TransformerEncoder,45
5,0.020394086583771488,0.028337009916348115,energy,TransformerEncoder,45
6,0.019134944375378615,0.029374986554362943,energy,TransformerEncoder,45
7,0.018261241557245903,0.028605650046042035,energy,TransformerEncoder,45
8,0.018469953768406853,0.023556140085150088,energy,TransformerEncoder,45
9,0.018248931300177268,0.023360325688762323,energy,TransformerEncoder,45
10,0.01731887257968386,0.023705314113093272,energy,TransformerEncoder,45
11,0.01742955030534755,0.020798400277271867,energy,TransformerEncoder,45
12,0.016523200023750014,0.02115311026240566,energy,TransformerEncoder,45
13,0.016924321990121494,0.021015575820846216,energy,TransformerEncoder,45
14,0.01620173842335741,0.021022223933999027,energy,TransformerEncoder,45
15,0.01785257830510311,0.02040448605215975,energy,TransformerEncoder,45
16,0.015463953978861824,0.03246339397238834,energy,TransformerEncoder,45
17,0.016403273241876654,0.021662585038159574,energy,TransformerEncoder,45
18,0.016073103930631823,0.024570983901087726,energy,TransformerEncoder,45
19,0.0160787040508832,0.020540055486240556,energy,TransformerEncoder,45
20,0.01499638406588047,0.0214602729372148,energy,TransformerEncoder,45
21,0.01528530520612769,0.021399241173639894,energy,TransformerEncoder,45
22,0.015157287065504175,0.02238749047475202,energy,TransformerEncoder,45
23,0.014934174222589441,0.023314097097941806,energy,TransformerEncoder,45
1,0.10332749659816425,0.035071189515292645,energy,TransformerEncoder,46
2,0.02858846013744672,0.03639391403911369,energy,TransformerEncoder,46
3,0.02383692559757919,0.0344380852766335,energy,TransformerEncoder,46
4,0.023797080372319077,0.02946940889315946,energy,TransformerEncoder,46
5,0.022404134005421038,0.02581785572692752,energy,TransformerEncoder,46
6,0.021129196439164156,0.023782870499417186,energy,TransformerEncoder,46
7,0.020066499046868448,0.026282412133046558,energy,TransformerEncoder,46
8,0.019720434352303997,0.026996110200083683,energy,TransformerEncoder,46
9,0.019372628719517677,0.02723623299971223,energy,TransformerEncoder,46
10,0.017484826699012156,0.022954587558550493,energy,TransformerEncoder,46
11,0.017992298908983215,0.0256722645301904,energy,TransformerEncoder,46
12,0.01852041696706279,0.024487478458987817,energy,TransformerEncoder,46
13,0.018412617211596982,0.023022266271124994,energy,TransformerEncoder,46
14,0.0175531722718116,0.02269282764089959,energy,TransformerEncoder,46
15,0.01728385579631184,0.02317945536092988,energy,TransformerEncoder,46
16,0.016362695679576558,0.0311090910940298,energy,TransformerEncoder,46
17,0.017049907184572832,0.030821006212915694,energy,TransformerEncoder,46
18,0.017738195989901822,0.02476971350344164,energy,TransformerEncoder,46
19,0.0164196035034503,0.027922275941818953,energy,TransformerEncoder,46
20,0.015674037047464288,0.020782267475234612,energy,TransformerEncoder,46
21,0.014885519278433287,0.021605350243459855,energy,TransformerEncoder,46
22,0.016139020868153733,0.02519048111779349,energy,TransformerEncoder,46
23,0.015420815272426064,0.021256172929757407,energy,TransformerEncoder,46
24,0.016130630082140367,0.02282343172867383,energy,TransformerEncoder,46
25,0.015929900010991278,0.021690587646194866,energy,TransformerEncoder,46
26,0.015109379867543325,0.021962810440787246,energy,TransformerEncoder,46
27,0.015422194779878764,0.0235198958377753,energy,TransformerEncoder,46
28,0.015095962514875062,0.022068673112828816,energy,TransformerEncoder,46
1,0.20041805787971526,0.09209197839455945,energy,CeNN,42
2,0.04695756770105976,0.04890178928950003,energy,CeNN,42
3,0.028769748567631752,0.036559434208486764,energy,CeNN,42
4,0.023022147516409557,0.03458315160657678,energy,CeNN,42
5,0.02063339642446601,0.028415281924286058,energy,CeNN,42
6,0.017637848839953993,0.0278439306587513,energy,CeNN,42
7,0.016925806229030997,0.026486507816506282,energy,CeNN,42
8,0.015224387735184846,0.024466370565018485,energy,CeNN,42
9,0.014944762428940245,0.025805791706911156,energy,CeNN,42
10,0.01429388817456184,0.023854218356843506,energy,CeNN,42
11,0.014725646081690988,0.029175825017903532,energy,CeNN,42
12,0.014383165546777573,0.02441451622040144,energy,CeNN,42
13,0.013363686192667845,0.02287559217906424,energy,CeNN,42
14,0.012933205601505258,0.02042520322304751,energy,CeNN,42
15,0.013011116541526986,0.02185938400881631,energy,CeNN,42
16,0.01294202047795283,0.02113212292481746,energy,CeNN,42
17,0.012524793587737915,0.02178477875090071,energy,CeNN,42
18,0.011962533660345909,0.022894262136625394,energy,CeNN,42
19,0.012343946876089003,0.02028872288896569,energy,CeNN,42
20,0.012931458129914421,0.02302455689225878,energy,CeNN,42
21,0.011782296770957835,0.021600777649187615,energy,CeNN,42
22,0.01214181512566001,0.024666042000587498,energy,CeNN,42
23,0.011862508014239596,0.022936956690890447,energy,CeNN,42
24,0.012224059827117757,0.019551198530410017,energy,CeNN,42
25,0.011404565895314921,0.020589780727667466,energy,CeNN,42
26,0.01197149352678521,0.021619985744889294,energy,CeNN,42
27,0.011052873027934269,0.018384921264701655,energy,CeNN,42
28,0.010923199369713213,0.018344527542857186,energy,CeNN,42
29,0.010538756745077218,0.021172661068184034,energy,CeNN,42
30,0.011168310775026453,0.02062092475326998,energy,CeNN,42
31,0.011115046726031736,0.01978448176357363,energy,CeNN,42
32,0.011070602270068996,0.021479017034705197,energy,CeNN,42
33,0.011346294883299957,0.01766118181071111,energy,CeNN,42
34,0.01009276304323452,0.019298988028562496,energy,CeNN,42
35,0.010488631775264035,0.021694643422961235,energy,CeNN,42
36,0.01069770144496226,0.02140641145940338,energy,CeNN,42
37,0.010267280641886773,0.018863551983875886,energy,CeNN,42
38,0.010318180274528762,0.019813859768744026,energy,CeNN,42
39,0.011082955752499402,0.019193939033097455,energy,CeNN,42
40,0.011235642504426793,0.023414977160947665,energy,CeNN,42
41,0.010017341228597092,0.019447147912744964,energy,CeNN,42
1,0.22012784952918688,0.11411500110157899,energy,CeNN,43
2,0.04361378130587665,0.04110051754729024,energy,CeNN,43
3,0.02588601599475651,0.03665761097467372,energy,CeNN,43
4,0.02081360703926872,0.031701858288475444,energy,CeNN,43
5,0.018657048119965828,0.030287616021398987,energy,CeNN,43
6,0.01682716042904014,0.02733259554952383,energy,CeNN,43
7,0.017859194152565164,0.025413317239976356,energy,CeNN,43
8,0.016881166336437065,0.02628673692899091,energy,CeNN,43
9,0.014541105444853505,0.024717750659744655,energy,CeNN,43
10,0.014329655596873525,0.023738696738811477,energy,CeNN,43
11,0.013981436259310805,0.022324094083160162,energy,CeNN,43
12,0.013330868374782078,0.022586017547707473,energy,CeNN,43
13,0.013479092370041391,0.024868202063121965,energy,CeNN,43
14,0.014062946605862993,0.02249345858581364,energy,CeNN,43
15,0.012799807302089352,0.021006477664091756,energy,CeNN,43
16,0.012388993202793326,0.022144778964242766,energy,CeNN,43
17,0.01280245515094562,0.020689327718823085,energy,CeNN,43
18,0.012069391644080028,0.022491036747981395,energy,CeNN,43
19,0.012206154191076304,0.025370362946497544,energy,CeNN,43
20,0.012712619013407013,0.021213236530976638,energy,CeNN,43
21,0.013272799777262138,0.02345980830224497,energy,CeNN,43
22,0.01311257089290655,0.021093775418453982,energy,CeNN,43
23,0.01177168739818488,0.022136474893029248,energy,CeNN,43
24,0.011578471957226142,0.020595614332705736,energy,CeNN,43
25,0.011208139825612307,0.02137535042129457,energy,CeNN,43
26,0.011611845280805772,0.021186388496841704,energy,CeNN,43
27,0.011269605584499059,0.020834187045693398,energy,CeNN,43
28,0.01160530180134105,0.022033979717109884,energy,CeNN,43
29,0.011280201036821712,0.019418078674269573,energy,CeNN,43
30,0.010670334086612318,0.02211160322518221,energy,CeNN,43
31,0.010997648301506133,0.0188775281920763,energy,CeNN,43
32,0.010819189970127562,0.019751890895089934,energy,CeNN,43
33,0.011081813725247754,0.019581060523965528,energy,CeNN,43
34,0.01054658308963884,0.01958459389529058,energy,CeNN,43
35,0.011110978659637498,0.019674342857407674,energy,CeNN,43
36,0.011000375524445466,0.021049650252929757,energy,CeNN,43
37,0.010780705668201501,0.019937038388369337,energy,CeNN,43
38,0.010777284228948482,0.019109763271574463,energy,CeNN,43
39,0.01073078485911317,0.018131431225421175,energy,CeNN,43
40,0.010469681530428881,0.0198707693655576,energy,CeNN,43
41,0.011078030498924129,0.018743151366444572,energy,CeNN,43
42,0.010360732505267317,0.021136191906407475,energy,CeNN,43
43,0.011379938579700662,0.020404952245631387,energy,CeNN,43
44,0.010490656336487242,0.019754941275875484,energy,CeNN,43
45,0.010038512088640622,0.01852688060275146,energy,CeNN,43
46,0.010643443664197217,0.018972934057403888,energy,CeNN,43
47,0.01052614672561035,0.01953222120313772,energy,CeNN,43
1,0.21237184237124343,0.07659599823611123,energy,CeNN,44
2,0.04059079827063463,0.04211668869746583,energy,CeNN,44
3,0.025851869518219522,0.0337099313869008,energy,CeNN,44
4,0.02133454115722667,0.030212548095732927,energy,CeNN,44
5,0.019049196461723608,0.02804187628706651,energy,CeNN,44
6,0.017100415065545927,0.02645087960575308,energy,CeNN,44
7,0.016124651576815682,0.02470668388663658,energy,CeNN,44
8,0.0153494764570937,0.024339073038260852,energy,CeNN,44
9,0.0147204142642405,0.022859593653785332,energy,CeNN,44
10,0.014601844694521842,0.024407662118652036,energy,CeNN,44
11,0.013828285754601839,0.024458903752799546,energy,CeNN,44
12,0.013726867043949438,0.023874926048197916,energy,CeNN,44
13,0.013433028344121394,0.03094536917550223,energy,CeNN,44
14,0.013928919825985125,0.021292327770165036,energy,CeNN,44
15,0.01213882725939832,0.0226496466368969,energy,CeNN,44
16,0.012733718528496947,0.020924002697159137,energy,CeNN,44
17,0.012865530866706236,0.02176713457863246,energy,CeNN,44
18,0.012124202651620813,0.023166407897536243,energy,CeNN,44
19,0.01229270738126202,0.023634006003183976,energy,CeNN,44
20,0.01184393821820391,0.021325502644426057,energy,CeNN,44
21,0.01145002448747894,0.023643883344318186,energy,CeNN,44
22,0.011684311165784797,0.021022713244227425,energy,CeNN,44
23,0.011319847368268353,0.019392758275249174,energy,CeNN,44
24,0.01193296340661067,0.02326632876481329,energy,CeNN,44
25,0.01267383239147338,0.022870774114770547,energy,CeNN,44
26,0.012119307651918269,0.02154600014910102,energy,CeNN,44
27,0.010882117898400986,0.01809031516313553,energy,CeNN,44
28,0.011551280005016562,0.01852876090976809,energy,CeNN,44
29,0.010940215758499548,0.021455741321135844,energy,CeNN,44
30,0.010881402233446186,0.020099956209638288,energy,CeNN,44
31,0.010395156879288455,0.019765736468668495,energy,CeNN,44
32,0.010370741079730744,0.020213890887264694,energy,CeNN,44
33,0.01069099610939509,0.019044938231153146,energy,CeNN,44
34,0.010325627591968938,0.02113053741465722,energy,CeNN,44
35,0.011074670731569782,0.017531235635812794,energy,CeNN,44
36,0.011340396302385312,0.03172950213775039,energy,CeNN,44
37,0.011046478020337721,0.01910087396390736,energy,CeNN,44
38,0.009869422029816744,0.016761304211935828,energy,CeNN,44
39,0.010084747601385143,0.01826013019308448,energy,CeNN,44
40,0.009841234694855908,0.016047706428383077,energy,CeNN,44
41,0.009889444946593634,0.018629598264981593,energy,CeNN,44
42,0.010470411599133953,0.01792513994899179,energy,CeNN,44
43,0.010848392788885218,0.022560169587710073,energy,CeNN,44
44,0.010166270743039522,0.01804524221058403,energy,CeNN,44
45,0.010091696558943526,0.016215207687179958,energy,CeNN,44
46,0.0097055127420886,0.016608595715037415,energy,CeNN,44
47,0.009791906185758611,0.0170871138772262,energy,CeNN,44
48,0.010469390435680521,0.017765003522591933,energy,CeNN,44
1,0.16941683598314272,0.10075925237366132,energy,CeNN,45
2,0.04811438062990254,0.061093798971601894,energy,CeNN,45
3,0.029039736258599794,0.035356153534459214,energy,CeNN,45
4,0.022435401876767475,0.03015852446800896,energy,CeNN,45
5,0.019698153391028896,0.02849388654742922,energy,CeNN,45
6,0.016963268601984688,0.028577937678034817,energy,CeNN,45
7,0.017593006398811034,0.025013886990823915,energy,CeNN,45
8,0.01582803813543058,0.024025221188951815,energy,CeNN,45
9,0.01505737318516229,0.023981810281319276,energy,CeNN,45
10,0.0157190226512312,0.025188764690288475,energy,CeNN,45
11,0.015652052768872993,0.024147341659824764,energy,CeNN,45
12,0.01419358857850911,0.026442980659859523,energy,CeNN,45
13,0.013465082555106192,0.02383793710864016,energy,CeNN,45
14,0.013395792882268628,0.023428661283105612,energy,CeNN,45
15,0.013764954030965313,0.02279843363378729,energy,CeNN,45
16,0.012125455111152294,0.02181261920902346,energy,CeNN,45
17,0.01305724271911789,0.023056741205177138,energy,CeNN,45
18,0.012415940711048968,0.020416081117998277,energy,CeNN,45
19,0.012145981919302634,0.021413599540080343,energy,CeNN,45
20,0.012207275926784583,0.02266519796103239,energy,CeNN,45
21,0.011894985998162267,0.020501648475016867,energy,CeNN,45
22,0.011571879498660564,0.021623244109962667,energy,CeNN,45
23,0.011817067120732232,0.021581642529261962,energy,CeNN,45
24,0.011553403173545094,0.01959309693691986,energy,CeNN,45
25,0.011683617471576188,0.019345655172531093,energy,CeNN,45
26,0.0121926920149814,0.020148394030651877,energy,CeNN,45
27,0.011144990648255882,0.018462373841820017,energy,CeNN,45
28,0.012074183284615478,0.024250149660344635,energy,CeNN,45
29,0.011647203542066343,0.0215171446491565,energy,CeNN,45
30,0.011604808150988185,0.01977994100057653,energy,CeNN,45
31,0.01179731745188209,0.020646148826926947,energy,CeNN,45
32,0.011128548575057224,0.01866628203008856,energy,CeNN,45
33,0.010720948625186627,0.019055591463776573,energy,CeNN,45
34,0.010725335083958325,0.021335753512435725,energy,CeNN,45
35,0.011344697502808589,0.01941270414473755,energy,CeNN,45
1,0.23613000316827587,0.09390028858823436,energy,CeNN,46
2,0.04520470214386781,0.05031291861087084,energy,CeNN,46
3,0.02869579184687499,0.03682610439136624,energy,CeNN,46
4,0.022494376961593374,0.03350216642554317,energy,CeNN,46
5,0.020289137973591234,0.029952288206134523,energy,CeNN,46
6,0.017570666982933428,0.033859136081965904,energy,CeNN,46
7,0.016651395969375066,0.030664330148803338,energy,CeNN,46
8,0.016395663623839166,0.028954040126076767,energy,CeNN,46
9,0.015378756378071777,0.025050435897095928,energy,CeNN,46
10,0.014902499469110009,0.024252825416624546,energy,CeNN,46
11,0.014319844543933868,0.022653601099071757,energy,CeNN,46
12,0.013863166977623196,0.023291228405599083,energy,CeNN,46
13,0.013519500290523425,0.023163200156497105,energy,CeNN,46
14,0.013479737099260092,0.024203908995592167,energy,CeNN,46
15,0.012569414176554843,0.024295427038201263,energy,CeNN,46
16,0.01247067434826132,0.02429219428449869,energy,CeNN,46
17,0.012686435062664024,0.024616555743185536,energy,CeNN,46
18,0.013218518988596219,0.02174749375054879,energy,CeNN,46
19,0.012451870465707598,0.02147277890305434,energy,CeNN,46
20,0.01217749108080611,0.02181802354087787,energy,CeNN,46
21,0.011733797590502283,0.02232305865202631,energy,CeNN,46
22,0.012147851097820834,0.021601833003972257,energy,CeNN,46
23,0.012358863954432309,0.019983416190370917,energy,CeNN,46
24,0.01185194008884895,0.021256080396207317,energy,CeNN,46
25,0.011414200910649291,0.019531522810991322,energy,CeNN,46
26,0.011918784464907014,0.020886383052649244,energy,CeNN,46
27,0.011544888888513951,0.02012192863704903,energy,CeNN,46
28,0.011794389595954934,0.020292345700519427,energy,CeNN,46
29,0.011842334205566935,0.021258317033893297,energy,CeNN,46
30,0.011865934639266043,0.020132269011810422,energy,CeNN,46
31,0.011262216153695728,0.02253113321161696,energy,CeNN,46
32,0.011153323702852835,0.02040678515498127,energy,CeNN,46
33,0.011244545359108033,0.01891016690725727,energy,CeNN,46
34,0.012168882111313216,0.019103584112599492,energy,CeNN,46
35,0.01161456606915277,0.02051010844297707,energy,CeNN,46
36,0.010636452437293801,0.01959100635057049,energy,CeNN,46
37,0.01038096476148701,0.01977211029069232,energy,CeNN,46
38,0.010270468188647294,0.01903175499423274,energy,CeNN,46
39,0.011040601463085322,0.019437002217663184,energy,CeNN,46
40,0.010720262205171766,0.020838433344449316,energy,CeNN,46
41,0.010456103753919402,0.017999669669994285,energy,CeNN,46
42,0.010430621046742255,0.019194578419306448,energy,CeNN,46
43,0.010242415295744484,0.018996506363951733,energy,CeNN,46
44,0.009973038982769305,0.01809385250921228,energy,CeNN,46
45,0.010401212197559124,0.018786085037780658,energy,CeNN,46
46,0.010936695514387931,0.018819911904366955,energy,CeNN,46
47,0.010202261703935537,0.018520521482319703,energy,CeNN,46
48,0.010018904834534183,0.01848669586304043,energy,CeNN,46
49,0.009634759340604598,0.019312434763248478,energy,CeNN,46
1,0.07891036402857439,0.12237374770588108,aapl,MLP,42
2,0.008532972004490368,0.0918638151072498,aapl,MLP,42
3,0.006405910515847306,0.0691668570839933,aapl,MLP,42
4,0.005398441204857646,0.11424175812862813,aapl,MLP,42
5,0.0055804984030229125,0.05593023324451808,aapl,MLP,42
6,0.0053089459066871895,0.08076313721747803,aapl,MLP,42
7,0.004893422585375833,0.11083862923883966,aapl,MLP,42
8,0.006071713019275304,0.05442029033188841,aapl,MLP,42
9,0.004327073127073659,0.05269518745730498,aapl,MLP,42
10,0.004233097752810202,0.05732009335354503,aapl,MLP,42
11,0.0042208822825076904,0.05433682319042938,aapl,MLP,42
12,0.004219335914857573,0.05635954467912337,aapl,MLP,42
13,0.004313764292887892,0.054991642063084455,aapl,MLP,42
14,0.004074228825188722,0.05127806788576501,aapl,MLP,42
15,0.004462763166167971,0.06363580000054624,aapl,MLP,42
16,0.003914387734381087,0.05716870118132127,aapl,MLP,42
17,0.0037922370000601268,0.05092326842714101,aapl,MLP,42
18,0.004020396604160355,0.05968185554125479,aapl,MLP,42
19,0.0042465397290829005,0.058572747046127915,aapl,MLP,42
20,0.004154382107751162,0.07976922053577644,aapl,MLP,42
21,0.004368374755634277,0.05100305740987616,aapl,MLP,42
22,0.0041531209946807585,0.05576487542462668,aapl,MLP,42
23,0.00416737818159163,0.07000143006111362,aapl,MLP,42
24,0.004350376117861632,0.05537462497263083,aapl,MLP,42
25,0.0038430717611459622,0.05094559412516121,aapl,MLP,42
1,0.08531368550646937,0.08998499843957168,aapl,MLP,43
2,0.007430204310256875,0.08247222867794335,aapl,MLP,43
3,0.005999409512503807,0.07102218137255736,aapl,MLP,43
4,0.005841099688867954,0.06769693712703884,aapl,MLP,43
5,0.005262151910838756,0.1144773286068812,aapl,MLP,43
6,0.005247587059398718,0.0598746716610289,aapl,MLP,43
7,0.004725865571703197,0.055274784115941396,aapl,MLP,43
8,0.0044009967153242815,0.06292465734960777,aapl,MLP,43
9,0.00414067878084483,0.05238466267473996,aapl,MLP,43
10,0.0044232506012177155,0.05746893814232733,aapl,MLP,43
11,0.004678269682423861,0.06554119558339673,aapl,MLP,43
12,0.004351936577057297,0.06485573290514626,aapl,MLP,43
13,0.004681297771943112,0.05567533423059753,aapl,MLP,43
14,0.004924967359384578,0.05265321577566543,aapl,MLP,43
15,0.004293478372732572,0.05410548482489373,aapl,MLP,43
16,0.004104809204088242,0.04974336574585842,aapl,MLP,43
17,0.005280824090622253,0.052875634049996734,aapl,MLP,43
18,0.0039154939427548515,0.05952862954498934,aapl,MLP,43
19,0.0036802443086564767,0.055642322703663795,aapl,MLP,43
20,0.003912860709313078,0.06594271429016121,aapl,MLP,43
21,0.0038848880389140863,0.05475630245304534,aapl,MLP,43
22,0.004143795241940428,0.0531735979685826,aapl,MLP,43
23,0.004301360691897571,0.05437067149406565,aapl,MLP,43
24,0.00435822045564595,0.05465930700302124,aapl,MLP,43
1,0.06588991193072588,0.15967593658050255,aapl,MLP,44
2,0.008215161364977106,0.08774970292246767,aapl,MLP,44
3,0.006265266692604531,0.06434086760106895,aapl,MLP,44
4,0.005540936857207932,0.07454907365276345,aapl,MLP,44
5,0.005486280251661259,0.05788979188738657,aapl,MLP,44
6,0.004884993832092732,0.05425996193662286,aapl,MLP,44
7,0.005120339111961199,0.05992947603642408,aapl,MLP,44
8,0.0045782368079843845,0.054162622263122885,aapl,MLP,44
9,0.0051183659128252075,0.052634616931235154,aapl,MLP,44
10,0.004455671963197264,0.07019949611276388,aapl,MLP,44
11,0.004944307817795286,0.05153575965336391,aapl,MLP,44
12,0.004977540571637677,0.054601666051894426,aapl,MLP,44
13,0.0042000229675040555,0.053773471902656765,aapl,MLP,44
14,0.004082206382670186,0.05581698571664414,aapl,MLP,44
15,0.004102484033809918,0.054364129418640265,aapl,MLP,44
16,0.004076526226885052,0.06312154416394021,aapl,MLP,44
17,0.00502942933764478,0.05337665246666542,aapl,MLP,44
18,0.004390653836625544,0.049327116758961766,aapl,MLP,44
19,0.004339346284695873,0.07189083681441844,aapl,MLP,44
20,0.004257612641209342,0.062115602095478346,aapl,MLP,44
21,0.004243525034381133,0.052753249931681366,aapl,MLP,44
22,0.004173603605577779,0.0793082290827962,aapl,MLP,44
23,0.003874983500943265,0.05917839985340834,aapl,MLP,44
24,0.003739915294290492,0.050231960884827585,aapl,MLP,44
25,0.0037446302912113342,0.05482934653160295,aapl,MLP,44
26,0.0039008293392588243,0.06713863083028368,aapl,MLP,44
1,0.10581636037959745,0.15833432007847087,aapl,MLP,45
2,0.009571940514654147,0.08087704659971807,aapl,MLP,45
3,0.007015082293726278,0.07839798082464508,aapl,MLP,45
4,0.006160357557801586,0.07250262966512569,aapl,MLP,45
5,0.005609186309756655,0.058233844581991434,aapl,MLP,45
6,0.004983613553287631,0.06125687791167626,aapl,MLP,45
7,0.005726110659342146,0.08159680867434613,aapl,MLP,45
8,0.004936420794392964,0.05217056304016816,aapl,MLP,45
9,0.004969620766739051,0.0650865568978978,aapl,MLP,45
10,0.004515547181874739,0.05719179724941829,aapl,MLP,45
11,0.004498282662649272,0.05761710042133927,aapl,MLP,45
12,0.004463497252965515,0.061237164573477845,aapl,MLP,45
13,0.004614308550530536,0.058995917439460754,aapl,MLP,45
14,0.004118389709302309,0.06895873820342656,aapl,MLP,45
15,0.004912009561490832,0.13626805619735802,aapl,MLP,45
16,0.005143157813246503,0.06993636992826525,aapl,MLP,45
1,0.0732922823253003,0.10624302764024053,aapl,MLP,46
2,0.008062826423680015,0.0735157999609198,aapl,MLP,46
3,0.0059593612800888495,0.11387327143789402,aapl,MLP,46
4,0.005925298241587977,0.0633969715729888,aapl,MLP,46
5,0.005468826716285989,0.06033984935908977,aapl,MLP,46
6,0.005093104786338341,0.06454786902759224,aapl,MLP,46
7,0.004735023234829758,0.059395463056197126,aapl,MLP,46
8,0.004955217125825584,0.056766316011947184,aapl,MLP,46
9,0.004934933324076348,0.06726079434156418,aapl,MLP,46
10,0.004604027292578284,0.05772770753329886,aapl,MLP,46
11,0.0042618995737002206,0.056386170958700986,aapl,MLP,46
12,0.0045100115627671284,0.055284607922658324,aapl,MLP,46
13,0.004753082091073421,0.08260895980388991,aapl,MLP,46
14,0.004615544359143259,0.05433404611955796,aapl,MLP,46
15,0.003998239923296778,0.06114326894748956,aapl,MLP,46
16,0.004232749177114756,0.05937345281043755,aapl,MLP,46
17,0.004010323318652809,0.054854215072867064,aapl,MLP,46
18,0.0042075324260319276,0.057901700443056016,aapl,MLP,46
19,0.0039050992918694674,0.058797647893827944,aapl,MLP,46
20,0.005066134688218661,0.06363845684765172,aapl,MLP,46
21,0.004034606836891423,0.05243755446281284,aapl,MLP,46
22,0.004056098440549139,0.056296250716383965,aapl,MLP,46
23,0.003973085054012975,0.05201162023669375,aapl,MLP,46
24,0.00401131690225818,0.05240116742373045,aapl,MLP,46
25,0.00363849740383695,0.04989589780702123,aapl,MLP,46
26,0.0037760822557505558,0.0627793457325814,aapl,MLP,46
27,0.005082291000607339,0.05466970307419875,aapl,MLP,46
28,0.003779863009130526,0.06456618952298802,aapl,MLP,46
29,0.003871207464147698,0.0639631264410647,aapl,MLP,46
30,0.0036034951512137372,0.05107132641465536,aapl,MLP,46
31,0.003739636213250571,0.055214817519299686,aapl,MLP,46
32,0.004034191401760009,0.051751645165495574,aapl,MLP,46
33,0.004059779828160324,0.05789648101199418,aapl,MLP,46
1,0.2841939549949585,2.577518482759063,aapl,LSTM,42
2,0.014908281042043007,1.6405338352280003,aapl,LSTM,42
3,0.011410020898576036,1.3223994875193708,aapl,LSTM,42
4,0.009542525668318072,1.1280907858495735,aapl,LSTM,42
5,0.009458447982924003,1.0313847965028669,aapl,LSTM,42
6,0.00870781060604548,0.8902906387645219,aapl,LSTM,42
7,0.008213632055699374,0.846691948627787,aapl,LSTM,42
8,0.007707396310500123,0.7743519448143031,aapl,LSTM,42
9,0.007466719778621513,0.7686081210018268,aapl,LSTM,42
10,0.0072527609299868345,0.6883951965054231,aapl,LSTM,42
11,0.007022385083308274,0.671203118116994,aapl,LSTM,42
12,0.006685625419556869,0.613108644760879,aapl,LSTM,42
13,0.006884448713566543,0.5942513526616884,aapl,LSTM,42
14,0.006593687279911881,0.5741749199972089,aapl,LSTM,42
15,0.006036637682524143,0.5624471849296242,aapl,LSTM,42
16,0.00604671978913812,0.5380050464300439,aapl,LSTM,42
17,0.005863808102510644,0.49592191157197313,aapl,LSTM,42
18,0.005645126014397564,0.4786405976129962,aapl,LSTM,42
19,0.005457749950106849,0.4864652168803981,aapl,LSTM,42
20,0.005321504840994197,0.4401878853594618,aapl,LSTM,42
21,0.0051956913296387275,0.42250552996327834,aapl,LSTM,42
22,0.005169598237526688,0.4136463250698788,aapl,LSTM,42
23,0.004921298304742033,0.40098403254523873,aapl,LSTM,42
24,0.004925028226959209,0.3701343780849129,aapl,LSTM,42
25,0.004746737267299922,0.37762528316982624,aapl,LSTM,42
26,0.004748692312701182,0.3461285045403721,aapl,LSTM,42
27,0.004602878534404392,0.3350632532965392,aapl,LSTM,42
28,0.004583937916763578,0.31624484769002137,aapl,LSTM,42
29,0.004483532291046824,0.3328531886384423,aapl,LSTM,42
30,0.004323183363091878,0.31859623233322054,aapl,LSTM,42
31,0.004345576649277725,0.2938881317220096,aapl,LSTM,42
32,0.0042864080345625,0.28592392065495786,aapl,LSTM,42
33,0.004160978125803398,0.27801750319278135,aapl,LSTM,42
34,0.004232058282165478,0.2586257044126147,aapl,LSTM,42
35,0.0042980586524319015,0.24911260807753674,aapl,LSTM,42
36,0.004082164108033546,0.26184780817545417,aapl,LSTM,42
37,0.004228845859567325,0.25636683630623985,aapl,LSTM,42
38,0.004213548143690621,0.25804115627293606,aapl,LSTM,42
39,0.0039666858272429445,0.27235958424197243,aapl,LSTM,42
40,0.004115594808492019,0.23998674159936076,aapl,LSTM,42
41,0.0038417686080334315,0.23399064137733408,aapl,LSTM,42
42,0.003995961260939525,0.2624904816537829,aapl,LSTM,42
43,0.0038336678090589967,0.21905934789018439,aapl,LSTM,42
44,0.0037599516517454476,0.22543780048311288,aapl,LSTM,42
45,0.0038307110662572086,0.20887098273461951,aapl,LSTM,42
46,0.0037426257357847962,0.2113471296782206,aapl,LSTM,42
47,0.003754460072906857,0.19607361870086087,aapl,LSTM,42
48,0.0037264354195389333,0.2019433128381414,aapl,LSTM,42
49,0.003734995060685006,0.19269130457126135,aapl,LSTM,42
50,0.003685853366429607,0.20751486968116037,aapl,LSTM,42
1,0.2812446624209935,2.4564948403276503,aapl,LSTM,43
2,0.01552789527076212,1.5525676354632847,aapl,LSTM,43
3,0.01066078278800529,1.2358294363865363,aapl,LSTM,43
4,0.009951403202263244,1.056554091761687,aapl,LSTM,43
5,0.008735549530353059,0.9338952689431608,aapl,LSTM,43
6,0.008337934205139225,0.825854822960017,aapl,LSTM,43
7,0.007876922298843661,0.7968221036052066,aapl,LSTM,43
8,0.007720814446326007,0.7404351977831019,aapl,LSTM,43
9,0.007051477275760562,0.693910983191537,aapl,LSTM,43
10,0.006907145468038366,0.6712944170659674,aapl,LSTM,43
11,0.006708665743865298,0.6172536739281246,aapl,LSTM,43
12,0.0064991494167991205,0.564412830231179,aapl,LSTM,43
13,0.00657324705124748,0.5397749805290785,aapl,LSTM,43
14,0.0060214067308345075,0.5330119371148092,aapl,LSTM,43
15,0.005998073181024555,0.5303101501028452,aapl,LSTM,43
16,0.006020542897396918,0.4588926551597459,aapl,LSTM,43
17,0.005710863568255621,0.4374881285808182,aapl,LSTM,43
18,0.00530454086732458,0.43660163157619536,aapl,LSTM,43
19,0.005152064128637765,0.4494437094212377,aapl,LSTM,43
20,0.005345272955089582,0.394370627988662,aapl,LSTM,43
21,0.004813601770861583,0.40482064188524547,aapl,LSTM,43
22,0.004928202549997492,0.36017072170839776,aapl,LSTM,43
23,0.0048032878354812665,0.35132358115099904,aapl,LSTM,43
24,0.0048549676765546656,0.3504830676164212,aapl,LSTM,43
25,0.004501351765639177,0.3191661379366581,aapl,LSTM,43
26,0.0045474081910497535,0.32927189143707175,aapl,LSTM,43
27,0.004503443805416199,0.3114540502927931,aapl,LSTM,43
28,0.004263666292624266,0.3012913638459785,aapl,LSTM,43
29,0.004321530105009901,0.29914084973279387,aapl,LSTM,43
30,0.0041594756537850835,0.26575226025722387,aapl,LSTM,43
31,0.004138376997699114,0.2786996137417321,aapl,LSTM,43
32,0.004715912142824946,0.2589185985936118,aapl,LSTM,43
33,0.003990212233144452,0.2746080101434408,aapl,LSTM,43
34,0.0041479292664338245,0.24390313147367643,aapl,LSTM,43
35,0.00382228410153678,0.2337299750319549,aapl,LSTM,43
36,0.003955702667801895,0.23869253944472543,aapl,LSTM,43
37,0.0038309979400682178,0.22020881830914213,aapl,LSTM,43
38,0.003868519840056472,0.22103933763823339,aapl,LSTM,43
39,0.0037655291909521275,0.21797993157192,aapl,LSTM,43
40,0.003815919749974979,0.21523700925588077,aapl,LSTM,43
41,0.0038216231023949204,0.20409416906269534,aapl,LSTM,43
42,0.0037504161891499252,0.19920108475655848,aapl,LSTM,43
43,0.003703801555798925,0.2238811486666756,aapl,LSTM,43
44,0.003823743766230164,0.20076653193349817,aapl,LSTM,43
45,0.0038523908799768173,0.22080942740597362,aapl,LSTM,43
46,0.003686020491207301,0.19242142563286638,aapl,LSTM,43
47,0.0037552143948039775,0.1947310602658295,aapl,LSTM,43
48,0.003786631496482049,0.18426142260432243,aapl,LSTM,43
49,0.0038864081425620525,0.17459450065091783,aapl,LSTM,43
50,0.0035901252624832773,0.1866187424997666,aapl,LSTM,43
1,0.29544713514659443,2.488428110190268,aapl,LSTM,44
2,0.014430333690887148,1.6631633923389018,aapl,LSTM,44
3,0.011401718461208722,1.369638028022434,aapl,LSTM,44
4,0.009988214573681806,1.1611040448104697,aapl,LSTM,44
5,0.008739589417183941,1.022053462419925,aapl,LSTM,44
6,0.008668497550498807,0.9375188632735184,aapl,LSTM,44
7,0.00784044720190154,0.836220357700118,aapl,LSTM,44
8,0.008044873194938356,0.7836575643824679,aapl,LSTM,44
9,0.007748245554411727,0.7325775871119861,aapl,LSTM,44
10,0.007029280281682132,0.670713700719976,aapl,LSTM,44
11,0.006870475110851906,0.650107086569603,aapl,LSTM,44
12,0.0067334518640894785,0.592794110599373,aapl,LSTM,44
13,0.006481680207688249,0.5741314506989771,aapl,LSTM,44
14,0.006183137669171573,0.5316486670635641,aapl,LSTM,44
15,0.0061510111501609736,0.5087687102412539,aapl,LSTM,44
16,0.005845554458739405,0.46989733526217087,aapl,LSTM,44
17,0.005615082481226912,0.4517938834947667,aapl,LSTM,44
18,0.005547866655626532,0.4432139223541266,aapl,LSTM,44
19,0.005346346956988175,0.4159483772236854,aapl,LSTM,44
20,0.005527833607188906,0.3890657448708745,aapl,LSTM,44
21,0.005168180559959375,0.3822191570320034,aapl,LSTM,44
22,0.00499005734419563,0.3841898539269875,aapl,LSTM,44
23,0.004839584813453257,0.37880686580735656,aapl,LSTM,44
24,0.004978475808236522,0.36334691382944584,aapl,LSTM,44
25,0.004913429345117148,0.34847021771461834,aapl,LSTM,44
26,0.004805915343405848,0.3325179387549205,aapl,LSTM,44
27,0.004933640068030041,0.3108149618908231,aapl,LSTM,44
28,0.0043966003559586225,0.287598237295502,aapl,LSTM,44
29,0.004390801550030257,0.2762562969333625,aapl,LSTM,44
30,0.004248957361348651,0.2679557657434738,aapl,LSTM,44
31,0.004133283578663726,0.2749481319915503,aapl,LSTM,44
32,0.004359888184505205,0.24780422459090395,aapl,LSTM,44
33,0.004216936395757578,0.25315897752131733,aapl,LSTM,44
34,0.004106623919638382,0.24877889080172672,aapl,LSTM,44
35,0.004266970616299659,0.24291924965967024,aapl,LSTM,44
36,0.0039021442079860153,0.24589848987359023,aapl,LSTM,44
37,0.00414805695993092,0.22364575068266795,aapl,LSTM,44
38,0.004038792667966901,0.2344373128310378,aapl,LSTM,44
39,0.0038944732320184508,0.23860640376473644,aapl,LSTM,44
40,0.0038280710648519525,0.2146140540550862,aapl,LSTM,44
41,0.0037748981179020397,0.21621302319025354,aapl,LSTM,44
42,0.003774984672693818,0.22818999280155236,aapl,LSTM,44
43,0.0038526195108495426,0.19668380728191032,aapl,LSTM,44
44,0.003711164241064001,0.1916987237720085,aapl,LSTM,44
45,0.0038586738995615055,0.19559246617635445,aapl,LSTM,44
46,0.0036977152199004636,0.1919078652780237,aapl,LSTM,44
47,0.004098685975115972,0.1901163529837504,aapl,LSTM,44
48,0.0036055355784342146,0.18764575214923493,aapl,LSTM,44
49,0.0036430974723771214,0.17845420755579003,aapl,LSTM,44
50,0.0036838317085339718,0.17884690517426602,aapl,LSTM,44
1,0.312323511211258,2.467490478318983,aapl,LSTM,45
2,0.015898888592015614,1.717946604293372,aapl,LSTM,45
3,0.010748890447289203,1.3346978020189064,aapl,LSTM,45
4,0.009988454607964464,1.1278998993137586,aapl,LSTM,45
5,0.008662464703912989,0.949226208130962,aapl,LSTM,45
6,0.00825456813485785,0.8912366455354329,aapl,LSTM,45
7,0.007656089901557249,0.7766416188595551,aapl,LSTM,45
8,0.008128281820311466,0.7631090395152569,aapl,LSTM,45
9,0.007205809166683166,0.6944289155237909,aapl,LSTM,45
10,0.007002800583105647,0.625814951623657,aapl,LSTM,45
11,0.006791199098877383,0.5954042806822274,aapl,LSTM,45
12,0.006453929733569649,0.575077631377748,aapl,LSTM,45
13,0.006176420127634297,0.5324053346245948,aapl,LSTM,45
14,0.006156309409010591,0.5424711063637265,aapl,LSTM,45
15,0.005819137776129399,0.49749587868739453,aapl,LSTM,45
16,0.0055781702553345395,0.4744863601767325,aapl,LSTM,45
17,0.0054421119716469984,0.4540987236458542,aapl,LSTM,45
18,0.00517992293250493,0.44379657169338316,aapl,LSTM,45
19,0.005362625999347956,0.4035309708477663,aapl,LSTM,45
20,0.0050120434166412015,0.4025211957216795,aapl,LSTM,45
21,0.005007354990635632,0.393723836850508,aapl,LSTM,45
22,0.005071302964069852,0.37427807211809394,aapl,LSTM,45
23,0.004606008342693023,0.3347541522400986,aapl,LSTM,45
24,0.0045121884904801846,0.34324660706001203,aapl,LSTM,45
25,0.00458025003458853,0.35106613154390026,aapl,LSTM,45
26,0.004480489531433153,0.29922881852170186,aapl,LSTM,45
27,0.004367505307803212,0.3208793384422149,aapl,LSTM,45
28,0.004168084453946601,0.29380432152122793,aapl,LSTM,45
29,0.004547916451525508,0.2991656575218907,aapl,LSTM,45
30,0.004205173936277402,0.28886155990351525,aapl,LSTM,45
31,0.004323809248903258,0.2834982534404844,aapl,LSTM,45
32,0.004103935224878968,0.27963830523991157,aapl,LSTM,45
33,0.003935476094766548,0.2655320303581123,aapl,LSTM,45
34,0.003935326700395142,0.2575660828068586,aapl,LSTM,45
35,0.0039567297225761595,0.25478145717975814,aapl,LSTM,45
36,0.003813792741504695,0.23484817280301026,aapl,LSTM,45
37,0.0039560040300288665,0.24016959818878345,aapl,LSTM,45
38,0.0038617681641357413,0.22662833336341595,aapl,LSTM,45
39,0.003894632077197347,0.22190652089193463,aapl,LSTM,45
40,0.0037186716605598726,0.23040302728103207,aapl,LSTM,45
41,0.0037166363714883723,0.21699051763529756,aapl,LSTM,45
42,0.003609469239811667,0.2140377146757341,aapl,LSTM,45
43,0.003770949692945137,0.21184599050320685,aapl,LSTM,45
44,0.0037055986150252547,0.22382264783872025,aapl,LSTM,45
45,0.0036787135159653244,0.2136293192992785,aapl,LSTM,45
46,0.0036274298785649466,0.20103437844331243,aapl,LSTM,45
47,0.003571074909290694,0.1995441444118374,aapl,LSTM,45
48,0.003640094831952769,0.20474231682185615,aapl,LSTM,45
49,0.0035723001435116835,0.20608927198087,aapl,LSTM,45
50,0.003679895087385155,0.1978713834791311,aapl,LSTM,45
1,0.34034859239490645,2.6570235987726067,aapl,LSTM,46
2,0.016295070844617756,1.5617844698218895,aapl,LSTM,46
3,0.011179747878376282,1.1086550421148007,aapl,LSTM,46
4,0.009746380580702063,0.9357211875862309,aapl,LSTM,46
5,0.009331868841510379,0.8678227023421121,aapl,LSTM,46
6,0.008312063192892256,0.7761931584017085,aapl,LSTM,46
7,0.007884940153665164,0.6941474547077503,aapl,LSTM,46
8,0.007733862776535027,0.6793648868333548,aapl,LSTM,46
9,0.007578155547944885,0.6313677461418722,aapl,LSTM,46
10,0.00703166829506782,0.5755354352628014,aapl,LSTM,46
11,0.006875711323862726,0.5597932202674981,aapl,LSTM,46
12,0.006870914532831221,0.5385233796800354,aapl,LSTM,46
13,0.006314986487709437,0.493059520526523,aapl,LSTM,46
14,0.006410308993619048,0.47430524782144595,aapl,LSTM,46
15,0.005985426490731312,0.4948432898381725,aapl,LSTM,46
16,0.006126929113330941,0.4258261500259063,aapl,LSTM,46
17,0.005843072053694138,0.4227372846632664,aapl,LSTM,46
18,0.005551816839160341,0.3970175591696586,aapl,LSTM,46
19,0.005454689451267548,0.3833380102712129,aapl,LSTM,46
20,0.005512516197720261,0.3795351991429925,aapl,LSTM,46
21,0.005120693670698639,0.37735315101287725,aapl,LSTM,46
22,0.0051102672463678046,0.35223541777980116,aapl,LSTM,46
23,0.004899025998769723,0.32073605599414023,aapl,LSTM,46
24,0.004895910319067876,0.33316944810628357,aapl,LSTM,46
25,0.0046044502153315325,0.3245685075941895,aapl,LSTM,46
26,0.004744827230531497,0.3123435667449875,aapl,LSTM,46
27,0.004979764672250233,0.2958782460274441,aapl,LSTM,46
28,0.004542881383024382,0.325609865432073,aapl,LSTM,46
29,0.004407119843756046,0.31774511534188477,aapl,LSTM,46
30,0.00448233413397137,0.3036818099873407,aapl,LSTM,46
31,0.004237441608865717,0.29104603797064293,aapl,LSTM,46
32,0.004542477492412383,0.2688867429637217,aapl,LSTM,46
33,0.004392930463478534,0.28343693133709685,aapl,LSTM,46
34,0.004020334207311724,0.2691845750003787,aapl,LSTM,46
35,0.004097590962015657,0.26404555286613424,aapl,LSTM,46
36,0.004196030010158817,0.2533675685824294,aapl,LSTM,46
37,0.003976439212265453,0.25138440304103177,aapl,LSTM,46
38,0.004073255762429626,0.2517079857810001,aapl,LSTM,46
39,0.004029117972646473,0.2583360514836386,aapl,LSTM,46
40,0.0038936051688241687,0.2082401132710012,aapl,LSTM,46
41,0.0038833706004714422,0.23668221981331175,aapl,LSTM,46
42,0.003948560108035577,0.23124715985198105,aapl,LSTM,46
43,0.004098907469376696,0.22811291719387686,aapl,LSTM,46
44,0.003838573130920078,0.22452085603228106,aapl,LSTM,46
45,0.003832696298504192,0.22392537760814385,aapl,LSTM,46
46,0.003758637700229883,0.21173850727999316,aapl,LSTM,46
47,0.003702378479030096,0.2157181515524696,aapl,LSTM,46
48,0.003733221656699298,0.2092656590144283,aapl,LSTM,46
1,0.09157355215090017,1.457425824566079,aapl,TransformerEncoder,42
2,0.007558124266903509,1.3385937122262217,aapl,TransformerEncoder,42
3,0.006391304142942483,1.3691447645957981,aapl,TransformerEncoder,42
4,0.005904289569254174,1.5406998589834464,aapl,TransformerEncoder,42
5,0.005722655547839223,1.5365585113842306,aapl,TransformerEncoder,42
6,0.004961980281002594,1.5629622997117363,aapl,TransformerEncoder,42
7,0.005482870139971827,1.5601889120880514,aapl,TransformerEncoder,42
8,0.004724905311101766,1.580850935208478,aapl,TransformerEncoder,42
9,0.004475724848100182,1.6105662534911451,aapl,TransformerEncoder,42
10,0.00473011534830386,1.6590833197447605,aapl,TransformerEncoder,42
1,0.07544263865742268,1.3044229969382286,aapl,TransformerEncoder,43
2,0.010173078922724182,1.3355775346447314,aapl,TransformerEncoder,43
3,0.008250116631670884,1.5189740187654803,aapl,TransformerEncoder,43
4,0.006458597885670535,1.493271113938785,aapl,TransformerEncoder,43
5,0.005680246800748688,1.5621052413812972,aapl,TransformerEncoder,43
6,0.005461622960865498,1.6813301084496612,aapl,TransformerEncoder,43
7,0.005769835386397035,1.7520351093262434,aapl,TransformerEncoder,43
8,0.0053693498855202715,1.7571652240585536,aapl,TransformerEncoder,43
9,0.004740742479704998,1.775155846162566,aapl,TransformerEncoder,43
1,0.032047876326197926,1.3798309727239289,aapl,TransformerEncoder,44
2,0.007966682018542831,1.3750620618728655,aapl,TransformerEncoder,44
3,0.005948447576498218,1.4149624087149277,aapl,TransformerEncoder,44
4,0.005499439483339136,1.4557306144353268,aapl,TransformerEncoder,44
5,0.005819590233097022,1.5417992084154062,aapl,TransformerEncoder,44
6,0.004832424586779918,1.4901218259973186,aapl,TransformerEncoder,44
7,0.005152982416224073,1.5673526079460447,aapl,TransformerEncoder,44
8,0.00466827593503915,1.601652055563006,aapl,TransformerEncoder,44
9,0.004848597620642095,1.5925562800174313,aapl,TransformerEncoder,44
10,0.004876571262932636,1.614515441619525,aapl,TransformerEncoder,44
1,0.09508700308277074,1.236366803491754,aapl,TransformerEncoder,45
2,0.010208268438211897,1.1448228973729004,aapl,TransformerEncoder,45
3,0.007519408418430072,1.2091711012180895,aapl,TransformerEncoder,45
4,0.006576461498766686,1.3278757091611624,aapl,TransformerEncoder,45
5,0.006030963412768236,1.4095869805065118,aapl,TransformerEncoder,45
6,0.005638216466953357,1.4453106350930673,aapl,TransformerEncoder,45
7,0.005529167345781444,1.443397582342316,aapl,TransformerEncoder,45
8,0.005017605260945857,1.5078102079153592,aapl,TransformerEncoder,45
9,0.0052539280820355725,1.6342507835943252,aapl,TransformerEncoder,45
10,0.004957990645021765,1.653369533629822,aapl,TransformerEncoder,45
1,0.05238843505327223,1.2092045359978718,aapl,TransformerEncoder,46
2,0.008336718631626078,1.0786191014007531,aapl,TransformerEncoder,46
3,0.007435016609220343,1.1602006623953847,aapl,TransformerEncoder,46
4,0.006184777608282413,1.2470852975800102,aapl,TransformerEncoder,46
5,0.00547927779773476,1.2660664672564184,aapl,TransformerEncoder,46
6,0.005202123602485341,1.272678510086345,aapl,TransformerEncoder,46
7,0.0057607292141200915,1.3505153532273002,aapl,TransformerEncoder,46
8,0.004937468138946729,1.4012598802135992,aapl,TransformerEncoder,46
9,0.005435921948501897,1.450631015867527,aapl,TransformerEncoder,46
10,0.004796230302996595,1.5618338856480218,aapl,TransformerEncoder,46
1,0.11692075815164682,1.9673331519588828,aapl,CeNN,42
2,0.00925881446649631,1.625430926048596,aapl,CeNN,42
3,0.006828757450972317,1.5623411616377,aapl,CeNN,42
4,0.00584596749677351,1.456729436459552,aapl,CeNN,42
5,0.0055461813004292326,1.442680500930042,aapl,CeNN,42
6,0.005254777370613407,1.3441701247024216,aapl,CeNN,42
7,0.005048575761699767,1.3566328085892434,aapl,CeNN,42
8,0.0048199101266535845,1.3422901460934165,aapl,CeNN,42
9,0.004530075200212498,1.2159527966619603,aapl,CeNN,42
10,0.004457843761580686,1.1347633403992015,aapl,CeNN,42
11,0.004510179839350961,1.2540505525290169,aapl,CeNN,42
12,0.0044572732876986265,1.144050193185519,aapl,CeNN,42
13,0.004749717603606934,1.1909100169349196,aapl,CeNN,42
14,0.0041874724609608,1.236099412115956,aapl,CeNN,42
15,0.004770111324350265,1.287104799195991,aapl,CeNN,42
16,0.0041822162950693655,1.2911843929240214,aapl,CeNN,42
17,0.004141493023119189,1.1406437014894826,aapl,CeNN,42
18,0.004516098702989631,1.2738971491011657,aapl,CeNN,42
1,0.10517548233496421,2.1126705134686614,aapl,CeNN,43
2,0.008457488683757909,1.765886553197301,aapl,CeNN,43
3,0.00614157331768762,1.4396823047261154,aapl,CeNN,43
4,0.006127545162047626,1.461709535348096,aapl,CeNN,43
5,0.004893725614458548,1.440652634881969,aapl,CeNN,43
6,0.00515799957793206,1.4278092702318514,aapl,CeNN,43
7,0.004981866656717929,1.412797152031479,aapl,CeNN,43
8,0.004436518060339784,1.361798535067854,aapl,CeNN,43
9,0.004185129329209413,1.271097328779953,aapl,CeNN,43
10,0.004148702133644485,1.2917581428441085,aapl,CeNN,43
11,0.004319805867095111,1.288827504663329,aapl,CeNN,43
12,0.0041466183999242885,1.3106958261591248,aapl,CeNN,43
13,0.004558477690090623,1.2262360387747842,aapl,CeNN,43
14,0.005022593858567151,1.2284223039834095,aapl,CeNN,43
15,0.004253732552046351,1.2381067510494697,aapl,CeNN,43
16,0.004071428001307967,1.1917383823643573,aapl,CeNN,43
17,0.00522978485660684,1.3000971166849402,aapl,CeNN,43
18,0.003972520150427678,1.2609587005239777,aapl,CeNN,43
19,0.0038052493332405434,1.2069762803980015,aapl,CeNN,43
20,0.004051588789672788,1.2536109510942228,aapl,CeNN,43
21,0.0040395863770479054,1.2145430185399684,aapl,CeNN,43
22,0.004664190161168914,1.1810572633652814,aapl,CeNN,43
23,0.004489955086627919,1.2250716535906707,aapl,CeNN,43
24,0.004490459330775069,1.1802756398018184,aapl,CeNN,43
25,0.004019513989050844,1.2151675131005635,aapl,CeNN,43
26,0.003739800207161655,1.2271710136306606,aapl,CeNN,43
27,0.003997379095491135,1.2452983426462327,aapl,CeNN,43
28,0.0037235122378633328,1.191530869608479,aapl,CeNN,43
29,0.004175547998977091,1.2445438783948444,aapl,CeNN,43
30,0.00381409246333395,1.1585907528476258,aapl,CeNN,43
31,0.003949632702367098,1.2254310704302043,aapl,CeNN,43
32,0.004624142415581666,1.252454946083682,aapl,CeNN,43
33,0.003947285912352417,1.2383758789094697,aapl,CeNN,43
34,0.005401858253841938,1.3204825826687738,aapl,CeNN,43
35,0.0037677285727113485,1.2442271231640396,aapl,CeNN,43
36,0.004026298365329929,1.2567499817482062,aapl,CeNN,43
37,0.0038192114655182445,1.1961868338320139,aapl,CeNN,43
38,0.0041473077497247495,1.195314010887939,aapl,CeNN,43
1,0.1149405328077123,2.3281210917048156,aapl,CeNN,44
2,0.009135876415353832,1.6116611938923597,aapl,CeNN,44
3,0.005764738074503839,1.396199336707858,aapl,CeNN,44
4,0.005292099138552492,1.2808543892544029,aapl,CeNN,44
5,0.005516630279916254,1.327075046187799,aapl,CeNN,44
6,0.004569189319612853,1.2743808893054458,aapl,CeNN,44
7,0.0051415679291963124,1.2405179272006666,aapl,CeNN,44
8,0.0044189270878577545,1.1937493763897302,aapl,CeNN,44
9,0.0045520193684338165,1.1869461169033977,aapl,CeNN,44
10,0.004197174549159227,1.2078406157005313,aapl,CeNN,44
11,0.004499278560450131,1.1790823773480952,aapl,CeNN,44
12,0.004198317705286723,1.2095270965780531,aapl,CeNN,44
13,0.0041413049347642245,1.1380717036746708,aapl,CeNN,44
14,0.003977297295491691,1.1555172970817824,aapl,CeNN,44
15,0.004897691609309704,1.078406221333093,aapl,CeNN,44
16,0.004777138936333358,1.1055565388607127,aapl,CeNN,44
17,0.004773494136646728,1.2268118242001427,aapl,CeNN,44
18,0.004105188439346172,1.1754978531638958,aapl,CeNN,44
19,0.004364841645865729,1.1255422137078963,aapl,CeNN,44
20,0.0044894366803804805,1.1071670893080798,aapl,CeNN,44
21,0.004216531221049301,1.17881370088019,aapl,CeNN,44
22,0.004051892908826245,1.1717842377755525,aapl,CeNN,44
23,0.00396353652644338,1.196869494243791,aapl,CeNN,44
1,0.10669030858711763,2.185340866446495,aapl,CeNN,45
2,0.010573580839925191,1.7625980661583267,aapl,CeNN,45
3,0.007159742773651626,1.5323552866466343,aapl,CeNN,45
4,0.006012059695256705,1.5109875477584345,aapl,CeNN,45
5,0.005774174598186757,1.4327032530148114,aapl,CeNN,45
6,0.005056248850781809,1.4223730768343168,aapl,CeNN,45
7,0.0050983825402165,1.3586905990960076,aapl,CeNN,45
8,0.004992423385071258,1.3013446540738056,aapl,CeNN,45
9,0.005119618296510343,1.4263606717577204,aapl,CeNN,45
10,0.004899396652807341,1.3053436114984964,aapl,CeNN,45
11,0.004658676772096166,1.2141014983478402,aapl,CeNN,45
12,0.004657647360793569,1.1509646267596898,aapl,CeNN,45
13,0.004918661878698252,1.2827854540997319,aapl,CeNN,45
14,0.004280037772277314,1.2996190098846065,aapl,CeNN,45
15,0.004295823739305364,1.3198755280214496,aapl,CeNN,45
16,0.004828662622127344,1.3155038447751264,aapl,CeNN,45
17,0.004231181221477913,1.2234493063962353,aapl,CeNN,45
18,0.004150490414097228,1.2647422293334134,aapl,CeNN,45
19,0.004239946307445114,1.2891367220186762,aapl,CeNN,45
20,0.004497496090180269,1.1831723899979676,aapl,CeNN,45
1,0.15300134823403574,2.5916469380525604,aapl,CeNN,46
2,0.011889441686710625,1.8310324240010232,aapl,CeNN,46
3,0.007420707949098538,1.820008835455935,aapl,CeNN,46
4,0.0073188525645739655,1.586443332622626,aapl,CeNN,46
5,0.0061032210836525665,1.5239957888677185,aapl,CeNN,46
6,0.005524795767004517,1.5440931827761233,aapl,CeNN,46
7,0.005117790590068607,1.44327964628714,aapl,CeNN,46
8,0.005232643554777358,1.4193696473625355,aapl,CeNN,46
9,0.005747418392054511,1.3521108726771283,aapl,CeNN,46
10,0.00470552635802464,1.3448597600384216,aapl,CeNN,46
11,0.004575052683128778,1.3145663024292193,aapl,CeNN,46
12,0.004821336902254684,1.3303994561179675,aapl,CeNN,46
13,0.004697695116964028,1.4192321566931372,aapl,CeNN,46
14,0.004775524453372892,1.3458708701655269,aapl,CeNN,46
15,0.004192423474071829,1.365295130659693,aapl,CeNN,46
16,0.004502859107698455,1.3669254732251699,aapl,CeNN,46
17,0.0041887029021216386,1.2928031177725643,aapl,CeNN,46
18,0.004333123864577801,1.3013949349489329,aapl,CeNN,46
19,0.003959782044121036,1.2696993267828864,aapl,CeNN,46
20,0.004543852900634661,1.2910711992964414,aapl,CeNN,46
21,0.004097846139109496,1.264593453512394,aapl,CeNN,46
22,0.004172520221662567,1.2976066032590876,aapl,CeNN,46
23,0.004282672480313164,1.2256459860197668,aapl,CeNN,46
24,0.004188874598846517,1.298542526351022,aapl,CeNN,46
25,0.003838205434889956,1.2051764572471646,aapl,CeNN,46
26,0.004145149748320832,1.2113034153922595,aapl,CeNN,46
27,0.00458592944778502,1.3335928159233714,aapl,CeNN,46
28,0.0040836119689188445,1.1998824252680476,aapl,CeNN,46
29,0.004146304057388933,1.2735030367538067,aapl,CeNN,46
30,0.003957184084521776,1.231692086273272,aapl,CeNN,46
31,0.0039707524490288715,1.2335414862027392,aapl,CeNN,46
32,0.004354502557720424,1.2325666573929734,aapl,CeNN,46
33,0.004455052312661075,1.1558194029411035,aapl,CeNN,46
34,0.0038460466894321144,1.2299095188999283,aapl,CeNN,46
35,0.0036963432688604703,1.1831747857255064,aapl,CeNN,46
36,0.004647746795054638,1.3217365305671203,aapl,CeNN,46
37,0.003963312880263071,1.2925442810103829,aapl,CeNN,46
38,0.0039967909300078945,1.2761364191371416,aapl,CeNN,46
39,0.0037446973605476546,1.2949158932315186,aapl,CeNN,46
40,0.0038269020751062217,1.2795548423891887,aapl,CeNN,46
41,0.004248669157580783,1.2719075620906162,aapl,CeNN,46
1,0.1217221391747113,0.00430936595824148,mackey_glass,MLP,42
2,0.002029064688196575,0.0007922058908401855,mackey_glass,MLP,42
3,0.0005630698323136929,0.00031101198276571395,mackey_glass,MLP,42
4,0.00030235405685027325,0.00019556922104259553,mackey_glass,MLP,42
5,0.00027128968764428106,0.0005338447538503845,mackey_glass,MLP,42
6,0.0002011185649528422,0.00011246176342995438,mackey_glass,MLP,42
7,0.00015130091152527848,0.00010152358715588759,mackey_glass,MLP,42
8,0.00011581840898901591,0.00010348879680220437,mackey_glass,MLP,42
9,0.00012147106115827972,0.0001042575433010435,mackey_glass,MLP,42
10,9.901568393450526e-05,7.605308772846391e-05,mackey_glass,MLP,42
11,8.798937062348352e-05,7.629491795211964e-05,mackey_glass,MLP,42
12,0.00010069103860366863,0.00019949091620219406,mackey_glass,MLP,42
13,0.00010312879324677245,7.713047190398876e-05,mackey_glass,MLP,42
14,8.649713664922412e-05,8.072530649120122e-05,mackey_glass,MLP,42
15,6.90540280519406e-05,8.744084750235613e-05,mackey_glass,MLP,42
16,5.9882750781870335e-05,6.841417793371615e-05,mackey_glass,MLP,42
17,6.130023956013082e-05,3.780660050064658e-05,mackey_glass,MLP,42
18,9.539485786676364e-05,0.00010954578127504127,mackey_glass,MLP,42
19,8.18049382525549e-05,3.7735186327024295e-05,mackey_glass,MLP,42
20,7.060351926515013e-05,9.289744541872227e-05,mackey_glass,MLP,42
21,7.090093941135847e-05,4.511332787972476e-05,mackey_glass,MLP,42
22,8.32787605814343e-05,6.748637081597866e-05,mackey_glass,MLP,42
23,7.185753568619751e-05,7.037127579678781e-05,mackey_glass,MLP,42
24,6.778689779215104e-05,8.587894132818162e-05,mackey_glass,MLP,42
25,0.00013059266574132243,5.922989086164827e-05,mackey_glass,MLP,42
26,5.005824583680475e-05,2.1119080364379833e-05,mackey_glass,MLP,42
27,7.551857550314514e-05,5.408748191777184e-05,mackey_glass,MLP,42
28,6.5574855343033e-05,3.8681743977316986e-05,mackey_glass,MLP,42
29,4.6440236667077635e-05,0.00023163239114053016,mackey_glass,MLP,42
30,0.00012479300604547572,2.6917003067085587e-05,mackey_glass,MLP,42
31,5.242632111427762e-05,5.566790969169233e-05,mackey_glass,MLP,42
32,0.00010364965320067395,9.200896160369407e-05,mackey_glass,MLP,42
33,9.139327994489577e-05,0.0003576471842409644,mackey_glass,MLP,42
34,0.00012487818468908893,2.6937654963278745e-05,mackey_glass,MLP,42
1,0.0977835942440751,0.005264015319491071,mackey_glass,MLP,43
2,0.0023482733011019954,0.0008197048009606078,mackey_glass,MLP,43
3,0.0005524990265257657,0.00037135882095234204,mackey_glass,MLP,43
4,0.00030747083126863635,0.0002556778682836531,mackey_glass,MLP,43
5,0.00022397548188261376,0.00014232630772832117,mackey_glass,MLP,43
6,0.0001753699379509216,0.00015359723485224613,mackey_glass,MLP,43
7,0.0001665009199452029,0.0001344840046450762,mackey_glass,MLP,43
8,0.00012526139476959185,9.670050634927716e-05,mackey_glass,MLP,43
9,0.000108912110480367,0.00011433056819701701,mackey_glass,MLP,43
10,8.93280846481282e-05,0.00016105397610642415,mackey_glass,MLP,43
11,0.00011902900918027048,8.08730411725784e-05,mackey_glass,MLP,43
12,8.099577534074231e-05,5.483068837617923e-05,mackey_glass,MLP,43
13,8.854684264489069e-05,0.00014699479756278118,mackey_glass,MLP,43
14,0.00011068153148561109,5.872305285135683e-05,mackey_glass,MLP,43
15,6.46655454340472e-05,0.00011827599701064173,mackey_glass,MLP,43
16,7.849022139535836e-05,8.280496617122221e-05,mackey_glass,MLP,43
17,8.143819799112283e-05,4.5199405056856836e-05,mackey_glass,MLP,43
18,6.190200758393269e-05,0.00020100047809786962,mackey_glass,MLP,43
19,0.00012305615685666757,7.877385360188782e-05,mackey_glass,MLP,43
20,5.351328976151611e-05,6.39763088007125e-05,mackey_glass,MLP,43
21,6.219826848268205e-05,0.00012337472331377545,mackey_glass,MLP,43
22,6.502210517007343e-05,5.4611886818228026e-05,mackey_glass,MLP,43
23,6.948022217495071e-05,9.455774228886835e-05,mackey_glass,MLP,43
24,0.00016871101163842744,0.0001411246388930262,mackey_glass,MLP,43
25,0.00014462822114045125,0.00017592308514784754,mackey_glass,MLP,43
1,0.10486295737439033,0.002583869974062379,mackey_glass,MLP,44
2,0.0013132013581608508,0.0006002430683500799,mackey_glass,MLP,44
3,0.0005071611755710999,0.00032911935912644755,mackey_glass,MLP,44
4,0.0003456302495606272,0.00025393906461041685,mackey_glass,MLP,44
5,0.0002530795274210642,0.00018333158732275479,mackey_glass,MLP,44
6,0.0001982054756919035,0.00011346427761184583,mackey_glass,MLP,44
7,0.00015961690532452795,0.00012442066742681033,mackey_glass,MLP,44
8,0.00013219107010324174,7.7244720159797e-05,mackey_glass,MLP,44
9,0.00010438325283978361,0.00013916875208711384,mackey_glass,MLP,44
10,0.00014057794754934906,6.709547480048579e-05,mackey_glass,MLP,44
11,9.712422841844135e-05,0.00010103892574469293,mackey_glass,MLP,44
12,9.13214151461778e-05,8.322427103329184e-05,mackey_glass,MLP,44
13,8.946194077108169e-05,0.00013050872985331807,mackey_glass,MLP,44
14,7.09490579373034e-05,3.566668315865432e-05,mackey_glass,MLP,44
15,5.969320839292116e-05,0.00024046642231821482,mackey_glass,MLP,44
16,6.44601625963608e-05,3.917919717163646e-05,mackey_glass,MLP,44
17,6.85325085214572e-05,3.462767108430853e-05,mackey_glass,MLP,44
18,8.257683326850052e-05,0.0001070755892474803,mackey_glass,MLP,44
19,0.00011436398717430139,0.0001491245581876553,mackey_glass,MLP,44
20,0.00011439859308941804,5.462401921769404e-05,mackey_glass,MLP,44
21,3.944116512381394e-05,5.1884778388609577e-05,mackey_glass,MLP,44
22,5.5814497720734146e-05,9.584732158275853e-05,mackey_glass,MLP,44
23,5.898371361554106e-05,7.956348365821344e-05,mackey_glass,MLP,44
24,6.68279702619078e-05,4.2224421512011236e-05,mackey_glass,MLP,44
25,4.6238786512042154e-05,2.9555916106411522e-05,mackey_glass,MLP,44
26,3.9348308470807474e-05,0.00010452518524419117,mackey_glass,MLP,44
27,0.0001124111811694809,3.243435016234538e-05,mackey_glass,MLP,44
28,6.898544156821586e-05,9.430370274848039e-05,mackey_glass,MLP,44
29,6.283059930424453e-05,3.400854010188985e-05,mackey_glass,MLP,44
30,0.0004067508374315697,0.0008176626704101052,mackey_glass,MLP,44
31,0.0002505596397289385,5.682031223841477e-05,mackey_glass,MLP,44
32,7.063421581375279e-05,2.755192222788797e-05,mackey_glass,MLP,44
33,8.382506282280453e-05,3.139482955053349e-05,mackey_glass,MLP,44
34,3.247211358911679e-05,6.648701673839241e-05,mackey_glass,MLP,44
35,3.37124990547829e-05,5.8519039157545194e-05,mackey_glass,MLP,44
36,3.6321987615586046e-05,3.960888430551027e-05,mackey_glass,MLP,44
37,3.0251546515060138e-05,1.8005472546584705e-05,mackey_glass,MLP,44
38,2.2208777505566655e-05,1.8832418390957173e-05,mackey_glass,MLP,44
39,5.50662834663826e-05,3.86213028572716e-05,mackey_glass,MLP,44
40,6.352048051143576e-05,0.00010491737287208837,mackey_glass,MLP,44
41,6.108019227791705e-05,4.2217090205148065e-05,mackey_glass,MLP,44
42,3.360474755192461e-05,3.113686515072394e-05,mackey_glass,MLP,44
43,2.1874818712879488e-05,3.637633900715238e-05,mackey_glass,MLP,44
44,4.658440200893727e-05,0.000210800623920347,mackey_glass,MLP,44
45,0.0005053607146141021,0.00019467839956632815,mackey_glass,MLP,44
1,0.13317371441658135,0.00440652621909976,mackey_glass,MLP,45
2,0.0025091300265172103,0.0013572972883204265,mackey_glass,MLP,45
3,0.0008355786536192296,0.0007973008115576315,mackey_glass,MLP,45
4,0.0004504056566722945,0.00030282933169343906,mackey_glass,MLP,45
5,0.00029548671514159207,0.0002168711632423635,mackey_glass,MLP,45
6,0.0002193001877678784,0.0001975843489552582,mackey_glass,MLP,45
7,0.00019030911613354516,0.00017749700366818746,mackey_glass,MLP,45
8,0.00020403083853483568,0.0002310147704390277,mackey_glass,MLP,45
9,0.00016349222366415867,0.00011057083169622015,mackey_glass,MLP,45
10,0.00013216432853369042,0.00017284408906042309,mackey_glass,MLP,45
11,0.00012310787965499472,0.00013992613561900465,mackey_glass,MLP,45
12,9.186641584550891e-05,5.9203005418696974e-05,mackey_glass,MLP,45
13,7.375705268769349e-05,5.747445486901727e-05,mackey_glass,MLP,45
14,7.694413805879638e-05,4.916800714584367e-05,mackey_glass,MLP,45
15,8.666724148276967e-05,6.187473081809003e-05,mackey_glass,MLP,45
16,7.016785766058037e-05,5.455000739727568e-05,mackey_glass,MLP,45
17,6.260367621452491e-05,0.00012467571026978215,mackey_glass,MLP,45
18,9.670968404062671e-05,0.00010992029716102738,mackey_glass,MLP,45
19,6.416512433409507e-05,5.8435129696070885e-05,mackey_glass,MLP,45
20,4.9306767736693885e-05,5.477498013663405e-05,mackey_glass,MLP,45
21,6.86900571191941e-05,3.6952271719720943e-05,mackey_glass,MLP,45
22,5.2436061995456726e-05,2.5370805035761024e-05,mackey_glass,MLP,45
23,7.899459102521756e-05,4.4811536749226176e-05,mackey_glass,MLP,45
24,6.321306720951036e-05,3.338417718623532e-05,mackey_glass,MLP,45
25,3.378721794433659e-05,6.353400307749066e-05,mackey_glass,MLP,45
26,4.572157652574154e-05,8.184270778396499e-05,mackey_glass,MLP,45
27,4.5321871711525034e-05,3.233037945652281e-05,mackey_glass,MLP,45
28,3.546711600806289e-05,4.085409870770361e-05,mackey_glass,MLP,45
29,5.1240847466088425e-05,6.12882935716438e-05,mackey_glass,MLP,45
30,7.491690300384741e-05,3.4811724877467244e-05,mackey_glass,MLP,45
1,0.1242379272871679,0.0033576802483626773,mackey_glass,MLP,46
2,0.0013613712944788858,0.0006110805801914207,mackey_glass,MLP,46
3,0.000476423844564565,0.0003601076948273528,mackey_glass,MLP,46
4,0.0003125402702911136,0.00021835074689339047,mackey_glass,MLP,46
5,0.00020840849725628328,0.00017986184892444207,mackey_glass,MLP,46
6,0.00017564535764077763,0.00016083172626427507,mackey_glass,MLP,46
7,0.00016594442157921466,0.0001632971512403206,mackey_glass,MLP,46
8,0.00018888567071619698,0.0001448373805033043,mackey_glass,MLP,46
9,0.0001292162932892979,0.0001864423996136923,mackey_glass,MLP,46
10,0.000121930910333476,0.00015803058184766478,mackey_glass,MLP,46
11,0.00011874976619517177,7.246168258591621e-05,mackey_glass,MLP,46
12,9.98472844388964e-05,6.006932549748204e-05,mackey_glass,MLP,46
13,8.18954388457562e-05,7.591480295689377e-05,mackey_glass,MLP,46
14,8.675802410200986e-05,7.577970505475864e-05,mackey_glass,MLP,46
15,7.59293604157089e-05,6.761098354348048e-05,mackey_glass,MLP,46
16,7.588185149925818e-05,7.370333462729053e-05,mackey_glass,MLP,46
17,6.784868767709034e-05,0.00014611440565204248,mackey_glass,MLP,46
18,9.024268200102432e-05,0.00010100821340789221,mackey_glass,MLP,46
19,8.064146574972916e-05,4.455438946544226e-05,mackey_glass,MLP,46
20,6.80623941827269e-05,4.809751330217945e-05,mackey_glass,MLP,46
21,5.973899398227469e-05,3.464988406319337e-05,mackey_glass,MLP,46
22,7.010771004746802e-05,8.669825365359429e-05,mackey_glass,MLP,46
23,4.998898649236335e-05,4.853940559509543e-05,mackey_glass,MLP,46
24,4.5392452606888995e-05,8.439095108769834e-05,mackey_glass,MLP,46
25,9.377062145755521e-05,0.00022381809581669847,mackey_glass,MLP,46
26,7.05612368564647e-05,6.466269067979218e-05,mackey_glass,MLP,46
27,6.0931829356184494e-05,5.016205666054573e-05,mackey_glass,MLP,46
28,4.596817015309088e-05,0.0002842751387756185,mackey_glass,MLP,46
29,0.00012065132424058075,9.10193302843254e-05,mackey_glass,MLP,46
1,0.42301702521967166,0.09828537250203746,mackey_glass,LSTM,42
2,0.059166400524025616,0.026346537550645217,mackey_glass,LSTM,42
3,0.014225162410487732,0.008407459294955646,mackey_glass,LSTM,42
4,0.006867895428458172,0.004881816616814051,mackey_glass,LSTM,42
5,0.0040493389154135275,0.0026899532531388104,mackey_glass,LSTM,42
6,0.0025525910896249115,0.0017634762417791145,mackey_glass,LSTM,42
7,0.0013874421799273202,0.0017751514678820968,mackey_glass,LSTM,42
8,0.0010722250144956915,0.0008081350887161014,mackey_glass,LSTM,42
9,0.0009254762862286898,0.00056225031273373,mackey_glass,LSTM,42
10,0.0006833372242522962,0.0004927574191242456,mackey_glass,LSTM,42
11,0.0006224848885639486,0.000437440028430761,mackey_glass,LSTM,42
12,0.0004450910716762089,0.00040980246350435276,mackey_glass,LSTM,42
13,0.0004521682117642327,0.0006003604295463967,mackey_glass,LSTM,42
14,0.0003245920793922392,0.00026423006056575105,mackey_glass,LSTM,42
15,0.0003054460306002787,0.0005116492268695895,mackey_glass,LSTM,42
16,0.0003199317268974317,0.00031788443032253,mackey_glass,LSTM,42
17,0.00027756041262446985,0.00020413169737106988,mackey_glass,LSTM,42
18,0.00021484210524111845,0.00020982671620523824,mackey_glass,LSTM,42
19,0.0002737385386188345,0.0002551005610647345,mackey_glass,LSTM,42
20,0.000331546823431519,0.0001852969378108225,mackey_glass,LSTM,42
21,0.0001631913099007568,0.00024009783685739552,mackey_glass,LSTM,42
22,0.00018893704614266895,0.0002413797358583127,mackey_glass,LSTM,42
23,0.0001800777573600609,0.00023489491390396973,mackey_glass,LSTM,42
24,0.00018599159044573423,0.00018985804282627733,mackey_glass,LSTM,42
25,0.00014447791556559616,0.00011695495413732715,mackey_glass,LSTM,42
26,0.0002598133940023906,0.00032116330320215117,mackey_glass,LSTM,42
27,0.00022230169512719536,0.0005975974574019867,mackey_glass,LSTM,42
28,0.00019218616834030289,0.000172501451743301,mackey_glass,LSTM,42
29,0.0002030438590736594,0.0002630655872053467,mackey_glass,LSTM,42
30,0.00012509661152734859,0.00014359239243536389,mackey_glass,LSTM,42
31,0.00010693816533823724,0.00015066126070450991,mackey_glass,LSTM,42
32,0.00014372465661973834,0.00018986568985772983,mackey_glass,LSTM,42
33,0.00012057747384956615,0.00010385995457389592,mackey_glass,LSTM,42
34,0.00017300860197406797,0.0001812569618258359,mackey_glass,LSTM,42
35,0.00011118278736389722,0.00018129100811035772,mackey_glass,LSTM,42
36,9.373411828136975e-05,0.00016062370663608557,mackey_glass,LSTM,42
37,0.00010838259070376147,0.00026139023975702,mackey_glass,LSTM,42
38,9.805867094573014e-05,0.0001574809700416933,mackey_glass,LSTM,42
39,9.339042872218697e-05,0.0002745217415005235,mackey_glass,LSTM,42
40,0.0001584818512514396,0.00015774779240018688,mackey_glass,LSTM,42
41,9.222973086721278e-05,0.00013631710758740416,mackey_glass,LSTM,42
1,0.4050238502748085,0.07886855357459613,mackey_glass,LSTM,43
2,0.04232211588797244,0.017075235755848035,mackey_glass,LSTM,43
3,0.012324057265438816,0.007893326825329236,mackey_glass,LSTM,43
4,0.007183760849081657,0.007261994128514614,mackey_glass,LSTM,43
5,0.0037221928042444315,0.0023471796552517583,mackey_glass,LSTM,43
6,0.002148325392750628,0.0018624478169450803,mackey_glass,LSTM,43
7,0.0012281431708922328,0.0008655330997758678,mackey_glass,LSTM,43
8,0.001137481571993593,0.0006064734105685991,mackey_glass,LSTM,43
9,0.0007401683524773089,0.0004590404070248561,mackey_glass,LSTM,43
10,0.0005134395244319669,0.0005113503970538399,mackey_glass,LSTM,43
11,0.0006003443298995438,0.00038993784047696475,mackey_glass,LSTM,43
12,0.0004680452098413794,0.00030313419951458594,mackey_glass,LSTM,43
13,0.0003635352358370173,0.0006138340707236369,mackey_glass,LSTM,43
14,0.000348697803873978,0.0007963007498931672,mackey_glass,LSTM,43
15,0.0003876944445602765,0.0005077061463712848,mackey_glass,LSTM,43
16,0.0003198127865978291,0.0003701659380957218,mackey_glass,LSTM,43
17,0.0003425435678571265,0.00040712387999519706,mackey_glass,LSTM,43
18,0.00031355109990038204,0.00019398195841599124,mackey_glass,LSTM,43
19,0.00023659077785189518,0.0003165897048477616,mackey_glass,LSTM,43
20,0.0003110600724043748,0.00026594018501262847,mackey_glass,LSTM,43
21,0.0002555095218695263,0.00041324113096509663,mackey_glass,LSTM,43
22,0.00032132627794370904,0.0003343996119968194,mackey_glass,LSTM,43
23,0.00024939526790121545,0.0001496104237698351,mackey_glass,LSTM,43
24,0.00021854155640925677,0.00015078495770077488,mackey_glass,LSTM,43
25,0.00025987063792964557,0.00018682874672647034,mackey_glass,LSTM,43
26,0.00023773774547876337,0.0002001915371303247,mackey_glass,LSTM,43
27,0.0002059670161653423,0.0002784572695548247,mackey_glass,LSTM,43
28,0.0001891085449835483,0.000174165719467315,mackey_glass,LSTM,43
29,0.00024203385096784174,0.00016247147557026307,mackey_glass,LSTM,43
30,0.0001979340459828646,0.00015396746987659884,mackey_glass,LSTM,43
31,0.0002041790582800538,0.0001825304570957087,mackey_glass,LSTM,43
1,0.41099841034773626,0.08068092832607883,mackey_glass,LSTM,44
2,0.03778667601220535,0.018412945991648094,mackey_glass,LSTM,44
3,0.01091810147221567,0.010716852798525776,mackey_glass,LSTM,44
4,0.005629019753541797,0.0035007928049058785,mackey_glass,LSTM,44
5,0.0025844661815261297,0.001970397657714784,mackey_glass,LSTM,44
6,0.0015174318889903864,0.0013913042161480657,mackey_glass,LSTM,44
7,0.0012116197577790554,0.0010454820543860219,mackey_glass,LSTM,44
8,0.0008263646013801917,0.0005555141823216607,mackey_glass,LSTM,44
9,0.0006358956814052142,0.0010124873328355274,mackey_glass,LSTM,44
10,0.0006178842053156008,0.00033558519602853006,mackey_glass,LSTM,44
11,0.00039260678220836616,0.0005555304835849841,mackey_glass,LSTM,44
12,0.0005975813312971061,0.00034995738782786896,mackey_glass,LSTM,44
13,0.00040281456158757493,0.00022455674375773275,mackey_glass,LSTM,44
14,0.00032791186139079264,0.00030103913221475,mackey_glass,LSTM,44
15,0.0002713551786490081,0.0003885392444707187,mackey_glass,LSTM,44
16,0.00030567818634374294,0.00028846828042463,mackey_glass,LSTM,44
17,0.0002502742200070343,0.0005318175348553009,mackey_glass,LSTM,44
18,0.00024066590170453614,0.0005782287646850039,mackey_glass,LSTM,44
19,0.00040089719815031543,0.0004906451379481171,mackey_glass,LSTM,44
20,0.00022522535381898652,0.00014449953336484863,mackey_glass,LSTM,44
21,0.0001621172700789898,0.0001454086138567488,mackey_glass,LSTM,44
22,0.0001366080413748877,9.297494502139411e-05,mackey_glass,LSTM,44
23,0.00015436076567063785,0.0001615474185590366,mackey_glass,LSTM,44
24,0.00013481957692861079,0.00013848909137388027,mackey_glass,LSTM,44
25,0.00011769050698520996,0.00012012582582039093,mackey_glass,LSTM,44
26,0.0002155472082615068,0.0004887647540142227,mackey_glass,LSTM,44
27,0.0002513507283627846,8.287528180517256e-05,mackey_glass,LSTM,44
28,0.00010331803660488787,0.00023641473464002566,mackey_glass,LSTM,44
29,0.0001650479829219297,0.00015060778709344698,mackey_glass,LSTM,44
30,0.00012450541737163087,0.00013613490383639664,mackey_glass,LSTM,44
31,0.0001458681702140232,0.000133879242639523,mackey_glass,LSTM,44
32,0.00012514874111785144,0.00015527971949528104,mackey_glass,LSTM,44
33,0.00014547443678373273,8.165439170885033e-05,mackey_glass,LSTM,44
34,7.079574408470018e-05,7.813229344070091e-05,mackey_glass,LSTM,44
35,7.889673107649398e-05,0.00010925425782001444,mackey_glass,LSTM,44
36,9.073834382544385e-05,0.00018073721730615944,mackey_glass,LSTM,44
37,0.00010123526843733887,6.004818325371681e-05,mackey_glass,LSTM,44
38,0.0001014613451182165,8.584463726687577e-05,mackey_glass,LSTM,44
39,0.00016614552171659219,0.0001444202332225229,mackey_glass,LSTM,44
40,9.336973077248938e-05,0.00010260820272378623,mackey_glass,LSTM,44
41,8.575915760020231e-05,0.00015632073804486675,mackey_glass,LSTM,44
42,8.498993049050279e-05,0.00010795853501934159,mackey_glass,LSTM,44
43,8.168093843392633e-05,7.94162866181328e-05,mackey_glass,LSTM,44
44,0.00010668422410989561,0.00012912733187217133,mackey_glass,LSTM,44
45,0.00012937619508055363,8.419888165787728e-05,mackey_glass,LSTM,44
1,0.42114228879412013,0.07810759624200207,mackey_glass,LSTM,45
2,0.033891494357676216,0.017444434509213482,mackey_glass,LSTM,45
3,0.012616149199223428,0.009200612182861992,mackey_glass,LSTM,45
4,0.007701397047970782,0.008295219458107437,mackey_glass,LSTM,45
5,0.005475223124394137,0.0043811871271048275,mackey_glass,LSTM,45
6,0.003951634315660957,0.0033899194427898954,mackey_glass,LSTM,45
7,0.002500023303031357,0.0018918200262955257,mackey_glass,LSTM,45
8,0.0015100316668394953,0.0009114873329443591,mackey_glass,LSTM,45
9,0.0008314614581953114,0.0005665866400314761,mackey_glass,LSTM,45
10,0.0007486778631573543,0.00043430148174853196,mackey_glass,LSTM,45
11,0.0005624366052815634,0.00046538473439535925,mackey_glass,LSTM,45
12,0.0004512355098444404,0.00034715723138236044,mackey_glass,LSTM,45
13,0.0004109084144478071,0.00038631460275999937,mackey_glass,LSTM,45
14,0.0003607255643918038,0.0003171851983227368,mackey_glass,LSTM,45
15,0.0005667502074643518,0.0002933183859568089,mackey_glass,LSTM,45
16,0.00035880185433515265,0.001080573519824871,mackey_glass,LSTM,45
17,0.000319450565174603,0.0002332037059074667,mackey_glass,LSTM,45
18,0.00024041625036977965,0.00020013828491625776,mackey_glass,LSTM,45
19,0.00024062222357976927,0.0002118391774794353,mackey_glass,LSTM,45
20,0.0002685959923176349,0.00025855023912819367,mackey_glass,LSTM,45
21,0.0002227090913176212,0.00017385113668361946,mackey_glass,LSTM,45
22,0.0002504714680209431,0.0002798836711528046,mackey_glass,LSTM,45
23,0.00028119304735093573,0.0002557659494673966,mackey_glass,LSTM,45
24,0.00021121847197663914,0.00017737640726928866,mackey_glass,LSTM,45
25,0.00019679274147633942,0.00014594604207169532,mackey_glass,LSTM,45
26,0.00031107449224994826,0.0002038876773440279,mackey_glass,LSTM,45
27,0.0002689735576330515,0.00014399905714006827,mackey_glass,LSTM,45
28,0.00013326099889871495,0.0002523009544737371,mackey_glass,LSTM,45
29,0.00020292888571434148,0.00017366140049749186,mackey_glass,LSTM,45
30,0.0001512083887946298,0.0001470117547017123,mackey_glass,LSTM,45
31,0.00020417045820839562,0.00012267491183592938,mackey_glass,LSTM,45
32,0.0001609420753745574,0.00013246917348754193,mackey_glass,LSTM,45
33,0.00014056840893427955,0.0001498106487685748,mackey_glass,LSTM,45
34,0.00014870889230444322,0.00023082012921804562,mackey_glass,LSTM,45
35,0.00016759570390797418,9.629574794546767e-05,mackey_glass,LSTM,45
36,0.00013164278667924614,0.0001275882386835292,mackey_glass,LSTM,45
37,0.00011582376398357816,0.00016552084343857132,mackey_glass,LSTM,45
38,0.0001679713068094288,0.0005228025838732719,mackey_glass,LSTM,45
39,0.00012240831490613124,0.00021787051706009412,mackey_glass,LSTM,45
40,0.00011816736580592327,0.00010840280499126363,mackey_glass,LSTM,45
41,0.00012806651383553717,0.00016532748174670684,mackey_glass,LSTM,45
42,0.00018317985042372266,0.00021814067336630875,mackey_glass,LSTM,45
43,0.00012942158818160269,8.384275653432789e-05,mackey_glass,LSTM,45
44,0.00010128525856557782,8.532912319684069e-05,mackey_glass,LSTM,45
45,0.0001137805693085256,0.000128352201240237,mackey_glass,LSTM,45
46,0.00013941357324118584,0.00020388892465104748,mackey_glass,LSTM,45
47,0.00023904616417977113,0.00013203294604733986,mackey_glass,LSTM,45
48,8.864668140604132e-05,0.00011945226963559565,mackey_glass,LSTM,45
49,0.00012252327062676406,0.00016002470199185024,mackey_glass,LSTM,45
50,0.0001236827090796203,0.00019147176083476682,mackey_glass,LSTM,45
1,0.46480554895419063,0.07715062530977386,mackey_glass,LSTM,46
2,0.040621653481414825,0.01927958322422845,mackey_glass,LSTM,46
3,0.014644263199332989,0.009554979890318853,mackey_glass,LSTM,46
4,0.007655982372604988,0.005649161159193942,mackey_glass,LSTM,46
5,0.004965200921464147,0.0037284213051732096,mackey_glass,LSTM,46
6,0.0032801684380198517,0.004368772996323449,mackey_glass,LSTM,46
7,0.0020529549757625455,0.001490347519783037,mackey_glass,LSTM,46
8,0.0013077986077405512,0.0012520551930979959,mackey_glass,LSTM,46
9,0.0012112761897063165,0.0010668133202541088,mackey_glass,LSTM,46
10,0.0011163723944319468,0.0024570582401273505,mackey_glass,LSTM,46
11,0.001121414495476832,0.0008082032769120165,mackey_glass,LSTM,46
12,0.000879718190955111,0.0007848327971130077,mackey_glass,LSTM,46
13,0.0007800834930755875,0.0008875658469540733,mackey_glass,LSTM,46
14,0.0006314017818746806,0.0006712690561211535,mackey_glass,LSTM,46
15,0.0006387225893735322,0.0006071443557240335,mackey_glass,LSTM,46
16,0.000640550526882042,0.0004943860673977594,mackey_glass,LSTM,46
17,0.0005539054536987378,0.000417900866263413,mackey_glass,LSTM,46
18,0.0004737631476900512,0.00032389995612902567,mackey_glass,LSTM,46
19,0.0005317875872027467,0.0017946925280349596,mackey_glass,LSTM,46
20,0.0005504158396048076,0.0003683430446212047,mackey_glass,LSTM,46
21,0.0005110978538251595,0.001641387410927564,mackey_glass,LSTM,46
22,0.0005081243075299867,0.00040682696271687746,mackey_glass,LSTM,46
23,0.0004671254381802018,0.00031907158388224034,mackey_glass,LSTM,46
24,0.0005318179768933492,0.00028011496552997936,mackey_glass,LSTM,46
25,0.0003185253023702623,0.00026167464446708825,mackey_glass,LSTM,46
26,0.000360088700483285,0.0004981323602675859,mackey_glass,LSTM,46
27,0.00035953160091373843,0.00022189888321528478,mackey_glass,LSTM,46
28,0.00032358655131026876,0.00026418630035810305,mackey_glass,LSTM,46
29,0.00032292385312206477,0.0002600622974568978,mackey_glass,LSTM,46
30,0.00033376805698604915,0.0003416827676119283,mackey_glass,LSTM,46
31,0.0003070670234482157,0.0006793812083612595,mackey_glass,LSTM,46
32,0.0005477290354919563,0.000387023323647944,mackey_glass,LSTM,46
33,0.00030484159398121955,0.00028451960887261,mackey_glass,LSTM,46
34,0.0002310005096880945,0.00022281259017680504,mackey_glass,LSTM,46
35,0.00023722102130043575,0.00019876165814431651,mackey_glass,LSTM,46
36,0.00029567019351595786,0.0004114647662000997,mackey_glass,LSTM,46
37,0.00023388745742550148,0.0001849239644278506,mackey_glass,LSTM,46
38,0.00026349449300059035,0.00027944976942048276,mackey_glass,LSTM,46
39,0.000376010024355668,0.0003253088590489434,mackey_glass,LSTM,46
40,0.0002839908071716006,0.0008809114640046443,mackey_glass,LSTM,46
41,0.00029677103443783847,0.00023793348061319972,mackey_glass,LSTM,46
42,0.00024065578239087975,0.00021414900142450018,mackey_glass,LSTM,46
43,0.00021473309794656058,0.00029660106520168483,mackey_glass,LSTM,46
44,0.00022090955176143765,0.00016034387226682156,mackey_glass,LSTM,46
45,0.00017881061086716892,0.00018701682087599432,mackey_glass,LSTM,46
46,0.00022238056871256876,0.000250582693427402,mackey_glass,LSTM,46
47,0.00018413440788704477,0.00027723560093103776,mackey_glass,LSTM,46
48,0.0002617152687999998,0.00031623883946200034,mackey_glass,LSTM,46
49,0.00028347653653437385,0.0001507880125635503,mackey_glass,LSTM,46
50,0.0001579130288463961,0.00022393784664538025,mackey_glass,LSTM,46
1,0.10696137966023701,0.010964882194197603,mackey_glass,TransformerEncoder,42
2,0.007555986578209382,0.0017280066718480416,mackey_glass,TransformerEncoder,42
3,0.003964934568626411,0.0024248291572023717,mackey_glass,TransformerEncoder,42
4,0.0028559859334067864,0.00033139572561984617,mackey_glass,TransformerEncoder,42
5,0.0020270546594860425,0.0002903641964491856,mackey_glass,TransformerEncoder,42
6,0.0018136587018626883,0.0002964726497469071,mackey_glass,TransformerEncoder,42
7,0.001453811625569043,0.0008285392125669334,mackey_glass,TransformerEncoder,42
8,0.0017403147031665976,0.0006911893932348383,mackey_glass,TransformerEncoder,42
9,0.0011970442208235688,0.0005760771049868449,mackey_glass,TransformerEncoder,42
10,0.0010939151583112437,0.00022377058381347785,mackey_glass,TransformerEncoder,42
11,0.001180130656752171,0.0003110188016372766,mackey_glass,TransformerEncoder,42
12,0.0012850012289797605,0.0013851283916405269,mackey_glass,TransformerEncoder,42
13,0.0009584827621989516,0.0005299047708311784,mackey_glass,TransformerEncoder,42
14,0.000999805787366561,0.0002508049676959802,mackey_glass,TransformerEncoder,42
15,0.0008709197184847047,0.00011566780241472381,mackey_glass,TransformerEncoder,42
16,0.0008574324231383137,0.001084699877537787,mackey_glass,TransformerEncoder,42
17,0.0007227935875011044,0.0002817761539647888,mackey_glass,TransformerEncoder,42
18,0.0007809192505770956,0.0005406117395198505,mackey_glass,TransformerEncoder,42
19,0.0009010638100197398,0.0006074408031833757,mackey_glass,TransformerEncoder,42
20,0.0007339427132992017,0.00014827255342554833,mackey_glass,TransformerEncoder,42
21,0.0006537282774154322,0.00023024510820895166,mackey_glass,TransformerEncoder,42
22,0.0007101420646491038,0.0004385730530235118,mackey_glass,TransformerEncoder,42
23,0.0007113847982096063,0.0010081661561603791,mackey_glass,TransformerEncoder,42
1,0.08630372080105272,0.009443429963929313,mackey_glass,TransformerEncoder,43
2,0.008088297408187029,0.002254910609086177,mackey_glass,TransformerEncoder,43
3,0.0035392854144006515,0.0012627907854039222,mackey_glass,TransformerEncoder,43
4,0.0029174684058296298,0.0019777315818438573,mackey_glass,TransformerEncoder,43
5,0.0022525361185244315,0.00033928287406784615,mackey_glass,TransformerEncoder,43
6,0.0015933949263963962,0.0011488488733968033,mackey_glass,TransformerEncoder,43
7,0.0013719258642981224,0.0011560370580160192,mackey_glass,TransformerEncoder,43
8,0.0013046385984952476,0.0007666170027472877,mackey_glass,TransformerEncoder,43
9,0.0012781027021860195,0.000383440382263091,mackey_glass,TransformerEncoder,43
10,0.0011179554240890975,0.00027584301590520354,mackey_glass,TransformerEncoder,43
11,0.001033148027173328,0.00017709842359181494,mackey_glass,TransformerEncoder,43
12,0.0008592879801819271,0.00013142830097681975,mackey_glass,TransformerEncoder,43
13,0.0010769356784735326,0.0002509053790293235,mackey_glass,TransformerEncoder,43
14,0.000878848142526818,0.0007295219152833202,mackey_glass,TransformerEncoder,43
15,0.0008148670154200358,0.0003157512785816964,mackey_glass,TransformerEncoder,43
16,0.0008252876412536187,0.00020870017656956667,mackey_glass,TransformerEncoder,43
17,0.0006531868010907518,0.00028241002084022123,mackey_glass,TransformerEncoder,43
18,0.0007444329852605182,0.0005597660076870982,mackey_glass,TransformerEncoder,43
19,0.000671502542293941,0.0008789802834923778,mackey_glass,TransformerEncoder,43
20,0.0006446549633630749,6.098232786046408e-05,mackey_glass,TransformerEncoder,43
21,0.0005535362358910568,0.00010362418366379902,mackey_glass,TransformerEncoder,43
22,0.0005651022670049729,0.0004545789187042309,mackey_glass,TransformerEncoder,43
23,0.0005975680643600891,0.00024783053231658414,mackey_glass,TransformerEncoder,43
24,0.0005188959392288587,0.00012060370603908918,mackey_glass,TransformerEncoder,43
25,0.0005678312630731274,0.0005398667833235647,mackey_glass,TransformerEncoder,43
26,0.000541979181104001,0.00034503227133037787,mackey_glass,TransformerEncoder,43
27,0.0007227170686801952,0.0003200682996456245,mackey_glass,TransformerEncoder,43
28,0.0005759236748527849,6.065709489381074e-05,mackey_glass,TransformerEncoder,43
29,0.000564059194540746,0.0003676834936153942,mackey_glass,TransformerEncoder,43
30,0.0005655931233901135,0.00025858861772576347,mackey_glass,TransformerEncoder,43
31,0.0006294954470252957,0.00012888354935317433,mackey_glass,TransformerEncoder,43
32,0.0004255793372232636,8.019896059912364e-05,mackey_glass,TransformerEncoder,43
33,0.00035052598722166186,0.00017680339598362998,mackey_glass,TransformerEncoder,43
34,0.0003863853527229477,0.00010257625503332488,mackey_glass,TransformerEncoder,43
35,0.0005010206465764592,0.00020385711156580198,mackey_glass,TransformerEncoder,43
36,0.0004298210322193689,6.0877821202406525e-05,mackey_glass,TransformerEncoder,43
1,0.036647085029857626,0.003292505562837635,mackey_glass,TransformerEncoder,44
2,0.005958095372823829,0.0018639560522777693,mackey_glass,TransformerEncoder,44
3,0.0032276776072456305,0.0008629677384825689,mackey_glass,TransformerEncoder,44
4,0.002392402797175402,0.0004503064420922393,mackey_glass,TransformerEncoder,44
5,0.0019631234163446634,0.0017559067263001843,mackey_glass,TransformerEncoder,44
6,0.0017882295933580308,0.00043122780126785595,mackey_glass,TransformerEncoder,44
7,0.0014551418822851372,0.0006734576808022601,mackey_glass,TransformerEncoder,44
8,0.0011743477371055633,0.00032071745954453945,mackey_glass,TransformerEncoder,44
9,0.0010111679060201188,0.0002536797328502871,mackey_glass,TransformerEncoder,44
10,0.0009831500003311896,9.264926692204816e-05,mackey_glass,TransformerEncoder,44
11,0.0007998933063142679,0.00031443796407464627,mackey_glass,TransformerEncoder,44
12,0.0008956008700117694,0.00128194251322254,mackey_glass,TransformerEncoder,44
13,0.0009659864519948535,0.00014058061840062561,mackey_glass,TransformerEncoder,44
14,0.0007922273556080958,0.00025224153484616963,mackey_glass,TransformerEncoder,44
15,0.0006789932932323692,0.00047354075026565364,mackey_glass,TransformerEncoder,44
16,0.0007292486182202331,0.00019115960874062563,mackey_glass,TransformerEncoder,44
17,0.0006397721890331895,0.00026158272001859065,mackey_glass,TransformerEncoder,44
18,0.0007179810446828152,0.0003014019561565614,mackey_glass,TransformerEncoder,44
1,0.13732995940936785,0.006430705926114959,mackey_glass,TransformerEncoder,45
2,0.007501343265175819,0.002871980849054775,mackey_glass,TransformerEncoder,45
3,0.00469888804593321,0.0031318505061790347,mackey_glass,TransformerEncoder,45
4,0.0032786663399416616,0.0012613461253100208,mackey_glass,TransformerEncoder,45
5,0.0025503672518287644,0.0005836633042365845,mackey_glass,TransformerEncoder,45
6,0.001988712378961006,0.003133367480976241,mackey_glass,TransformerEncoder,45
7,0.0017634013713563256,0.0001795813519233239,mackey_glass,TransformerEncoder,45
8,0.0015858446078544314,0.0003266595012973994,mackey_glass,TransformerEncoder,45
9,0.0014095607312452612,0.0005005903034803591,mackey_glass,TransformerEncoder,45
10,0.001384869006208398,0.0002824753651761317,mackey_glass,TransformerEncoder,45
11,0.0012715009621443282,0.0002318145551336264,mackey_glass,TransformerEncoder,45
12,0.0012351606459229845,0.0005133736953471921,mackey_glass,TransformerEncoder,45
13,0.0009933124132327396,0.00027951466264702115,mackey_glass,TransformerEncoder,45
14,0.0009372437445122297,0.0004955516778863966,mackey_glass,TransformerEncoder,45
15,0.0010022157256378596,0.0006530479710948255,mackey_glass,TransformerEncoder,45
1,0.0681827457791025,0.003950333405685212,mackey_glass,TransformerEncoder,46
2,0.007457967960473263,0.002500740096106061,mackey_glass,TransformerEncoder,46
3,0.005099014767135183,0.0012831395350596203,mackey_glass,TransformerEncoder,46
4,0.0036832321308214555,0.0006003841928239646,mackey_glass,TransformerEncoder,46
5,0.0024334263553927567,0.00039945230985592516,mackey_glass,TransformerEncoder,46
6,0.0018484927660954947,0.0006861311911572037,mackey_glass,TransformerEncoder,46
7,0.0018680549851110713,0.00045627751595540237,mackey_glass,TransformerEncoder,46
8,0.0013302250969872782,0.0004074634302274457,mackey_glass,TransformerEncoder,46
9,0.001449602126905864,0.0006917196109757892,mackey_glass,TransformerEncoder,46
10,0.0012816195967113317,0.0006780558781299208,mackey_glass,TransformerEncoder,46
11,0.0011242113718198557,0.00011182121566629835,mackey_glass,TransformerEncoder,46
12,0.0009663831063362798,0.0001615072220114858,mackey_glass,TransformerEncoder,46
13,0.0009940356557666691,0.0008974663235546489,mackey_glass,TransformerEncoder,46
14,0.0009489010937448421,0.0003243911082141234,mackey_glass,TransformerEncoder,46
15,0.0010159763244728586,0.00014709646711708046,mackey_glass,TransformerEncoder,46
16,0.0010565554539701252,0.0003470212603653116,mackey_glass,TransformerEncoder,46
17,0.0007575612103347808,0.0002449678348576916,mackey_glass,TransformerEncoder,46
18,0.0007198394322944241,0.00023731884097547403,mackey_glass,TransformerEncoder,46
19,0.0009571446002651514,0.00043915430017347844,mackey_glass,TransformerEncoder,46
1,0.11547985472575281,0.026981783398826207,mackey_glass,CeNN,42
2,0.012288588586009362,0.0051617168189425555,mackey_glass,CeNN,42
3,0.002980200462678278,0.0017159082303156278,mackey_glass,CeNN,42
4,0.0016280541665654516,0.0013896180690997945,mackey_glass,CeNN,42
5,0.0008674364199219835,0.0005944741237077064,mackey_glass,CeNN,42
6,0.0006434875536025643,0.000383953470320973,mackey_glass,CeNN,42
7,0.00041855512884494874,0.0005499588379669669,mackey_glass,CeNN,42
8,0.0004340763960940284,0.00024396455098342682,mackey_glass,CeNN,42
9,0.00030409541156559226,0.0003846129381729822,mackey_glass,CeNN,42
10,0.000224525753186423,0.0001498702383417237,mackey_glass,CeNN,42
11,0.00018171717205074276,0.0001343053575380639,mackey_glass,CeNN,42
12,0.00017390177119082318,0.00011058729121162157,mackey_glass,CeNN,42
13,0.00018949568854595506,0.00010415494918041597,mackey_glass,CeNN,42
14,0.00016345324106761396,0.00010425201149441168,mackey_glass,CeNN,42
15,0.00014312780695036054,0.00014426170257918005,mackey_glass,CeNN,42
16,0.00013803069790204367,0.00010257717336311803,mackey_glass,CeNN,42
17,0.00014440724507122385,0.00013589088952617852,mackey_glass,CeNN,42
18,0.00010715902598431884,0.00017121921389064352,mackey_glass,CeNN,42
19,0.00012745482920515562,0.00010330264766318058,mackey_glass,CeNN,42
20,0.00013983509063219765,0.00013378974576231224,mackey_glass,CeNN,42
21,0.0001400915202931642,0.0002862155410444497,mackey_glass,CeNN,42
22,0.0001933036166354379,9.706151831778698e-05,mackey_glass,CeNN,42
23,9.657710225755264e-05,6.341340304061305e-05,mackey_glass,CeNN,42
24,0.00010992772766974557,8.931915726861916e-05,mackey_glass,CeNN,42
25,0.00011030938995562875,0.00010265335575760608,mackey_glass,CeNN,42
26,0.0001251761587451311,0.0001555888276405832,mackey_glass,CeNN,42
27,0.00014267332892014758,0.00010428129982236507,mackey_glass,CeNN,42
28,0.00012526103031026045,0.00013689918601552824,mackey_glass,CeNN,42
29,0.00013732488977521743,0.0001449836272513494,mackey_glass,CeNN,42
30,0.00016452833424960826,7.302689482457936e-05,mackey_glass,CeNN,42
31,7.542046020689392e-05,0.00013315311142443015,mackey_glass,CeNN,42
1,0.14604663606168647,0.03190716988007937,mackey_glass,CeNN,43
2,0.013476427288189756,0.00428723547208522,mackey_glass,CeNN,43
3,0.0030332053605833967,0.001452991331461817,mackey_glass,CeNN,43
4,0.0012557912277495207,0.0011427790699859283,mackey_glass,CeNN,43
5,0.0007521421652971626,0.00047056928243754167,mackey_glass,CeNN,43
6,0.0004537275800072221,0.0003518100326930705,mackey_glass,CeNN,43
7,0.0003568360363274361,0.000278667058280137,mackey_glass,CeNN,43
8,0.0003041168796092582,0.00023264756496895904,mackey_glass,CeNN,43
9,0.0002620785601197206,0.00023549630818057006,mackey_glass,CeNN,43
10,0.000220526357721114,0.00021725954814298478,mackey_glass,CeNN,43
11,0.0001918077527300215,0.0001471365940233227,mackey_glass,CeNN,43
12,0.00021852618451565363,0.00013320200118219612,mackey_glass,CeNN,43
13,0.00013622126646100008,0.00013359119267469005,mackey_glass,CeNN,43
14,0.0001383355018774499,0.0002087287076782169,mackey_glass,CeNN,43
15,0.00012525476554539196,0.00024188619967649823,mackey_glass,CeNN,43
16,0.0001352104162365184,0.0003195520839653909,mackey_glass,CeNN,43
17,0.0001530602646446575,0.00013195767730524364,mackey_glass,CeNN,43
18,9.944244740119868e-05,7.769991420250985e-05,mackey_glass,CeNN,43
19,9.412800610527594e-05,8.48317306788106e-05,mackey_glass,CeNN,43
20,0.00013005095912155934,0.00011104081360307256,mackey_glass,CeNN,43
21,8.745841649105193e-05,0.0001267769761657941,mackey_glass,CeNN,43
22,0.00011031537349371126,5.370763210521545e-05,mackey_glass,CeNN,43
23,8.534730505110046e-05,9.186453488447504e-05,mackey_glass,CeNN,43
24,0.00010108511896484715,0.00014086564572478113,mackey_glass,CeNN,43
25,0.00012847148889594598,9.46457548707258e-05,mackey_glass,CeNN,43
26,0.00010893196381265156,0.0001565344630632483,mackey_glass,CeNN,43
27,9.738523807424248e-05,7.322774685495201e-05,mackey_glass,CeNN,43
28,0.00011061199675719818,0.00015734940305784612,mackey_glass,CeNN,43
29,0.00012612707304828237,6.655333423363377e-05,mackey_glass,CeNN,43
30,9.620037285044832e-05,8.85509993427799e-05,mackey_glass,CeNN,43
1,0.08074898601537853,0.014244404754468374,mackey_glass,CeNN,44
2,0.0068925796006100645,0.003606029727961868,mackey_glass,CeNN,44
3,0.002068962859497829,0.0014276893385353365,mackey_glass,CeNN,44
4,0.0010009676819512,0.0005962835233991168,mackey_glass,CeNN,44
5,0.0006352349075975574,0.0004413071001181379,mackey_glass,CeNN,44
6,0.00045524036205747643,0.0002549935826599332,mackey_glass,CeNN,44
7,0.00040170721022701457,0.0004536027564816842,mackey_glass,CeNN,44
8,0.0003159057009862877,0.00023057049526999305,mackey_glass,CeNN,44
9,0.0002685625427561304,0.0002655386269907467,mackey_glass,CeNN,44
10,0.00024699004919084746,0.0001923209077046652,mackey_glass,CeNN,44
11,0.00018397416263751714,0.0002866098558505265,mackey_glass,CeNN,44
12,0.00019632848147232312,0.00022139591185675402,mackey_glass,CeNN,44
13,0.00022827912140531805,0.00016124702545182248,mackey_glass,CeNN,44
14,0.00018554017702682,0.00017679948567612364,mackey_glass,CeNN,44
15,0.0002033797855167932,0.0002438279864561212,mackey_glass,CeNN,44
16,0.00021283999850504298,0.0003910506805238713,mackey_glass,CeNN,44
17,0.0002132096582720282,0.0001956164258964626,mackey_glass,CeNN,44
18,0.00022940062968480174,0.0002142425775153762,mackey_glass,CeNN,44
19,0.0002348286983430047,0.0006856761818718431,mackey_glass,CeNN,44
20,0.00019895300140364492,9.595875339333102e-05,mackey_glass,CeNN,44
21,0.00010854867275955974,8.495828192930535e-05,mackey_glass,CeNN,44
22,0.00010814270524750816,0.00015181839054483653,mackey_glass,CeNN,44
23,0.0001394225736007546,0.0001441303034620692,mackey_glass,CeNN,44
24,0.00010132453804324155,0.00018657276944265635,mackey_glass,CeNN,44
25,0.00012154698671303888,9.58148593781516e-05,mackey_glass,CeNN,44
26,0.00013085453329867133,0.00027996772301516363,mackey_glass,CeNN,44
27,0.00022067749325122514,0.00011096759564160103,mackey_glass,CeNN,44
28,0.00015982770717969151,0.00029071537677996924,mackey_glass,CeNN,44
29,0.00015339320496864138,8.505339636550551e-05,mackey_glass,CeNN,44
1,0.14326399372834148,0.02640921249985695,mackey_glass,CeNN,45
2,0.010860631141853943,0.0028649334479788585,mackey_glass,CeNN,45
3,0.001963673320874064,0.0010998243856842496,mackey_glass,CeNN,45
4,0.0009990117740182375,0.0007162114904661264,mackey_glass,CeNN,45
5,0.0007030986545776779,0.00039589792556528537,mackey_glass,CeNN,45
6,0.0004815105370873811,0.0002984270416033853,mackey_glass,CeNN,45
7,0.00037933674607440037,0.0002557807778690143,mackey_glass,CeNN,45
8,0.00037608147007025156,0.00023183497874664942,mackey_glass,CeNN,45
9,0.00024225749979395363,0.0001841580680255512,mackey_glass,CeNN,45
10,0.00022939366736505744,0.00028723787025748085,mackey_glass,CeNN,45
11,0.00019517347490446727,0.00016187255044185025,mackey_glass,CeNN,45
12,0.0001730909966819595,0.0001935682095271269,mackey_glass,CeNN,45
13,0.00017732675526834404,0.00019237689204081626,mackey_glass,CeNN,45
14,0.0001671338735225921,0.0001319571014651696,mackey_glass,CeNN,45
15,0.00015329620333487225,0.00018997550068888813,mackey_glass,CeNN,45
16,0.0001839606733428258,0.0001046776503374401,mackey_glass,CeNN,45
17,0.0001301329223982369,0.00012374891282109144,mackey_glass,CeNN,45
18,0.00012482144291315115,0.0001562388996327562,mackey_glass,CeNN,45
19,0.0001333854968172752,8.68670849740738e-05,mackey_glass,CeNN,45
20,0.0002820108262919045,0.0002977846743306145,mackey_glass,CeNN,45
21,0.00021115330353936633,0.0001551146508843106,mackey_glass,CeNN,45
22,0.0001322750500879589,0.00015965278362273239,mackey_glass,CeNN,45
23,0.00019378474969540326,0.0002745959469133855,mackey_glass,CeNN,45
24,0.00017036476867471003,0.0001231232298388412,mackey_glass,CeNN,45
25,0.00013499066638663257,0.00014125039472544034,mackey_glass,CeNN,45
26,0.00010313411952335049,6.471054335374251e-05,mackey_glass,CeNN,45
27,0.0001189801212493683,0.00012044223279060264,mackey_glass,CeNN,45
28,0.0001917701585184797,0.00018964138975466734,mackey_glass,CeNN,45
29,0.00012866205895878727,0.0002225488008532141,mackey_glass,CeNN,45
30,0.00014582566291210242,9.557072787304475e-05,mackey_glass,CeNN,45
31,0.00018785500061781158,0.0008065711632038333,mackey_glass,CeNN,45
32,0.0005200712804446194,0.00022305337604068751,mackey_glass,CeNN,45
33,0.0002577775142554222,0.00011203206096459846,mackey_glass,CeNN,45
34,0.00011055202197563962,8.700797064063539e-05,mackey_glass,CeNN,45
1,0.13696555340323935,0.01627168930800898,mackey_glass,CeNN,46
2,0.008989934410871656,0.0035522275637569173,mackey_glass,CeNN,46
3,0.002458919967686983,0.0016859642304812691,mackey_glass,CeNN,46
4,0.0011740279168765428,0.0006744081495396261,mackey_glass,CeNN,46
5,0.000663559472410601,0.0005253809358691797,mackey_glass,CeNN,46
6,0.0004377165277026396,0.0003886439423825193,mackey_glass,CeNN,46
7,0.0003651249236568357,0.00038883844951799674,mackey_glass,CeNN,46
8,0.00027208927062791633,0.00020186350177807202,mackey_glass,CeNN,46
9,0.0002273513935947311,0.00019542697243325944,mackey_glass,CeNN,46
10,0.00020838715378583098,0.00016918508845265023,mackey_glass,CeNN,46
11,0.00021044282733452167,0.00028362786023145806,mackey_glass,CeNN,46
12,0.00017157409147881535,0.00013727056180609258,mackey_glass,CeNN,46
13,0.00016116894744989236,0.00016080906477457444,mackey_glass,CeNN,46
14,0.00013674683346338995,9.058207433554344e-05,mackey_glass,CeNN,46
15,0.00012670263938409997,0.00010696496844632617,mackey_glass,CeNN,46
16,0.00013761117798188053,0.0003015867873078345,mackey_glass,CeNN,46
17,0.00016255884353692332,0.00023015708445330217,mackey_glass,CeNN,46
18,0.00013113109305391623,7.785528552111438e-05,mackey_glass,CeNN,46
19,0.00010628247759031541,0.00010769680687060048,mackey_glass,CeNN,46
20,0.0001128254294929899,8.272277305617795e-05,mackey_glass,CeNN,46
21,0.00012017091136261693,9.230728288197756e-05,mackey_glass,CeNN,46
22,0.00011294918779943448,0.00010470661592470216,mackey_glass,CeNN,46
23,0.00010634782665874809,0.00013041747973017794,mackey_glass,CeNN,46
24,0.00011993631900016528,0.0001623657353775343,mackey_glass,CeNN,46
25,0.00010594653185486977,0.00018779513837736367,mackey_glass,CeNN,46
26,0.00023988762680374114,0.00010584967328343607,mackey_glass,CeNN,46
1,0.11106650785289028,0.03324129871491875,jena_climate,MLP,42
2,0.02190508193929087,0.03832513626132693,jena_climate,MLP,42
3,0.01560210420354975,0.016132658646841134,jena_climate,MLP,42
4,0.014002868059006605,0.014402047930551427,jena_climate,MLP,42
5,0.01229095674881881,0.015243253936725003,jena_climate,MLP,42
6,0.011369873536750674,0.016289670818618367,jena_climate,MLP,42
7,0.010816962345305717,0.012850090063044004,jena_climate,MLP,42
8,0.011787793980064716,0.01507228912253465,jena_climate,MLP,42
9,0.010518575073078726,0.018405920825898647,jena_climate,MLP,42
10,0.010446360101923347,0.011827281310356088,jena_climate,MLP,42
11,0.009924409501818996,0.011905550524326307,jena_climate,MLP,42
12,0.01086986957428356,0.016727781189339503,jena_climate,MLP,42
13,0.01013859836949092,0.012048948988584536,jena_climate,MLP,42
14,0.009536069295735973,0.01225227174083037,jena_climate,MLP,42
15,0.009453700484961948,0.02266227127984166,jena_climate,MLP,42
16,0.010420554966637583,0.011870290917743529,jena_climate,MLP,42
17,0.00962998116896911,0.026209036420498575,jena_climate,MLP,42
18,0.009827468734742566,0.011984421971387096,jena_climate,MLP,42
1,0.13142951783921683,0.04279609915933439,jena_climate,MLP,43
2,0.019643517366300028,0.01938219049147197,jena_climate,MLP,43
3,0.014596496045476559,0.019715949094721248,jena_climate,MLP,43
4,0.012708174205864921,0.016446394912366356,jena_climate,MLP,43
5,0.012747973380045909,0.014283681787284357,jena_climate,MLP,43
6,0.011999393573425936,0.013366489205509424,jena_climate,MLP,43
7,0.01076845207364496,0.014003013061093432,jena_climate,MLP,43
8,0.010239459284948129,0.013637273406077708,jena_climate,MLP,43
9,0.01114779316368654,0.015131856248314892,jena_climate,MLP,43
10,0.01071140673152651,0.012619094490738851,jena_climate,MLP,43
11,0.011336020433880163,0.013845417415723205,jena_climate,MLP,43
12,0.010370690382621957,0.016980223956384828,jena_climate,MLP,43
13,0.009253599790320026,0.012579837680927344,jena_climate,MLP,43
14,0.009680511578070846,0.013912021448569638,jena_climate,MLP,43
15,0.011065151189651453,0.013985398558101483,jena_climate,MLP,43
16,0.010219323293616375,0.012865657219663262,jena_climate,MLP,43
17,0.009458122090577628,0.013298571974571263,jena_climate,MLP,43
18,0.009971850156558283,0.024939785179282938,jena_climate,MLP,43
19,0.010218954955538114,0.011280426190101675,jena_climate,MLP,43
20,0.010022104223907896,0.011846080721755112,jena_climate,MLP,43
21,0.009063969613194015,0.016358587624771253,jena_climate,MLP,43
22,0.009974608042587837,0.016316003831369535,jena_climate,MLP,43
23,0.009098880077627573,0.01152745574446661,jena_climate,MLP,43
24,0.00916142840023068,0.012101878545113973,jena_climate,MLP,43
25,0.008892585459927266,0.012990510490323817,jena_climate,MLP,43
26,0.009310890525353678,0.011393918788858823,jena_climate,MLP,43
27,0.008849190749143336,0.011793622846848198,jena_climate,MLP,43
1,0.11256137843046224,0.03047298187656062,jena_climate,MLP,44
2,0.024087232678677097,0.030051017246608223,jena_climate,MLP,44
3,0.014995802673652317,0.01675102992781571,jena_climate,MLP,44
4,0.013135223741163358,0.024690384045243263,jena_climate,MLP,44
5,0.011724750031576012,0.012903636487733041,jena_climate,MLP,44
6,0.012067171843778906,0.01671848213300109,jena_climate,MLP,44
7,0.011959664961040922,0.030952158849686384,jena_climate,MLP,44
8,0.01046422260785193,0.014892898433442627,jena_climate,MLP,44
9,0.010561310248731665,0.012661120954102703,jena_climate,MLP,44
10,0.010206192760079197,0.017750504360135113,jena_climate,MLP,44
11,0.010580465254006964,0.011779548833146691,jena_climate,MLP,44
12,0.009553329398234686,0.019116221328399012,jena_climate,MLP,44
13,0.009886685377833519,0.017878570993031775,jena_climate,MLP,44
14,0.00968619692844875,0.012587680813989468,jena_climate,MLP,44
15,0.009946636792102998,0.013264488229261977,jena_climate,MLP,44
16,0.009358715019047711,0.015691633070153848,jena_climate,MLP,44
17,0.009469425877217542,0.017353884476636137,jena_climate,MLP,44
18,0.009425116752302556,0.018246568672891175,jena_climate,MLP,44
19,0.009077488846907561,0.011684945086017251,jena_climate,MLP,44
20,0.009465381912322659,0.017327276590679373,jena_climate,MLP,44
21,0.009265043716313261,0.02445396315306425,jena_climate,MLP,44
22,0.00956750567296915,0.011568077174680573,jena_climate,MLP,44
23,0.009822019128919099,0.017001595680734942,jena_climate,MLP,44
24,0.009998323226516897,0.030193017130451544,jena_climate,MLP,44
25,0.009500010214238004,0.01232964315983866,jena_climate,MLP,44
26,0.008802183529813632,0.02756796564374651,jena_climate,MLP,44
27,0.009734010969457979,0.029407438289906298,jena_climate,MLP,44
28,0.008945395612637654,0.011428907347310866,jena_climate,MLP,44
29,0.008555263111537153,0.01937990342932088,jena_climate,MLP,44
30,0.009297839556397363,0.011320199251973204,jena_climate,MLP,44
31,0.009183593962172215,0.019741478642182692,jena_climate,MLP,44
32,0.009206776233799192,0.011951722637084978,jena_climate,MLP,44
33,0.00912584294565022,0.011013485557798828,jena_climate,MLP,44
34,0.00928502732351648,0.015228096196161849,jena_climate,MLP,44
35,0.009386751652610574,0.01202375950690891,jena_climate,MLP,44
36,0.009287560316310688,0.012096456784222807,jena_climate,MLP,44
37,0.009086171613131282,0.011042562878823705,jena_climate,MLP,44
38,0.008553291953197031,0.028240985902292386,jena_climate,MLP,44
39,0.009369028823901757,0.01241824050833072,jena_climate,MLP,44
40,0.008278611073778435,0.013288786701325859,jena_climate,MLP,44
41,0.008833217850858064,0.012615967342363936,jena_climate,MLP,44
1,0.14971708320081234,0.029871194357318536,jena_climate,MLP,45
2,0.024857226773306276,0.02648545249498316,jena_climate,MLP,45
3,0.017114463078817636,0.05856274600539889,jena_climate,MLP,45
4,0.013413155423195072,0.036318137110876184,jena_climate,MLP,45
5,0.012949557339941914,0.01471655918950481,jena_climate,MLP,45
6,0.011925586449885459,0.037302987184375525,jena_climate,MLP,45
7,0.01123874985866926,0.014900049560570292,jena_climate,MLP,45
8,0.010765178354852127,0.012128425762057304,jena_climate,MLP,45
9,0.01179621452606763,0.03014489183468478,jena_climate,MLP,45
10,0.009937207179256913,0.02090745692008308,jena_climate,MLP,45
11,0.010075961204358575,0.011882220461432422,jena_climate,MLP,45
12,0.010094191998977101,0.011698596711669649,jena_climate,MLP,45
13,0.009563521792491278,0.046476537228694985,jena_climate,MLP,45
14,0.011119270873622912,0.012900294669504677,jena_climate,MLP,45
15,0.01075031841173768,0.011304431362077594,jena_climate,MLP,45
16,0.010304089261670455,0.01252199855766126,jena_climate,MLP,45
17,0.00931331715687658,0.011646969742806894,jena_climate,MLP,45
18,0.010664534028337308,0.019760259360607182,jena_climate,MLP,45
19,0.009235905927859923,0.011981817694114787,jena_climate,MLP,45
20,0.009052805059279004,0.012246319857825125,jena_climate,MLP,45
21,0.009780102042537746,0.011157443281263113,jena_climate,MLP,45
22,0.009882156624261177,0.012625280002664243,jena_climate,MLP,45
23,0.009149699986940532,0.01787030617041247,jena_climate,MLP,45
24,0.00873229065274989,0.016793918596314534,jena_climate,MLP,45
25,0.009308323458147546,0.011220833452950631,jena_climate,MLP,45
26,0.008891207222459894,0.0285087310309921,jena_climate,MLP,45
27,0.009278527820821513,0.011137169885582157,jena_climate,MLP,45
28,0.009329650205362475,0.01326421182602644,jena_climate,MLP,45
29,0.008742369760787396,0.013417528243735433,jena_climate,MLP,45
30,0.008904197768336444,0.013259591268641608,jena_climate,MLP,45
31,0.009204724196796164,0.01412092535091298,jena_climate,MLP,45
32,0.009696214322254738,0.01964214357680508,jena_climate,MLP,45
33,0.00953139546045074,0.015239095914044551,jena_climate,MLP,45
34,0.009227023100141774,0.011725077239264334,jena_climate,MLP,45
35,0.00846968076869168,0.016610090421246632,jena_climate,MLP,45
1,0.11069640776876247,0.03197712338130389,jena_climate,MLP,46
2,0.021907045350720484,0.038922749060605256,jena_climate,MLP,46
3,0.01973634869368239,0.019164437827255045,jena_climate,MLP,46
4,0.013363721074931549,0.01520221381049071,jena_climate,MLP,46
5,0.012418931166669636,0.01869004825130105,jena_climate,MLP,46
6,0.011074775152585724,0.01728993740731052,jena_climate,MLP,46
7,0.011000731748274782,0.012529478275350161,jena_climate,MLP,46
8,0.010719832442136425,0.013230332772114448,jena_climate,MLP,46
9,0.0106377515476197,0.012071053796846951,jena_climate,MLP,46
10,0.009936740981753577,0.011988070793449879,jena_climate,MLP,46
11,0.010244374791386,0.013579117999012982,jena_climate,MLP,46
12,0.01089385174440615,0.012414430401154928,jena_climate,MLP,46
13,0.009947049057562694,0.02065168820055468,jena_climate,MLP,46
14,0.009708466212914296,0.011346552055329084,jena_climate,MLP,46
15,0.010166812293005712,0.032691626144307,jena_climate,MLP,46
16,0.009532315974039111,0.012148708371179444,jena_climate,MLP,46
17,0.009605051942564773,0.036116576088326316,jena_climate,MLP,46
18,0.01032330418203139,0.011681067956877607,jena_climate,MLP,46
19,0.010171723163997134,0.013372911905337657,jena_climate,MLP,46
20,0.009802937719293615,0.020172592319015945,jena_climate,MLP,46
21,0.010077703243234393,0.011518384629328336,jena_climate,MLP,46
22,0.009567313488911499,0.015349671178098236,jena_climate,MLP,46
1,0.35572229427370156,0.2311949676701001,jena_climate,LSTM,42
2,0.10919998337825139,0.1203769219240972,jena_climate,LSTM,42
3,0.04205233019522645,0.039089184919638295,jena_climate,LSTM,42
4,0.02559461664747108,0.03772280378533261,jena_climate,LSTM,42
5,0.02267743002228213,0.04977439969245877,jena_climate,LSTM,42
6,0.018514185000888327,0.02535152987443975,jena_climate,LSTM,42
7,0.016070239372890104,0.024220813930566822,jena_climate,LSTM,42
8,0.014964131934737617,0.024622485640325716,jena_climate,LSTM,42
9,0.014352259183810516,0.022309784112232073,jena_climate,LSTM,42
10,0.013033618127475635,0.01679951325058937,jena_climate,LSTM,42
11,0.012644471896981651,0.016566384184573377,jena_climate,LSTM,42
12,0.011928514648003109,0.022666460501828363,jena_climate,LSTM,42
13,0.012110972939284913,0.014160058527652706,jena_climate,LSTM,42
14,0.01099223383899891,0.01368792015793068,jena_climate,LSTM,42
15,0.011164438970753867,0.02337651327252388,jena_climate,LSTM,42
16,0.01072133975244607,0.013427542921687876,jena_climate,LSTM,42
17,0.01047766536728225,0.02061512048489281,jena_climate,LSTM,42
18,0.010547124286831328,0.012820242105850152,jena_climate,LSTM,42
19,0.010055157377130607,0.013281600682863168,jena_climate,LSTM,42
20,0.010095515189635935,0.01716276171750256,jena_climate,LSTM,42
21,0.010127037128602917,0.012837700712095414,jena_climate,LSTM,42
22,0.009879540009988528,0.012334727881742375,jena_climate,LSTM,42
23,0.009614576345704721,0.014227564912289381,jena_climate,LSTM,42
24,0.009865571067414501,0.012593898722635848,jena_climate,LSTM,42
25,0.009561256244496413,0.011730211188218423,jena_climate,LSTM,42
26,0.010061642183273128,0.015053259175536888,jena_climate,LSTM,42
27,0.009646663311727796,0.011952545061441404,jena_climate,LSTM,42
28,0.00951771614508647,0.015043052778180157,jena_climate,LSTM,42
29,0.009590787269795934,0.012300304070647274,jena_climate,LSTM,42
30,0.009571333662747886,0.014320538179682834,jena_climate,LSTM,42
31,0.009755387083824837,0.011458448367193341,jena_climate,LSTM,42
32,0.009430001038267757,0.011829203360580973,jena_climate,LSTM,42
33,0.009548719612542878,0.013696774674047316,jena_climate,LSTM,42
34,0.00931193405289598,0.012083722943706172,jena_climate,LSTM,42
35,0.009192621582328822,0.01219763613439032,jena_climate,LSTM,42
36,0.009357580163685436,0.015180920150929264,jena_climate,LSTM,42
37,0.0094341593159532,0.011818689626774617,jena_climate,LSTM,42
38,0.009423829890279607,0.014182196065251316,jena_climate,LSTM,42
39,0.009340401999934606,0.011303911218419671,jena_climate,LSTM,42
40,0.009395401353355159,0.011539813363924623,jena_climate,LSTM,42
41,0.009305780143194803,0.012316316532503282,jena_climate,LSTM,42
42,0.009371207370846108,0.019117924118680612,jena_climate,LSTM,42
43,0.00943258178956581,0.011300659538911921,jena_climate,LSTM,42
44,0.00931623215420228,0.013843420793169312,jena_climate,LSTM,42
45,0.009266450218009677,0.013836947768660528,jena_climate,LSTM,42
46,0.009222121574125733,0.011410803899967245,jena_climate,LSTM,42
47,0.009258812300465775,0.011857831950432487,jena_climate,LSTM,42
48,0.009291205668088161,0.01176113901393754,jena_climate,LSTM,42
49,0.009527302403567415,0.012992942639227425,jena_climate,LSTM,42
50,0.009414143556954734,0.01146025160726692,jena_climate,LSTM,42
1,0.3781497446876584,0.30379904620349407,jena_climate,LSTM,43
2,0.10261349046997952,0.08982191633965288,jena_climate,LSTM,43
3,0.03813939219848676,0.044903130802725046,jena_climate,LSTM,43
4,0.027513450759491236,0.04672007715063436,jena_climate,LSTM,43
5,0.023966107192929045,0.033365833306951184,jena_climate,LSTM,43
6,0.018754306856091276,0.025437308874513422,jena_climate,LSTM,43
7,0.016956883412080282,0.023221642677006975,jena_climate,LSTM,43
8,0.015591986844259682,0.021649123202743276,jena_climate,LSTM,43
9,0.014321628068997101,0.019229017331131866,jena_climate,LSTM,43
10,0.01334191325374625,0.021901915182492564,jena_climate,LSTM,43
11,0.01239028069980894,0.016034317202866077,jena_climate,LSTM,43
12,0.011962639189071277,0.01597816533675151,jena_climate,LSTM,43
13,0.011203553534649087,0.015421881739582335,jena_climate,LSTM,43
14,0.011517760054575223,0.01663651573471725,jena_climate,LSTM,43
15,0.011230101844182971,0.020279443556708947,jena_climate,LSTM,43
16,0.011097277916798537,0.014410571294969745,jena_climate,LSTM,43
17,0.010727131132487997,0.013788065108071481,jena_climate,LSTM,43
18,0.010537200769635312,0.014009665232151747,jena_climate,LSTM,43
19,0.010239206296815113,0.013026588529880558,jena_climate,LSTM,43
20,0.01064139941820141,0.013677028007805347,jena_climate,LSTM,43
21,0.009657144123180346,0.012431115211386765,jena_climate,LSTM,43
22,0.010140693675952427,0.016856825378324305,jena_climate,LSTM,43
23,0.009968526294511375,0.012576155796913164,jena_climate,LSTM,43
24,0.009817910634658554,0.012172521258305227,jena_climate,LSTM,43
25,0.010125218883551883,0.013625458315280932,jena_climate,LSTM,43
26,0.009824331751036825,0.012629770108365588,jena_climate,LSTM,43
27,0.009276478191499005,0.012254961200856737,jena_climate,LSTM,43
28,0.0093194420915097,0.011691588875172394,jena_climate,LSTM,43
29,0.009560847803103652,0.011896716231214148,jena_climate,LSTM,43
30,0.00950705106934589,0.014259622631860631,jena_climate,LSTM,43
31,0.009450940570483604,0.013648787180760078,jena_climate,LSTM,43
32,0.009407439219737143,0.012322545384189912,jena_climate,LSTM,43
33,0.009366505433607734,0.015163291578314133,jena_climate,LSTM,43
34,0.00935439431729416,0.01160437407504235,jena_climate,LSTM,43
35,0.009599554860456423,0.011751246971211262,jena_climate,LSTM,43
36,0.009310675933110442,0.01204667819131698,jena_climate,LSTM,43
37,0.00941788169527144,0.013443437704284276,jena_climate,LSTM,43
38,0.009280936051668092,0.012513540419084685,jena_climate,LSTM,43
39,0.0092192503454333,0.014426823239773512,jena_climate,LSTM,43
40,0.009585379771041598,0.013297273378287042,jena_climate,LSTM,43
41,0.009371760237792676,0.013192221322762114,jena_climate,LSTM,43
42,0.009354719899199677,0.01568784687801131,jena_climate,LSTM,43
1,0.3919834300424113,0.25271362119487356,jena_climate,LSTM,44
2,0.10882871880224257,0.15861273477120058,jena_climate,LSTM,44
3,0.04147777940626397,0.03953106461891106,jena_climate,LSTM,44
4,0.02619577289530725,0.05048896611801216,jena_climate,LSTM,44
5,0.020557999258127176,0.029949325269886425,jena_climate,LSTM,44
6,0.017567428506233475,0.03096919333828347,jena_climate,LSTM,44
7,0.015850910825203315,0.026305793917604854,jena_climate,LSTM,44
8,0.014760968261257265,0.0266245387361518,jena_climate,LSTM,44
9,0.013378173275145165,0.01951124465891293,jena_climate,LSTM,44
10,0.012960412722984047,0.0160470745260162,jena_climate,LSTM,44
11,0.012427711492460785,0.01822995507557477,jena_climate,LSTM,44
12,0.011901439760218967,0.017348293481128558,jena_climate,LSTM,44
13,0.011431051072467006,0.01689260602662606,jena_climate,LSTM,44
14,0.011039510806740233,0.015886689769104123,jena_climate,LSTM,44
15,0.010888350189127254,0.015024561301938124,jena_climate,LSTM,44
16,0.01091197061803982,0.01612764723332865,jena_climate,LSTM,44
17,0.010741456503500089,0.01522196875885129,jena_climate,LSTM,44
18,0.010244937387831284,0.01612086860196931,jena_climate,LSTM,44
19,0.010180006361086711,0.013484452651547534,jena_climate,LSTM,44
20,0.010080850930094268,0.015625532317374433,jena_climate,LSTM,44
21,0.010034312776318102,0.01773426668452365,jena_climate,LSTM,44
22,0.00986081917741985,0.011582447947668177,jena_climate,LSTM,44
23,0.009993828127555775,0.011688182463071175,jena_climate,LSTM,44
24,0.009794135888417562,0.017184501912977015,jena_climate,LSTM,44
25,0.009500029292239837,0.012432100384363107,jena_climate,LSTM,44
26,0.00954646277453073,0.017260270193219185,jena_climate,LSTM,44
27,0.00962250856470994,0.014648355876228638,jena_climate,LSTM,44
28,0.009434133972690412,0.013079203864825624,jena_climate,LSTM,44
29,0.009197309620283318,0.012085962109267712,jena_climate,LSTM,44
30,0.009451547955078158,0.01497399022004434,jena_climate,LSTM,44
1,0.37735336939945363,0.26626938049282345,jena_climate,LSTM,45
2,0.10253288912953752,0.11723319627344608,jena_climate,LSTM,45
3,0.03773144341892365,0.05591124642108168,jena_climate,LSTM,45
4,0.025968537623570723,0.03418735893709319,jena_climate,LSTM,45
5,0.021072731565006754,0.03381979265915496,jena_climate,LSTM,45
6,0.018226088278672913,0.024978639957095896,jena_climate,LSTM,45
7,0.01647927391229931,0.023521591110953262,jena_climate,LSTM,45
8,0.015106862693121939,0.02448789356276393,jena_climate,LSTM,45
9,0.013700327433815057,0.027238919865339994,jena_climate,LSTM,45
10,0.012890531921364141,0.020788611445043768,jena_climate,LSTM,45
11,0.012168228612140272,0.021439118177763054,jena_climate,LSTM,45
12,0.011538217514471122,0.01729059818067721,jena_climate,LSTM,45
13,0.011614370625466108,0.01673614453258259,jena_climate,LSTM,45
14,0.010996405585584316,0.020892947180462734,jena_climate,LSTM,45
15,0.010994329018461885,0.014180964823546154,jena_climate,LSTM,45
16,0.010705513992544376,0.01854537320988519,jena_climate,LSTM,45
17,0.010227010239649451,0.020648080988654068,jena_climate,LSTM,45
18,0.01071983520082678,0.016323684116027186,jena_climate,LSTM,45
19,0.010432844254837342,0.013876467610576324,jena_climate,LSTM,45
20,0.009915745309130712,0.015929821313225796,jena_climate,LSTM,45
21,0.009946856436065653,0.016679837834089994,jena_climate,LSTM,45
22,0.009968571167326334,0.015245236456394196,jena_climate,LSTM,45
23,0.009668247241555064,0.012997320287727885,jena_climate,LSTM,45
24,0.009586907037759594,0.012639604076477034,jena_climate,LSTM,45
25,0.009691562327189427,0.01386431185528636,jena_climate,LSTM,45
26,0.009711886304571773,0.01927115482145122,jena_climate,LSTM,45
27,0.009598835096271201,0.014683480773653303,jena_climate,LSTM,45
28,0.009615654161087039,0.012627338824261512,jena_climate,LSTM,45
29,0.009521938669918613,0.018023431434163024,jena_climate,LSTM,45
30,0.009572534553819534,0.011747168742918543,jena_climate,LSTM,45
31,0.009750460288628485,0.014452603911714894,jena_climate,LSTM,45
32,0.0094660220625387,0.012467871952269758,jena_climate,LSTM,45
33,0.009783725938618634,0.012336660974792071,jena_climate,LSTM,45
34,0.009493257158972097,0.01366547801132713,jena_climate,LSTM,45
35,0.009489770068533042,0.01399922018338527,jena_climate,LSTM,45
36,0.009548242920021894,0.014288856581385647,jena_climate,LSTM,45
37,0.009451528432581461,0.012949907553515263,jena_climate,LSTM,45
38,0.009281895151644043,0.016757998149842024,jena_climate,LSTM,45
1,0.41680308691028395,0.2115530190723283,jena_climate,LSTM,46
2,0.11517185243693265,0.12357264437845775,jena_climate,LSTM,46
3,0.044829239419689686,0.03618317649566701,jena_climate,LSTM,46
4,0.0266291528347541,0.034600044534142525,jena_climate,LSTM,46
5,0.021285563679129788,0.02714422917259591,jena_climate,LSTM,46
6,0.01815918301034606,0.022514138437275375,jena_climate,LSTM,46
7,0.015815239364394183,0.020368863495865037,jena_climate,LSTM,46
8,0.014649830857348261,0.028217141649552753,jena_climate,LSTM,46
9,0.013991941973059014,0.01856584521010518,jena_climate,LSTM,46
10,0.012844216727623434,0.01745001333100455,jena_climate,LSTM,46
11,0.01243391108106483,0.0158820340542921,jena_climate,LSTM,46
12,0.01294142934917049,0.0196515042334795,jena_climate,LSTM,46
13,0.011875036165513324,0.017188299347513487,jena_climate,LSTM,46
14,0.011110094954457247,0.018701632573668445,jena_climate,LSTM,46
15,0.01179082414389334,0.02256183386115091,jena_climate,LSTM,46
16,0.011089415578736049,0.017979752671505724,jena_climate,LSTM,46
17,0.010802059914126541,0.017860290660922016,jena_climate,LSTM,46
18,0.010454760003609188,0.012838988897523709,jena_climate,LSTM,46
19,0.010785070177393429,0.013298209523782134,jena_climate,LSTM,46
20,0.0105217296390258,0.01230436540208757,jena_climate,LSTM,46
21,0.010064100303376714,0.013364183184291636,jena_climate,LSTM,46
22,0.009780549359592524,0.012955268578869956,jena_climate,LSTM,46
23,0.009766454497973124,0.01199127540790609,jena_climate,LSTM,46
24,0.009593006385716073,0.011693756694772415,jena_climate,LSTM,46
25,0.009708129920799172,0.011803039915061422,jena_climate,LSTM,46
26,0.009732519664491216,0.016346827282437255,jena_climate,LSTM,46
27,0.009416600407072992,0.012991284751998526,jena_climate,LSTM,46
28,0.009531741827782807,0.01324356789700687,jena_climate,LSTM,46
29,0.00955922193260807,0.012668651595179523,jena_climate,LSTM,46
30,0.009390574319034138,0.011707055382430553,jena_climate,LSTM,46
31,0.009595876630169876,0.012726594328082033,jena_climate,LSTM,46
32,0.009317618710073557,0.015008571890315838,jena_climate,LSTM,46
1,0.11865710712630641,0.022401870427919284,jena_climate,TransformerEncoder,42
2,0.01849795210485657,0.016560761790190424,jena_climate,TransformerEncoder,42
3,0.016149008590163605,0.018022375447409495,jena_climate,TransformerEncoder,42
4,0.01597379876131361,0.012293584112610136,jena_climate,TransformerEncoder,42
5,0.013745819063236317,0.01976124689515148,jena_climate,TransformerEncoder,42
6,0.013159670817637534,0.013256882749763983,jena_climate,TransformerEncoder,42
7,0.013240410791089138,0.017472962316657816,jena_climate,TransformerEncoder,42
8,0.013386348643424835,0.014136649269078459,jena_climate,TransformerEncoder,42
9,0.01294198249833602,0.012808275342519795,jena_climate,TransformerEncoder,42
10,0.01217209506836353,0.011463961231389217,jena_climate,TransformerEncoder,42
11,0.012591154102913359,0.015293179878166743,jena_climate,TransformerEncoder,42
12,0.012712029027611468,0.01661793641479952,jena_climate,TransformerEncoder,42
13,0.011719694057705276,0.012122491574180978,jena_climate,TransformerEncoder,42
14,0.010935044297101822,0.013290055195934005,jena_climate,TransformerEncoder,42
15,0.010964592347260226,0.011833049656291093,jena_climate,TransformerEncoder,42
16,0.010847069838112502,0.012330891364919288,jena_climate,TransformerEncoder,42
17,0.011030682884721142,0.011509869846382312,jena_climate,TransformerEncoder,42
18,0.011477108946013632,0.012448240304365754,jena_climate,TransformerEncoder,42
1,0.09534954842688008,0.030536194864128317,jena_climate,TransformerEncoder,43
2,0.019357965652351126,0.01708109856450132,jena_climate,TransformerEncoder,43
3,0.015436845930349646,0.015211033668102962,jena_climate,TransformerEncoder,43
4,0.014220608384207342,0.01659762836061418,jena_climate,TransformerEncoder,43
5,0.013775330551928191,0.014198700099119119,jena_climate,TransformerEncoder,43
6,0.01338923247672166,0.011649902144979154,jena_climate,TransformerEncoder,43
7,0.013431759191338311,0.01381239973540817,jena_climate,TransformerEncoder,43
8,0.012271010768458698,0.017248404079249928,jena_climate,TransformerEncoder,43
9,0.012702319700496666,0.02120986527630261,jena_climate,TransformerEncoder,43
10,0.012951133561066606,0.012871054001152515,jena_climate,TransformerEncoder,43
11,0.011693241632063731,0.014099149665396129,jena_climate,TransformerEncoder,43
12,0.012062382164665243,0.01328590904761638,jena_climate,TransformerEncoder,43
13,0.011519416757492405,0.011452401522547007,jena_climate,TransformerEncoder,43
14,0.011587456390826088,0.01819534253861223,jena_climate,TransformerEncoder,43
15,0.012045050710157462,0.012952426514987434,jena_climate,TransformerEncoder,43
16,0.012683262187761791,0.013625932857394218,jena_climate,TransformerEncoder,43
17,0.011282469195341973,0.013425738351153476,jena_climate,TransformerEncoder,43
18,0.011246827120582262,0.011756588505314929,jena_climate,TransformerEncoder,43
19,0.011195765399007183,0.022301278077065945,jena_climate,TransformerEncoder,43
20,0.010940089144489983,0.01103055097961,jena_climate,TransformerEncoder,43
21,0.01059753677073979,0.011307152453809977,jena_climate,TransformerEncoder,43
22,0.01116242077709599,0.012858551128634385,jena_climate,TransformerEncoder,43
23,0.011813751047928676,0.01136989492390837,jena_climate,TransformerEncoder,43
24,0.01096750562305026,0.012066628052187818,jena_climate,TransformerEncoder,43
25,0.011180718725716526,0.011099439413685883,jena_climate,TransformerEncoder,43
26,0.011119977225351966,0.01441294134461454,jena_climate,TransformerEncoder,43
27,0.010707198783303753,0.01911179255694151,jena_climate,TransformerEncoder,43
28,0.010698113597534371,0.013434672029688954,jena_climate,TransformerEncoder,43
1,0.051158315586772835,0.018362430523016622,jena_climate,TransformerEncoder,44
2,0.01769321190306183,0.013435464086277145,jena_climate,TransformerEncoder,44
3,0.014451197560199282,0.0137476757434862,jena_climate,TransformerEncoder,44
4,0.013562930303371766,0.013559151773474045,jena_climate,TransformerEncoder,44
5,0.013685383304784244,0.013661790173500776,jena_climate,TransformerEncoder,44
6,0.014707914094976855,0.012982929258474283,jena_climate,TransformerEncoder,44
7,0.012848399551303097,0.01722538597615702,jena_climate,TransformerEncoder,44
8,0.012810582795998815,0.017972182149865797,jena_climate,TransformerEncoder,44
9,0.01225029165630765,0.012745321395673923,jena_climate,TransformerEncoder,44
10,0.011344449869780377,0.024717237667313645,jena_climate,TransformerEncoder,44
11,0.011650213442573493,0.011825014604255557,jena_climate,TransformerEncoder,44
12,0.010998298237664681,0.012013483459928207,jena_climate,TransformerEncoder,44
13,0.010959567861970176,0.02093619154766202,jena_climate,TransformerEncoder,44
14,0.010551089498524865,0.011518419188048159,jena_climate,TransformerEncoder,44
15,0.010901272889565338,0.0163923273794353,jena_climate,TransformerEncoder,44
16,0.011210717126783547,0.01910662990329521,jena_climate,TransformerEncoder,44
17,0.01086911239491945,0.013062198313751392,jena_climate,TransformerEncoder,44
18,0.011309903954635516,0.020331134886613915,jena_climate,TransformerEncoder,44
19,0.011245328283896952,0.011017634333776576,jena_climate,TransformerEncoder,44
20,0.010189423880850276,0.011665139779714602,jena_climate,TransformerEncoder,44
21,0.01091716761672587,0.017635019229991094,jena_climate,TransformerEncoder,44
22,0.011112609715906508,0.011802338429593615,jena_climate,TransformerEncoder,44
23,0.011264653431928971,0.016438321143920933,jena_climate,TransformerEncoder,44
24,0.01045184983928321,0.01889968616887927,jena_climate,TransformerEncoder,44
25,0.01051478162690094,0.011885385428156172,jena_climate,TransformerEncoder,44
26,0.01046000752654491,0.017206706971462284,jena_climate,TransformerEncoder,44
27,0.010478378929705783,0.012625959635313069,jena_climate,TransformerEncoder,44
1,0.11294598564166915,0.016529381474746124,jena_climate,TransformerEncoder,45
2,0.02125893004069274,0.012165331082152469,jena_climate,TransformerEncoder,45
3,0.017037293429232457,0.08895161455231053,jena_climate,TransformerEncoder,45
4,0.017607988549791502,0.01793046827827181,jena_climate,TransformerEncoder,45
5,0.01425170445476066,0.011382706097460218,jena_climate,TransformerEncoder,45
6,0.01380944617487716,0.014531566495341914,jena_climate,TransformerEncoder,45
7,0.012702520725063303,0.011539751863373178,jena_climate,TransformerEncoder,45
8,0.012830564505279515,0.017177068229232515,jena_climate,TransformerEncoder,45
9,0.012041660314990264,0.014461921527981758,jena_climate,TransformerEncoder,45
10,0.012225090152104243,0.011178873013705015,jena_climate,TransformerEncoder,45
11,0.011670412333456405,0.010943432305274265,jena_climate,TransformerEncoder,45
12,0.011661075690591877,0.011914013951484646,jena_climate,TransformerEncoder,45
13,0.011402586834843863,0.01798476232215762,jena_climate,TransformerEncoder,45
14,0.012236549180339684,0.015666611293064698,jena_climate,TransformerEncoder,45
15,0.011833899887278676,0.017629516976220266,jena_climate,TransformerEncoder,45
16,0.011562948799550984,0.012575461296364665,jena_climate,TransformerEncoder,45
17,0.010551644721999764,0.01555847842246294,jena_climate,TransformerEncoder,45
18,0.011168206851421432,0.013414085643099887,jena_climate,TransformerEncoder,45
19,0.01105190378924211,0.010831210130293454,jena_climate,TransformerEncoder,45
20,0.010706315452063625,0.023347648791968822,jena_climate,TransformerEncoder,45
21,0.011063513896343384,0.011035180251513208,jena_climate,TransformerEncoder,45
22,0.010211776384632245,0.010941950970196299,jena_climate,TransformerEncoder,45
23,0.010916150915859775,0.012092105279277478,jena_climate,TransformerEncoder,45
24,0.010909935692325234,0.01789976516738534,jena_climate,TransformerEncoder,45
25,0.011588297622052558,0.014034166200352567,jena_climate,TransformerEncoder,45
26,0.01027494344408765,0.015580558151538883,jena_climate,TransformerEncoder,45
27,0.010312869749737509,0.013739491646577204,jena_climate,TransformerEncoder,45
1,0.0758078604033499,0.013511876908263989,jena_climate,TransformerEncoder,46
2,0.018602396305086033,0.024234899186662266,jena_climate,TransformerEncoder,46
3,0.0174579561942003,0.015651233793635453,jena_climate,TransformerEncoder,46
4,0.015163878289361795,0.020041242707520723,jena_climate,TransformerEncoder,46
5,0.01371199279938909,0.014027177755321776,jena_climate,TransformerEncoder,46
6,0.01379632255570455,0.01528173768227654,jena_climate,TransformerEncoder,46
7,0.012795474923526248,0.011230695992708206,jena_climate,TransformerEncoder,46
8,0.011904892899716893,0.01196594163775444,jena_climate,TransformerEncoder,46
9,0.011454018129205162,0.020108977798372507,jena_climate,TransformerEncoder,46
10,0.013147330243196902,0.013280572669048394,jena_climate,TransformerEncoder,46
11,0.01212882306285654,0.013252080784046225,jena_climate,TransformerEncoder,46
12,0.012129989459715558,0.015185813984966703,jena_climate,TransformerEncoder,46
13,0.011372347708057725,0.012859665722187077,jena_climate,TransformerEncoder,46
14,0.011427808701145377,0.011767102139336722,jena_climate,TransformerEncoder,46
15,0.012323120453705391,0.013745229824313096,jena_climate,TransformerEncoder,46
1,0.16729527113564086,0.08133957109280995,jena_climate,CeNN,42
2,0.027912174422068125,0.07799041191382068,jena_climate,CeNN,42
3,0.017645026557147503,0.042795275836916905,jena_climate,CeNN,42
4,0.014569432926223133,0.02614541571321232,jena_climate,CeNN,42
5,0.013878299967583382,0.0305480232595333,jena_climate,CeNN,42
6,0.012160369096267405,0.02665001300296613,jena_climate,CeNN,42
7,0.011075807389605678,0.020840975223109126,jena_climate,CeNN,42
8,0.01195844735555125,0.02262078594815518,jena_climate,CeNN,42
9,0.011162306859411976,0.01859806484675833,jena_climate,CeNN,42
10,0.010302738618162093,0.01494001055003277,jena_climate,CeNN,42
11,0.010365945759765578,0.018175235982718214,jena_climate,CeNN,42
12,0.010541530707004395,0.03203965583816171,jena_climate,CeNN,42
13,0.010582273388563684,0.015828543475696018,jena_climate,CeNN,42
14,0.009931575034208821,0.013798256837097662,jena_climate,CeNN,42
15,0.010282262895171616,0.033240157312580516,jena_climate,CeNN,42
16,0.010455577944715818,0.013376858484532152,jena_climate,CeNN,42
17,0.009548424185733453,0.015309452478374754,jena_climate,CeNN,42
18,0.010708732720972463,0.018226749995457276,jena_climate,CeNN,42
19,0.010424690426919948,0.013961197974692498,jena_climate,CeNN,42
20,0.009967746855126637,0.014163568283298187,jena_climate,CeNN,42
21,0.009668466317552056,0.013960779578025852,jena_climate,CeNN,42
22,0.009615361948046044,0.012863699014165573,jena_climate,CeNN,42
23,0.01007295433064979,0.021148636205387965,jena_climate,CeNN,42
24,0.009765112201090564,0.0139903852250427,jena_climate,CeNN,42
25,0.009418370435014367,0.013621289948267596,jena_climate,CeNN,42
26,0.00953644203643004,0.01272411348431238,jena_climate,CeNN,42
27,0.010417775060473517,0.01250957271882466,jena_climate,CeNN,42
28,0.009537568485194986,0.013553319232804435,jena_climate,CeNN,42
29,0.009613704888827422,0.012888294312038593,jena_climate,CeNN,42
30,0.009622763299072782,0.01314016870622124,jena_climate,CeNN,42
31,0.00938634604751838,0.012071468800838505,jena_climate,CeNN,42
32,0.009385230873400966,0.02189053382192339,jena_climate,CeNN,42
33,0.009819219439205799,0.012214429510225142,jena_climate,CeNN,42
34,0.010916254539607149,0.020487464033067226,jena_climate,CeNN,42
35,0.010065297031718674,0.021479567446346794,jena_climate,CeNN,42
36,0.009318294751486092,0.015623146401984351,jena_climate,CeNN,42
37,0.009495406192868497,0.01268858286286039,jena_climate,CeNN,42
38,0.009452077687125315,0.013103060490850891,jena_climate,CeNN,42
39,0.009229135166881888,0.01657538877667061,jena_climate,CeNN,42
1,0.1784918284551664,0.14157379072691714,jena_climate,CeNN,43
2,0.02606995218913212,0.0466122465607311,jena_climate,CeNN,43
3,0.017656740450272053,0.02948583828817521,jena_climate,CeNN,43
4,0.014235882857588656,0.02196715592539736,jena_climate,CeNN,43
5,0.012846580064488631,0.020596370566636324,jena_climate,CeNN,43
6,0.012162363488283572,0.016910006059333682,jena_climate,CeNN,43
7,0.011245802122478684,0.019372812804899046,jena_climate,CeNN,43
8,0.011208389525894414,0.014529923376228129,jena_climate,CeNN,43
9,0.010728634844505877,0.01370431246635105,jena_climate,CeNN,43
10,0.01116845514060873,0.02105796629829066,jena_climate,CeNN,43
11,0.011268888967055263,0.023260647896677256,jena_climate,CeNN,43
12,0.010404570536179976,0.025572031137666533,jena_climate,CeNN,43
13,0.009610243219261369,0.013100064525912915,jena_climate,CeNN,43
14,0.010302302349979678,0.014065802097320557,jena_climate,CeNN,43
15,0.010635669223230445,0.01751106179186276,jena_climate,CeNN,43
16,0.010077585466206074,0.017442799106772457,jena_climate,CeNN,43
17,0.009674667564192505,0.013073976351214307,jena_climate,CeNN,43
18,0.01008832434926069,0.01576948441964175,jena_climate,CeNN,43
19,0.010038651490696904,0.01218164895128991,jena_climate,CeNN,43
20,0.011305823865713495,0.01295577412072037,jena_climate,CeNN,43
21,0.009288849527806495,0.012049973044278366,jena_climate,CeNN,43
22,0.009884371337565508,0.016021549834736755,jena_climate,CeNN,43
23,0.00943633122369647,0.012027026686285223,jena_climate,CeNN,43
24,0.009849098574539477,0.011805478716269135,jena_climate,CeNN,43
25,0.009132798549465158,0.01621985588488834,jena_climate,CeNN,43
26,0.009835833859996814,0.012556087957429034,jena_climate,CeNN,43
27,0.009386658696739963,0.011797340087858694,jena_climate,CeNN,43
28,0.009038632806164749,0.029160933436027596,jena_climate,CeNN,43
29,0.009784250816499645,0.012106254563799925,jena_climate,CeNN,43
30,0.009707840371199629,0.019640094999756132,jena_climate,CeNN,43
31,0.009825222681022504,0.012164997535624675,jena_climate,CeNN,43
32,0.009016633005530544,0.017386564120118107,jena_climate,CeNN,43
33,0.009174433247553128,0.01162860672255712,jena_climate,CeNN,43
34,0.00913451125873535,0.01179746854385095,jena_climate,CeNN,43
35,0.009711662942374294,0.012104476835312588,jena_climate,CeNN,43
36,0.008898799441698375,0.018260785045900514,jena_climate,CeNN,43
37,0.009971772966144437,0.013643433306632298,jena_climate,CeNN,43
38,0.00878802813575462,0.012950388814455696,jena_climate,CeNN,43
39,0.009327585625490456,0.015373381386910166,jena_climate,CeNN,43
40,0.009012712257434472,0.016032470889123424,jena_climate,CeNN,43
41,0.009725076844915748,0.012829750310629606,jena_climate,CeNN,43
1,0.17170588583262128,0.12823924927839211,jena_climate,CeNN,44
2,0.025184744489238117,0.05095972287069474,jena_climate,CeNN,44
3,0.016590454897871525,0.024738950388772146,jena_climate,CeNN,44
4,0.013975170010587934,0.023117699128176485,jena_climate,CeNN,44
5,0.012369867322514907,0.01646026795996087,jena_climate,CeNN,44
6,0.012119075114076788,0.025264189013146927,jena_climate,CeNN,44
7,0.012363076922624852,0.03218770971787827,jena_climate,CeNN,44
8,0.01153816326493115,0.014463427210492747,jena_climate,CeNN,44
9,0.011054142357104203,0.014074055943638086,jena_climate,CeNN,44
10,0.010133502906131926,0.03199240678389158,jena_climate,CeNN,44
11,0.010907173262570392,0.013061765082446592,jena_climate,CeNN,44
12,0.010161025089804421,0.017384237942418883,jena_climate,CeNN,44
13,0.01039890005874137,0.022918858033205782,jena_climate,CeNN,44
14,0.010272467939296004,0.015092621424368449,jena_climate,CeNN,44
15,0.010110265652959546,0.015457374176808767,jena_climate,CeNN,44
16,0.009903261861340567,0.017470612656325102,jena_climate,CeNN,44
17,0.010326143960948244,0.022001856139728,jena_climate,CeNN,44
18,0.010029531972990795,0.018729617087436572,jena_climate,CeNN,44
19,0.00967943364274547,0.018644013641668216,jena_climate,CeNN,44
1,0.15380068445070225,0.062251947953232696,jena_climate,CeNN,45
2,0.029331138696182858,0.048846689252448935,jena_climate,CeNN,45
3,0.01765306055489363,0.04556318465620279,jena_climate,CeNN,45
4,0.014559060970151966,0.0426494062079915,jena_climate,CeNN,45
5,0.013340605302911365,0.018058792554906437,jena_climate,CeNN,45
6,0.012820871158813437,0.03727493355316775,jena_climate,CeNN,45
7,0.01207637302154167,0.015877466848386184,jena_climate,CeNN,45
8,0.011047249991503177,0.018311199798647846,jena_climate,CeNN,45
9,0.011835732920603319,0.022128940726231252,jena_climate,CeNN,45
10,0.010433268218273015,0.021584647175456797,jena_climate,CeNN,45
11,0.010413631380563884,0.013342055092964853,jena_climate,CeNN,45
12,0.010425060521811247,0.016750906394528493,jena_climate,CeNN,45
13,0.010206509339199825,0.04346292878368071,jena_climate,CeNN,45
14,0.011535895282797741,0.017602925089054873,jena_climate,CeNN,45
15,0.010788161406349955,0.01407797641253897,jena_climate,CeNN,45
16,0.010026533999762527,0.017616515580032552,jena_climate,CeNN,45
17,0.009527564426234952,0.017710856860503554,jena_climate,CeNN,45
18,0.011083889752626419,0.018568045559472272,jena_climate,CeNN,45
19,0.009676653574305501,0.012525677281830992,jena_climate,CeNN,45
20,0.009643904984731114,0.014461963537282177,jena_climate,CeNN,45
21,0.00999498589557003,0.01279371281686638,jena_climate,CeNN,45
22,0.010084815372741132,0.016238665939973935,jena_climate,CeNN,45
23,0.010351414439465963,0.014938157916601216,jena_climate,CeNN,45
24,0.00890427920261793,0.015640883041279658,jena_climate,CeNN,45
25,0.009200212524526498,0.01776447067303317,jena_climate,CeNN,45
26,0.009299763478338718,0.024956075541142906,jena_climate,CeNN,45
27,0.010169397679750215,0.012325612961181573,jena_climate,CeNN,45
28,0.009646832794797692,0.0136644054935979,jena_climate,CeNN,45
29,0.009125073771980224,0.012457930682493108,jena_climate,CeNN,45
30,0.009711923395198855,0.03329498054725783,jena_climate,CeNN,45
31,0.00974586014071423,0.01410040957853198,jena_climate,CeNN,45
32,0.00972396162846549,0.01434923502217446,jena_climate,CeNN,45
33,0.009337941692634062,0.016616616897018894,jena_climate,CeNN,45
34,0.009462814136041385,0.013186771622193711,jena_climate,CeNN,45
35,0.009036150217677156,0.012724905773731214,jena_climate,CeNN,45
1,0.19394082883655123,0.16357734559902123,jena_climate,CeNN,46
2,0.03365425591949712,0.08249575445162398,jena_climate,CeNN,46
3,0.020274412197371323,0.03889892636133092,jena_climate,CeNN,46
4,0.01568781327682011,0.024031354513551508,jena_climate,CeNN,46
5,0.013721964688915195,0.021714199533952133,jena_climate,CeNN,46
6,0.01200964775952426,0.019327931804582477,jena_climate,CeNN,46
7,0.011379880153320053,0.01549591769331268,jena_climate,CeNN,46
8,0.011412262274516803,0.021749821325231875,jena_climate,CeNN,46
9,0.011462312424555421,0.025386926451964036,jena_climate,CeNN,46
10,0.010952883562298886,0.014354247599840164,jena_climate,CeNN,46
11,0.010389854425959515,0.021401583749268736,jena_climate,CeNN,46
12,0.01091092568822205,0.015132378354402525,jena_climate,CeNN,46
13,0.010256042993260604,0.01569879424226071,jena_climate,CeNN,46
14,0.01014991711373582,0.013800378755799361,jena_climate,CeNN,46
15,0.010354884533268032,0.03659227769821882,jena_climate,CeNN,46
16,0.010206922500704726,0.014288637454488448,jena_climate,CeNN,46
17,0.009914794718056466,0.037517416557031016,jena_climate,CeNN,46
18,0.010741299653256481,0.016087190746994957,jena_climate,CeNN,46
19,0.009856911510172667,0.014290508548063892,jena_climate,CeNN,46
20,0.010770034764639357,0.03758402355015278,jena_climate,CeNN,46
21,0.009923412147062745,0.01248481746629945,jena_climate,CeNN,46
22,0.010115398524441955,0.015016332135668822,jena_climate,CeNN,46
23,0.009514511647549543,0.017457839168076004,jena_climate,CeNN,46
24,0.009883192099743721,0.015654694555061206,jena_climate,CeNN,46
25,0.00955313767983832,0.013806965135570084,jena_climate,CeNN,46
26,0.009401223474097524,0.022130101586558988,jena_climate,CeNN,46
27,0.00932035295320957,0.012305552073355232,jena_climate,CeNN,46
28,0.009136187978032412,0.012074881998289908,jena_climate,CeNN,46
29,0.009571137421792655,0.01383077961924885,jena_climate,CeNN,46
30,0.009380108373465411,0.01184451939272029,jena_climate,CeNN,46
31,0.009472932359627024,0.022355075060789074,jena_climate,CeNN,46
32,0.00912275305017829,0.012231017762262906,jena_climate,CeNN,46
33,0.009416163983670149,0.012173395404326064,jena_climate,CeNN,46
34,0.009496706382681927,0.012060155193986637,jena_climate,CeNN,46
35,0.009685255858736733,0.01261208692033376,jena_climate,CeNN,46
36,0.00965230667145189,0.012031736284760492,jena_climate,CeNN,46
37,0.009124630794041988,0.011846568901091814,jena_climate,CeNN,46
38,0.009313033632651874,0.014763571621317948,jena_climate,CeNN,46
