y_true,y_pred
5.06,5.11
5.23,5.11
5.19,5.11
5.03,5.11
5.1,5.11
5.17,5.11
5.18,5.11
5.27,5.11
5.35,5.11
5.61,5.11
5.65,5.11
5.58,5.11
5.46,5.11
5.45,5.11
5.35,5.11
5.32,5.11
5.43,5.11
5.96,5.11
6.63,5.11
6.7,5.11
6.49,5.11
6.4,5.11
6.43,5.11
6.4,5.11
5.23,5.0599995
5.19,5.0599995
5.03,5.0599995
5.1,5.0599995
5.17,5.0599995
5.18,5.0599995
5.27,5.0599995
5.35,5.0599995
5.61,5.0599995
5.65,5.0599995
5.58,5.0599995
5.46,5.0599995
5.45,5.0599995
5.35,5.0599995
5.32,5.0599995
5.43,5.0599995
5.96,5.0599995
6.63,5.0599995
6.7,5.0599995
6.49,5.0599995
6.4,5.0599995
6.43,5.0599995
6.4,5.0599995
6.16,5.0599995
5.19,5.23
5.03,5.23
5.1,5.23
5.17,5.23
5.18,5.23
5.27,5.23
5.35,5.23
5.61,5.23
5.65,5.23
5.58,5.23
5.46,5.23
5.45,5.23
5.35,5.23
5.32,5.23
5.43,5.23
5.96,5.23
6.63,5.23
6.7,5.23
6.49,5.23
6.4,5.23
6.43,5.23
6.4,5.23
6.16,5.23
6.14,5.23
5.03,5.19
5.1,5.19
5.17,5.19
5.18,5.19
5.27,5.19
5.35,5.19
5.61,5.19
5.65,5.19
5.58,5.19
5.46,5.19
5.45,5.19
5.35,5.19
5.32,5.19
5.43,5.19
5.96,5.19
6.63,5.19
6.7,5.19
6.49,5.19
6.4,5.19
6.43,5.19
6.4,5.19
6.16,5.19
6.14,5.19
6.1,5.19
5.1,5.03
5.17,5.03
5.18,5.03
5.27,5.03
5.35,5.03
5.61,5.03
5.65,5.03
5.58,5.03
5.46,5.03
5.45,5.03
5.35,5.03
5.32,5.03
5.43,5.03
5.96,5.03
6.63,5.03
6.7,5.03
6.49,5.03
6.4,5.03
6.43,5.03
6.4,5.03
6.16,5.03
6.14,5.03
6.1,5.03
5.86,5.03
5.17,5.1
5.18,5.1
5.27,5.1
5.35,5.1
5.61,5.1
5.65,5.1
5.58,5.1
5.46,5.1
5.45,5.1
5.35,5.1
5.32,5.1
5.43,5.1
5.96,5.1
6.63,5.1
6.7,5.1
6.49,5.1
6.4,5.1
6.43,5.1
6.4,5.1
6.16,5.1
6.14,5.1
6.1,5.1
5.86,5.1
5.74,5.1
5.18,5.17
5.27,5.17
5.35,5.17
5.61,5.17
5.65,5.17
5.58,5.17
5.46,5.17
5.45,5.17
5.35,5.17
5.32,5.17
5.43,5.17
5.96,5.17
6.63,5.17
6.7,5.17
6.49,5.17
6.4,5.17
6.43,5.17
6.4,5.17
6.16,5.17
6.14,5.17
6.1,5.17
5.86,5.17
5.74,5.17
5.38,5.17
5.27,5.18
5.35,5.18
5.61,5.18
5.65,5.18
5.58,5.18
5.46,5.18
5.45,5.18
5.35,5.18
5.32,5.18
5.43,5.18
5.96,5.18
6.63,5.18
6.7,5.18
6.49,5.18
6.4,5.18
6.43,5.18
6.4,5.18
6.16,5.18
6.14,5.18
6.1,5.18
5.86,5.18
5.74,5.18
5.38,5.18
5.4,5.18
5.35,5.27
5.61,5.27
5.65,5.27
5.58,5.27
5.46,5.27
5.45,5.27
5.35,5.27
5.32,5.27
5.43,5.27
5.96,5.27
6.63,5.27
6.7,5.27
6.49,5.27
6.4,5.27
6.43,5.27
6.4,5.27
6.16,5.27
6.14,5.27
6.1,5.27
5.86,5.27
5.74,5.27
5.38,5.27
5.4,5.27
6.61,5.27
5.61,5.35
5.65,5.35
5.58,5.35
5.46,5.35
5.45,5.35
5.35,5.35
5.32,5.35
5.43,5.35
5.96,5.35
6.63,5.35
6.7,5.35
6.49,5.35
6.4,5.35
6.43,5.35
6.4,5.35
6.16,5.35
6.14,5.35
6.1,5.35
5.86,5.35
5.74,5.35
5.38,5.35
5.4,5.35
6.61,5.35
7.23,5.35
5.65,5.61
5.58,5.61
5.46,5.61
5.45,5.61
5.35,5.61
5.32,5.61
5.43,5.61
5.96,5.61
6.63,5.61
6.7,5.61
6.49,5.61
6.4,5.61
6.43,5.61
6.4,5.61
6.16,5.61
6.14,5.61
6.1,5.61
5.86,5.61
5.74,5.61
5.38,5.61
5.4,5.61
6.61,5.61
7.23,5.61
7.36,5.61
5.58,5.65
5.46,5.65
5.45,5.65
5.35,5.65
5.32,5.65
5.43,5.65
5.96,5.65
6.63,5.65
6.7,5.65
6.49,5.65
6.4,5.65
6.43,5.65
6.4,5.65
6.16,5.65
6.14,5.65
6.1,5.65
5.86,5.65
5.74,5.65
5.38,5.65
5.4,5.65
6.61,5.65
7.23,5.65
7.36,5.65
7.41,5.65
5.46,5.58
5.45,5.58
5.35,5.58
5.32,5.58
5.43,5.58
5.96,5.58
6.63,5.58
6.7,5.58
6.49,5.58
6.4,5.58
6.43,5.58
6.4,5.58
6.16,5.58
6.14,5.58
6.1,5.58
5.86,5.58
5.74,5.58
5.38,5.58
5.4,5.58
6.61,5.58
7.23,5.58
7.36,5.58
7.41,5.58
7.47,5.58
5.45,5.46
5.35,5.46
5.32,5.46
5.43,5.46
5.96,5.46
6.63,5.46
6.7,5.46
6.49,5.46
6.4,5.46
6.43,5.46
6.4,5.46
6.16,5.46
6.14,5.46
6.1,5.46
5.86,5.46
5.74,5.46
5.38,5.46
5.4,5.46
6.61,5.46
7.23,5.46
7.36,5.46
7.41,5.46
7.47,5.46
7.53,5.46
5.35,5.45
5.32,5.45
5.43,5.45
5.96,5.45
6.63,5.45
6.7,5.45
6.49,5.45
6.4,5.45
6.43,5.45
6.4,5.45
6.16,5.45
6.14,5.45
6.1,5.45
5.86,5.45
5.74,5.45
5.38,5.45
5.4,5.45
6.61,5.45
7.23,5.45
7.36,5.45
7.41,5.45
7.47,5.45
7.53,5.45
7.56,5.45
5.32,5.35
5.43,5.35
5.96,5.35
6.63,5.35
6.7,5.35
6.49,5.35
6.4,5.35
6.43,5.35
6.4,5.35
6.16,5.35
6.14,5.35
6.1,5.35
5.86,5.35
5.74,5.35
5.38,5.35
5.4,5.35
6.61,5.35
7.23,5.35
7.36,5.35
7.41,5.35
7.47,5.35
7.53,5.35
7.56,5.35
7.54,5.35
5.43,5.32
5.96,5.32
6.63,5.32
6.7,5.32
6.49,5.32
6.4,5.32
6.43,5.32
6.4,5.32
6.16,5.32
6.14,5.32
6.1,5.32
5.86,5.32
5.74,5.32
5.38,5.32
5.4,5.32
6.61,5.32
7.23,5.32
7.36,5.32
7.41,5.32
7.47,5.32
7.53,5.32
7.56,5.32
7.54,5.32
7.53,5.32
5.96,5.43
6.63,5.43
6.7,5.43
6.49,5.43
6.4,5.43
6.43,5.43
6.4,5.43
6.16,5.43
6.14,5.43
6.1,5.43
5.86,5.43
5.74,5.43
5.38,5.43
5.4,5.43
6.61,5.43
7.23,5.43
7.36,5.43
7.41,5.43
7.47,5.43
7.53,5.43
7.56,5.43
7.54,5.43
7.53,5.43
7.54,5.43
6.63,5.96
6.7,5.96
6.49,5.96
6.4,5.96
6.43,5.96
6.4,5.96
6.16,5.96
6.14,5.96
6.1,5.96
5.86,5.96
5.74,5.96
5.38,5.96
5.4,5.96
6.61,5.96
7.23,5.96
7.36,5.96
7.41,5.96
7.47,5.96
7.53,5.96
7.56,5.96
7.54,5.96
7.53,5.96
7.54,5.96
7.58,5.96
6.7,6.63
6.49,6.63
6.4,6.63
6.43,6.63
6.4,6.63
6.16,6.63
6.14,6.63
6.1,6.63
5.86,6.63
5.74,6.63
5.38,6.63
5.4,6.63
6.61,6.63
7.23,6.63
7.36,6.63
7.41,6.63
7.47,6.63
7.53,6.63
7.56,6.63
7.54,6.63
7.53,6.63
7.54,6.63
7.58,6.63
7.67,6.63
6.49,6.7
6.4,6.7
6.43,6.7
6.4,6.7
6.16,6.7
6.14,6.7
6.1,6.7
5.86,6.7
5.74,6.7
5.38,6.7
5.4,6.7
6.61,6.7
7.23,6.7
7.36,6.7
7.41,6.7
7.47,6.7
7.53,6.7
7.56,6.7
7.54,6.7
7.53,6.7
7.54,6.7
7.58,6.7
7.67,6.7
7.64,6.7
6.4,6.49
6.43,6.49
6.4,6.49
6.16,6.49
6.14,6.49
6.1,6.49
5.86,6.49
5.74,6.49
5.38,6.49
5.4,6.49
6.61,6.49
7.23,6.49
7.36,6.49
7.41,6.49
7.47,6.49
7.53,6.49
7.56,6.49
7.54,6.49
7.53,6.49
7.54,6.49
7.58,6.49
7.67,6.49
7.64,6.49
7.72,6.49
6.43,6.4
6.4,6.4
6.16,6.4
6.14,6.4
6.1,6.4
5.86,6.4
5.74,6.4
5.38,6.4
5.4,6.4
6.61,6.4
7.23,6.4
7.36,6.4
7.41,6.4
7.47,6.4
7.53,6.4
7.56,6.4
7.54,6.4
7.53,6.4
7.54,6.4
7.58,6.4
7.67,6.4
7.64,6.4
7.72,6.4
7.72,6.4
6.4,6.43
6.16,6.43
6.14,6.43
6.1,6.43
5.86,6.43
5.74,6.43
5.38,6.43
5.4,6.43
6.61,6.43
7.23,6.43
7.36,6.43
7.41,6.43
7.47,6.43
7.53,6.43
7.56,6.43
7.54,6.43
7.53,6.43
7.54,6.43
7.58,6.43
7.67,6.43
7.64,6.43
7.72,6.43
7.72,6.43
7.78,6.43
6.16,6.4
6.14,6.4
6.1,6.4
5.86,6.4
5.74,6.4
5.38,6.4
5.4,6.4
6.61,6.4
7.23,6.4
7.36,6.4
7.41,6.4
7.47,6.4
7.53,6.4
7.56,6.4
7.54,6.4
7.53,6.4
7.54,6.4
7.58,6.4
7.67,6.4
7.64,6.4
7.72,6.4
7.72,6.4
7.78,6.4
7.96,6.4
6.14,6.16
6.1,6.16
5.86,6.16
5.74,6.16
5.38,6.16
5.4,6.16
6.61,6.16
7.23,6.16
7.36,6.16
7.41,6.16
7.47,6.16
7.53,6.16
7.56,6.16
7.54,6.16
7.53,6.16
7.54,6.16
7.58,6.16
7.67,6.16
7.64,6.16
7.72,6.16
7.72,6.16
7.78,6.16
7.96,6.16
8.18,6.16
6.1,6.14
5.86,6.14
5.74,6.14
5.38,6.14
5.4,6.14
6.61,6.14
7.23,6.14
7.36,6.14
7.41,6.14
7.47,6.14
7.53,6.14
7.56,6.14
7.54,6.14
7.53,6.14
7.54,6.14
7.58,6.14
7.67,6.14
7.64,6.14
7.72,6.14
7.72,6.14
7.78,6.14
7.96,6.14
8.18,6.14
8.3,6.14
5.86,6.1
5.74,6.1
5.38,6.1
5.4,6.1
6.61,6.1
7.23,6.1
7.36,6.1
7.41,6.1
7.47,6.1
7.53,6.1
7.56,6.1
7.54,6.1
7.53,6.1
7.54,6.1
7.58,6.1
7.67,6.1
7.64,6.1
7.72,6.1
7.72,6.1
7.78,6.1
7.96,6.1
8.18,6.1
8.3,6.1
8.4,6.1
5.74,5.86
5.38,5.86
5.4,5.86
6.61,5.86
7.23,5.86
7.36,5.86
7.41,5.86
7.47,5.86
7.53,5.86
7.56,5.86
7.54,5.86
7.53,5.86
7.54,5.86
7.58,5.86
7.67,5.86
7.64,5.86
7.72,5.86
7.72,5.86
7.78,5.86
7.96,5.86
8.18,5.86
8.3,5.86
8.4,5.86
8.45,5.86
5.38,5.74
5.4,5.74
6.61,5.74
7.23,5.74
7.36,5.74
7.41,5.74
7.47,5.74
7.53,5.74
7.56,5.74
7.54,5.74
7.53,5.74
7.54,5.74
7.58,5.74
7.67,5.74
7.64,5.74
7.72,5.74
7.72,5.74
7.78,5.74
7.96,5.74
8.18,5.74
8.3,5.74
8.4,5.74
8.45,5.74
8.47,5.74
5.4,5.38
6.61,5.38
7.23,5.38
7.36,5.38
7.41,5.38
7.47,5.38
7.53,5.38
7.56,5.38
7.54,5.38
7.53,5.38
7.54,5.38
7.58,5.38
7.67,5.38
7.64,5.38
7.72,5.38
7.72,5.38
7.78,5.38
7.96,5.38
8.18,5.38
8.3,5.38
8.4,5.38
8.45,5.38
8.47,5.38
8.57,5.38
6.61,5.4
7.23,5.4
7.36,5.4
7.41,5.4
7.47,5.4
7.53,5.4
7.56,5.4
7.54,5.4
7.53,5.4
7.54,5.4
7.58,5.4
7.67,5.4
7.64,5.4
7.72,5.4
7.72,5.4
7.78,5.4
7.96,5.4
8.18,5.4
8.3,5.4
8.4,5.4
8.45,5.4
8.47,5.4
8.57,5.4
8.89,5.4
7.23,6.61
7.36,6.61
7.41,6.61
7.47,6.61
7.53,6.61
7.56,6.61
7.54,6.61
7.53,6.61
7.54,6.61
7.58,6.61
7.67,6.61
7.64,6.61
7.72,6.61
7.72,6.61
7.78,6.61
7.96,6.61
8.18,6.61
8.3,6.61
8.4,6.61
8.45,6.61
8.47,6.61
8.57,6.61
8.89,6.61
9.12,6.61
7.36,7.23
7.41,7.23
7.47,7.23
7.53,7.23
7.56,7.23
7.54,7.23
7.53,7.23
7.54,7.23
7.58,7.23
7.67,7.23
7.64,7.23
7.72,7.23
7.72,7.23
7.78,7.23
7.96,7.23
8.18,7.23
8.3,7.23
8.4,7.23
8.45,7.23
8.47,7.23
8.57,7.23
8.89,7.23
9.12,7.23
8.79,7.23
7.41,7.36
7.47,7.36
7.53,7.36
7.56,7.36
7.54,7.36
7.53,7.36
7.54,7.36
7.58,7.36
7.67,7.36
7.64,7.36
7.72,7.36
7.72,7.36
7.78,7.36
7.96,7.36
8.18,7.36
8.3,7.36
8.4,7.36
8.45,7.36
8.47,7.36
8.57,7.36
8.89,7.36
9.12,7.36
8.79,7.36
8.48,7.36
7.47,7.41
7.53,7.41
7.56,7.41
7.54,7.41
7.53,7.41
7.54,7.41
7.58,7.41
7.67,7.41
7.64,7.41
7.72,7.41
7.72,7.41
7.78,7.41
7.96,7.41
8.18,7.41
8.3,7.41
8.4,7.41
8.45,7.41
8.47,7.41
8.57,7.41
8.89,7.41
9.12,7.41
8.79,7.41
8.48,7.41
8.38,7.41
7.53,7.47
7.56,7.47
7.54,7.47
7.53,7.47
7.54,7.47
7.58,7.47
7.67,7.47
7.64,7.47
7.72,7.47
7.72,7.47
7.78,7.47
7.96,7.47
8.18,7.47
8.3,7.47
8.4,7.47
8.45,7.47
8.47,7.47
8.57,7.47
8.89,7.47
9.12,7.47
8.79,7.47
8.48,7.47
8.38,7.47
7.96,7.47
7.56,7.53
7.54,7.53
7.53,7.53
7.54,7.53
7.58,7.53
7.67,7.53
7.64,7.53
7.72,7.53
7.72,7.53
7.78,7.53
7.96,7.53
8.18,7.53
8.3,7.53
8.4,7.53
8.45,7.53
8.47,7.53
8.57,7.53
8.89,7.53
9.12,7.53
8.79,7.53
8.48,7.53
8.38,7.53
7.96,7.53
7.56,7.53
7.54,7.56
7.53,7.56
7.54,7.56
7.58,7.56
7.67,7.56
7.64,7.56
7.72,7.56
7.72,7.56
7.78,7.56
7.96,7.56
8.18,7.56
8.3,7.56
8.4,7.56
8.45,7.56
8.47,7.56
8.57,7.56
8.89,7.56
9.12,7.56
8.79,7.56
8.48,7.56
8.38,7.56
7.96,7.56
7.56,7.56
7.72,7.56
7.53,7.54
7.54,7.54
7.58,7.54
7.67,7.54
7.64,7.54
7.72,7.54
7.72,7.54
7.78,7.54
7.96,7.54
8.18,7.54
8.3,7.54
8.4,7.54
8.45,7.54
8.47,7.54
8.57,7.54
8.89,7.54
9.12,7.54
8.79,7.54
8.48,7.54
8.38,7.54
7.96,7.54
7.56,7.54
7.72,7.54
7.8,7.54
7.54,7.53
7.58,7.53
7.67,7.53
7.64,7.53
7.72,7.53
7.72,7.53
7.78,7.53
7.96,7.53
8.18,7.53
8.3,7.53
8.4,7.53
8.45,7.53
8.47,7.53
8.57,7.53
8.89,7.53
9.12,7.53
8.79,7.53
8.48,7.53
8.38,7.53
7.96,7.53
7.56,7.53
7.72,7.53
7.8,7.53
7.75,7.53
7.58,7.54
7.67,7.54
7.64,7.54
7.72,7.54
7.72,7.54
7.78,7.54
7.96,7.54
8.18,7.54
8.3,7.54
8.4,7.54
8.45,7.54
8.47,7.54
8.57,7.54
8.89,7.54
9.12,7.54
8.79,7.54
8.48,7.54
8.38,7.54
7.96,7.54
7.56,7.54
7.72,7.54
7.8,7.54
7.75,7.54
7.7,7.54
7.67,7.58
7.64,7.58
7.72,7.58
7.72,7.58
7.78,7.58
7.96,7.58
8.18,7.58
8.3,7.58
8.4,7.58
8.45,7.58
8.47,7.58
8.57,7.58
8.89,7.58
9.12,7.58
8.79,7.58
8.48,7.58
8.38,7.58
7.96,7.58
7.56,7.58
7.72,7.58
7.8,7.58
7.75,7.58
7.7,7.58
7.54,7.58
7.64,7.67
7.72,7.67
7.72,7.67
7.78,7.67
7.96,7.67
8.18,7.67
8.3,7.67
8.4,7.67
8.45,7.67
8.47,7.67
8.57,7.67
8.89,7.67
9.12,7.67
8.79,7.67
8.48,7.67
8.38,7.67
7.96,7.67
7.56,7.67
7.72,7.67
7.8,7.67
7.75,7.67
7.7,7.67
7.54,7.67
7.37,7.67
7.72,7.64
7.72,7.64
7.78,7.64
7.96,7.64
8.18,7.64
8.3,7.64
8.4,7.64
8.45,7.64
8.47,7.64
8.57,7.64
8.89,7.64
9.12,7.64
8.79,7.64
8.48,7.64
8.38,7.64
7.96,7.64
7.56,7.64
7.72,7.64
7.8,7.64
7.75,7.64
7.7,7.64
7.54,7.64
7.37,7.64
7.34,7.64
7.72,7.72
7.78,7.72
7.96,7.72
8.18,7.72
8.3,7.72
8.4,7.72
8.45,7.72
8.47,7.72
8.57,7.72
8.89,7.72
9.12,7.72
8.79,7.72
8.48,7.72
8.38,7.72
7.96,7.72
7.56,7.72
7.72,7.72
7.8,7.72
7.75,7.72
7.7,7.72
7.54,7.72
7.37,7.72
7.34,7.72
7.41,7.72
7.78,7.72
7.96,7.72
8.18,7.72
8.3,7.72
8.4,7.72
8.45,7.72
8.47,7.72
8.57,7.72
8.89,7.72
9.12,7.72
8.79,7.72
8.48,7.72
8.38,7.72
7.96,7.72
7.56,7.72
7.72,7.72
7.8,7.72
7.75,7.72
7.7,7.72
7.54,7.72
7.37,7.72
7.34,7.72
7.41,7.72
7.42,7.72
7.96,7.78
8.18,7.78
8.3,7.78
8.4,7.78
8.45,7.78
8.47,7.78
8.57,7.78
8.89,7.78
9.12,7.78
8.79,7.78
8.48,7.78
8.38,7.78
7.96,7.78
7.56,7.78
7.72,7.78
7.8,7.78
7.75,7.78
7.7,7.78
7.54,7.78
7.37,7.78
7.34,7.78
7.41,7.78
7.42,7.78
7.45,7.78
8.18,7.96
8.3,7.96
8.4,7.96
8.45,7.96
8.47,7.96
8.57,7.96
8.89,7.96
9.12,7.96
8.79,7.96
8.48,7.96
8.38,7.96
7.96,7.96
7.56,7.96
7.72,7.96
7.8,7.96
7.75,7.96
7.7,7.96
7.54,7.96
7.37,7.96
7.34,7.96
7.41,7.96
7.42,7.96
7.45,7.96
7.55,7.96
8.3,8.18
8.4,8.18
8.45,8.18
8.47,8.18
8.57,8.18
8.89,8.18
9.12,8.18
8.79,8.18
8.48,8.18
8.38,8.18
7.96,8.18
7.56,8.18
7.72,8.18
7.8,8.18
7.75,8.18
7.7,8.18
7.54,8.18
7.37,8.18
7.34,8.18
7.41,8.18
7.42,8.18
7.45,8.18
7.55,8.18
7.47,8.18
8.4,8.3
8.45,8.3
8.47,8.3
8.57,8.3
8.89,8.3
9.12,8.3
8.79,8.3
8.48,8.3
8.38,8.3
7.96,8.3
7.56,8.3
7.72,8.3
7.8,8.3
7.75,8.3
7.7,8.3
7.54,8.3
7.37,8.3
7.34,8.3
7.41,8.3
7.42,8.3
7.45,8.3
7.55,8.3
7.47,8.3
7.42,8.3
8.45,8.4
8.47,8.4
8.57,8.4
8.89,8.4
9.12,8.4
8.79,8.4
8.48,8.4
8.38,8.4
7.96,8.4
7.56,8.4
7.72,8.4
7.8,8.4
7.75,8.4
7.7,8.4
7.54,8.4
7.37,8.4
7.34,8.4
7.41,8.4
7.42,8.4
7.45,8.4
7.55,8.4
7.47,8.4
7.42,8.4
7.29,8.4
8.47,8.45
8.57,8.45
8.89,8.45
9.12,8.45
8.79,8.45
8.48,8.45
8.38,8.45
7.96,8.45
7.56,8.45
7.72,8.45
7.8,8.45
7.75,8.45
7.7,8.45
7.54,8.45
7.37,8.45
7.34,8.45
7.41,8.45
7.42,8.45
7.45,8.45
7.55,8.45
7.47,8.45
7.42,8.45
7.29,8.45
7.24,8.45
8.57,8.47
8.89,8.47
9.12,8.47
8.79,8.47
8.48,8.47
8.38,8.47
7.96,8.47
7.56,8.47
7.72,8.47
7.8,8.47
7.75,8.47
7.7,8.47
7.54,8.47
7.37,8.47
7.34,8.47
7.41,8.47
7.42,8.47
7.45,8.47
7.55,8.47
7.47,8.47
7.42,8.47
7.29,8.47
7.24,8.47
7.52,8.47
8.89,8.57
9.12,8.57
8.79,8.57
8.48,8.57
8.38,8.57
7.96,8.57
7.56,8.57
7.72,8.57
7.8,8.57
7.75,8.57
7.7,8.57
7.54,8.57
7.37,8.57
7.34,8.57
7.41,8.57
7.42,8.57
7.45,8.57
7.55,8.57
7.47,8.57
7.42,8.57
7.29,8.57
7.24,8.57
7.52,8.57
7.71,8.57
9.12,8.89
8.79,8.89
8.48,8.89
8.38,8.89
7.96,8.89
7.56,8.89
7.72,8.89
7.8,8.89
7.75,8.89
7.7,8.89
7.54,8.89
7.37,8.89
7.34,8.89
7.41,8.89
7.42,8.89
7.45,8.89
7.55,8.89
7.47,8.89
7.42,8.89
7.29,8.89
7.24,8.89
7.52,8.89
7.71,8.89
7.75,8.89
8.79,9.12
8.48,9.12
8.38,9.12
7.96,9.12
7.56,9.12
7.72,9.12
7.8,9.12
7.75,9.12
7.7,9.12
7.54,9.12
7.37,9.12
7.34,9.12
7.41,9.12
7.42,9.12
7.45,9.12
7.55,9.12
7.47,9.12
7.42,9.12
7.29,9.12
7.24,9.12
7.52,9.12
7.71,9.12
7.75,9.12
7.8,9.12
8.48,8.79
8.38,8.79
7.96,8.79
7.56,8.79
7.72,8.79
7.8,8.79
7.75,8.79
7.7,8.79
7.54,8.79
7.37,8.79
7.34,8.79
7.41,8.79
7.42,8.79
7.45,8.79
7.55,8.79
7.47,8.79
7.42,8.79
7.29,8.79
7.24,8.79
7.52,8.79
7.71,8.79
7.75,8.79
7.8,8.79
7.76,8.79
8.38,8.48
7.96,8.48
7.56,8.48
7.72,8.48
7.8,8.48
7.75,8.48
7.7,8.48
7.54,8.48
7.37,8.48
7.34,8.48
7.41,8.48
7.42,8.48
7.45,8.48
7.55,8.48
7.47,8.48
7.42,8.48
7.29,8.48
7.24,8.48
7.52,8.48
7.71,8.48
7.75,8.48
7.8,8.48
7.76,8.48
7.91,8.48
7.96,8.38
7.56,8.38
7.72,8.38
7.8,8.38
7.75,8.38
7.7,8.38
7.54,8.38
7.37,8.38
7.34,8.38
7.41,8.38
7.42,8.38
7.45,8.38
7.55,8.38
7.47,8.38
7.42,8.38
7.29,8.38
7.24,8.38
7.52,8.38
7.71,8.38
7.75,8.38
7.8,8.38
7.76,8.38
7.91,8.38
8.18,8.38
7.56,7.96
7.72,7.96
7.8,7.96
7.75,7.96
7.7,7.96
7.54,7.96
7.37,7.96
7.34,7.96
7.41,7.96
7.42,7.96
7.45,7.96
7.55,7.96
7.47,7.96
7.42,7.96
7.29,7.96
7.24,7.96
7.52,7.96
7.71,7.96
7.75,7.96
7.8,7.96
7.76,7.96
7.91,7.96
8.18,7.96
8.18,7.96
7.72,7.56
7.8,7.56
7.75,7.56
7.7,7.56
7.54,7.56
7.37,7.56
7.34,7.56
7.41,7.56
7.42,7.56
7.45,7.56
7.55,7.56
7.47,7.56
7.42,7.56
7.29,7.56
7.24,7.56
7.52,7.56
7.71,7.56
7.75,7.56
7.8,7.56
7.76,7.56
7.91,7.56
8.18,7.56
8.18,7.56
8.03,7.56
7.8,7.72
7.75,7.72
7.7,7.72
7.54,7.72
7.37,7.72
7.34,7.72
7.41,7.72
7.42,7.72
7.45,7.72
7.55,7.72
7.47,7.72
7.42,7.72
7.29,7.72
7.24,7.72
7.52,7.72
7.71,7.72
7.75,7.72
7.8,7.72
7.76,7.72
7.91,7.72
8.18,7.72
8.18,7.72
8.03,7.72
7.91,7.72
7.75,7.8
7.7,7.8
7.54,7.8
7.37,7.8
7.34,7.8
7.41,7.8
7.42,7.8
7.45,7.8
7.55,7.8
7.47,7.8
7.42,7.8
7.29,7.8
7.24,7.8
7.52,7.8
7.71,7.8
7.75,7.8
7.8,7.8
7.76,7.8
7.91,7.8
8.18,7.8
8.18,7.8
8.03,7.8
7.91,7.8
7.68,7.8
7.7,7.75
7.54,7.75
7.37,7.75
7.34,7.75
7.41,7.75
7.42,7.75
7.45,7.75
7.55,7.75
7.47,7.75
7.42,7.75
7.29,7.75
7.24,7.75
7.52,7.75
7.71,7.75
7.75,7.75
7.8,7.75
7.76,7.75
7.91,7.75
8.18,7.75
8.18,7.75
8.03,7.75
7.91,7.75
7.68,7.75
7.72,7.75
7.54,7.7
7.37,7.7
7.34,7.7
7.41,7.7
7.42,7.7
7.45,7.7
7.55,7.7
7.47,7.7
7.42,7.7
7.29,7.7
7.24,7.7
7.52,7.7
7.71,7.7
7.75,7.7
7.8,7.7
7.76,7.7
7.91,7.7
8.18,7.7
8.18,7.7
8.03,7.7
7.91,7.7
7.68,7.7
7.72,7.7
7.6,7.7
7.37,7.54
7.34,7.54
7.41,7.54
7.42,7.54
7.45,7.54
7.55,7.54
7.47,7.54
7.42,7.54
7.29,7.54
7.24,7.54
7.52,7.54
7.71,7.54
7.75,7.54
7.8,7.54
7.76,7.54
7.91,7.54
8.18,7.54
8.18,7.54
8.03,7.54
7.91,7.54
7.68,7.54
7.72,7.54
7.6,7.54
7.54,7.54
7.34,7.37
7.41,7.37
7.42,7.37
7.45,7.37
7.55,7.37
7.47,7.37
7.42,7.37
7.29,7.37
7.24,7.37
7.52,7.37
7.71,7.37
7.75,7.37
7.8,7.37
7.76,7.37
7.91,7.37
8.18,7.37
8.18,7.37
8.03,7.37
7.91,7.37
7.68,7.37
7.72,7.37
7.6,7.37
7.54,7.37
7.53,7.37
7.41,7.34
7.42,7.34
7.45,7.34
7.55,7.34
7.47,7.34
7.42,7.34
7.29,7.34
7.24,7.34
7.52,7.34
7.71,7.34
7.75,7.34
7.8,7.34
7.76,7.34
7.91,7.34
8.18,7.34
8.18,7.34
8.03,7.34
7.91,7.34
7.68,7.34
7.72,7.34
7.6,7.34
7.54,7.34
7.53,7.34
7.43,7.34
7.42,7.41
7.45,7.41
7.55,7.41
7.47,7.41
7.42,7.41
7.29,7.41
7.24,7.41
7.52,7.41
7.71,7.41
7.75,7.41
7.8,7.41
7.76,7.41
7.91,7.41
8.18,7.41
8.18,7.41
8.03,7.41
7.91,7.41
7.68,7.41
7.72,7.41
7.6,7.41
7.54,7.41
7.53,7.41
7.43,7.41
7.28,7.41
7.45,7.42
7.55,7.42
7.47,7.42
7.42,7.42
7.29,7.42
7.24,7.42
7.52,7.42
7.71,7.42
7.75,7.42
7.8,7.42
7.76,7.42
7.91,7.42
8.18,7.42
8.18,7.42
8.03,7.42
7.91,7.42
7.68,7.42
7.72,7.42
7.6,7.42
7.54,7.42
7.53,7.42
7.43,7.42
7.28,7.42
7.1,7.42
7.55,7.45
7.47,7.45
7.42,7.45
7.29,7.45
7.24,7.45
7.52,7.45
7.71,7.45
7.75,7.45
7.8,7.45
7.76,7.45
7.91,7.45
8.18,7.45
8.18,7.45
8.03,7.45
7.91,7.45
7.68,7.45
7.72,7.45
7.6,7.45
7.54,7.45
7.53,7.45
7.43,7.45
7.28,7.45
7.1,7.45
6.95,7.45
7.47,7.55
7.42,7.55
7.29,7.55
7.24,7.55
7.52,7.55
7.71,7.55
7.75,7.55
7.8,7.55
7.76,7.55
7.91,7.55
8.18,7.55
8.18,7.55
8.03,7.55
7.91,7.55
7.68,7.55
7.72,7.55
7.6,7.55
7.54,7.55
7.53,7.55
7.43,7.55
7.28,7.55
7.1,7.55
6.95,7.55
6.78,7.55
7.42,7.47
7.29,7.47
7.24,7.47
7.52,7.47
7.71,7.47
7.75,7.47
7.8,7.47
7.76,7.47
7.91,7.47
8.18,7.47
8.18,7.47
8.03,7.47
7.91,7.47
7.68,7.47
7.72,7.47
7.6,7.47
7.54,7.47
7.53,7.47
7.43,7.47
7.28,7.47
7.1,7.47
6.95,7.47
6.78,7.47
6.69,7.47
7.29,7.42
7.24,7.42
7.52,7.42
7.71,7.42
7.75,7.42
7.8,7.42
7.76,7.42
7.91,7.42
8.18,7.42
8.18,7.42
8.03,7.42
7.91,7.42
7.68,7.42
7.72,7.42
7.6,7.42
7.54,7.42
7.53,7.42
7.43,7.42
7.28,7.42
7.1,7.42
6.95,7.42
6.78,7.42
6.69,7.42
6.61,7.42
7.24,7.29
7.52,7.29
7.71,7.29
7.75,7.29
7.8,7.29
7.76,7.29
7.91,7.29
8.18,7.29
8.18,7.29
8.03,7.29
7.91,7.29
7.68,7.29
7.72,7.29
7.6,7.29
7.54,7.29
7.53,7.29
7.43,7.29
7.28,7.29
7.1,7.29
6.95,7.29
6.78,7.29
6.69,7.29
6.61,7.29
6.47,7.29
7.52,7.24
7.71,7.24
7.75,7.24
7.8,7.24
7.76,7.24
7.91,7.24
8.18,7.24
8.18,7.24
8.03,7.24
7.91,7.24
7.68,7.24
7.72,7.24
7.6,7.24
7.54,7.24
7.53,7.24
7.43,7.24
7.28,7.24
7.1,7.24
6.95,7.24
6.78,7.24
6.69,7.24
6.61,7.24
6.47,7.24
6.36,7.24
7.71,7.52
7.75,7.52
7.8,7.52
7.76,7.52
7.91,7.52
8.18,7.52
8.18,7.52
8.03,7.52
7.91,7.52
7.68,7.52
7.72,7.52
7.6,7.52
7.54,7.52
7.53,7.52
7.43,7.52
7.28,7.52
7.1,7.52
6.95,7.52
6.78,7.52
6.69,7.52
6.61,7.52
6.47,7.52
6.36,7.52
6.42,7.52
7.75,7.71
7.8,7.71
7.76,7.71
7.91,7.71
8.18,7.71
8.18,7.71
8.03,7.71
7.91,7.71
7.68,7.71
7.72,7.71
7.6,7.71
7.54,7.71
7.53,7.71
7.43,7.71
7.28,7.71
7.1,7.71
6.95,7.71
6.78,7.71
6.69,7.71
6.61,7.71
6.47,7.71
6.36,7.71
6.42,7.71
6.49,7.71
7.8,7.75
7.76,7.75
7.91,7.75
8.18,7.75
8.18,7.75
8.03,7.75
7.91,7.75
7.68,7.75
7.72,7.75
7.6,7.75
7.54,7.75
7.53,7.75
7.43,7.75
7.28,7.75
7.1,7.75
6.95,7.75
6.78,7.75
6.69,7.75
6.61,7.75
6.47,7.75
6.36,7.75
6.42,7.75
6.49,7.75
6.48,7.75
7.76,7.8
7.91,7.8
8.18,7.8
8.18,7.8
8.03,7.8
7.91,7.8
7.68,7.8
7.72,7.8
7.6,7.8
7.54,7.8
7.53,7.8
7.43,7.8
7.28,7.8
7.1,7.8
6.95,7.8
6.78,7.8
6.69,7.8
6.61,7.8
6.47,7.8
6.36,7.8
6.42,7.8
6.49,7.8
6.48,7.8
6.43,7.8
7.91,7.76
8.18,7.76
8.18,7.76
8.03,7.76
7.91,7.76
7.68,7.76
7.72,7.76
7.6,7.76
7.54,7.76
7.53,7.76
7.43,7.76
7.28,7.76
7.1,7.76
6.95,7.76
6.78,7.76
6.69,7.76
6.61,7.76
6.47,7.76
6.36,7.76
6.42,7.76
6.49,7.76
6.48,7.76
6.43,7.76
6.34,7.76
8.18,7.91
8.18,7.91
8.03,7.91
7.91,7.91
7.68,7.91
7.72,7.91
7.6,7.91
7.54,7.91
7.53,7.91
7.43,7.91
7.28,7.91
7.1,7.91
6.95,7.91
6.78,7.91
6.69,7.91
6.61,7.91
6.47,7.91
6.36,7.91
6.42,7.91
6.49,7.91
6.48,7.91
6.43,7.91
6.34,7.91
6.27,7.91
8.18,8.18
8.03,8.18
7.91,8.18
7.68,8.18
7.72,8.18
7.6,8.18
7.54,8.18
7.53,8.18
7.43,8.18
7.28,8.18
7.1,8.18
6.95,8.18
6.78,8.18
6.69,8.18
6.61,8.18
6.47,8.18
6.36,8.18
6.42,8.18
6.49,8.18
6.48,8.18
6.43,8.18
6.34,8.18
6.27,8.18
6.29,8.18
8.03,8.18
7.91,8.18
7.68,8.18
7.72,8.18
7.6,8.18
7.54,8.18
7.53,8.18
7.43,8.18
7.28,8.18
7.1,8.18
6.95,8.18
6.78,8.18
6.69,8.18
6.61,8.18
6.47,8.18
6.36,8.18
6.42,8.18
6.49,8.18
6.48,8.18
6.43,8.18
6.34,8.18
6.27,8.18
6.29,8.18
6.34,8.18
7.91,8.03
7.68,8.03
7.72,8.03
7.6,8.03
7.54,8.03
7.53,8.03
7.43,8.03
7.28,8.03
7.1,8.03
6.95,8.03
6.78,8.03
6.69,8.03
6.61,8.03
6.47,8.03
6.36,8.03
6.42,8.03
6.49,8.03
6.48,8.03
6.43,8.03
6.34,8.03
6.27,8.03
6.29,8.03
6.34,8.03
6.37,8.03
7.68,7.91
7.72,7.91
7.6,7.91
7.54,7.91
7.53,7.91
7.43,7.91
7.28,7.91
7.1,7.91
6.95,7.91
6.78,7.91
6.69,7.91
6.61,7.91
6.47,7.91
6.36,7.91
6.42,7.91
6.49,7.91
6.48,7.91
6.43,7.91
6.34,7.91
6.27,7.91
6.29,7.91
6.34,7.91
6.37,7.91
6.25,7.91
7.72,7.68
7.6,7.68
7.54,7.68
7.53,7.68
7.43,7.68
7.28,7.68
7.1,7.68
6.95,7.68
6.78,7.68
6.69,7.68
6.61,7.68
6.47,7.68
6.36,7.68
6.42,7.68
6.49,7.68
6.48,7.68
6.43,7.68
6.34,7.68
6.27,7.68
6.29,7.68
6.34,7.68
6.37,7.68
6.25,7.68
6.1,7.68
7.6,7.72
7.54,7.72
7.53,7.72
7.43,7.72
7.28,7.72
7.1,7.72
6.95,7.72
6.78,7.72
6.69,7.72
6.61,7.72
6.47,7.72
6.36,7.72
6.42,7.72
6.49,7.72
6.48,7.72
6.43,7.72
6.34,7.72
6.27,7.72
6.29,7.72
6.34,7.72
6.37,7.72
6.25,7.72
6.1,7.72
6.09,7.72
7.54,7.6
7.53,7.6
7.43,7.6
7.28,7.6
7.1,7.6
6.95,7.6
6.78,7.6
6.69,7.6
6.61,7.6
6.47,7.6
6.36,7.6
6.42,7.6
6.49,7.6
6.48,7.6
6.43,7.6
6.34,7.6
6.27,7.6
6.29,7.6
6.34,7.6
6.37,7.6
6.25,7.6
6.1,7.6
6.09,7.6
6.13,7.6
7.53,7.54
7.43,7.54
7.28,7.54
7.1,7.54
6.95,7.54
6.78,7.54
6.69,7.54
6.61,7.54
6.47,7.54
6.36,7.54
6.42,7.54
6.49,7.54
6.48,7.54
6.43,7.54
6.34,7.54
6.27,7.54
6.29,7.54
6.34,7.54
6.37,7.54
6.25,7.54
6.1,7.54
6.09,7.54
6.13,7.54
6.23,7.54
7.43,7.53
7.28,7.53
7.1,7.53
6.95,7.53
6.78,7.53
6.69,7.53
6.61,7.53
6.47,7.53
6.36,7.53
6.42,7.53
6.49,7.53
6.48,7.53
6.43,7.53
6.34,7.53
6.27,7.53
6.29,7.53
6.34,7.53
6.37,7.53
6.25,7.53
6.1,7.53
6.09,7.53
6.13,7.53
6.23,7.53
6.24,7.53
7.28,7.43
7.1,7.43
6.95,7.43
6.78,7.43
6.69,7.43
6.61,7.43
6.47,7.43
6.36,7.43
6.42,7.43
6.49,7.43
6.48,7.43
6.43,7.43
6.34,7.43
6.27,7.43
6.29,7.43
6.34,7.43
6.37,7.43
6.25,7.43
6.1,7.43
6.09,7.43
6.13,7.43
6.23,7.43
6.24,7.43
6.22,7.43
7.1,7.28
6.95,7.28
6.78,7.28
6.69,7.28
6.61,7.28
6.47,7.28
6.36,7.28
6.42,7.28
6.49,7.28
6.48,7.28
6.43,7.28
6.34,7.28
6.27,7.28
6.29,7.28
6.34,7.28
6.37,7.28
6.25,7.28
6.1,7.28
6.09,7.28
6.13,7.28
6.23,7.28
6.24,7.28
6.22,7.28
6.3,7.28
6.95,7.1
6.78,7.1
6.69,7.1
6.61,7.1
6.47,7.1
6.36,7.1
6.42,7.1
6.49,7.1
6.48,7.1
6.43,7.1
6.34,7.1
6.27,7.1
6.29,7.1
6.34,7.1
6.37,7.1
6.25,7.1
6.1,7.1
6.09,7.1
6.13,7.1
6.23,7.1
6.24,7.1
6.22,7.1
6.3,7.1
6.29,7.1
6.78,6.95
6.69,6.95
6.61,6.95
6.47,6.95
6.36,6.95
6.42,6.95
6.49,6.95
6.48,6.95
6.43,6.95
6.34,6.95
6.27,6.95
6.29,6.95
6.34,6.95
6.37,6.95
6.25,6.95
6.1,6.95
6.09,6.95
6.13,6.95
6.23,6.95
6.24,6.95
6.22,6.95
6.3,6.95
6.29,6.95
6.25,6.95
6.69,6.78
6.61,6.78
6.47,6.78
6.36,6.78
6.42,6.78
6.49,6.78
6.48,6.78
6.43,6.78
6.34,6.78
6.27,6.78
6.29,6.78
6.34,6.78
6.37,6.78
6.25,6.78
6.1,6.78
6.09,6.78
6.13,6.78
6.23,6.78
6.24,6.78
6.22,6.78
6.3,6.78
6.29,6.78
6.25,6.78
6.2,6.78
6.61,6.69
6.47,6.69
6.36,6.69
6.42,6.69
6.49,6.69
6.48,6.69
6.43,6.69
6.34,6.69
6.27,6.69
6.29,6.69
6.34,6.69
6.37,6.69
6.25,6.69
6.1,6.69
6.09,6.69
6.13,6.69
6.23,6.69
6.24,6.69
6.22,6.69
6.3,6.69
6.29,6.69
6.25,6.69
6.2,6.69
6.2,6.69
6.47,6.61
6.36,6.61
6.42,6.61
6.49,6.61
6.48,6.61
6.43,6.61
6.34,6.61
6.27,6.61
6.29,6.61
6.34,6.61
6.37,6.61
6.25,6.61
6.1,6.61
6.09,6.61
6.13,6.61
6.23,6.61
6.24,6.61
6.22,6.61
6.3,6.61
6.29,6.61
6.25,6.61
6.2,6.61
6.2,6.61
6.2,6.61
6.36,6.47
6.42,6.47
6.49,6.47
6.48,6.47
6.43,6.47
6.34,6.47
6.27,6.47
6.29,6.47
6.34,6.47
6.37,6.47
6.25,6.47
6.1,6.47
6.09,6.47
6.13,6.47
6.23,6.47
6.24,6.47
6.22,6.47
6.3,6.47
6.29,6.47
6.25,6.47
6.2,6.47
6.2,6.47
6.2,6.47
6.16,6.47
6.42,6.36
6.49,6.36
6.48,6.36
6.43,6.36
6.34,6.36
6.27,6.36
6.29,6.36
6.34,6.36
6.37,6.36
6.25,6.36
6.1,6.36
6.09,6.36
6.13,6.36
6.23,6.36
6.24,6.36
6.22,6.36
6.3,6.36
6.29,6.36
6.25,6.36
6.2,6.36
6.2,6.36
6.2,6.36
6.16,6.36
6.14,6.36
6.49,6.42
6.48,6.42
6.43,6.42
6.34,6.42
6.27,6.42
6.29,6.42
6.34,6.42
6.37,6.42
6.25,6.42
6.1,6.42
6.09,6.42
6.13,6.42
6.23,6.42
6.24,6.42
6.22,6.42
6.3,6.42
6.29,6.42
6.25,6.42
6.2,6.42
6.2,6.42
6.2,6.42
6.16,6.42
6.14,6.42
6.14,6.42
6.48,6.49
6.43,6.49
6.34,6.49
6.27,6.49
6.29,6.49
6.34,6.49
6.37,6.49
6.25,6.49
6.1,6.49
6.09,6.49
6.13,6.49
6.23,6.49
6.24,6.49
6.22,6.49
6.3,6.49
6.29,6.49
6.25,6.49
6.2,6.49
6.2,6.49
6.2,6.49
6.16,6.49
6.14,6.49
6.14,6.49
6.14,6.49
6.43,6.48
6.34,6.48
6.27,6.48
6.29,6.48
6.34,6.48
6.37,6.48
6.25,6.48
6.1,6.48
6.09,6.48
6.13,6.48
6.23,6.48
6.24,6.48
6.22,6.48
6.3,6.48
6.29,6.48
6.25,6.48
6.2,6.48
6.2,6.48
6.2,6.48
6.16,6.48
6.14,6.48
6.14,6.48
6.14,6.48
6.14,6.48
6.34,6.43
6.27,6.43
6.29,6.43
6.34,6.43
6.37,6.43
6.25,6.43
6.1,6.43
6.09,6.43
6.13,6.43
6.23,6.43
6.24,6.43
6.22,6.43
6.3,6.43
6.29,6.43
6.25,6.43
6.2,6.43
6.2,6.43
6.2,6.43
6.16,6.43
6.14,6.43
6.14,6.43
6.14,6.43
6.14,6.43
6.19,6.43
6.27,6.34
6.29,6.34
6.34,6.34
6.37,6.34
6.25,6.34
6.1,6.34
6.09,6.34
6.13,6.34
6.23,6.34
6.24,6.34
6.22,6.34
6.3,6.34
6.29,6.34
6.25,6.34
6.2,6.34
6.2,6.34
6.2,6.34
6.16,6.34
6.14,6.34
6.14,6.34
6.14,6.34
6.14,6.34
6.19,6.34
6.17,6.34
6.29,6.27
6.34,6.27
6.37,6.27
6.25,6.27
6.1,6.27
6.09,6.27
6.13,6.27
6.23,6.27
6.24,6.27
6.22,6.27
6.3,6.27
6.29,6.27
6.25,6.27
6.2,6.27
6.2,6.27
6.2,6.27
6.16,6.27
6.14,6.27
6.14,6.27
6.14,6.27
6.14,6.27
6.19,6.27
6.17,6.27
6.03,6.27
6.34,6.29
6.37,6.29
6.25,6.29
6.1,6.29
6.09,6.29
6.13,6.29
6.23,6.29
6.24,6.29
6.22,6.29
6.3,6.29
6.29,6.29
6.25,6.29
6.2,6.29
6.2,6.29
6.2,6.29
6.16,6.29
6.14,6.29
6.14,6.29
6.14,6.29
6.14,6.29
6.19,6.29
6.17,6.29
6.03,6.29
5.67,6.29
6.37,6.34
6.25,6.34
6.1,6.34
6.09,6.34
6.13,6.34
6.23,6.34
6.24,6.34
6.22,6.34
6.3,6.34
6.29,6.34
6.25,6.34
6.2,6.34
6.2,6.34
6.2,6.34
6.16,6.34
6.14,6.34
6.14,6.34
6.14,6.34
6.14,6.34
6.19,6.34
6.17,6.34
6.03,6.34
5.67,6.34
5.41,6.34
6.25,6.37
6.1,6.37
6.09,6.37
6.13,6.37
6.23,6.37
6.24,6.37
6.22,6.37
6.3,6.37
6.29,6.37
6.25,6.37
6.2,6.37
6.2,6.37
6.2,6.37
6.16,6.37
6.14,6.37
6.14,6.37
6.14,6.37
6.14,6.37
6.19,6.37
6.17,6.37
6.03,6.37
5.67,6.37
5.41,6.37
5.38,6.37
6.1,6.25
6.09,6.25
6.13,6.25
6.23,6.25
6.24,6.25
6.22,6.25
6.3,6.25
6.29,6.25
6.25,6.25
6.2,6.25
6.2,6.25
6.2,6.25
6.16,6.25
6.14,6.25
6.14,6.25
6.14,6.25
6.14,6.25
6.19,6.25
6.17,6.25
6.03,6.25
5.67,6.25
5.41,6.25
5.38,6.25
5.4,6.25
6.09,6.1
6.13,6.1
6.23,6.1
6.24,6.1
6.22,6.1
6.3,6.1
6.29,6.1
6.25,6.1
6.2,6.1
6.2,6.1
6.2,6.1
6.16,6.1
6.14,6.1
6.14,6.1
6.14,6.1
6.14,6.1
6.19,6.1
6.17,6.1
6.03,6.1
5.67,6.1
5.41,6.1
5.38,6.1
5.4,6.1
5.43,6.1
6.13,6.09
6.23,6.09
6.24,6.09
6.22,6.09
6.3,6.09
6.29,6.09
6.25,6.09
6.2,6.09
6.2,6.09
6.2,6.09
6.16,6.09
6.14,6.09
6.14,6.09
6.14,6.09
6.14,6.09
6.19,6.09
6.17,6.09
6.03,6.09
5.67,6.09
5.41,6.09
5.38,6.09
5.4,6.09
5.43,6.09
5.58,6.09
6.23,6.13
6.24,6.13
6.22,6.13
6.3,6.13
6.29,6.13
6.25,6.13
6.2,6.13
6.2,6.13
6.2,6.13
6.16,6.13
6.14,6.13
6.14,6.13
6.14,6.13
6.14,6.13
6.19,6.13
6.17,6.13
6.03,6.13
5.67,6.13
5.41,6.13
5.38,6.13
5.4,6.13
5.43,6.13
5.58,6.13
5.6,6.13
6.24,6.23
6.22,6.23
6.3,6.23
6.29,6.23
6.25,6.23
6.2,6.23
6.2,6.23
6.2,6.23
6.16,6.23
6.14,6.23
6.14,6.23
6.14,6.23
6.14,6.23
6.19,6.23
6.17,6.23
6.03,6.23
5.67,6.23
5.41,6.23
5.38,6.23
5.4,6.23
5.43,6.23
5.58,6.23
5.6,6.23
5.6,6.23
6.22,6.24
6.3,6.24
6.29,6.24
6.25,6.24
6.2,6.24
6.2,6.24
6.2,6.24
6.16,6.24
6.14,6.24
6.14,6.24
6.14,6.24
6.14,6.24
6.19,6.24
6.17,6.24
6.03,6.24
5.67,6.24
5.41,6.24
5.38,6.24
5.4,6.24
5.43,6.24
5.58,6.24
5.6,6.24
5.6,6.24
5.64,6.24
6.3,6.22
6.29,6.22
6.25,6.22
6.2,6.22
6.2,6.22
6.2,6.22
6.16,6.22
6.14,6.22
6.14,6.22
6.14,6.22
6.14,6.22
6.19,6.22
6.17,6.22
6.03,6.22
5.67,6.22
5.41,6.22
5.38,6.22
5.4,6.22
5.43,6.22
5.58,6.22
5.6,6.22
5.6,6.22
5.64,6.22
5.74,6.22
6.29,6.3
6.25,6.3
6.2,6.3
6.2,6.3
6.2,6.3
6.16,6.3
6.14,6.3
6.14,6.3
6.14,6.3
6.14,6.3
6.19,6.3
6.17,6.3
6.03,6.3
5.67,6.3
5.41,6.3
5.38,6.3
5.4,6.3
5.43,6.3
5.58,6.3
5.6,6.3
5.6,6.3
5.64,6.3
5.74,6.3
5.76,6.3
6.25,6.29
6.2,6.29
6.2,6.29
6.2,6.29
6.16,6.29
6.14,6.29
6.14,6.29
6.14,6.29
6.14,6.29
6.19,6.29
6.17,6.29
6.03,6.29
5.67,6.29
5.41,6.29
5.38,6.29
5.4,6.29
5.43,6.29
5.58,6.29
5.6,6.29
5.6,6.29
5.64,6.29
5.74,6.29
5.76,6.29
5.8,6.29
6.2,6.25
6.2,6.25
6.2,6.25
6.16,6.25
6.14,6.25
6.14,6.25
6.14,6.25
6.14,6.25
6.19,6.25
6.17,6.25
6.03,6.25
5.67,6.25
5.41,6.25
5.38,6.25
5.4,6.25
5.43,6.25
5.58,6.25
5.6,6.25
5.6,6.25
5.64,6.25
5.74,6.25
5.76,6.25
5.8,6.25
5.73,6.25
6.2,6.2
6.2,6.2
6.16,6.2
6.14,6.2
6.14,6.2
6.14,6.2
6.14,6.2
6.19,6.2
6.17,6.2
6.03,6.2
5.67,6.2
5.41,6.2
5.38,6.2
5.4,6.2
5.43,6.2
5.58,6.2
5.6,6.2
5.6,6.2
5.64,6.2
5.74,6.2
5.76,6.2
5.8,6.2
5.73,6.2
5.62,6.2
6.2,6.2
6.16,6.2
6.14,6.2
6.14,6.2
6.14,6.2
6.14,6.2
6.19,6.2
6.17,6.2
6.03,6.2
5.67,6.2
5.41,6.2
5.38,6.2
5.4,6.2
5.43,6.2
5.58,6.2
5.6,6.2
5.6,6.2
5.64,6.2
5.74,6.2
5.76,6.2
5.8,6.2
5.73,6.2
5.62,6.2
5.66,6.2
6.16,6.2
6.14,6.2
6.14,6.2
6.14,6.2
6.14,6.2
6.19,6.2
6.17,6.2
6.03,6.2
5.67,6.2
5.41,6.2
5.38,6.2
5.4,6.2
5.43,6.2
5.58,6.2
5.6,6.2
5.6,6.2
5.64,6.2
5.74,6.2
5.76,6.2
5.8,6.2
5.73,6.2
5.62,6.2
5.66,6.2
5.67,6.2
6.14,6.16
6.14,6.16
6.14,6.16
6.14,6.16
6.19,6.16
6.17,6.16
6.03,6.16
5.67,6.16
5.41,6.16
5.38,6.16
5.4,6.16
5.43,6.16
5.58,6.16
5.6,6.16
5.6,6.16
5.64,6.16
5.74,6.16
5.76,6.16
5.8,6.16
5.73,6.16
5.62,6.16
5.66,6.16
5.67,6.16
5.74,6.16
6.14,6.14
6.14,6.14
6.14,6.14
6.19,6.14
6.17,6.14
6.03,6.14
5.67,6.14
5.41,6.14
5.38,6.14
5.4,6.14
5.43,6.14
5.58,6.14
5.6,6.14
5.6,6.14
5.64,6.14
5.74,6.14
5.76,6.14
5.8,6.14
5.73,6.14
5.62,6.14
5.66,6.14
5.67,6.14
5.74,6.14
5.82,6.14
6.14,6.14
6.14,6.14
6.19,6.14
6.17,6.14
6.03,6.14
5.67,6.14
5.41,6.14
5.38,6.14
5.4,6.14
5.43,6.14
5.58,6.14
5.6,6.14
5.6,6.14
5.64,6.14
5.74,6.14
5.76,6.14
5.8,6.14
5.73,6.14
5.62,6.14
5.66,6.14
5.67,6.14
5.74,6.14
5.82,6.14
5.91,6.14
6.14,6.14
6.19,6.14
6.17,6.14
6.03,6.14
5.67,6.14
5.41,6.14
5.38,6.14
5.4,6.14
5.43,6.14
5.58,6.14
5.6,6.14
5.6,6.14
5.64,6.14
5.74,6.14
5.76,6.14
5.8,6.14
5.73,6.14
5.62,6.14
5.66,6.14
5.67,6.14
5.74,6.14
5.82,6.14
5.91,6.14
5.94,6.14
6.19,6.14
6.17,6.14
6.03,6.14
5.67,6.14
5.41,6.14
5.38,6.14
5.4,6.14
5.43,6.14
5.58,6.14
5.6,6.14
5.6,6.14
5.64,6.14
5.74,6.14
5.76,6.14
5.8,6.14
5.73,6.14
5.62,6.14
5.66,6.14
5.67,6.14
5.74,6.14
5.82,6.14
5.91,6.14
5.94,6.14
5.91,6.14
6.17,6.19
6.03,6.19
5.67,6.19
5.41,6.19
5.38,6.19
5.4,6.19
5.43,6.19
5.58,6.19
5.6,6.19
5.6,6.19
5.64,6.19
5.74,6.19
5.76,6.19
5.8,6.19
5.73,6.19
5.62,6.19
5.66,6.19
5.67,6.19
5.74,6.19
5.82,6.19
5.91,6.19
5.94,6.19
5.91,6.19
5.83,6.19
6.03,6.17
5.67,6.17
5.41,6.17
5.38,6.17
5.4,6.17
5.43,6.17
5.58,6.17
5.6,6.17
5.6,6.17
5.64,6.17
5.74,6.17
5.76,6.17
5.8,6.17
5.73,6.17
5.62,6.17
5.66,6.17
5.67,6.17
5.74,6.17
5.82,6.17
5.91,6.17
5.94,6.17
5.91,6.17
5.83,6.17
5.8,6.17
5.67,6.03
5.41,6.03
5.38,6.03
5.4,6.03
5.43,6.03
5.58,6.03
5.6,6.03
5.6,6.03
5.64,6.03
5.74,6.03
5.76,6.03
5.8,6.03
5.73,6.03
5.62,6.03
5.66,6.03
5.67,6.03
5.74,6.03
5.82,6.03
5.91,6.03
5.94,6.03
5.91,6.03
5.83,6.03
5.8,6.03
5.74,6.03
5.41,5.67
5.38,5.67
5.4,5.67
5.43,5.67
5.58,5.67
5.6,5.67
5.6,5.67
5.64,5.67
5.74,5.67
5.76,5.67
5.8,5.67
5.73,5.67
5.62,5.67
5.66,5.67
5.67,5.67
5.74,5.67
5.82,5.67
5.91,5.67
5.94,5.67
5.91,5.67
5.83,5.67
5.8,5.67
5.74,5.67
5.74,5.67
5.38,5.41
5.4,5.41
5.43,5.41
5.58,5.41
5.6,5.41
5.6,5.41
5.64,5.41
5.74,5.41
5.76,5.41
5.8,5.41
5.73,5.41
5.62,5.41
5.66,5.41
5.67,5.41
5.74,5.41
5.82,5.41
5.91,5.41
5.94,5.41
5.91,5.41
5.83,5.41
5.8,5.41
5.74,5.41
5.74,5.41
5.7,5.41
5.4,5.38
5.43,5.38
5.58,5.38
5.6,5.38
5.6,5.38
5.64,5.38
5.74,5.38
5.76,5.38
5.8,5.38
5.73,5.38
5.62,5.38
5.66,5.38
5.67,5.38
5.74,5.38
5.82,5.38
5.91,5.38
5.94,5.38
5.91,5.38
5.83,5.38
5.8,5.38
5.74,5.38
5.74,5.38
5.7,5.38
5.66,5.38
5.43,5.4
5.58,5.4
5.6,5.4
5.6,5.4
5.64,5.4
5.74,5.4
5.76,5.4
5.8,5.4
5.73,5.4
5.62,5.4
5.66,5.4
5.67,5.4
5.74,5.4
5.82,5.4
5.91,5.4
5.94,5.4
5.91,5.4
5.83,5.4
5.8,5.4
5.74,5.4
5.74,5.4
5.7,5.4
5.66,5.4
5.59,5.4
5.58,5.43
5.6,5.43
5.6,5.43
5.64,5.43
5.74,5.43
5.76,5.43
5.8,5.43
5.73,5.43
5.62,5.43
5.66,5.43
5.67,5.43
5.74,5.43
5.82,5.43
5.91,5.43
5.94,5.43
5.91,5.43
5.83,5.43
5.8,5.43
5.74,5.43
5.74,5.43
5.7,5.43
5.66,5.43
5.59,5.43
5.54,5.43
5.6,5.58
5.6,5.58
5.64,5.58
5.74,5.58
5.76,5.58
5.8,5.58
5.73,5.58
5.62,5.58
5.66,5.58
5.67,5.58
5.74,5.58
5.82,5.58
5.91,5.58
5.94,5.58
5.91,5.58
5.83,5.58
5.8,5.58
5.74,5.58
5.74,5.58
5.7,5.58
5.66,5.58
5.59,5.58
5.54,5.58
5.54,5.58
5.6,5.6
5.64,5.6
5.74,5.6
5.76,5.6
5.8,5.6
5.73,5.6
5.62,5.6
5.66,5.6
5.67,5.6
5.74,5.6
5.82,5.6
5.91,5.6
5.94,5.6
5.91,5.6
5.83,5.6
5.8,5.6
5.74,5.6
5.74,5.6
5.7,5.6
5.66,5.6
5.59,5.6
5.54,5.6
5.54,5.6
5.57,5.6
5.64,5.6
5.74,5.6
5.76,5.6
5.8,5.6
5.73,5.6
5.62,5.6
5.66,5.6
5.67,5.6
5.74,5.6
5.82,5.6
5.91,5.6
5.94,5.6
5.91,5.6
5.83,5.6
5.8,5.6
5.74,5.6
5.74,5.6
5.7,5.6
5.66,5.6
5.59,5.6
5.54,5.6
5.54,5.6
5.57,5.6
5.62,5.6
5.74,5.64
5.76,5.64
5.8,5.64
5.73,5.64
5.62,5.64
5.66,5.64
5.67,5.64
5.74,5.64
5.82,5.64
5.91,5.64
5.94,5.64
5.91,5.64
5.83,5.64
5.8,5.64
5.74,5.64
5.74,5.64
5.7,5.64
5.66,5.64
5.59,5.64
5.54,5.64
5.54,5.64
5.57,5.64
5.62,5.64
5.6,5.64
5.76,5.74
5.8,5.74
5.73,5.74
5.62,5.74
5.66,5.74
5.67,5.74
5.74,5.74
5.82,5.74
5.91,5.74
5.94,5.74
5.91,5.74
5.83,5.74
5.8,5.74
5.74,5.74
5.74,5.74
5.7,5.74
5.66,5.74
5.59,5.74
5.54,5.74
5.54,5.74
5.57,5.74
5.62,5.74
5.6,5.74
5.61,5.74
5.8,5.76
5.73,5.76
5.62,5.76
5.66,5.76
5.67,5.76
5.74,5.76
5.82,5.76
5.91,5.76
5.94,5.76
5.91,5.76
5.83,5.76
5.8,5.76
5.74,5.76
5.74,5.76
5.7,5.76
5.66,5.76
5.59,5.76
5.54,5.76
5.54,5.76
5.57,5.76
5.62,5.76
5.6,5.76
5.61,5.76
5.64,5.76
5.73,5.8
5.62,5.8
5.66,5.8
5.67,5.8
5.74,5.8
5.82,5.8
5.91,5.8
5.94,5.8
5.91,5.8
5.83,5.8
5.8,5.8
5.74,5.8
5.74,5.8
5.7,5.8
5.66,5.8
5.59,5.8
5.54,5.8
5.54,5.8
5.57,5.8
5.62,5.8
5.6,5.8
5.61,5.8
5.64,5.8
5.7,5.8
5.62,5.73
5.66,5.73
5.67,5.73
5.74,5.73
5.82,5.73
5.91,5.73
5.94,5.73
5.91,5.73
5.83,5.73
5.8,5.73
5.74,5.73
5.74,5.73
5.7,5.73
5.66,5.73
5.59,5.73
5.54,5.73
5.54,5.73
5.57,5.73
5.62,5.73
5.6,5.73
5.61,5.73
5.64,5.73
5.7,5.73
5.73,5.73
5.66,5.62
5.67,5.62
5.74,5.62
5.82,5.62
5.91,5.62
5.94,5.62
5.91,5.62
5.83,5.62
5.8,5.62
5.74,5.62
5.74,5.62
5.7,5.62
5.66,5.62
5.59,5.62
5.54,5.62
5.54,5.62
5.57,5.62
5.62,5.62
5.6,5.62
5.61,5.62
5.64,5.62
5.7,5.62
5.73,5.62
5.79,5.62
5.67,5.66
5.74,5.66
5.82,5.66
5.91,5.66
5.94,5.66
5.91,5.66
5.83,5.66
5.8,5.66
5.74,5.66
5.74,5.66
5.7,5.66
5.66,5.66
5.59,5.66
5.54,5.66
5.54,5.66
5.57,5.66
5.62,5.66
5.6,5.66
5.61,5.66
5.64,5.66
5.7,5.66
5.73,5.66
5.79,5.66
5.84,5.66
5.74,5.67
5.82,5.67
5.91,5.67
5.94,5.67
5.91,5.67
5.83,5.67
5.8,5.67
5.74,5.67
5.74,5.67
5.7,5.67
5.66,5.67
5.59,5.67
5.54,5.67
5.54,5.67
5.57,5.67
5.62,5.67
5.6,5.67
5.61,5.67
5.64,5.67
5.7,5.67
5.73,5.67
5.79,5.67
5.84,5.67
5.87,5.67
5.82,5.74
5.91,5.74
5.94,5.74
5.91,5.74
5.83,5.74
5.8,5.74
5.74,5.74
5.74,5.74
5.7,5.74
5.66,5.74
5.59,5.74
5.54,5.74
5.54,5.74
5.57,5.74
5.62,5.74
5.6,5.74
5.61,5.74
5.64,5.74
5.7,5.74
5.73,5.74
5.79,5.74
5.84,5.74
5.87,5.74
5.92,5.74
5.91,5.82
5.94,5.82
5.91,5.82
5.83,5.82
5.8,5.82
5.74,5.82
5.74,5.82
5.7,5.82
5.66,5.82
5.59,5.82
5.54,5.82
5.54,5.82
5.57,5.82
5.62,5.82
5.6,5.82
5.61,5.82
5.64,5.82
5.7,5.82
5.73,5.82
5.79,5.82
5.84,5.82
5.87,5.82
5.92,5.82
5.94,5.82
5.94,5.91
5.91,5.91
5.83,5.91
5.8,5.91
5.74,5.91
5.74,5.91
5.7,5.91
5.66,5.91
5.59,5.91
5.54,5.91
5.54,5.91
5.57,5.91
5.62,5.91
5.6,5.91
5.61,5.91
5.64,5.91
5.7,5.91
5.73,5.91
5.79,5.91
5.84,5.91
5.87,5.91
5.92,5.91
5.94,5.91
5.99,5.91
5.91,5.94
5.83,5.94
5.8,5.94
5.74,5.94
5.74,5.94
5.7,5.94
5.66,5.94
5.59,5.94
5.54,5.94
5.54,5.94
5.57,5.94
5.62,5.94
5.6,5.94
5.61,5.94
5.64,5.94
5.7,5.94
5.73,5.94
5.79,5.94
5.84,5.94
5.87,5.94
5.92,5.94
5.94,5.94
5.99,5.94
6.0,5.94
5.83,5.91
5.8,5.91
5.74,5.91
5.74,5.91
5.7,5.91
5.66,5.91
5.59,5.91
5.54,5.91
5.54,5.91
5.57,5.91
5.62,5.91
5.6,5.91
5.61,5.91
5.64,5.91
5.7,5.91
5.73,5.91
5.79,5.91
5.84,5.91
5.87,5.91
5.92,5.91
5.94,5.91
5.99,5.91
6.0,5.91
6.0,5.91
5.8,5.83
5.74,5.83
5.74,5.83
5.7,5.83
5.66,5.83
5.59,5.83
5.54,5.83
5.54,5.83
5.57,5.83
5.62,5.83
5.6,5.83
5.61,5.83
5.64,5.83
5.7,5.83
5.73,5.83
5.79,5.83
5.84,5.83
5.87,5.83
5.92,5.83
5.94,5.83
5.99,5.83
6.0,5.83
6.0,5.83
6.0,5.83
5.74,5.8
5.74,5.8
5.7,5.8
5.66,5.8
5.59,5.8
5.54,5.8
5.54,5.8
5.57,5.8
5.62,5.8
5.6,5.8
5.61,5.8
5.64,5.8
5.7,5.8
5.73,5.8
5.79,5.8
5.84,5.8
5.87,5.8
5.92,5.8
5.94,5.8
5.99,5.8
6.0,5.8
6.0,5.8
6.0,5.8
5.97,5.8
5.74,5.74
5.7,5.74
5.66,5.74
5.59,5.74
5.54,5.74
5.54,5.74
5.57,5.74
5.62,5.74
5.6,5.74
5.61,5.74
5.64,5.74
5.7,5.74
5.73,5.74
5.79,5.74
5.84,5.74
5.87,5.74
5.92,5.74
5.94,5.74
5.99,5.74
6.0,5.74
6.0,5.74
6.0,5.74
5.97,5.74
5.96,5.74
5.7,5.74
5.66,5.74
5.59,5.74
5.54,5.74
5.54,5.74
5.57,5.74
5.62,5.74
5.6,5.74
5.61,5.74
5.64,5.74
5.7,5.74
5.73,5.74
5.79,5.74
5.84,5.74
5.87,5.74
5.92,5.74
5.94,5.74
5.99,5.74
6.0,5.74
6.0,5.74
6.0,5.74
5.97,5.74
5.96,5.74
6.0,5.74
5.66,5.7
5.59,5.7
5.54,5.7
5.54,5.7
5.57,5.7
5.62,5.7
5.6,5.7
5.61,5.7
5.64,5.7
5.7,5.7
5.73,5.7
5.79,5.7
5.84,5.7
5.87,5.7
5.92,5.7
5.94,5.7
5.99,5.7
6.0,5.7
6.0,5.7
6.0,5.7
5.97,5.7
5.96,5.7
6.0,5.7
6.0,5.7
5.59,5.66
5.54,5.66
5.54,5.66
5.57,5.66
5.62,5.66
5.6,5.66
5.61,5.66
5.64,5.66
5.7,5.66
5.73,5.66
5.79,5.66
5.84,5.66
5.87,5.66
5.92,5.66
5.94,5.66
5.99,5.66
6.0,5.66
6.0,5.66
6.0,5.66
5.97,5.66
5.96,5.66
6.0,5.66
6.0,5.66
6.05,5.66
5.54,5.59
5.54,5.59
5.57,5.59
5.62,5.59
5.6,5.59
5.61,5.59
5.64,5.59
5.7,5.59
5.73,5.59
5.79,5.59
5.84,5.59
5.87,5.59
5.92,5.59
5.94,5.59
5.99,5.59
6.0,5.59
6.0,5.59
6.0,5.59
5.97,5.59
5.96,5.59
6.0,5.59
6.0,5.59
6.05,5.59
6.11,5.59
5.54,5.54
5.57,5.54
5.62,5.54
5.6,5.54
5.61,5.54
5.64,5.54
5.7,5.54
5.73,5.54
5.79,5.54
5.84,5.54
5.87,5.54
5.92,5.54
5.94,5.54
5.99,5.54
6.0,5.54
6.0,5.54
6.0,5.54
5.97,5.54
5.96,5.54
6.0,5.54
6.0,5.54
6.05,5.54
6.11,5.54
6.12,5.54
5.57,5.54
5.62,5.54
5.6,5.54
5.61,5.54
5.64,5.54
5.7,5.54
5.73,5.54
5.79,5.54
5.84,5.54
5.87,5.54
5.92,5.54
5.94,5.54
5.99,5.54
6.0,5.54
6.0,5.54
6.0,5.54
5.97,5.54
5.96,5.54
6.0,5.54
6.0,5.54
6.05,5.54
6.11,5.54
6.12,5.54
6.11,5.54
5.62,5.57
5.6,5.57
5.61,5.57
5.64,5.57
5.7,5.57
5.73,5.57
5.79,5.57
5.84,5.57
5.87,5.57
5.92,5.57
5.94,5.57
5.99,5.57
6.0,5.57
6.0,5.57
6.0,5.57
5.97,5.57
5.96,5.57
6.0,5.57
6.0,5.57
6.05,5.57
6.11,5.57
6.12,5.57
6.11,5.57
6.15,5.57
5.6,5.62
5.61,5.62
5.64,5.62
5.7,5.62
5.73,5.62
5.79,5.62
5.84,5.62
5.87,5.62
5.92,5.62
5.94,5.62
5.99,5.62
6.0,5.62
6.0,5.62
6.0,5.62
5.97,5.62
5.96,5.62
6.0,5.62
6.0,5.62
6.05,5.62
6.11,5.62
6.12,5.62
6.11,5.62
6.15,5.62
6.2,5.62
5.61,5.6
5.64,5.6
5.7,5.6
5.73,5.6
5.79,5.6
5.84,5.6
5.87,5.6
5.92,5.6
5.94,5.6
5.99,5.6
6.0,5.6
6.0,5.6
6.0,5.6
5.97,5.6
5.96,5.6
6.0,5.6
6.0,5.6
6.05,5.6
6.11,5.6
6.12,5.6
6.11,5.6
6.15,5.6
6.2,5.6
6.2,5.6
5.64,5.61
5.7,5.61
5.73,5.61
5.79,5.61
5.84,5.61
5.87,5.61
5.92,5.61
5.94,5.61
5.99,5.61
6.0,5.61
6.0,5.61
6.0,5.61
5.97,5.61
5.96,5.61
6.0,5.61
6.0,5.61
6.05,5.61
6.11,5.61
6.12,5.61
6.11,5.61
6.15,5.61
6.2,5.61
6.2,5.61
6.26,5.61
5.7,5.64
5.73,5.64
5.79,5.64
5.84,5.64
5.87,5.64
5.92,5.64
5.94,5.64
5.99,5.64
6.0,5.64
6.0,5.64
6.0,5.64
5.97,5.64
5.96,5.64
6.0,5.64
6.0,5.64
6.05,5.64
6.11,5.64
6.12,5.64
6.11,5.64
6.15,5.64
6.2,5.64
6.2,5.64
6.26,5.64
6.3,5.64
5.73,5.7
5.79,5.7
5.84,5.7
5.87,5.7
5.92,5.7
5.94,5.7
5.99,5.7
6.0,5.7
6.0,5.7
6.0,5.7
5.97,5.7
5.96,5.7
6.0,5.7
6.0,5.7
6.05,5.7
6.11,5.7
6.12,5.7
6.11,5.7
6.15,5.7
6.2,5.7
6.2,5.7
6.26,5.7
6.3,5.7
6.27,5.7
5.79,5.73
5.84,5.73
5.87,5.73
5.92,5.73
5.94,5.73
5.99,5.73
6.0,5.73
6.0,5.73
6.0,5.73
5.97,5.73
5.96,5.73
6.0,5.73
6.0,5.73
6.05,5.73
6.11,5.73
6.12,5.73
6.11,5.73
6.15,5.73
6.2,5.73
6.2,5.73
6.26,5.73
6.3,5.73
6.27,5.73
6.27,5.73
5.84,5.79
5.87,5.79
5.92,5.79
5.94,5.79
5.99,5.79
6.0,5.79
6.0,5.79
6.0,5.79
5.97,5.79
5.96,5.79
6.0,5.79
6.0,5.79
6.05,5.79
6.11,5.79
6.12,5.79
6.11,5.79
6.15,5.79
6.2,5.79
6.2,5.79
6.26,5.79
6.3,5.79
6.27,5.79
6.27,5.79
6.27,5.79
5.87,5.84
5.92,5.84
5.94,5.84
5.99,5.84
6.0,5.84
6.0,5.84
6.0,5.84
5.97,5.84
5.96,5.84
6.0,5.84
6.0,5.84
6.05,5.84
6.11,5.84
6.12,5.84
6.11,5.84
6.15,5.84
6.2,5.84
6.2,5.84
6.26,5.84
6.3,5.84
6.27,5.84
6.27,5.84
6.27,5.84
6.28,5.84
5.92,5.87
5.94,5.87
5.99,5.87
6.0,5.87
6.0,5.87
6.0,5.87
5.97,5.87
5.96,5.87
6.0,5.87
6.0,5.87
6.05,5.87
6.11,5.87
6.12,5.87
6.11,5.87
6.15,5.87
6.2,5.87
6.2,5.87
6.26,5.87
6.3,5.87
6.27,5.87
6.27,5.87
6.27,5.87
6.28,5.87
6.33,5.87
5.94,5.92
5.99,5.92
6.0,5.92
6.0,5.92
6.0,5.92
5.97,5.92
5.96,5.92
6.0,5.92
6.0,5.92
6.05,5.92
6.11,5.92
6.12,5.92
6.11,5.92
6.15,5.92
6.2,5.92
6.2,5.92
6.26,5.92
6.3,5.92
6.27,5.92
6.27,5.92
6.27,5.92
6.28,5.92
6.33,5.92
6.27,5.92
5.99,5.94
6.0,5.94
6.0,5.94
6.0,5.94
5.97,5.94
5.96,5.94
6.0,5.94
6.0,5.94
6.05,5.94
6.11,5.94
6.12,5.94
6.11,5.94
6.15,5.94
6.2,5.94
6.2,5.94
6.26,5.94
6.3,5.94
6.27,5.94
6.27,5.94
6.27,5.94
6.28,5.94
6.33,5.94
6.27,5.94
6.21,5.94
6.0,5.99
6.0,5.99
6.0,5.99
5.97,5.99
5.96,5.99
6.0,5.99
6.0,5.99
6.05,5.99
6.11,5.99
6.12,5.99
6.11,5.99
6.15,5.99
6.2,5.99
6.2,5.99
6.26,5.99
6.3,5.99
6.27,5.99
6.27,5.99
6.27,5.99
6.28,5.99
6.33,5.99
6.27,5.99
6.21,5.99
6.19,5.99
6.0,6.0
6.0,6.0
5.97,6.0
5.96,6.0
6.0,6.0
6.0,6.0
6.05,6.0
6.11,6.0
6.12,6.0
6.11,6.0
6.15,6.0
6.2,6.0
6.2,6.0
6.26,6.0
6.3,6.0
6.27,6.0
6.27,6.0
6.27,6.0
6.28,6.0
6.33,6.0
6.27,6.0
6.21,6.0
6.19,6.0
6.15,6.0
6.0,6.0
5.97,6.0
5.96,6.0
6.0,6.0
6.0,6.0
6.05,6.0
6.11,6.0
6.12,6.0
6.11,6.0
6.15,6.0
6.2,6.0
6.2,6.0
6.26,6.0
6.3,6.0
6.27,6.0
6.27,6.0
6.27,6.0
6.28,6.0
6.33,6.0
6.27,6.0
6.21,6.0
6.19,6.0
6.15,6.0
6.19,6.0
5.97,6.0
5.96,6.0
6.0,6.0
6.0,6.0
6.05,6.0
6.11,6.0
6.12,6.0
6.11,6.0
6.15,6.0
6.2,6.0
6.2,6.0
6.26,6.0
6.3,6.0
6.27,6.0
6.27,6.0
6.27,6.0
6.28,6.0
6.33,6.0
6.27,6.0
6.21,6.0
6.19,6.0
6.15,6.0
6.19,6.0
6.17,6.0
5.96,5.97
6.0,5.97
6.0,5.97
6.05,5.97
6.11,5.97
6.12,5.97
6.11,5.97
6.15,5.97
6.2,5.97
6.2,5.97
6.26,5.97
6.3,5.97
6.27,5.97
6.27,5.97
6.27,5.97
6.28,5.97
6.33,5.97
6.27,5.97
6.21,5.97
6.19,5.97
6.15,5.97
6.19,5.97
6.17,5.97
6.14,5.97
6.0,5.96
6.0,5.96
6.05,5.96
6.11,5.96
6.12,5.96
6.11,5.96
6.15,5.96
6.2,5.96
6.2,5.96
6.26,5.96
6.3,5.96
6.27,5.96
6.27,5.96
6.27,5.96
6.28,5.96
6.33,5.96
6.27,5.96
6.21,5.96
6.19,5.96
6.15,5.96
6.19,5.96
6.17,5.96
6.14,5.96
6.09,5.96
6.0,6.0
6.05,6.0
6.11,6.0
6.12,6.0
6.11,6.0
6.15,6.0
6.2,6.0
6.2,6.0
6.26,6.0
6.3,6.0
6.27,6.0
6.27,6.0
6.27,6.0
6.28,6.0
6.33,6.0
6.27,6.0
6.21,6.0
6.19,6.0
6.15,6.0
6.19,6.0
6.17,6.0
6.14,6.0
6.09,6.0
6.07,6.0
6.05,6.0
6.11,6.0
6.12,6.0
6.11,6.0
6.15,6.0
6.2,6.0
6.2,6.0
6.26,6.0
6.3,6.0
6.27,6.0
6.27,6.0
6.27,6.0
6.28,6.0
6.33,6.0
6.27,6.0
6.21,6.0
6.19,6.0
6.15,6.0
6.19,6.0
6.17,6.0
6.14,6.0
6.09,6.0
6.07,6.0
6.07,6.0
6.11,6.05
6.12,6.05
6.11,6.05
6.15,6.05
6.2,6.05
6.2,6.05
6.26,6.05
6.3,6.05
6.27,6.05
6.27,6.05
6.27,6.05
6.28,6.05
6.33,6.05
6.27,6.05
6.21,6.05
6.19,6.05
6.15,6.05
6.19,6.05
6.17,6.05
6.14,6.05
6.09,6.05
6.07,6.05
6.07,6.05
6.19,6.05
6.12,6.11
6.11,6.11
6.15,6.11
6.2,6.11
6.2,6.11
6.26,6.11
6.3,6.11
6.27,6.11
6.27,6.11
6.27,6.11
6.28,6.11
6.33,6.11
6.27,6.11
6.21,6.11
6.19,6.11
6.15,6.11
6.19,6.11
6.17,6.11
6.14,6.11
6.09,6.11
6.07,6.11
6.07,6.11
6.19,6.11
6.28,6.11
6.11,6.12
6.15,6.12
6.2,6.12
6.2,6.12
6.26,6.12
6.3,6.12
6.27,6.12
6.27,6.12
6.27,6.12
6.28,6.12
6.33,6.12
6.27,6.12
6.21,6.12
6.19,6.12
6.15,6.12
6.19,6.12
6.17,6.12
6.14,6.12
6.09,6.12
6.07,6.12
6.07,6.12
6.19,6.12
6.28,6.12
6.35,6.12
6.15,6.11
6.2,6.11
6.2,6.11
6.26,6.11
6.3,6.11
6.27,6.11
6.27,6.11
6.27,6.11
6.28,6.11
6.33,6.11
6.27,6.11
6.21,6.11
6.19,6.11
6.15,6.11
6.19,6.11
6.17,6.11
6.14,6.11
6.09,6.11
6.07,6.11
6.07,6.11
6.19,6.11
6.28,6.11
6.35,6.11
6.56,6.11
6.2,6.15
6.2,6.15
6.26,6.15
6.3,6.15
6.27,6.15
6.27,6.15
6.27,6.15
6.28,6.15
6.33,6.15
6.27,6.15
6.21,6.15
6.19,6.15
6.15,6.15
6.19,6.15
6.17,6.15
6.14,6.15
6.09,6.15
6.07,6.15
6.07,6.15
6.19,6.15
6.28,6.15
6.35,6.15
6.56,6.15
6.68,6.15
6.2,6.2
6.26,6.2
6.3,6.2
6.27,6.2
6.27,6.2
6.27,6.2
6.28,6.2
6.33,6.2
6.27,6.2
6.21,6.2
6.19,6.2
6.15,6.2
6.19,6.2
6.17,6.2
6.14,6.2
6.09,6.2
6.07,6.2
6.07,6.2
6.19,6.2
6.28,6.2
6.35,6.2
6.56,6.2
6.68,6.2
6.75,6.2
6.26,6.2
6.3,6.2
6.27,6.2
6.27,6.2
6.27,6.2
6.28,6.2
6.33,6.2
6.27,6.2
6.21,6.2
6.19,6.2
6.15,6.2
6.19,6.2
6.17,6.2
6.14,6.2
6.09,6.2
6.07,6.2
6.07,6.2
6.19,6.2
6.28,6.2
6.35,6.2
6.56,6.2
6.68,6.2
6.75,6.2
6.64,6.2
6.3,6.26
6.27,6.26
6.27,6.26
6.27,6.26
6.28,6.26
6.33,6.26
6.27,6.26
6.21,6.26
6.19,6.26
6.15,6.26
6.19,6.26
6.17,6.26
6.14,6.26
6.09,6.26
6.07,6.26
6.07,6.26
6.19,6.26
6.28,6.26
6.35,6.26
6.56,6.26
6.68,6.26
6.75,6.26
6.64,6.26
6.48,6.26
6.27,6.3
6.27,6.3
6.27,6.3
6.28,6.3
6.33,6.3
6.27,6.3
6.21,6.3
6.19,6.3
6.15,6.3
6.19,6.3
6.17,6.3
6.14,6.3
6.09,6.3
6.07,6.3
6.07,6.3
6.19,6.3
6.28,6.3
6.35,6.3
6.56,6.3
6.68,6.3
6.75,6.3
6.64,6.3
6.48,6.3
6.56,6.3
6.27,6.27
6.27,6.27
6.28,6.27
6.33,6.27
6.27,6.27
6.21,6.27
6.19,6.27
6.15,6.27
6.19,6.27
6.17,6.27
6.14,6.27
6.09,6.27
6.07,6.27
6.07,6.27
6.19,6.27
6.28,6.27
6.35,6.27
6.56,6.27
6.68,6.27
6.75,6.27
6.64,6.27
6.48,6.27
6.56,6.27
6.7,6.27
6.27,6.27
6.28,6.27
6.33,6.27
6.27,6.27
6.21,6.27
6.19,6.27
6.15,6.27
6.19,6.27
6.17,6.27
6.14,6.27
6.09,6.27
6.07,6.27
6.07,6.27
6.19,6.27
6.28,6.27
6.35,6.27
6.56,6.27
6.68,6.27
6.75,6.27
6.64,6.27
6.48,6.27
6.56,6.27
6.7,6.27
6.86,6.27
6.28,6.27
6.33,6.27
6.27,6.27
6.21,6.27
6.19,6.27
6.15,6.27
6.19,6.27
6.17,6.27
6.14,6.27
6.09,6.27
6.07,6.27
6.07,6.27
6.19,6.27
6.28,6.27
6.35,6.27
6.56,6.27
6.68,6.27
6.75,6.27
6.64,6.27
6.48,6.27
6.56,6.27
6.7,6.27
6.86,6.27
6.93,6.27
6.33,6.28
6.27,6.28
6.21,6.28
6.19,6.28
6.15,6.28
6.19,6.28
6.17,6.28
6.14,6.28
6.09,6.28
6.07,6.28
6.07,6.28
6.19,6.28
6.28,6.28
6.35,6.28
6.56,6.28
6.68,6.28
6.75,6.28
6.64,6.28
6.48,6.28
6.56,6.28
6.7,6.28
6.86,6.28
6.93,6.28
6.97,6.28
6.27,6.33
6.21,6.33
6.19,6.33
6.15,6.33
6.19,6.33
6.17,6.33
6.14,6.33
6.09,6.33
6.07,6.33
6.07,6.33
6.19,6.33
6.28,6.33
6.35,6.33
6.56,6.33
6.68,6.33
6.75,6.33
6.64,6.33
6.48,6.33
6.56,6.33
6.7,6.33
6.86,6.33
6.93,6.33
6.97,6.33
7.01,6.33
6.21,6.27
6.19,6.27
6.15,6.27
6.19,6.27
6.17,6.27
6.14,6.27
6.09,6.27
6.07,6.27
6.07,6.27
6.19,6.27
6.28,6.27
6.35,6.27
6.56,6.27
6.68,6.27
6.75,6.27
6.64,6.27
6.48,6.27
6.56,6.27
6.7,6.27
6.86,6.27
6.93,6.27
6.97,6.27
7.01,6.27
6.97,6.27
6.19,6.21
6.15,6.21
6.19,6.21
6.17,6.21
6.14,6.21
6.09,6.21
6.07,6.21
6.07,6.21
6.19,6.21
6.28,6.21
6.35,6.21
6.56,6.21
6.68,6.21
6.75,6.21
6.64,6.21
6.48,6.21
6.56,6.21
6.7,6.21
6.86,6.21
6.93,6.21
6.97,6.21
7.01,6.21
6.97,6.21
6.99,6.21
6.15,6.19
6.19,6.19
6.17,6.19
6.14,6.19
6.09,6.19
6.07,6.19
6.07,6.19
6.19,6.19
6.28,6.19
6.35,6.19
6.56,6.19
6.68,6.19
6.75,6.19
6.64,6.19
6.48,6.19
6.56,6.19
6.7,6.19
6.86,6.19
6.93,6.19
6.97,6.19
7.01,6.19
6.97,6.19
6.99,6.19
6.96,6.19
6.19,6.15
6.17,6.15
6.14,6.15
6.09,6.15
6.07,6.15
6.07,6.15
6.19,6.15
6.28,6.15
6.35,6.15
6.56,6.15
6.68,6.15
6.75,6.15
6.64,6.15
6.48,6.15
6.56,6.15
6.7,6.15
6.86,6.15
6.93,6.15
6.97,6.15
7.01,6.15
6.97,6.15
6.99,6.15
6.96,6.15
6.88,6.15
6.17,6.19
6.14,6.19
6.09,6.19
6.07,6.19
6.07,6.19
6.19,6.19
6.28,6.19
6.35,6.19
6.56,6.19
6.68,6.19
6.75,6.19
6.64,6.19
6.48,6.19
6.56,6.19
6.7,6.19
6.86,6.19
6.93,6.19
6.97,6.19
7.01,6.19
6.97,6.19
6.99,6.19
6.96,6.19
6.88,6.19
6.7,6.19
6.14,6.17
6.09,6.17
6.07,6.17
6.07,6.17
6.19,6.17
6.28,6.17
6.35,6.17
6.56,6.17
6.68,6.17
6.75,6.17
6.64,6.17
6.48,6.17
6.56,6.17
6.7,6.17
6.86,6.17
6.93,6.17
6.97,6.17
7.01,6.17
6.97,6.17
6.99,6.17
6.96,6.17
6.88,6.17
6.7,6.17
6.63,6.17
6.09,6.14
6.07,6.14
6.07,6.14
6.19,6.14
6.28,6.14
6.35,6.14
6.56,6.14
6.68,6.14
6.75,6.14
6.64,6.14
6.48,6.14
6.56,6.14
6.7,6.14
6.86,6.14
6.93,6.14
6.97,6.14
7.01,6.14
6.97,6.14
6.99,6.14
6.96,6.14
6.88,6.14
6.7,6.14
6.63,6.14
6.74,6.14
6.07,6.09
6.07,6.09
6.19,6.09
6.28,6.09
6.35,6.09
6.56,6.09
6.68,6.09
6.75,6.09
6.64,6.09
6.48,6.09
6.56,6.09
6.7,6.09
6.86,6.09
6.93,6.09
6.97,6.09
7.01,6.09
6.97,6.09
6.99,6.09
6.96,6.09
6.88,6.09
6.7,6.09
6.63,6.09
6.74,6.09
6.81,6.09
6.07,6.07
6.19,6.07
6.28,6.07
6.35,6.07
6.56,6.07
6.68,6.07
6.75,6.07
6.64,6.07
6.48,6.07
6.56,6.07
6.7,6.07
6.86,6.07
6.93,6.07
6.97,6.07
7.01,6.07
6.97,6.07
6.99,6.07
6.96,6.07
6.88,6.07
6.7,6.07
6.63,6.07
6.74,6.07
6.81,6.07
7.06,6.07
6.19,6.07
6.28,6.07
6.35,6.07
6.56,6.07
6.68,6.07
6.75,6.07
6.64,6.07
6.48,6.07
6.56,6.07
6.7,6.07
6.86,6.07
6.93,6.07
6.97,6.07
7.01,6.07
6.97,6.07
6.99,6.07
6.96,6.07
6.88,6.07
6.7,6.07
6.63,6.07
6.74,6.07
6.81,6.07
7.06,6.07
6.01,6.07
6.28,6.19
6.35,6.19
6.56,6.19
6.68,6.19
6.75,6.19
6.64,6.19
6.48,6.19
6.56,6.19
6.7,6.19
6.86,6.19
6.93,6.19
6.97,6.19
7.01,6.19
6.97,6.19
6.99,6.19
6.96,6.19
6.88,6.19
6.7,6.19
6.63,6.19
6.74,6.19
6.81,6.19
7.06,6.19
6.01,6.19
5.22,6.19
6.35,6.28
6.56,6.28
6.68,6.28
6.75,6.28
6.64,6.28
6.48,6.28
6.56,6.28
6.7,6.28
6.86,6.28
6.93,6.28
6.97,6.28
7.01,6.28
6.97,6.28
6.99,6.28
6.96,6.28
6.88,6.28
6.7,6.28
6.63,6.28
6.74,6.28
6.81,6.28
7.06,6.28
6.01,6.28
5.22,6.28
5.09,6.28
6.56,6.35
6.68,6.35
6.75,6.35
6.64,6.35
6.48,6.35
6.56,6.35
6.7,6.35
6.86,6.35
6.93,6.35
6.97,6.35
7.01,6.35
6.97,6.35
6.99,6.35
6.96,6.35
6.88,6.35
6.7,6.35
6.63,6.35
6.74,6.35
6.81,6.35
7.06,6.35
6.01,6.35
5.22,6.35
5.09,6.35
5.01,6.35
6.68,6.56
6.75,6.56
6.64,6.56
6.48,6.56
6.56,6.56
6.7,6.56
6.86,6.56
6.93,6.56
6.97,6.56
7.01,6.56
6.97,6.56
6.99,6.56
6.96,6.56
6.88,6.56
6.7,6.56
6.63,6.56
6.74,6.56
6.81,6.56
7.06,6.56
6.01,6.56
5.22,6.56
5.09,6.56
5.01,6.56
4.95,6.56
6.75,6.68
6.64,6.68
6.48,6.68
6.56,6.68
6.7,6.68
6.86,6.68
6.93,6.68
6.97,6.68
7.01,6.68
6.97,6.68
6.99,6.68
6.96,6.68
6.88,6.68
6.7,6.68
6.63,6.68
6.74,6.68
6.81,6.68
7.06,6.68
6.01,6.68
5.22,6.68
5.09,6.68
5.01,6.68
4.95,6.68
4.94,6.68
6.64,6.75
6.48,6.75
6.56,6.75
6.7,6.75
6.86,6.75
6.93,6.75
6.97,6.75
7.01,6.75
6.97,6.75
6.99,6.75
6.96,6.75
6.88,6.75
6.7,6.75
6.63,6.75
6.74,6.75
6.81,6.75
7.06,6.75
6.01,6.75
5.22,6.75
5.09,6.75
5.01,6.75
4.95,6.75
4.94,6.75
4.93,6.75
6.48,6.64
6.56,6.64
6.7,6.64
6.86,6.64
6.93,6.64
6.97,6.64
7.01,6.64
6.97,6.64
6.99,6.64
6.96,6.64
6.88,6.64
6.7,6.64
6.63,6.64
6.74,6.64
6.81,6.64
7.06,6.64
6.01,6.64
5.22,6.64
5.09,6.64
5.01,6.64
4.95,6.64
4.94,6.64
4.93,6.64
4.94,6.64
6.56,6.48
6.7,6.48
6.86,6.48
6.93,6.48
6.97,6.48
7.01,6.48
6.97,6.48
6.99,6.48
6.96,6.48
6.88,6.48
6.7,6.48
6.63,6.48
6.74,6.48
6.81,6.48
7.06,6.48
6.01,6.48
5.22,6.48
5.09,6.48
5.01,6.48
4.95,6.48
4.94,6.48
4.93,6.48
4.94,6.48
4.8,6.48
6.7,6.56
6.86,6.56
6.93,6.56
6.97,6.56
7.01,6.56
6.97,6.56
6.99,6.56
6.96,6.56
6.88,6.56
6.7,6.56
6.63,6.56
6.74,6.56
6.81,6.56
7.06,6.56
6.01,6.56
5.22,6.56
5.09,6.56
5.01,6.56
4.95,6.56
4.94,6.56
4.93,6.56
4.94,6.56
4.8,6.56
4.8,6.56
6.86,6.7
6.93,6.7
6.97,6.7
7.01,6.7
6.97,6.7
6.99,6.7
6.96,6.7
6.88,6.7
6.7,6.7
6.63,6.7
6.74,6.7
6.81,6.7
7.06,6.7
6.01,6.7
5.22,6.7
5.09,6.7
5.01,6.7
4.95,6.7
4.94,6.7
4.93,6.7
4.94,6.7
4.8,6.7
4.8,6.7
4.79,6.7
6.93,6.86
6.97,6.86
7.01,6.86
6.97,6.86
6.99,6.86
6.96,6.86
6.88,6.86
6.7,6.86
6.63,6.86
6.74,6.86
6.81,6.86
7.06,6.86
6.01,6.86
5.22,6.86
5.09,6.86
5.01,6.86
4.95,6.86
4.94,6.86
4.93,6.86
4.94,6.86
4.8,6.86
4.8,6.86
4.79,6.86
4.74,6.86
6.97,6.93
7.01,6.93
6.97,6.93
6.99,6.93
6.96,6.93
6.88,6.93
6.7,6.93
6.63,6.93
6.74,6.93
6.81,6.93
7.06,6.93
6.01,6.93
5.22,6.93
5.09,6.93
5.01,6.93
4.95,6.93
4.94,6.93
4.93,6.93
4.94,6.93
4.8,6.93
4.8,6.93
4.79,6.93
4.74,6.93
4.8,6.93
7.01,6.97
6.97,6.97
6.99,6.97
6.96,6.97
6.88,6.97
6.7,6.97
6.63,6.97
6.74,6.97
6.81,6.97
7.06,6.97
6.01,6.97
5.22,6.97
5.09,6.97
5.01,6.97
4.95,6.97
4.94,6.97
4.93,6.97
4.94,6.97
4.8,6.97
4.8,6.97
4.79,6.97
4.74,6.97
4.8,6.97
4.87,6.97
6.97,7.01
6.99,7.01
6.96,7.01
6.88,7.01
6.7,7.01
6.63,7.01
6.74,7.01
6.81,7.01
7.06,7.01
6.01,7.01
5.22,7.01
5.09,7.01
5.01,7.01
4.95,7.01
4.94,7.01
4.93,7.01
4.94,7.01
4.8,7.01
4.8,7.01
4.79,7.01
4.74,7.01
4.8,7.01
4.87,7.01
4.84,7.01
6.99,6.97
6.96,6.97
6.88,6.97
6.7,6.97
6.63,6.97
6.74,6.97
6.81,6.97
7.06,6.97
6.01,6.97
5.22,6.97
5.09,6.97
5.01,6.97
4.95,6.97
4.94,6.97
4.93,6.97
4.94,6.97
4.8,6.97
4.8,6.97
4.79,6.97
4.74,6.97
4.8,6.97
4.87,6.97
4.84,6.97
4.87,6.97
6.96,6.99
6.88,6.99
6.7,6.99
6.63,6.99
6.74,6.99
6.81,6.99
7.06,6.99
6.01,6.99
5.22,6.99
5.09,6.99
5.01,6.99
4.95,6.99
4.94,6.99
4.93,6.99
4.94,6.99
4.8,6.99
4.8,6.99
4.79,6.99
4.74,6.99
4.8,6.99
4.87,6.99
4.84,6.99
4.87,6.99
4.85,6.99
6.88,6.96
6.7,6.96
6.63,6.96
6.74,6.96
6.81,6.96
7.06,6.96
6.01,6.96
5.22,6.96
5.09,6.96
5.01,6.96
4.95,6.96
4.94,6.96
4.93,6.96
4.94,6.96
4.8,6.96
4.8,6.96
4.79,6.96
4.74,6.96
4.8,6.96
4.87,6.96
4.84,6.96
4.87,6.96
4.85,6.96
4.87,6.96
6.7,6.88
6.63,6.88
6.74,6.88
6.81,6.88
7.06,6.88
6.01,6.88
5.22,6.88
5.09,6.88
5.01,6.88
4.95,6.88
4.94,6.88
4.93,6.88
4.94,6.88
4.8,6.88
4.8,6.88
4.79,6.88
4.74,6.88
4.8,6.88
4.87,6.88
4.84,6.88
4.87,6.88
4.85,6.88
4.87,6.88
4.95,6.88
6.63,6.7
6.74,6.7
6.81,6.7
7.06,6.7
6.01,6.7
5.22,6.7
5.09,6.7
5.01,6.7
4.95,6.7
4.94,6.7
4.93,6.7
4.94,6.7
4.8,6.7
4.8,6.7
4.79,6.7
4.74,6.7
4.8,6.7
4.87,6.7
4.84,6.7
4.87,6.7
4.85,6.7
4.87,6.7
4.95,6.7
4.87,6.7
6.74,6.63
6.81,6.63
7.06,6.63
6.01,6.63
5.22,6.63
5.09,6.63
5.01,6.63
4.95,6.63
4.94,6.63
4.93,6.63
4.94,6.63
4.8,6.63
4.8,6.63
4.79,6.63
4.74,6.63
4.8,6.63
4.87,6.63
4.84,6.63
4.87,6.63
4.85,6.63
4.87,6.63
4.95,6.63
4.87,6.63
4.94,6.63
6.81,6.74
7.06,6.74
6.01,6.74
5.22,6.74
5.09,6.74
5.01,6.74
4.95,6.74
4.94,6.74
4.93,6.74
4.94,6.74
4.8,6.74
4.8,6.74
4.79,6.74
4.74,6.74
4.8,6.74
4.87,6.74
4.84,6.74
4.87,6.74
4.85,6.74
4.87,6.74
4.95,6.74
4.87,6.74
4.94,6.74
5.0,6.74
7.06,6.81
6.01,6.81
5.22,6.81
5.09,6.81
5.01,6.81
4.95,6.81
4.94,6.81
4.93,6.81
4.94,6.81
4.8,6.81
4.8,6.81
4.79,6.81
4.74,6.81
4.8,6.81
4.87,6.81
4.84,6.81
4.87,6.81
4.85,6.81
4.87,6.81
4.95,6.81
4.87,6.81
4.94,6.81
5.0,6.81
5.0,6.81
6.01,7.06
5.22,7.06
5.09,7.06
5.01,7.06
4.95,7.06
4.94,7.06
4.93,7.06
4.94,7.06
4.8,7.06
4.8,7.06
4.79,7.06
4.74,7.06
4.8,7.06
4.87,7.06
4.84,7.06
4.87,7.06
4.85,7.06
4.87,7.06
4.95,7.06
4.87,7.06
4.94,7.06
5.0,7.06
5.0,7.06
4.78,7.06
5.22,6.01
5.09,6.01
5.01,6.01
4.95,6.01
4.94,6.01
4.93,6.01
4.94,6.01
4.8,6.01
4.8,6.01
4.79,6.01
4.74,6.01
4.8,6.01
4.87,6.01
4.84,6.01
4.87,6.01
4.85,6.01
4.87,6.01
4.95,6.01
4.87,6.01
4.94,6.01
5.0,6.01
5.0,6.01
4.78,6.01
4.8,6.01
5.09,5.22
5.01,5.22
4.95,5.22
4.94,5.22
4.93,5.22
4.94,5.22
4.8,5.22
4.8,5.22
4.79,5.22
4.74,5.22
4.8,5.22
4.87,5.22
4.84,5.22
4.87,5.22
4.85,5.22
4.87,5.22
4.95,5.22
4.87,5.22
4.94,5.22
5.0,5.22
5.0,5.22
4.78,5.22
4.8,5.22
4.79,5.22
5.01,5.09
4.95,5.09
4.94,5.09
4.93,5.09
4.94,5.09
4.8,5.09
4.8,5.09
4.79,5.09
4.74,5.09
4.8,5.09
4.87,5.09
4.84,5.09
4.87,5.09
4.85,5.09
4.87,5.09
4.95,5.09
4.87,5.09
4.94,5.09
5.0,5.09
5.0,5.09
4.78,5.09
4.8,5.09
4.79,5.09
4.84,5.09
4.95,5.0099998
4.94,5.0099998
4.93,5.0099998
4.94,5.0099998
4.8,5.0099998
4.8,5.0099998
4.79,5.0099998
4.74,5.0099998
4.8,5.0099998
4.87,5.0099998
4.84,5.0099998
4.87,5.0099998
4.85,5.0099998
4.87,5.0099998
4.95,5.0099998
4.87,5.0099998
4.94,5.0099998
5.0,5.0099998
5.0,5.0099998
4.78,5.0099998
4.8,5.0099998
4.79,5.0099998
4.84,5.0099998
4.72,5.0099998
4.94,4.95
4.93,4.95
4.94,4.95
4.8,4.95
4.8,4.95
4.79,4.95
4.74,4.95
4.8,4.95
4.87,4.95
4.84,4.95
4.87,4.95
4.85,4.95
4.87,4.95
4.95,4.95
4.87,4.95
4.94,4.95
5.0,4.95
5.0,4.95
4.78,4.95
4.8,4.95
4.79,4.95
4.84,4.95
4.72,4.95
4.68,4.95
4.93,4.94
4.94,4.94
4.8,4.94
4.8,4.94
4.79,4.94
4.74,4.94
4.8,4.94
4.87,4.94
4.84,4.94
4.87,4.94
4.85,4.94
4.87,4.94
4.95,4.94
4.87,4.94
4.94,4.94
5.0,4.94
5.0,4.94
4.78,4.94
4.8,4.94
4.79,4.94
4.84,4.94
4.72,4.94
4.68,4.94
4.45,4.94
4.94,4.93
4.8,4.93
4.8,4.93
4.79,4.93
4.74,4.93
4.8,4.93
4.87,4.93
4.84,4.93
4.87,4.93
4.85,4.93
4.87,4.93
4.95,4.93
4.87,4.93
4.94,4.93
5.0,4.93
5.0,4.93
4.78,4.93
4.8,4.93
4.79,4.93
4.84,4.93
4.72,4.93
4.68,4.93
4.45,4.93
4.36,4.93
4.8,4.94
4.8,4.94
4.79,4.94
4.74,4.94
4.8,4.94
4.87,4.94
4.84,4.94
4.87,4.94
4.85,4.94
4.87,4.94
4.95,4.94
4.87,4.94
4.94,4.94
5.0,4.94
5.0,4.94
4.78,4.94
4.8,4.94
4.79,4.94
4.84,4.94
4.72,4.94
4.68,4.94
4.45,4.94
4.36,4.94
4.29,4.94
4.8,4.8000007
4.79,4.8000007
4.74,4.8000007
4.8,4.8000007
4.87,4.8000007
4.84,4.8000007
4.87,4.8000007
4.85,4.8000007
4.87,4.8000007
4.95,4.8000007
4.87,4.8000007
4.94,4.8000007
5.0,4.8000007
5.0,4.8000007
4.78,4.8000007
4.8,4.8000007
4.79,4.8000007
4.84,4.8000007
4.72,4.8000007
4.68,4.8000007
4.45,4.8000007
4.36,4.8000007
4.29,4.8000007
4.24,4.8000007
4.79,4.8000007
4.74,4.8000007
4.8,4.8000007
4.87,4.8000007
4.84,4.8000007
4.87,4.8000007
4.85,4.8000007
4.87,4.8000007
4.95,4.8000007
4.87,4.8000007
4.94,4.8000007
5.0,4.8000007
5.0,4.8000007
4.78,4.8000007
4.8,4.8000007
4.79,4.8000007
4.84,4.8000007
4.72,4.8000007
4.68,4.8000007
4.45,4.8000007
4.36,4.8000007
4.29,4.8000007
4.24,4.8000007
4.19,4.8000007
4.74,4.79
4.8,4.79
4.87,4.79
4.84,4.79
4.87,4.79
4.85,4.79
4.87,4.79
4.95,4.79
4.87,4.79
4.94,4.79
5.0,4.79
5.0,4.79
4.78,4.79
4.8,4.79
4.79,4.79
4.84,4.79
4.72,4.79
4.68,4.79
4.45,4.79
4.36,4.79
4.29,4.79
4.24,4.79
4.19,4.79
4.35,4.79
4.8,4.7399993
4.87,4.7399993
4.84,4.7399993
4.87,4.7399993
4.85,4.7399993
4.87,4.7399993
4.95,4.7399993
4.87,4.7399993
4.94,4.7399993
5.0,4.7399993
5.0,4.7399993
4.78,4.7399993
4.8,4.7399993
4.79,4.7399993
4.84,4.7399993
4.72,4.7399993
4.68,4.7399993
4.45,4.7399993
4.36,4.7399993
4.29,4.7399993
4.24,4.7399993
4.19,4.7399993
4.35,4.7399993
4.41,4.7399993
4.87,4.8000007
4.84,4.8000007
4.87,4.8000007
4.85,4.8000007
4.87,4.8000007
4.95,4.8000007
4.87,4.8000007
4.94,4.8000007
5.0,4.8000007
5.0,4.8000007
4.78,4.8000007
4.8,4.8000007
4.79,4.8000007
4.84,4.8000007
4.72,4.8000007
4.68,4.8000007
4.45,4.8000007
4.36,4.8000007
4.29,4.8000007
4.24,4.8000007
4.19,4.8000007
4.35,4.8000007
4.41,4.8000007
4.34,4.8000007
4.84,4.8700004
4.87,4.8700004
4.85,4.8700004
4.87,4.8700004
4.95,4.8700004
4.87,4.8700004
4.94,4.8700004
5.0,4.8700004
5.0,4.8700004
4.78,4.8700004
4.8,4.8700004
4.79,4.8700004
4.84,4.8700004
4.72,4.8700004
4.68,4.8700004
4.45,4.8700004
4.36,4.8700004
4.29,4.8700004
4.24,4.8700004
4.19,4.8700004
4.35,4.8700004
4.41,4.8700004
4.34,4.8700004
4.23,4.8700004
4.87,4.8399997
4.85,4.8399997
4.87,4.8399997
4.95,4.8399997
4.87,4.8399997
4.94,4.8399997
5.0,4.8399997
5.0,4.8399997
4.78,4.8399997
4.8,4.8399997
4.79,4.8399997
4.84,4.8399997
4.72,4.8399997
4.68,4.8399997
4.45,4.8399997
4.36,4.8399997
4.29,4.8399997
4.24,4.8399997
4.19,4.8399997
4.35,4.8399997
4.41,4.8399997
4.34,4.8399997
4.23,4.8399997
4.25,4.8399997
4.85,4.8700004
4.87,4.8700004
4.95,4.8700004
4.87,4.8700004
4.94,4.8700004
5.0,4.8700004
5.0,4.8700004
4.78,4.8700004
4.8,4.8700004
4.79,4.8700004
4.84,4.8700004
4.72,4.8700004
4.68,4.8700004
4.45,4.8700004
4.36,4.8700004
4.29,4.8700004
4.24,4.8700004
4.19,4.8700004
4.35,4.8700004
4.41,4.8700004
4.34,4.8700004
4.23,4.8700004
4.25,4.8700004
4.27,4.8700004
4.87,4.8500004
4.95,4.8500004
4.87,4.8500004
4.94,4.8500004
5.0,4.8500004
5.0,4.8500004
4.78,4.8500004
4.8,4.8500004
4.79,4.8500004
4.84,4.8500004
4.72,4.8500004
4.68,4.8500004
4.45,4.8500004
4.36,4.8500004
4.29,4.8500004
4.24,4.8500004
4.19,4.8500004
4.35,4.8500004
4.41,4.8500004
4.34,4.8500004
4.23,4.8500004
4.25,4.8500004
4.27,4.8500004
4.18,4.8500004
4.95,4.8700004
4.87,4.8700004
4.94,4.8700004
5.0,4.8700004
5.0,4.8700004
4.78,4.8700004
4.8,4.8700004
4.79,4.8700004
4.84,4.8700004
4.72,4.8700004
4.68,4.8700004
4.45,4.8700004
4.36,4.8700004
4.29,4.8700004
4.24,4.8700004
4.19,4.8700004
4.35,4.8700004
4.41,4.8700004
4.34,4.8700004
4.23,4.8700004
4.25,4.8700004
4.27,4.8700004
4.18,4.8700004
4.16,4.8700004
4.87,4.95
4.94,4.95
5.0,4.95
5.0,4.95
4.78,4.95
4.8,4.95
4.79,4.95
4.84,4.95
4.72,4.95
4.68,4.95
4.45,4.95
4.36,4.95
4.29,4.95
4.24,4.95
4.19,4.95
4.35,4.95
4.41,4.95
4.34,4.95
4.23,4.95
4.25,4.95
4.27,4.95
4.18,4.95
4.16,4.95
4.14,4.95
4.94,4.8700004
5.0,4.8700004
5.0,4.8700004
4.78,4.8700004
4.8,4.8700004
4.79,4.8700004
4.84,4.8700004
4.72,4.8700004
4.68,4.8700004
4.45,4.8700004
4.36,4.8700004
4.29,4.8700004
4.24,4.8700004
4.19,4.8700004
4.35,4.8700004
4.41,4.8700004
4.34,4.8700004
4.23,4.8700004
4.25,4.8700004
4.27,4.8700004
4.18,4.8700004
4.16,4.8700004
4.14,4.8700004
4.14,4.8700004
5.0,4.94
5.0,4.94
4.78,4.94
4.8,4.94
4.79,4.94
4.84,4.94
4.72,4.94
4.68,4.94
4.45,4.94
4.36,4.94
4.29,4.94
4.24,4.94
4.19,4.94
4.35,4.94
4.41,4.94
4.34,4.94
4.23,4.94
4.25,4.94
4.27,4.94
4.18,4.94
4.16,4.94
4.14,4.94
4.14,4.94
4.14,4.94
5.0,5.0000005
4.78,5.0000005
4.8,5.0000005
4.79,5.0000005
4.84,5.0000005
4.72,5.0000005
4.68,5.0000005
4.45,5.0000005
4.36,5.0000005
4.29,5.0000005
4.24,5.0000005
4.19,5.0000005
4.35,5.0000005
4.41,5.0000005
4.34,5.0000005
4.23,5.0000005
4.25,5.0000005
4.27,5.0000005
4.18,5.0000005
4.16,5.0000005
4.14,5.0000005
4.14,5.0000005
4.14,5.0000005
4.13,5.0000005
4.78,5.0000005
4.8,5.0000005
4.79,5.0000005
4.84,5.0000005
4.72,5.0000005
4.68,5.0000005
4.45,5.0000005
4.36,5.0000005
4.29,5.0000005
4.24,5.0000005
4.19,5.0000005
4.35,5.0000005
4.41,5.0000005
4.34,5.0000005
4.23,5.0000005
4.25,5.0000005
4.27,5.0000005
4.18,5.0000005
4.16,5.0000005
4.14,5.0000005
4.14,5.0000005
4.14,5.0000005
4.13,5.0000005
3.98,5.0000005
4.8,4.78
4.79,4.78
4.84,4.78
4.72,4.78
4.68,4.78
4.45,4.78
4.36,4.78
4.29,4.78
4.24,4.78
4.19,4.78
4.35,4.78
4.41,4.78
4.34,4.78
4.23,4.78
4.25,4.78
4.27,4.78
4.18,4.78
4.16,4.78
4.14,4.78
4.14,4.78
4.14,4.78
4.13,4.78
3.98,4.78
3.93,4.78
4.79,4.8000007
4.84,4.8000007
4.72,4.8000007
4.68,4.8000007
4.45,4.8000007
4.36,4.8000007
4.29,4.8000007
4.24,4.8000007
4.19,4.8000007
4.35,4.8000007
4.41,4.8000007
4.34,4.8000007
4.23,4.8000007
4.25,4.8000007
4.27,4.8000007
4.18,4.8000007
4.16,4.8000007
4.14,4.8000007
4.14,4.8000007
4.14,4.8000007
4.13,4.8000007
3.98,4.8000007
3.93,4.8000007
3.94,4.8000007
4.84,4.79
4.72,4.79
4.68,4.79
4.45,4.79
4.36,4.79
4.29,4.79
4.24,4.79
4.19,4.79
4.35,4.79
4.41,4.79
4.34,4.79
4.23,4.79
4.25,4.79
4.27,4.79
4.18,4.79
4.16,4.79
4.14,4.79
4.14,4.79
4.14,4.79
4.13,4.79
3.98,4.79
3.93,4.79
3.94,4.79
3.89,4.79
4.72,4.8399997
4.68,4.8399997
4.45,4.8399997
4.36,4.8399997
4.29,4.8399997
4.24,4.8399997
4.19,4.8399997
4.35,4.8399997
4.41,4.8399997
4.34,4.8399997
4.23,4.8399997
4.25,4.8399997
4.27,4.8399997
4.18,4.8399997
4.16,4.8399997
4.14,4.8399997
4.14,4.8399997
4.14,4.8399997
4.13,4.8399997
3.98,4.8399997
3.93,4.8399997
3.94,4.8399997
3.89,4.8399997
3.9,4.8399997
4.68,4.7200003
4.45,4.7200003
4.36,4.7200003
4.29,4.7200003
4.24,4.7200003
4.19,4.7200003
4.35,4.7200003
4.41,4.7200003
4.34,4.7200003
4.23,4.7200003
4.25,4.7200003
4.27,4.7200003
4.18,4.7200003
4.16,4.7200003
4.14,4.7200003
4.14,4.7200003
4.14,4.7200003
4.13,4.7200003
3.98,4.7200003
3.93,4.7200003
3.94,4.7200003
3.89,4.7200003
3.9,4.7200003
3.9,4.7200003
4.45,4.6800003
4.36,4.6800003
4.29,4.6800003
4.24,4.6800003
4.19,4.6800003
4.35,4.6800003
4.41,4.6800003
4.34,4.6800003
4.23,4.6800003
4.25,4.6800003
4.27,4.6800003
4.18,4.6800003
4.16,4.6800003
4.14,4.6800003
4.14,4.6800003
4.14,4.6800003
4.13,4.6800003
3.98,4.6800003
3.93,4.6800003
3.94,4.6800003
3.89,4.6800003
3.9,4.6800003
3.9,4.6800003
3.85,4.6800003
4.36,4.45
4.29,4.45
4.24,4.45
4.19,4.45
4.35,4.45
4.41,4.45
4.34,4.45
4.23,4.45
4.25,4.45
4.27,4.45
4.18,4.45
4.16,4.45
4.14,4.45
4.14,4.45
4.14,4.45
4.13,4.45
3.98,4.45
3.93,4.45
3.94,4.45
3.89,4.45
3.9,4.45
3.9,4.45
3.85,4.45
3.81,4.45
4.29,4.3599997
4.24,4.3599997
4.19,4.3599997
4.35,4.3599997
4.41,4.3599997
4.34,4.3599997
4.23,4.3599997
4.25,4.3599997
4.27,4.3599997
4.18,4.3599997
4.16,4.3599997
4.14,4.3599997
4.14,4.3599997
4.14,4.3599997
4.13,4.3599997
3.98,4.3599997
3.93,4.3599997
3.94,4.3599997
3.89,4.3599997
3.9,4.3599997
3.9,4.3599997
3.85,4.3599997
3.81,4.3599997
3.8,4.3599997
4.24,4.29
4.19,4.29
4.35,4.29
4.41,4.29
4.34,4.29
4.23,4.29
4.25,4.29
4.27,4.29
4.18,4.29
4.16,4.29
4.14,4.29
4.14,4.29
4.14,4.29
4.13,4.29
3.98,4.29
3.93,4.29
3.94,4.29
3.89,4.29
3.9,4.29
3.9,4.29
3.85,4.29
3.81,4.29
3.8,4.29
3.79,4.29
4.19,4.24
4.35,4.24
4.41,4.24
4.34,4.24
4.23,4.24
4.25,4.24
4.27,4.24
4.18,4.24
4.16,4.24
4.14,4.24
4.14,4.24
4.14,4.24
4.13,4.24
3.98,4.24
3.93,4.24
3.94,4.24
3.89,4.24
3.9,4.24
3.9,4.24
3.85,4.24
3.81,4.24
3.8,4.24
3.79,4.24
3.73,4.24
4.35,4.1899996
4.41,4.1899996
4.34,4.1899996
4.23,4.1899996
4.25,4.1899996
4.27,4.1899996
4.18,4.1899996
4.16,4.1899996
4.14,4.1899996
4.14,4.1899996
4.14,4.1899996
4.13,4.1899996
3.98,4.1899996
3.93,4.1899996
3.94,4.1899996
3.89,4.1899996
3.9,4.1899996
3.9,4.1899996
3.85,4.1899996
3.81,4.1899996
3.8,4.1899996
3.79,4.1899996
3.73,4.1899996
3.66,4.1899996
4.41,4.3499994
4.34,4.3499994
4.23,4.3499994
4.25,4.3499994
4.27,4.3499994
4.18,4.3499994
4.16,4.3499994
4.14,4.3499994
4.14,4.3499994
4.14,4.3499994
4.13,4.3499994
3.98,4.3499994
3.93,4.3499994
3.94,4.3499994
3.89,4.3499994
3.9,4.3499994
3.9,4.3499994
3.85,4.3499994
3.81,4.3499994
3.8,4.3499994
3.79,4.3499994
3.73,4.3499994
3.66,4.3499994
3.58,4.3499994
4.34,4.41
4.23,4.41
4.25,4.41
4.27,4.41
4.18,4.41
4.16,4.41
4.14,4.41
4.14,4.41
4.14,4.41
4.13,4.41
3.98,4.41
3.93,4.41
3.94,4.41
3.89,4.41
3.9,4.41
3.9,4.41
3.85,4.41
3.81,4.41
3.8,4.41
3.79,4.41
3.73,4.41
3.66,4.41
3.58,4.41
3.4,4.41
4.23,4.34
4.25,4.34
4.27,4.34
4.18,4.34
4.16,4.34
4.14,4.34
4.14,4.34
4.14,4.34
4.13,4.34
3.98,4.34
3.93,4.34
3.94,4.34
3.89,4.34
3.9,4.34
3.9,4.34
3.85,4.34
3.81,4.34
3.8,4.34
3.79,4.34
3.73,4.34
3.66,4.34
3.58,4.34
3.4,4.34
3.37,4.34
4.25,4.2300005
4.27,4.2300005
4.18,4.2300005
4.16,4.2300005
4.14,4.2300005
4.14,4.2300005
4.14,4.2300005
4.13,4.2300005
3.98,4.2300005
3.93,4.2300005
3.94,4.2300005
3.89,4.2300005
3.9,4.2300005
3.9,4.2300005
3.85,4.2300005
3.81,4.2300005
3.8,4.2300005
3.79,4.2300005
3.73,4.2300005
3.66,4.2300005
3.58,4.2300005
3.4,4.2300005
3.37,4.2300005
3.4,4.2300005
4.27,4.25
4.18,4.25
4.16,4.25
4.14,4.25
4.14,4.25
4.14,4.25
4.13,4.25
3.98,4.25
3.93,4.25
3.94,4.25
3.89,4.25
3.9,4.25
3.9,4.25
3.85,4.25
3.81,4.25
3.8,4.25
3.79,4.25
3.73,4.25
3.66,4.25
3.58,4.25
3.4,4.25
3.37,4.25
3.4,4.25
3.22,4.25
4.18,4.2699995
4.16,4.2699995
4.14,4.2699995
4.14,4.2699995
4.14,4.2699995
4.13,4.2699995
3.98,4.2699995
3.93,4.2699995
3.94,4.2699995
3.89,4.2699995
3.9,4.2699995
3.9,4.2699995
3.85,4.2699995
3.81,4.2699995
3.8,4.2699995
3.79,4.2699995
3.73,4.2699995
3.66,4.2699995
3.58,4.2699995
3.4,4.2699995
3.37,4.2699995
3.4,4.2699995
3.22,4.2699995
2.86,4.2699995
4.16,4.1799994
4.14,4.1799994
4.14,4.1799994
4.14,4.1799994
4.13,4.1799994
3.98,4.1799994
3.93,4.1799994
3.94,4.1799994
3.89,4.1799994
3.9,4.1799994
3.9,4.1799994
3.85,4.1799994
3.81,4.1799994
3.8,4.1799994
3.79,4.1799994
3.73,4.1799994
3.66,4.1799994
3.58,4.1799994
3.4,4.1799994
3.37,4.1799994
3.4,4.1799994
3.22,4.1799994
2.86,4.1799994
3.01,4.1799994
4.14,4.16
4.14,4.16
4.14,4.16
4.13,4.16
3.98,4.16
3.93,4.16
3.94,4.16
3.89,4.16
3.9,4.16
3.9,4.16
3.85,4.16
3.81,4.16
3.8,4.16
3.79,4.16
3.73,4.16
3.66,4.16
3.58,4.16
3.4,4.16
3.37,4.16
3.4,4.16
3.22,4.16
2.86,4.16
3.01,4.16
3.09,4.16
4.14,4.1400003
4.14,4.1400003
4.13,4.1400003
3.98,4.1400003
3.93,4.1400003
3.94,4.1400003
3.89,4.1400003
3.9,4.1400003
3.9,4.1400003
3.85,4.1400003
3.81,4.1400003
3.8,4.1400003
3.79,4.1400003
3.73,4.1400003
3.66,4.1400003
3.58,4.1400003
3.4,4.1400003
3.37,4.1400003
3.4,4.1400003
3.22,4.1400003
2.86,4.1400003
3.01,4.1400003
3.09,4.1400003
3.11,4.1400003
4.14,4.1400003
4.13,4.1400003
3.98,4.1400003
3.93,4.1400003
3.94,4.1400003
3.89,4.1400003
3.9,4.1400003
3.9,4.1400003
3.85,4.1400003
3.81,4.1400003
3.8,4.1400003
3.79,4.1400003
3.73,4.1400003
3.66,4.1400003
3.58,4.1400003
3.4,4.1400003
3.37,4.1400003
3.4,4.1400003
3.22,4.1400003
2.86,4.1400003
3.01,4.1400003
3.09,4.1400003
3.11,4.1400003
3.21,4.1400003
4.13,4.1400003
3.98,4.1400003
3.93,4.1400003
3.94,4.1400003
3.89,4.1400003
3.9,4.1400003
3.9,4.1400003
3.85,4.1400003
3.81,4.1400003
3.8,4.1400003
3.79,4.1400003
3.73,4.1400003
3.66,4.1400003
3.58,4.1400003
3.4,4.1400003
3.37,4.1400003
3.4,4.1400003
3.22,4.1400003
2.86,4.1400003
3.01,4.1400003
3.09,4.1400003
3.11,4.1400003
3.21,4.1400003
3.24,4.1400003
3.98,4.13
3.93,4.13
3.94,4.13
3.89,4.13
3.9,4.13
3.9,4.13
3.85,4.13
3.81,4.13
3.8,4.13
3.79,4.13
3.73,4.13
3.66,4.13
3.58,4.13
3.4,4.13
3.37,4.13
3.4,4.13
3.22,4.13
2.86,4.13
3.01,4.13
3.09,4.13
3.11,4.13
3.21,4.13
3.24,4.13
3.17,4.13
3.93,3.9800005
3.94,3.9800005
3.89,3.9800005
3.9,3.9800005
3.9,3.9800005
3.85,3.9800005
3.81,3.9800005
3.8,3.9800005
3.79,3.9800005
3.73,3.9800005
3.66,3.9800005
3.58,3.9800005
3.4,3.9800005
3.37,3.9800005
3.4,3.9800005
3.22,3.9800005
2.86,3.9800005
3.01,3.9800005
3.09,3.9800005
3.11,3.9800005
3.21,3.9800005
3.24,3.9800005
3.17,3.9800005
3.13,3.9800005
3.94,3.9300003
3.89,3.9300003
3.9,3.9300003
3.9,3.9300003
3.85,3.9300003
3.81,3.9300003
3.8,3.9300003
3.79,3.9300003
3.73,3.9300003
3.66,3.9300003
3.58,3.9300003
3.4,3.9300003
3.37,3.9300003
3.4,3.9300003
3.22,3.9300003
2.86,3.9300003
3.01,3.9300003
3.09,3.9300003
3.11,3.9300003
3.21,3.9300003
3.24,3.9300003
3.17,3.9300003
3.13,3.9300003
3.17,3.9300003
3.89,3.9399996
3.9,3.9399996
3.9,3.9399996
3.85,3.9399996
3.81,3.9399996
3.8,3.9399996
3.79,3.9399996
3.73,3.9399996
3.66,3.9399996
3.58,3.9399996
3.4,3.9399996
3.37,3.9399996
3.4,3.9399996
3.22,3.9399996
2.86,3.9399996
3.01,3.9399996
3.09,3.9399996
3.11,3.9399996
3.21,3.9399996
3.24,3.9399996
3.17,3.9399996
3.13,3.9399996
3.17,3.9399996
3.21,3.9399996
3.9,3.8900003
3.9,3.8900003
3.85,3.8900003
3.81,3.8900003
3.8,3.8900003
3.79,3.8900003
3.73,3.8900003
3.66,3.8900003
3.58,3.8900003
3.4,3.8900003
3.37,3.8900003
3.4,3.8900003
3.22,3.8900003
2.86,3.8900003
3.01,3.8900003
3.09,3.8900003
3.11,3.8900003
3.21,3.8900003
3.24,3.8900003
3.17,3.8900003
3.13,3.8900003
3.17,3.8900003
3.21,3.8900003
3.13,3.8900003
3.9,3.9000006
3.85,3.9000006
3.81,3.9000006
3.8,3.9000006
3.79,3.9000006
3.73,3.9000006
3.66,3.9000006
3.58,3.9000006
3.4,3.9000006
3.37,3.9000006
3.4,3.9000006
3.22,3.9000006
2.86,3.9000006
3.01,3.9000006
3.09,3.9000006
3.11,3.9000006
3.21,3.9000006
3.24,3.9000006
3.17,3.9000006
3.13,3.9000006
3.17,3.9000006
3.21,3.9000006
3.13,3.9000006
2.99,3.9000006
3.85,3.9000006
3.81,3.9000006
3.8,3.9000006
3.79,3.9000006
3.73,3.9000006
3.66,3.9000006
3.58,3.9000006
3.4,3.9000006
3.37,3.9000006
3.4,3.9000006
3.22,3.9000006
2.86,3.9000006
3.01,3.9000006
3.09,3.9000006
3.11,3.9000006
3.21,3.9000006
3.24,3.9000006
3.17,3.9000006
3.13,3.9000006
3.17,3.9000006
3.21,3.9000006
3.13,3.9000006
2.99,3.9000006
2.85,3.9000006
3.81,3.8499994
3.8,3.8499994
3.79,3.8499994
3.73,3.8499994
3.66,3.8499994
3.58,3.8499994
3.4,3.8499994
3.37,3.8499994
3.4,3.8499994
3.22,3.8499994
2.86,3.8499994
3.01,3.8499994
3.09,3.8499994
3.11,3.8499994
3.21,3.8499994
3.24,3.8499994
3.17,3.8499994
3.13,3.8499994
3.17,3.8499994
3.21,3.8499994
3.13,3.8499994
2.99,3.8499994
2.85,3.8499994
2.9,3.8499994
3.8,3.8100004
3.79,3.8100004
3.73,3.8100004
3.66,3.8100004
3.58,3.8100004
3.4,3.8100004
3.37,3.8100004
3.4,3.8100004
3.22,3.8100004
2.86,3.8100004
3.01,3.8100004
3.09,3.8100004
3.11,3.8100004
3.21,3.8100004
3.24,3.8100004
3.17,3.8100004
3.13,3.8100004
3.17,3.8100004
3.21,3.8100004
3.13,3.8100004
2.99,3.8100004
2.85,3.8100004
2.9,3.8100004
2.83,3.8100004
3.79,3.8000002
3.73,3.8000002
3.66,3.8000002
3.58,3.8000002
3.4,3.8000002
3.37,3.8000002
3.4,3.8000002
3.22,3.8000002
2.86,3.8000002
3.01,3.8000002
3.09,3.8000002
3.11,3.8000002
3.21,3.8000002
3.24,3.8000002
3.17,3.8000002
3.13,3.8000002
3.17,3.8000002
3.21,3.8000002
3.13,3.8000002
2.99,3.8000002
2.85,3.8000002
2.9,3.8000002
2.83,3.8000002
2.69,3.8000002
3.73,3.79
3.66,3.79
3.58,3.79
3.4,3.79
3.37,3.79
3.4,3.79
3.22,3.79
2.86,3.79
3.01,3.79
3.09,3.79
3.11,3.79
3.21,3.79
3.24,3.79
3.17,3.79
3.13,3.79
3.17,3.79
3.21,3.79
3.13,3.79
2.99,3.79
2.85,3.79
2.9,3.79
2.83,3.79
2.69,3.79
2.65,3.79
3.66,3.7300005
3.58,3.7300005
3.4,3.7300005
3.37,3.7300005
3.4,3.7300005
3.22,3.7300005
2.86,3.7300005
3.01,3.7300005
3.09,3.7300005
3.11,3.7300005
3.21,3.7300005
3.24,3.7300005
3.17,3.7300005
3.13,3.7300005
3.17,3.7300005
3.21,3.7300005
3.13,3.7300005
2.99,3.7300005
2.85,3.7300005
2.9,3.7300005
2.83,3.7300005
2.69,3.7300005
2.65,3.7300005
2.62,3.7300005
3.58,3.6599998
3.4,3.6599998
3.37,3.6599998
3.4,3.6599998
3.22,3.6599998
2.86,3.6599998
3.01,3.6599998
3.09,3.6599998
3.11,3.6599998
3.21,3.6599998
3.24,3.6599998
3.17,3.6599998
3.13,3.6599998
3.17,3.6599998
3.21,3.6599998
3.13,3.6599998
2.99,3.6599998
2.85,3.6599998
2.9,3.6599998
2.83,3.6599998
2.69,3.6599998
2.65,3.6599998
2.62,3.6599998
2.64,3.6599998
3.4,3.58
3.37,3.58
3.4,3.58
3.22,3.58
2.86,3.58
3.01,3.58
3.09,3.58
3.11,3.58
3.21,3.58
3.24,3.58
3.17,3.58
3.13,3.58
3.17,3.58
3.21,3.58
3.13,3.58
2.99,3.58
2.85,3.58
2.9,3.58
2.83,3.58
2.69,3.58
2.65,3.58
2.62,3.58
2.64,3.58
2.64,3.58
3.37,3.4000006
3.4,3.4000006
3.22,3.4000006
2.86,3.4000006
3.01,3.4000006
3.09,3.4000006
3.11,3.4000006
3.21,3.4000006
3.24,3.4000006
3.17,3.4000006
3.13,3.4000006
3.17,3.4000006
3.21,3.4000006
3.13,3.4000006
2.99,3.4000006
2.85,3.4000006
2.9,3.4000006
2.83,3.4000006
2.69,3.4000006
2.65,3.4000006
2.62,3.4000006
2.64,3.4000006
2.64,3.4000006
2.66,3.4000006
3.4,3.37
3.22,3.37
2.86,3.37
3.01,3.37
3.09,3.37
3.11,3.37
3.21,3.37
3.24,3.37
3.17,3.37
3.13,3.37
3.17,3.37
3.21,3.37
3.13,3.37
2.99,3.37
2.85,3.37
2.9,3.37
2.83,3.37
2.69,3.37
2.65,3.37
2.62,3.37
2.64,3.37
2.64,3.37
2.66,3.37
2.63,3.37
3.22,3.4000006
2.86,3.4000006
3.01,3.4000006
3.09,3.4000006
3.11,3.4000006
3.21,3.4000006
3.24,3.4000006
3.17,3.4000006
3.13,3.4000006
3.17,3.4000006
3.21,3.4000006
3.13,3.4000006
2.99,3.4000006
2.85,3.4000006
2.9,3.4000006
2.83,3.4000006
2.69,3.4000006
2.65,3.4000006
2.62,3.4000006
2.64,3.4000006
2.64,3.4000006
2.66,3.4000006
2.63,3.4000006
2.61,3.4000006
2.86,3.2200003
3.01,3.2200003
3.09,3.2200003
3.11,3.2200003
3.21,3.2200003
3.24,3.2200003
3.17,3.2200003
3.13,3.2200003
3.17,3.2200003
3.21,3.2200003
3.13,3.2200003
2.99,3.2200003
2.85,3.2200003
2.9,3.2200003
2.83,3.2200003
2.69,3.2200003
2.65,3.2200003
2.62,3.2200003
2.64,3.2200003
2.64,3.2200003
2.66,3.2200003
2.63,3.2200003
2.61,3.2200003
2.61,3.2200003
3.01,2.8599997
3.09,2.8599997
3.11,2.8599997
3.21,2.8599997
3.24,2.8599997
3.17,2.8599997
3.13,2.8599997
3.17,2.8599997
3.21,2.8599997
3.13,2.8599997
2.99,2.8599997
2.85,2.8599997
2.9,2.8599997
2.83,2.8599997
2.69,2.8599997
2.65,2.8599997
2.62,2.8599997
2.64,2.8599997
2.64,2.8599997
2.66,2.8599997
2.63,2.8599997
2.61,2.8599997
2.61,2.8599997
2.61,2.8599997
3.09,3.0100002
3.11,3.0100002
3.21,3.0100002
3.24,3.0100002
3.17,3.0100002
3.13,3.0100002
3.17,3.0100002
3.21,3.0100002
3.13,3.0100002
2.99,3.0100002
2.85,3.0100002
2.9,3.0100002
2.83,3.0100002
2.69,3.0100002
2.65,3.0100002
2.62,3.0100002
2.64,3.0100002
2.64,3.0100002
2.66,3.0100002
2.63,3.0100002
2.61,3.0100002
2.61,3.0100002
2.61,3.0100002
2.65,3.0100002
3.11,3.0900002
3.21,3.0900002
3.24,3.0900002
3.17,3.0900002
3.13,3.0900002
3.17,3.0900002
3.21,3.0900002
3.13,3.0900002
2.99,3.0900002
2.85,3.0900002
2.9,3.0900002
2.83,3.0900002
2.69,3.0900002
2.65,3.0900002
2.62,3.0900002
2.64,3.0900002
2.64,3.0900002
2.66,3.0900002
2.63,3.0900002
2.61,3.0900002
2.61,3.0900002
2.61,3.0900002
2.65,3.0900002
2.68,3.0900002
3.21,3.1099997
3.24,3.1099997
3.17,3.1099997
3.13,3.1099997
3.17,3.1099997
3.21,3.1099997
3.13,3.1099997
2.99,3.1099997
2.85,3.1099997
2.9,3.1099997
2.83,3.1099997
2.69,3.1099997
2.65,3.1099997
2.62,3.1099997
2.64,3.1099997
2.64,3.1099997
2.66,3.1099997
2.63,3.1099997
2.61,3.1099997
2.61,3.1099997
2.61,3.1099997
2.65,3.1099997
2.68,3.1099997
2.69,3.1099997
3.24,3.21
3.17,3.21
3.13,3.21
3.17,3.21
3.21,3.21
3.13,3.21
2.99,3.21
2.85,3.21
2.9,3.21
2.83,3.21
2.69,3.21
2.65,3.21
2.62,3.21
2.64,3.21
2.64,3.21
2.66,3.21
2.63,3.21
2.61,3.21
2.61,3.21
2.61,3.21
2.65,3.21
2.68,3.21
2.69,3.21
2.63,3.21
3.17,3.2399998
3.13,3.2399998
3.17,3.2399998
3.21,3.2399998
3.13,3.2399998
2.99,3.2399998
2.85,3.2399998
2.9,3.2399998
2.83,3.2399998
2.69,3.2399998
2.65,3.2399998
2.62,3.2399998
2.64,3.2399998
2.64,3.2399998
2.66,3.2399998
2.63,3.2399998
2.61,3.2399998
2.61,3.2399998
2.61,3.2399998
2.65,3.2399998
2.68,3.2399998
2.69,3.2399998
2.63,3.2399998
2.6,3.2399998
3.13,3.17
3.17,3.17
3.21,3.17
3.13,3.17
2.99,3.17
2.85,3.17
2.9,3.17
2.83,3.17
2.69,3.17
2.65,3.17
2.62,3.17
2.64,3.17
2.64,3.17
2.66,3.17
2.63,3.17
2.61,3.17
2.61,3.17
2.61,3.17
2.65,3.17
2.68,3.17
2.69,3.17
2.63,3.17
2.6,3.17
2.58,3.17
3.17,3.13
3.21,3.13
3.13,3.13
2.99,3.13
2.85,3.13
2.9,3.13
2.83,3.13
2.69,3.13
2.65,3.13
2.62,3.13
2.64,3.13
2.64,3.13
2.66,3.13
2.63,3.13
2.61,3.13
2.61,3.13
2.61,3.13
2.65,3.13
2.68,3.13
2.69,3.13
2.63,3.13
2.6,3.13
2.58,3.13
2.6,3.13
3.21,3.17
3.13,3.17
2.99,3.17
2.85,3.17
2.9,3.17
2.83,3.17
2.69,3.17
2.65,3.17
2.62,3.17
2.64,3.17
2.64,3.17
2.66,3.17
2.63,3.17
2.61,3.17
2.61,3.17
2.61,3.17
2.65,3.17
2.68,3.17
2.69,3.17
2.63,3.17
2.6,3.17
2.58,3.17
2.6,3.17
2.58,3.17
3.13,3.21
2.99,3.21
2.85,3.21
2.9,3.21
2.83,3.21
2.69,3.21
2.65,3.21
2.62,3.21
2.64,3.21
2.64,3.21
2.66,3.21
2.63,3.21
2.61,3.21
2.61,3.21
2.61,3.21
2.65,3.21
2.68,3.21
2.69,3.21
2.63,3.21
2.6,3.21
2.58,3.21
2.6,3.21
2.58,3.21
2.62,3.21
2.99,3.13
2.85,3.13
2.9,3.13
2.83,3.13
2.69,3.13
2.65,3.13
2.62,3.13
2.64,3.13
2.64,3.13
2.66,3.13
2.63,3.13
2.61,3.13
2.61,3.13
2.61,3.13
2.65,3.13
2.68,3.13
2.69,3.13
2.63,3.13
2.6,3.13
2.58,3.13
2.6,3.13
2.58,3.13
2.62,3.13
2.66,3.13
2.85,2.9899998
2.9,2.9899998
2.83,2.9899998
2.69,2.9899998
2.65,2.9899998
2.62,2.9899998
2.64,2.9899998
2.64,2.9899998
2.66,2.9899998
2.63,2.9899998
2.61,2.9899998
2.61,2.9899998
2.61,2.9899998
2.65,2.9899998
2.68,2.9899998
2.69,2.9899998
2.63,2.9899998
2.6,2.9899998
2.58,2.9899998
2.6,2.9899998
2.58,2.9899998
2.62,2.9899998
2.66,2.9899998
2.66,2.9899998
2.9,2.8499994
2.83,2.8499994
2.69,2.8499994
2.65,2.8499994
2.62,2.8499994
2.64,2.8499994
2.64,2.8499994
2.66,2.8499994
2.63,2.8499994
2.61,2.8499994
2.61,2.8499994
2.61,2.8499994
2.65,2.8499994
2.68,2.8499994
2.69,2.8499994
2.63,2.8499994
2.6,2.8499994
2.58,2.8499994
2.6,2.8499994
2.58,2.8499994
2.62,2.8499994
2.66,2.8499994
2.66,2.8499994
2.62,2.8499994
2.83,2.9000006
2.69,2.9000006
2.65,2.9000006
2.62,2.9000006
2.64,2.9000006
2.64,2.9000006
2.66,2.9000006
2.63,2.9000006
2.61,2.9000006
2.61,2.9000006
2.61,2.9000006
2.65,2.9000006
2.68,2.9000006
2.69,2.9000006
2.63,2.9000006
2.6,2.9000006
2.58,2.9000006
2.6,2.9000006
2.58,2.9000006
2.62,2.9000006
2.66,2.9000006
2.66,2.9000006
2.62,2.9000006
2.58,2.9000006
2.69,2.83
2.65,2.83
2.62,2.83
2.64,2.83
2.64,2.83
2.66,2.83
2.63,2.83
2.61,2.83
2.61,2.83
2.61,2.83
2.65,2.83
2.68,2.83
2.69,2.83
2.63,2.83
2.6,2.83
2.58,2.83
2.6,2.83
2.58,2.83
2.62,2.83
2.66,2.83
2.66,2.83
2.62,2.83
2.58,2.83
2.61,2.83
2.65,2.6899996
2.62,2.6899996
2.64,2.6899996
2.64,2.6899996
2.66,2.6899996
2.63,2.6899996
2.61,2.6899996
2.61,2.6899996
2.61,2.6899996
2.65,2.6899996
2.68,2.6899996
2.69,2.6899996
2.63,2.6899996
2.6,2.6899996
2.58,2.6899996
2.6,2.6899996
2.58,2.6899996
2.62,2.6899996
2.66,2.6899996
2.66,2.6899996
2.62,2.6899996
2.58,2.6899996
2.61,2.6899996
2.62,2.6899996
2.62,2.6500006
2.64,2.6500006
2.64,2.6500006
2.66,2.6500006
2.63,2.6500006
2.61,2.6500006
2.61,2.6500006
2.61,2.6500006
2.65,2.6500006
2.68,2.6500006
2.69,2.6500006
2.63,2.6500006
2.6,2.6500006
2.58,2.6500006
2.6,2.6500006
2.58,2.6500006
2.62,2.6500006
2.66,2.6500006
2.66,2.6500006
2.62,2.6500006
2.58,2.6500006
2.61,2.6500006
2.62,2.6500006
2.53,2.6500006
2.64,2.62
2.64,2.62
2.66,2.62
2.63,2.62
2.61,2.62
2.61,2.62
2.61,2.62
2.65,2.62
2.68,2.62
2.69,2.62
2.63,2.62
2.6,2.62
2.58,2.62
2.6,2.62
2.58,2.62
2.62,2.62
2.66,2.62
2.66,2.62
2.62,2.62
2.58,2.62
2.61,2.62
2.62,2.62
2.53,2.62
2.48,2.62
2.64,2.6400003
2.66,2.6400003
2.63,2.6400003
2.61,2.6400003
2.61,2.6400003
2.61,2.6400003
2.65,2.6400003
2.68,2.6400003
2.69,2.6400003
2.63,2.6400003
2.6,2.6400003
2.58,2.6400003
2.6,2.6400003
2.58,2.6400003
2.62,2.6400003
2.66,2.6400003
2.66,2.6400003
2.62,2.6400003
2.58,2.6400003
2.61,2.6400003
2.62,2.6400003
2.53,2.6400003
2.48,2.6400003
2.45,2.6400003
2.66,2.6400003
2.63,2.6400003
2.61,2.6400003
2.61,2.6400003
2.61,2.6400003
2.65,2.6400003
2.68,2.6400003
2.69,2.6400003
2.63,2.6400003
2.6,2.6400003
2.58,2.6400003
2.6,2.6400003
2.58,2.6400003
2.62,2.6400003
2.66,2.6400003
2.66,2.6400003
2.62,2.6400003
2.58,2.6400003
2.61,2.6400003
2.62,2.6400003
2.53,2.6400003
2.48,2.6400003
2.45,2.6400003
2.4,2.6400003
2.63,2.6599998
2.61,2.6599998
2.61,2.6599998
2.61,2.6599998
2.65,2.6599998
2.68,2.6599998
2.69,2.6599998
2.63,2.6599998
2.6,2.6599998
2.58,2.6599998
2.6,2.6599998
2.58,2.6599998
2.62,2.6599998
2.66,2.6599998
2.66,2.6599998
2.62,2.6599998
2.58,2.6599998
2.61,2.6599998
2.62,2.6599998
2.53,2.6599998
2.48,2.6599998
2.45,2.6599998
2.4,2.6599998
2.37,2.6599998
2.61,2.63
2.61,2.63
2.61,2.63
2.65,2.63
2.68,2.63
2.69,2.63
2.63,2.63
2.6,2.63
2.58,2.63
2.6,2.63
2.58,2.63
2.62,2.63
2.66,2.63
2.66,2.63
2.62,2.63
2.58,2.63
2.61,2.63
2.62,2.63
2.53,2.63
2.48,2.63
2.45,2.63
2.4,2.63
2.37,2.63
2.31,2.63
2.61,2.6099997
2.61,2.6099997
2.65,2.6099997
2.68,2.6099997
2.69,2.6099997
2.63,2.6099997
2.6,2.6099997
2.58,2.6099997
2.6,2.6099997
2.58,2.6099997
2.62,2.6099997
2.66,2.6099997
2.66,2.6099997
2.62,2.6099997
2.58,2.6099997
2.61,2.6099997
2.62,2.6099997
2.53,2.6099997
2.48,2.6099997
2.45,2.6099997
2.4,2.6099997
2.37,2.6099997
2.31,2.6099997
2.43,2.6099997
2.61,2.6099997
2.65,2.6099997
2.68,2.6099997
2.69,2.6099997
2.63,2.6099997
2.6,2.6099997
2.58,2.6099997
2.6,2.6099997
2.58,2.6099997
2.62,2.6099997
2.66,2.6099997
2.66,2.6099997
2.62,2.6099997
2.58,2.6099997
2.61,2.6099997
2.62,2.6099997
2.53,2.6099997
2.48,2.6099997
2.45,2.6099997
2.4,2.6099997
2.37,2.6099997
2.31,2.6099997
2.43,2.6099997
2.49,2.6099997
2.65,2.6099997
2.68,2.6099997
2.69,2.6099997
2.63,2.6099997
2.6,2.6099997
2.58,2.6099997
2.6,2.6099997
2.58,2.6099997
2.62,2.6099997
2.66,2.6099997
2.66,2.6099997
2.62,2.6099997
2.58,2.6099997
2.61,2.6099997
2.62,2.6099997
2.53,2.6099997
2.48,2.6099997
2.45,2.6099997
2.4,2.6099997
2.37,2.6099997
2.31,2.6099997
2.43,2.6099997
2.49,2.6099997
2.64,2.6099997
2.68,2.6500006
2.69,2.6500006
2.63,2.6500006
2.6,2.6500006
2.58,2.6500006
2.6,2.6500006
2.58,2.6500006
2.62,2.6500006
2.66,2.6500006
2.66,2.6500006
2.62,2.6500006
2.58,2.6500006
2.61,2.6500006
2.62,2.6500006
2.53,2.6500006
2.48,2.6500006
2.45,2.6500006
2.4,2.6500006
2.37,2.6500006
2.31,2.6500006
2.43,2.6500006
2.49,2.6500006
2.64,2.6500006
2.72,2.6500006
2.69,2.6800003
2.63,2.6800003
2.6,2.6800003
2.58,2.6800003
2.6,2.6800003
2.58,2.6800003
2.62,2.6800003
2.66,2.6800003
2.66,2.6800003
2.62,2.6800003
2.58,2.6800003
2.61,2.6800003
2.62,2.6800003
2.53,2.6800003
2.48,2.6800003
2.45,2.6800003
2.4,2.6800003
2.37,2.6800003
2.31,2.6800003
2.43,2.6800003
2.49,2.6800003
2.64,2.6800003
2.72,2.6800003
2.62,2.6800003
2.63,2.6899996
2.6,2.6899996
2.58,2.6899996
2.6,2.6899996
2.58,2.6899996
2.62,2.6899996
2.66,2.6899996
2.66,2.6899996
2.62,2.6899996
2.58,2.6899996
2.61,2.6899996
2.62,2.6899996
2.53,2.6899996
2.48,2.6899996
2.45,2.6899996
2.4,2.6899996
2.37,2.6899996
2.31,2.6899996
2.43,2.6899996
2.49,2.6899996
2.64,2.6899996
2.72,2.6899996
2.62,2.6899996
2.58,2.6899996
2.6,2.63
2.58,2.63
2.6,2.63
2.58,2.63
2.62,2.63
2.66,2.63
2.66,2.63
2.62,2.63
2.58,2.63
2.61,2.63
2.62,2.63
2.53,2.63
2.48,2.63
2.45,2.63
2.4,2.63
2.37,2.63
2.31,2.63
2.43,2.63
2.49,2.63
2.64,2.63
2.72,2.63
2.62,2.63
2.58,2.63
2.73,2.63
2.58,2.5999994
2.6,2.5999994
2.58,2.5999994
2.62,2.5999994
2.66,2.5999994
2.66,2.5999994
2.62,2.5999994
2.58,2.5999994
2.61,2.5999994
2.62,2.5999994
2.53,2.5999994
2.48,2.5999994
2.45,2.5999994
2.4,2.5999994
2.37,2.5999994
2.31,2.5999994
2.43,2.5999994
2.49,2.5999994
2.64,2.5999994
2.72,2.5999994
2.62,2.5999994
2.58,2.5999994
2.73,2.5999994
2.79,2.5999994
2.6,2.58
2.58,2.58
2.62,2.58
2.66,2.58
2.66,2.58
2.62,2.58
2.58,2.58
2.61,2.58
2.62,2.58
2.53,2.58
2.48,2.58
2.45,2.58
2.4,2.58
2.37,2.58
2.31,2.58
2.43,2.58
2.49,2.58
2.64,2.58
2.72,2.58
2.62,2.58
2.58,2.58
2.73,2.58
2.79,2.58
2.9,2.58
2.58,2.5999994
2.62,2.5999994
2.66,2.5999994
2.66,2.5999994
2.62,2.5999994
2.58,2.5999994
2.61,2.5999994
2.62,2.5999994
2.53,2.5999994
2.48,2.5999994
2.45,2.5999994
2.4,2.5999994
2.37,2.5999994
2.31,2.5999994
2.43,2.5999994
2.49,2.5999994
2.64,2.5999994
2.72,2.5999994
2.62,2.5999994
2.58,2.5999994
2.73,2.5999994
2.79,2.5999994
2.9,2.5999994
2.76,2.5999994
2.62,2.58
2.66,2.58
2.66,2.58
2.62,2.58
2.58,2.58
2.61,2.58
2.62,2.58
2.53,2.58
2.48,2.58
2.45,2.58
2.4,2.58
2.37,2.58
2.31,2.58
2.43,2.58
2.49,2.58
2.64,2.58
2.72,2.58
2.62,2.58
2.58,2.58
2.73,2.58
2.79,2.58
2.9,2.58
2.76,2.58
2.88,2.58
2.66,2.62
2.66,2.62
2.62,2.62
2.58,2.62
2.61,2.62
2.62,2.62
2.53,2.62
2.48,2.62
2.45,2.62
2.4,2.62
2.37,2.62
2.31,2.62
2.43,2.62
2.49,2.62
2.64,2.62
2.72,2.62
2.62,2.62
2.58,2.62
2.73,2.62
2.79,2.62
2.9,2.62
2.76,2.62
2.88,2.62
2.94,2.62
2.66,2.6599998
2.62,2.6599998
2.58,2.6599998
2.61,2.6599998
2.62,2.6599998
2.53,2.6599998
2.48,2.6599998
2.45,2.6599998
2.4,2.6599998
2.37,2.6599998
2.31,2.6599998
2.43,2.6599998
2.49,2.6599998
2.64,2.6599998
2.72,2.6599998
2.62,2.6599998
2.58,2.6599998
2.73,2.6599998
2.79,2.6599998
2.9,2.6599998
2.76,2.6599998
2.88,2.6599998
2.94,2.6599998
2.95,2.6599998
2.62,2.6599998
2.58,2.6599998
2.61,2.6599998
2.62,2.6599998
2.53,2.6599998
2.48,2.6599998
2.45,2.6599998
2.4,2.6599998
2.37,2.6599998
2.31,2.6599998
2.43,2.6599998
2.49,2.6599998
2.64,2.6599998
2.72,2.6599998
2.62,2.6599998
2.58,2.6599998
2.73,2.6599998
2.79,2.6599998
2.9,2.6599998
2.76,2.6599998
2.88,2.6599998
2.94,2.6599998
2.95,2.6599998
3.11,2.6599998
2.58,2.62
2.61,2.62
2.62,2.62
2.53,2.62
2.48,2.62
2.45,2.62
2.4,2.62
2.37,2.62
2.31,2.62
2.43,2.62
2.49,2.62
2.64,2.62
2.72,2.62
2.62,2.62
2.58,2.62
2.73,2.62
2.79,2.62
2.9,2.62
2.76,2.62
2.88,2.62
2.94,2.62
2.95,2.62
3.11,2.62
3.38,2.62
2.61,2.58
2.62,2.58
2.53,2.58
2.48,2.58
2.45,2.58
2.4,2.58
2.37,2.58
2.31,2.58
2.43,2.58
2.49,2.58
2.64,2.58
2.72,2.58
2.62,2.58
2.58,2.58
2.73,2.58
2.79,2.58
2.9,2.58
2.76,2.58
2.88,2.58
2.94,2.58
2.95,2.58
3.11,2.58
3.38,2.58
3.35,2.58
2.62,2.6099997
2.53,2.6099997
2.48,2.6099997
2.45,2.6099997
2.4,2.6099997
2.37,2.6099997
2.31,2.6099997
2.43,2.6099997
2.49,2.6099997
2.64,2.6099997
2.72,2.6099997
2.62,2.6099997
2.58,2.6099997
2.73,2.6099997
2.79,2.6099997
2.9,2.6099997
2.76,2.6099997
2.88,2.6099997
2.94,2.6099997
2.95,2.6099997
3.11,2.6099997
3.38,2.6099997
3.35,2.6099997
3.61,2.6099997
2.53,2.62
2.48,2.62
2.45,2.62
2.4,2.62
2.37,2.62
2.31,2.62
2.43,2.62
2.49,2.62
2.64,2.62
2.72,2.62
2.62,2.62
2.58,2.62
2.73,2.62
2.79,2.62
2.9,2.62
2.76,2.62
2.88,2.62
2.94,2.62
2.95,2.62
3.11,2.62
3.38,2.62
3.35,2.62
3.61,2.62
3.88,2.62
2.48,2.5299997
2.45,2.5299997
2.4,2.5299997
2.37,2.5299997
2.31,2.5299997
2.43,2.5299997
2.49,2.5299997
2.64,2.5299997
2.72,2.5299997
2.62,2.5299997
2.58,2.5299997
2.73,2.5299997
2.79,2.5299997
2.9,2.5299997
2.76,2.5299997
2.88,2.5299997
2.94,2.5299997
2.95,2.5299997
3.11,2.5299997
3.38,2.5299997
3.35,2.5299997
3.61,2.5299997
3.88,2.5299997
4.14,2.5299997
2.45,2.4800005
2.4,2.4800005
2.37,2.4800005
2.31,2.4800005
2.43,2.4800005
2.49,2.4800005
2.64,2.4800005
2.72,2.4800005
2.62,2.4800005
2.58,2.4800005
2.73,2.4800005
2.79,2.4800005
2.9,2.4800005
2.76,2.4800005
2.88,2.4800005
2.94,2.4800005
2.95,2.4800005
3.11,2.4800005
3.38,2.4800005
3.35,2.4800005
3.61,2.4800005
3.88,2.4800005
4.14,2.4800005
4.28,2.4800005
2.4,2.4499998
2.37,2.4499998
2.31,2.4499998
2.43,2.4499998
2.49,2.4499998
2.64,2.4499998
2.72,2.4499998
2.62,2.4499998
2.58,2.4499998
2.73,2.4499998
2.79,2.4499998
2.9,2.4499998
2.76,2.4499998
2.88,2.4499998
2.94,2.4499998
2.95,2.4499998
3.11,2.4499998
3.38,2.4499998
3.35,2.4499998
3.61,2.4499998
3.88,2.4499998
4.14,2.4499998
4.28,2.4499998
4.33,2.4499998
2.37,2.4000006
2.31,2.4000006
2.43,2.4000006
2.49,2.4000006
2.64,2.4000006
2.72,2.4000006
2.62,2.4000006
2.58,2.4000006
2.73,2.4000006
2.79,2.4000006
2.9,2.4000006
2.76,2.4000006
2.88,2.4000006
2.94,2.4000006
2.95,2.4000006
3.11,2.4000006
3.38,2.4000006
3.35,2.4000006
3.61,2.4000006
3.88,2.4000006
4.14,2.4000006
4.28,2.4000006
4.33,2.4000006
4.42,2.4000006
2.31,2.37
2.43,2.37
2.49,2.37
2.64,2.37
2.72,2.37
2.62,2.37
2.58,2.37
2.73,2.37
2.79,2.37
2.9,2.37
2.76,2.37
2.88,2.37
2.94,2.37
2.95,2.37
3.11,2.37
3.38,2.37
3.35,2.37
3.61,2.37
3.88,2.37
4.14,2.37
4.28,2.37
4.33,2.37
4.42,2.37
4.46,2.37
2.43,2.3100004
2.49,2.3100004
2.64,2.3100004
2.72,2.3100004
2.62,2.3100004
2.58,2.3100004
2.73,2.3100004
2.79,2.3100004
2.9,2.3100004
2.76,2.3100004
2.88,2.3100004
2.94,2.3100004
2.95,2.3100004
3.11,2.3100004
3.38,2.3100004
3.35,2.3100004
3.61,2.3100004
3.88,2.3100004
4.14,2.3100004
4.28,2.3100004
4.33,2.3100004
4.42,2.3100004
4.46,2.3100004
4.49,2.3100004
2.49,2.4300003
2.64,2.4300003
2.72,2.4300003
2.62,2.4300003
2.58,2.4300003
2.73,2.4300003
2.79,2.4300003
2.9,2.4300003
2.76,2.4300003
2.88,2.4300003
2.94,2.4300003
2.95,2.4300003
3.11,2.4300003
3.38,2.4300003
3.35,2.4300003
3.61,2.4300003
3.88,2.4300003
4.14,2.4300003
4.28,2.4300003
4.33,2.4300003
4.42,2.4300003
4.46,2.4300003
4.49,2.4300003
4.54,2.4300003
2.64,2.4899998
2.72,2.4899998
2.62,2.4899998
2.58,2.4899998
2.73,2.4899998
2.79,2.4899998
2.9,2.4899998
2.76,2.4899998
2.88,2.4899998
2.94,2.4899998
2.95,2.4899998
3.11,2.4899998
3.38,2.4899998
3.35,2.4899998
3.61,2.4899998
3.88,2.4899998
4.14,2.4899998
4.28,2.4899998
4.33,2.4899998
4.42,2.4899998
4.46,2.4899998
4.49,2.4899998
4.54,2.4899998
4.55,2.4899998
2.72,2.6400003
2.62,2.6400003
2.58,2.6400003
2.73,2.6400003
2.79,2.6400003
2.9,2.6400003
2.76,2.6400003
2.88,2.6400003
2.94,2.6400003
2.95,2.6400003
3.11,2.6400003
3.38,2.6400003
3.35,2.6400003
3.61,2.6400003
3.88,2.6400003
4.14,2.6400003
4.28,2.6400003
4.33,2.6400003
4.42,2.6400003
4.46,2.6400003
4.49,2.6400003
4.54,2.6400003
4.55,2.6400003
4.57,2.6400003
2.62,2.7200003
2.58,2.7200003
2.73,2.7200003
2.79,2.7200003
2.9,2.7200003
2.76,2.7200003
2.88,2.7200003
2.94,2.7200003
2.95,2.7200003
3.11,2.7200003
3.38,2.7200003
3.35,2.7200003
3.61,2.7200003
3.88,2.7200003
4.14,2.7200003
4.28,2.7200003
4.33,2.7200003
4.42,2.7200003
4.46,2.7200003
4.49,2.7200003
4.54,2.7200003
4.55,2.7200003
4.57,2.7200003
4.67,2.7200003
2.58,2.62
2.73,2.62
2.79,2.62
2.9,2.62
2.76,2.62
2.88,2.62
2.94,2.62
2.95,2.62
3.11,2.62
3.38,2.62
3.35,2.62
3.61,2.62
3.88,2.62
4.14,2.62
4.28,2.62
4.33,2.62
4.42,2.62
4.46,2.62
4.49,2.62
4.54,2.62
4.55,2.62
4.57,2.62
4.67,2.62
4.72,2.62
2.73,2.58
2.79,2.58
2.9,2.58
2.76,2.58
2.88,2.58
2.94,2.58
2.95,2.58
3.11,2.58
3.38,2.58
3.35,2.58
3.61,2.58
3.88,2.58
4.14,2.58
4.28,2.58
4.33,2.58
4.42,2.58
4.46,2.58
4.49,2.58
4.54,2.58
4.55,2.58
4.57,2.58
4.67,2.58
4.72,2.58
4.8,2.58
2.79,2.7300005
2.9,2.7300005
2.76,2.7300005
2.88,2.7300005
2.94,2.7300005
2.95,2.7300005
3.11,2.7300005
3.38,2.7300005
3.35,2.7300005
3.61,2.7300005
3.88,2.7300005
4.14,2.7300005
4.28,2.7300005
4.33,2.7300005
4.42,2.7300005
4.46,2.7300005
4.49,2.7300005
4.54,2.7300005
4.55,2.7300005
4.57,2.7300005
4.67,2.7300005
4.72,2.7300005
4.8,2.7300005
4.89,2.7300005
2.9,2.79
2.76,2.79
2.88,2.79
2.94,2.79
2.95,2.79
3.11,2.79
3.38,2.79
3.35,2.79
3.61,2.79
3.88,2.79
4.14,2.79
4.28,2.79
4.33,2.79
4.42,2.79
4.46,2.79
4.49,2.79
4.54,2.79
4.55,2.79
4.57,2.79
4.67,2.79
4.72,2.79
4.8,2.79
4.89,2.79
4.96,2.79
2.76,2.9000006
2.88,2.9000006
2.94,2.9000006
2.95,2.9000006
3.11,2.9000006
3.38,2.9000006
3.35,2.9000006
3.61,2.9000006
3.88,2.9000006
4.14,2.9000006
4.28,2.9000006
4.33,2.9000006
4.42,2.9000006
4.46,2.9000006
4.49,2.9000006
4.54,2.9000006
4.55,2.9000006
4.57,2.9000006
4.67,2.9000006
4.72,2.9000006
4.8,2.9000006
4.89,2.9000006
4.96,2.9000006
5.04,2.9000006
2.88,2.7600002
2.94,2.7600002
2.95,2.7600002
3.11,2.7600002
3.38,2.7600002
3.35,2.7600002
3.61,2.7600002
3.88,2.7600002
4.14,2.7600002
4.28,2.7600002
4.33,2.7600002
4.42,2.7600002
4.46,2.7600002
4.49,2.7600002
4.54,2.7600002
4.55,2.7600002
4.57,2.7600002
4.67,2.7600002
4.72,2.7600002
4.8,2.7600002
4.89,2.7600002
4.96,2.7600002
5.04,2.7600002
5.26,2.7600002
2.94,2.88
2.95,2.88
3.11,2.88
3.38,2.88
3.35,2.88
3.61,2.88
3.88,2.88
4.14,2.88
4.28,2.88
4.33,2.88
4.42,2.88
4.46,2.88
4.49,2.88
4.54,2.88
4.55,2.88
4.57,2.88
4.67,2.88
4.72,2.88
4.8,2.88
4.89,2.88
4.96,2.88
5.04,2.88
5.26,2.88
5.39,2.88
2.95,2.9399996
3.11,2.9399996
3.38,2.9399996
3.35,2.9399996
3.61,2.9399996
3.88,2.9399996
4.14,2.9399996
4.28,2.9399996
4.33,2.9399996
4.42,2.9399996
4.46,2.9399996
4.49,2.9399996
4.54,2.9399996
4.55,2.9399996
4.57,2.9399996
4.67,2.9399996
4.72,2.9399996
4.8,2.9399996
4.89,2.9399996
4.96,2.9399996
5.04,2.9399996
5.26,2.9399996
5.39,2.9399996
5.52,2.9399996
3.11,2.9499998
3.38,2.9499998
3.35,2.9499998
3.61,2.9499998
3.88,2.9499998
4.14,2.9499998
4.28,2.9499998
4.33,2.9499998
4.42,2.9499998
4.46,2.9499998
4.49,2.9499998
4.54,2.9499998
4.55,2.9499998
4.57,2.9499998
4.67,2.9499998
4.72,2.9499998
4.8,2.9499998
4.89,2.9499998
4.96,2.9499998
5.04,2.9499998
5.26,2.9499998
5.39,2.9499998
5.52,2.9499998
5.47,2.9499998
3.38,3.1099997
3.35,3.1099997
3.61,3.1099997
3.88,3.1099997
4.14,3.1099997
4.28,3.1099997
4.33,3.1099997
4.42,3.1099997
4.46,3.1099997
4.49,3.1099997
4.54,3.1099997
4.55,3.1099997
4.57,3.1099997
4.67,3.1099997
4.72,3.1099997
4.8,3.1099997
4.89,3.1099997
4.96,3.1099997
5.04,3.1099997
5.26,3.1099997
5.39,3.1099997
5.52,3.1099997
5.47,3.1099997
5.53,3.1099997
3.35,3.38
3.61,3.38
3.88,3.38
4.14,3.38
4.28,3.38
4.33,3.38
4.42,3.38
4.46,3.38
4.49,3.38
4.54,3.38
4.55,3.38
4.57,3.38
4.67,3.38
4.72,3.38
4.8,3.38
4.89,3.38
4.96,3.38
5.04,3.38
5.26,3.38
5.39,3.38
5.52,3.38
5.47,3.38
5.53,3.38
5.5,3.38
3.61,3.3499994
3.88,3.3499994
4.14,3.3499994
4.28,3.3499994
4.33,3.3499994
4.42,3.3499994
4.46,3.3499994
4.49,3.3499994
4.54,3.3499994
4.55,3.3499994
4.57,3.3499994
4.67,3.3499994
4.72,3.3499994
4.8,3.3499994
4.89,3.3499994
4.96,3.3499994
5.04,3.3499994
5.26,3.3499994
5.39,3.3499994
5.52,3.3499994
5.47,3.3499994
5.53,3.3499994
5.5,3.3499994
5.36,3.3499994
3.88,3.6099997
4.14,3.6099997
4.28,3.6099997
4.33,3.6099997
4.42,3.6099997
4.46,3.6099997
4.49,3.6099997
4.54,3.6099997
4.55,3.6099997
4.57,3.6099997
4.67,3.6099997
4.72,3.6099997
4.8,3.6099997
4.89,3.6099997
4.96,3.6099997
5.04,3.6099997
5.26,3.6099997
5.39,3.6099997
5.52,3.6099997
5.47,3.6099997
5.53,3.6099997
5.5,3.6099997
5.36,3.6099997
5.28,3.6099997
4.14,3.88
4.28,3.88
4.33,3.88
4.42,3.88
4.46,3.88
4.49,3.88
4.54,3.88
4.55,3.88
4.57,3.88
4.67,3.88
4.72,3.88
4.8,3.88
4.89,3.88
4.96,3.88
5.04,3.88
5.26,3.88
5.39,3.88
5.52,3.88
5.47,3.88
5.53,3.88
5.5,3.88
5.36,3.88
5.28,3.88
5.36,3.88
4.28,4.1400003
4.33,4.1400003
4.42,4.1400003
4.46,4.1400003
4.49,4.1400003
4.54,4.1400003
4.55,4.1400003
4.57,4.1400003
4.67,4.1400003
4.72,4.1400003
4.8,4.1400003
4.89,4.1400003
4.96,4.1400003
5.04,4.1400003
5.26,4.1400003
5.39,4.1400003
5.52,4.1400003
5.47,4.1400003
5.53,4.1400003
5.5,4.1400003
5.36,4.1400003
5.28,4.1400003
5.36,4.1400003
5.4,4.1400003
4.33,4.2799997
4.42,4.2799997
4.46,4.2799997
4.49,4.2799997
4.54,4.2799997
4.55,4.2799997
4.57,4.2799997
4.67,4.2799997
4.72,4.2799997
4.8,4.2799997
4.89,4.2799997
4.96,4.2799997
5.04,4.2799997
5.26,4.2799997
5.39,4.2799997
5.52,4.2799997
5.47,4.2799997
5.53,4.2799997
5.5,4.2799997
5.36,4.2799997
5.28,4.2799997
5.36,4.2799997
5.4,4.2799997
5.23,4.2799997
4.42,4.33
4.46,4.33
4.49,4.33
4.54,4.33
4.55,4.33
4.57,4.33
4.67,4.33
4.72,4.33
4.8,4.33
4.89,4.33
4.96,4.33
5.04,4.33
5.26,4.33
5.39,4.33
5.52,4.33
5.47,4.33
5.53,4.33
5.5,4.33
5.36,4.33
5.28,4.33
5.36,4.33
5.4,4.33
5.23,4.33
4.98,4.33
4.46,4.42
4.49,4.42
4.54,4.42
4.55,4.42
4.57,4.42
4.67,4.42
4.72,4.42
4.8,4.42
4.89,4.42
4.96,4.42
5.04,4.42
5.26,4.42
5.39,4.42
5.52,4.42
5.47,4.42
5.53,4.42
5.5,4.42
5.36,4.42
5.28,4.42
5.36,4.42
5.4,4.42
5.23,4.42
4.98,4.42
4.87,4.42
4.49,4.46
4.54,4.46
4.55,4.46
4.57,4.46
4.67,4.46
4.72,4.46
4.8,4.46
4.89,4.46
4.96,4.46
5.04,4.46
5.26,4.46
5.39,4.46
5.52,4.46
5.47,4.46
5.53,4.46
5.5,4.46
5.36,4.46
5.28,4.46
5.36,4.46
5.4,4.46
5.23,4.46
4.98,4.46
4.87,4.46
4.85,4.46
4.54,4.49
4.55,4.49
4.57,4.49
4.67,4.49
4.72,4.49
4.8,4.49
4.89,4.49
4.96,4.49
5.04,4.49
5.26,4.49
5.39,4.49
5.52,4.49
5.47,4.49
5.53,4.49
5.5,4.49
5.36,4.49
5.28,4.49
5.36,4.49
5.4,4.49
5.23,4.49
4.98,4.49
4.87,4.49
4.85,4.49
4.79,4.49
4.55,4.54
4.57,4.54
4.67,4.54
4.72,4.54
4.8,4.54
4.89,4.54
4.96,4.54
5.04,4.54
5.26,4.54
5.39,4.54
5.52,4.54
5.47,4.54
5.53,4.54
5.5,4.54
5.36,4.54
5.28,4.54
5.36,4.54
5.4,4.54
5.23,4.54
4.98,4.54
4.87,4.54
4.85,4.54
4.79,4.54
4.74,4.54
4.57,4.55
4.67,4.55
4.72,4.55
4.8,4.55
4.89,4.55
4.96,4.55
5.04,4.55
5.26,4.55
5.39,4.55
5.52,4.55
5.47,4.55
5.53,4.55
5.5,4.55
5.36,4.55
5.28,4.55
5.36,4.55
5.4,4.55
5.23,4.55
4.98,4.55
4.87,4.55
4.85,4.55
4.79,4.55
4.74,4.55
4.7,4.55
4.67,4.5700006
4.72,4.5700006
4.8,4.5700006
4.89,4.5700006
4.96,4.5700006
5.04,4.5700006
5.26,4.5700006
5.39,4.5700006
5.52,4.5700006
5.47,4.5700006
5.53,4.5700006
5.5,4.5700006
5.36,4.5700006
5.28,4.5700006
5.36,4.5700006
5.4,4.5700006
5.23,4.5700006
4.98,4.5700006
4.87,4.5700006
4.85,4.5700006
4.79,4.5700006
4.74,4.5700006
4.7,4.5700006
4.67,4.5700006
4.72,4.67
4.8,4.67
4.89,4.67
4.96,4.67
5.04,4.67
5.26,4.67
5.39,4.67
5.52,4.67
5.47,4.67
5.53,4.67
5.5,4.67
5.36,4.67
5.28,4.67
5.36,4.67
5.4,4.67
5.23,4.67
4.98,4.67
4.87,4.67
4.85,4.67
4.79,4.67
4.74,4.67
4.7,4.67
4.67,4.67
4.67,4.67
4.8,4.7200003
4.89,4.7200003
4.96,4.7200003
5.04,4.7200003
5.26,4.7200003
5.39,4.7200003
5.52,4.7200003
5.47,4.7200003
5.53,4.7200003
5.5,4.7200003
5.36,4.7200003
5.28,4.7200003
5.36,4.7200003
5.4,4.7200003
5.23,4.7200003
4.98,4.7200003
4.87,4.7200003
4.85,4.7200003
4.79,4.7200003
4.74,4.7200003
4.7,4.7200003
4.67,4.7200003
4.67,4.7200003
4.67,4.7200003
4.89,4.8000007
4.96,4.8000007
5.04,4.8000007
5.26,4.8000007
5.39,4.8000007
5.52,4.8000007
5.47,4.8000007
5.53,4.8000007
5.5,4.8000007
5.36,4.8000007
5.28,4.8000007
5.36,4.8000007
5.4,4.8000007
5.23,4.8000007
4.98,4.8000007
4.87,4.8000007
4.85,4.8000007
4.79,4.8000007
4.74,4.8000007
4.7,4.8000007
4.67,4.8000007
4.67,4.8000007
4.67,4.8000007
4.63,4.8000007
4.96,4.8899994
5.04,4.8899994
5.26,4.8899994
5.39,4.8899994
5.52,4.8899994
5.47,4.8899994
5.53,4.8899994
5.5,4.8899994
5.36,4.8899994
5.28,4.8899994
5.36,4.8899994
5.4,4.8899994
5.23,4.8899994
4.98,4.8899994
4.87,4.8899994
4.85,4.8899994
4.79,4.8899994
4.74,4.8899994
4.7,4.8899994
4.67,4.8899994
4.67,4.8899994
4.67,4.8899994
4.63,4.8899994
4.57,4.8899994
5.04,4.96
5.26,4.96
5.39,4.96
5.52,4.96
5.47,4.96
5.53,4.96
5.5,4.96
5.36,4.96
5.28,4.96
5.36,4.96
5.4,4.96
5.23,4.96
4.98,4.96
4.87,4.96
4.85,4.96
4.79,4.96
4.74,4.96
4.7,4.96
4.67,4.96
4.67,4.96
4.67,4.96
4.63,4.96
4.57,4.96
4.53,4.96
5.26,5.0399995
5.39,5.0399995
5.52,5.0399995
5.47,5.0399995
5.53,5.0399995
5.5,5.0399995
5.36,5.0399995
5.28,5.0399995
5.36,5.0399995
5.4,5.0399995
5.23,5.0399995
4.98,5.0399995
4.87,5.0399995
4.85,5.0399995
4.79,5.0399995
4.74,5.0399995
4.7,5.0399995
4.67,5.0399995
4.67,5.0399995
4.67,5.0399995
4.63,5.0399995
4.57,5.0399995
4.53,5.0399995
4.44,5.0399995
5.39,5.26
5.52,5.26
5.47,5.26
5.53,5.26
5.5,5.26
5.36,5.26
5.28,5.26
5.36,5.26
5.4,5.26
5.23,5.26
4.98,5.26
4.87,5.26
4.85,5.26
4.79,5.26
4.74,5.26
4.7,5.26
4.67,5.26
4.67,5.26
4.67,5.26
4.63,5.26
4.57,5.26
4.53,5.26
4.44,5.26
4.4,5.26
5.52,5.39
5.47,5.39
5.53,5.39
5.5,5.39
5.36,5.39
5.28,5.39
5.36,5.39
5.4,5.39
5.23,5.39
4.98,5.39
4.87,5.39
4.85,5.39
4.79,5.39
4.74,5.39
4.7,5.39
4.67,5.39
4.67,5.39
4.67,5.39
4.63,5.39
4.57,5.39
4.53,5.39
4.44,5.39
4.4,5.39
4.4,5.39
5.47,5.52
5.53,5.52
5.5,5.52
5.36,5.52
5.28,5.52
5.36,5.52
5.4,5.52
5.23,5.52
4.98,5.52
4.87,5.52
4.85,5.52
4.79,5.52
4.74,5.52
4.7,5.52
4.67,5.52
4.67,5.52
4.67,5.52
4.63,5.52
4.57,5.52
4.53,5.52
4.44,5.52
4.4,5.52
4.4,5.52
4.36,5.52
5.53,5.47
5.5,5.47
5.36,5.47
5.28,5.47
5.36,5.47
5.4,5.47
5.23,5.47
4.98,5.47
4.87,5.47
4.85,5.47
4.79,5.47
4.74,5.47
4.7,5.47
4.67,5.47
4.67,5.47
4.67,5.47
4.63,5.47
4.57,5.47
4.53,5.47
4.44,5.47
4.4,5.47
4.4,5.47
4.36,5.47
4.29,5.47
5.5,5.53
5.36,5.53
5.28,5.53
5.36,5.53
5.4,5.53
5.23,5.53
4.98,5.53
4.87,5.53
4.85,5.53
4.79,5.53
4.74,5.53
4.7,5.53
4.67,5.53
4.67,5.53
4.67,5.53
4.63,5.53
4.57,5.53
4.53,5.53
4.44,5.53
4.4,5.53
4.4,5.53
4.36,5.53
4.29,5.53
4.27,5.53
5.36,5.5
5.28,5.5
5.36,5.5
5.4,5.5
5.23,5.5
4.98,5.5
4.87,5.5
4.85,5.5
4.79,5.5
4.74,5.5
4.7,5.5
4.67,5.5
4.67,5.5
4.67,5.5
4.63,5.5
4.57,5.5
4.53,5.5
4.44,5.5
4.4,5.5
4.4,5.5
4.36,5.5
4.29,5.5
4.27,5.5
4.23,5.5
5.28,5.36
5.36,5.36
5.4,5.36
5.23,5.36
4.98,5.36
4.87,5.36
4.85,5.36
4.79,5.36
4.74,5.36
4.7,5.36
4.67,5.36
4.67,5.36
4.67,5.36
4.63,5.36
4.57,5.36
4.53,5.36
4.44,5.36
4.4,5.36
4.4,5.36
4.36,5.36
4.29,5.36
4.27,5.36
4.23,5.36
4.2,5.36
5.36,5.28
5.4,5.28
5.23,5.28
4.98,5.28
4.87,5.28
4.85,5.28
4.79,5.28
4.74,5.28
4.7,5.28
4.67,5.28
4.67,5.28
4.67,5.28
4.63,5.28
4.57,5.28
4.53,5.28
4.44,5.28
4.4,5.28
4.4,5.28
4.36,5.28
4.29,5.28
4.27,5.28
4.23,5.28
4.2,5.28
4.2,5.28
5.4,5.36
5.23,5.36
4.98,5.36
4.87,5.36
4.85,5.36
4.79,5.36
4.74,5.36
4.7,5.36
4.67,5.36
4.67,5.36
4.67,5.36
4.63,5.36
4.57,5.36
4.53,5.36
4.44,5.36
4.4,5.36
4.4,5.36
4.36,5.36
4.29,5.36
4.27,5.36
4.23,5.36
4.2,5.36
4.2,5.36
4.25,5.36
5.23,5.4
4.98,5.4
4.87,5.4
4.85,5.4
4.79,5.4
4.74,5.4
4.7,5.4
4.67,5.4
4.67,5.4
4.67,5.4
4.63,5.4
4.57,5.4
4.53,5.4
4.44,5.4
4.4,5.4
4.4,5.4
4.36,5.4
4.29,5.4
4.27,5.4
4.23,5.4
4.2,5.4
4.2,5.4
4.25,5.4
4.26,5.4
4.98,5.23
4.87,5.23
4.85,5.23
4.79,5.23
4.74,5.23
4.7,5.23
4.67,5.23
4.67,5.23
4.67,5.23
4.63,5.23
4.57,5.23
4.53,5.23
4.44,5.23
4.4,5.23
4.4,5.23
4.36,5.23
4.29,5.23
4.27,5.23
4.23,5.23
4.2,5.23
4.2,5.23
4.25,5.23
4.26,5.23
4.22,5.23
4.87,4.98
4.85,4.98
4.79,4.98
4.74,4.98
4.7,4.98
4.67,4.98
4.67,4.98
4.67,4.98
4.63,4.98
4.57,4.98
4.53,4.98
4.44,4.98
4.4,4.98
4.4,4.98
4.36,4.98
4.29,4.98
4.27,4.98
4.23,4.98
4.2,4.98
4.2,4.98
4.25,4.98
4.26,4.98
4.22,4.98
4.19,4.98
4.85,4.8700004
4.79,4.8700004
4.74,4.8700004
4.7,4.8700004
4.67,4.8700004
4.67,4.8700004
4.67,4.8700004
4.63,4.8700004
4.57,4.8700004
4.53,4.8700004
4.44,4.8700004
4.4,4.8700004
4.4,4.8700004
4.36,4.8700004
4.29,4.8700004
4.27,4.8700004
4.23,4.8700004
4.2,4.8700004
4.2,4.8700004
4.25,4.8700004
4.26,4.8700004
4.22,4.8700004
4.19,4.8700004
4.16,4.8700004
4.79,4.8500004
4.74,4.8500004
4.7,4.8500004
4.67,4.8500004
4.67,4.8500004
4.67,4.8500004
4.63,4.8500004
4.57,4.8500004
4.53,4.8500004
4.44,4.8500004
4.4,4.8500004
4.4,4.8500004
4.36,4.8500004
4.29,4.8500004
4.27,4.8500004
4.23,4.8500004
4.2,4.8500004
4.2,4.8500004
4.25,4.8500004
4.26,4.8500004
4.22,4.8500004
4.19,4.8500004
4.16,4.8500004
4.13,4.8500004
4.74,4.79
4.7,4.79
4.67,4.79
4.67,4.79
4.67,4.79
4.63,4.79
4.57,4.79
4.53,4.79
4.44,4.79
4.4,4.79
4.4,4.79
4.36,4.79
4.29,4.79
4.27,4.79
4.23,4.79
4.2,4.79
4.2,4.79
4.25,4.79
4.26,4.79
4.22,4.79
4.19,4.79
4.16,4.79
4.13,4.79
4.09,4.79
4.7,4.7399993
4.67,4.7399993
4.67,4.7399993
4.67,4.7399993
4.63,4.7399993
4.57,4.7399993
4.53,4.7399993
4.44,4.7399993
4.4,4.7399993
4.4,4.7399993
4.36,4.7399993
4.29,4.7399993
4.27,4.7399993
4.23,4.7399993
4.2,4.7399993
4.2,4.7399993
4.25,4.7399993
4.26,4.7399993
4.22,4.7399993
4.19,4.7399993
4.16,4.7399993
4.13,4.7399993
4.09,4.7399993
4.08,4.7399993
4.67,4.7000003
4.67,4.7000003
4.67,4.7000003
4.63,4.7000003
4.57,4.7000003
4.53,4.7000003
4.44,4.7000003
4.4,4.7000003
4.4,4.7000003
4.36,4.7000003
4.29,4.7000003
4.27,4.7000003
4.23,4.7000003
4.2,4.7000003
4.2,4.7000003
4.25,4.7000003
4.26,4.7000003
4.22,4.7000003
4.19,4.7000003
4.16,4.7000003
4.13,4.7000003
4.09,4.7000003
4.08,4.7000003
4.19,4.7000003
4.67,4.67
4.67,4.67
4.63,4.67
4.57,4.67
4.53,4.67
4.44,4.67
4.4,4.67
4.4,4.67
4.36,4.67
4.29,4.67
4.27,4.67
4.23,4.67
4.2,4.67
4.2,4.67
4.25,4.67
4.26,4.67
4.22,4.67
4.19,4.67
4.16,4.67
4.13,4.67
4.09,4.67
4.08,4.67
4.19,4.67
4.15,4.67
4.67,4.67
4.63,4.67
4.57,4.67
4.53,4.67
4.44,4.67
4.4,4.67
4.4,4.67
4.36,4.67
4.29,4.67
4.27,4.67
4.23,4.67
4.2,4.67
4.2,4.67
4.25,4.67
4.26,4.67
4.22,4.67
4.19,4.67
4.16,4.67
4.13,4.67
4.09,4.67
4.08,4.67
4.19,4.67
4.15,4.67
4.19,4.67
4.63,4.67
4.57,4.67
4.53,4.67
4.44,4.67
4.4,4.67
4.4,4.67
4.36,4.67
4.29,4.67
4.27,4.67
4.23,4.67
4.2,4.67
4.2,4.67
4.25,4.67
4.26,4.67
4.22,4.67
4.19,4.67
4.16,4.67
4.13,4.67
4.09,4.67
4.08,4.67
4.19,4.67
4.15,4.67
4.19,4.67
4.32,4.67
4.57,4.63
4.53,4.63
4.44,4.63
4.4,4.63
4.4,4.63
4.36,4.63
4.29,4.63
4.27,4.63
4.23,4.63
4.2,4.63
4.2,4.63
4.25,4.63
4.26,4.63
4.22,4.63
4.19,4.63
4.16,4.63
4.13,4.63
4.09,4.63
4.08,4.63
4.19,4.63
4.15,4.63
4.19,4.63
4.32,4.63
4.35,4.63
4.53,4.5700006
4.44,4.5700006
4.4,4.5700006
4.4,4.5700006
4.36,4.5700006
4.29,4.5700006
4.27,4.5700006
4.23,4.5700006
4.2,4.5700006
4.2,4.5700006
4.25,4.5700006
4.26,4.5700006
4.22,4.5700006
4.19,4.5700006
4.16,4.5700006
4.13,4.5700006
4.09,4.5700006
4.08,4.5700006
4.19,4.5700006
4.15,4.5700006
4.19,4.5700006
4.32,4.5700006
4.35,4.5700006
4.27,4.5700006
4.44,4.5299997
4.4,4.5299997
4.4,4.5299997
4.36,4.5299997
4.29,4.5299997
4.27,4.5299997
4.23,4.5299997
4.2,4.5299997
4.2,4.5299997
4.25,4.5299997
4.26,4.5299997
4.22,4.5299997
4.19,4.5299997
4.16,4.5299997
4.13,4.5299997
4.09,4.5299997
4.08,4.5299997
4.19,4.5299997
4.15,4.5299997
4.19,4.5299997
4.32,4.5299997
4.35,4.5299997
4.27,4.5299997
4.28,4.5299997
4.4,4.4399996
4.4,4.4399996
4.36,4.4399996
4.29,4.4399996
4.27,4.4399996
4.23,4.4399996
4.2,4.4399996
4.2,4.4399996
4.25,4.4399996
4.26,4.4399996
4.22,4.4399996
4.19,4.4399996
4.16,4.4399996
4.13,4.4399996
4.09,4.4399996
4.08,4.4399996
4.19,4.4399996
4.15,4.4399996
4.19,4.4399996
4.32,4.4399996
4.35,4.4399996
4.27,4.4399996
4.28,4.4399996
4.26,4.4399996
4.4,4.4000006
4.36,4.4000006
4.29,4.4000006
4.27,4.4000006
4.23,4.4000006
4.2,4.4000006
4.2,4.4000006
4.25,4.4000006
4.26,4.4000006
4.22,4.4000006
4.19,4.4000006
4.16,4.4000006
4.13,4.4000006
4.09,4.4000006
4.08,4.4000006
4.19,4.4000006
4.15,4.4000006
4.19,4.4000006
4.32,4.4000006
4.35,4.4000006
4.27,4.4000006
4.28,4.4000006
4.26,4.4000006
4.11,4.4000006
4.36,4.4000006
4.29,4.4000006
4.27,4.4000006
4.23,4.4000006
4.2,4.4000006
4.2,4.4000006
4.25,4.4000006
4.26,4.4000006
4.22,4.4000006
4.19,4.4000006
4.16,4.4000006
4.13,4.4000006
4.09,4.4000006
4.08,4.4000006
4.19,4.4000006
4.15,4.4000006
4.19,4.4000006
4.32,4.4000006
4.35,4.4000006
4.27,4.4000006
4.28,4.4000006
4.26,4.4000006
4.11,4.4000006
4.15,4.4000006
4.29,4.3599997
4.27,4.3599997
4.23,4.3599997
4.2,4.3599997
4.2,4.3599997
4.25,4.3599997
4.26,4.3599997
4.22,4.3599997
4.19,4.3599997
4.16,4.3599997
4.13,4.3599997
4.09,4.3599997
4.08,4.3599997
4.19,4.3599997
4.15,4.3599997
4.19,4.3599997
4.32,4.3599997
4.35,4.3599997
4.27,4.3599997
4.28,4.3599997
4.26,4.3599997
4.11,4.3599997
4.15,4.3599997
4.26,4.3599997
4.27,4.29
4.23,4.29
4.2,4.29
4.2,4.29
4.25,4.29
4.26,4.29
4.22,4.29
4.19,4.29
4.16,4.29
4.13,4.29
4.09,4.29
4.08,4.29
4.19,4.29
4.15,4.29
4.19,4.29
4.32,4.29
4.35,4.29
4.27,4.29
4.28,4.29
4.26,4.29
4.11,4.29
4.15,4.29
4.26,4.29
4.37,4.29
4.23,4.2699995
4.2,4.2699995
4.2,4.2699995
4.25,4.2699995
4.26,4.2699995
4.22,4.2699995
4.19,4.2699995
4.16,4.2699995
4.13,4.2699995
4.09,4.2699995
4.08,4.2699995
4.19,4.2699995
4.15,4.2699995
4.19,4.2699995
4.32,4.2699995
4.35,4.2699995
4.27,4.2699995
4.28,4.2699995
4.26,4.2699995
4.11,4.2699995
4.15,4.2699995
4.26,4.2699995
4.37,4.2699995
4.46,4.2699995
4.2,4.2300005
4.2,4.2300005
4.25,4.2300005
4.26,4.2300005
4.22,4.2300005
4.19,4.2300005
4.16,4.2300005
4.13,4.2300005
4.09,4.2300005
4.08,4.2300005
4.19,4.2300005
4.15,4.2300005
4.19,4.2300005
4.32,4.2300005
4.35,4.2300005
4.27,4.2300005
4.28,4.2300005
4.26,4.2300005
4.11,4.2300005
4.15,4.2300005
4.26,4.2300005
4.37,4.2300005
4.46,4.2300005
4.5,4.2300005
4.2,4.2
4.25,4.2
4.26,4.2
4.22,4.2
4.19,4.2
4.16,4.2
4.13,4.2
4.09,4.2
4.08,4.2
4.19,4.2
4.15,4.2
4.19,4.2
4.32,4.2
4.35,4.2
4.27,4.2
4.28,4.2
4.26,4.2
4.11,4.2
4.15,4.2
4.26,4.2
4.37,4.2
4.46,4.2
4.5,4.2
4.38,4.2
4.25,4.2
4.26,4.2
4.22,4.2
4.19,4.2
4.16,4.2
4.13,4.2
4.09,4.2
4.08,4.2
4.19,4.2
4.15,4.2
4.19,4.2
4.32,4.2
4.35,4.2
4.27,4.2
4.28,4.2
4.26,4.2
4.11,4.2
4.15,4.2
4.26,4.2
4.37,4.2
4.46,4.2
4.5,4.2
4.38,4.2
4.33,4.2
4.26,4.25
4.22,4.25
4.19,4.25
4.16,4.25
4.13,4.25
4.09,4.25
4.08,4.25
4.19,4.25
4.15,4.25
4.19,4.25
4.32,4.25
4.35,4.25
4.27,4.25
4.28,4.25
4.26,4.25
4.11,4.25
4.15,4.25
4.26,4.25
4.37,4.25
4.46,4.25
4.5,4.25
4.38,4.25
4.33,4.25
4.37,4.25
4.22,4.26
4.19,4.26
4.16,4.26
4.13,4.26
4.09,4.26
4.08,4.26
4.19,4.26
4.15,4.26
4.19,4.26
4.32,4.26
4.35,4.26
4.27,4.26
4.28,4.26
4.26,4.26
4.11,4.26
4.15,4.26
4.26,4.26
4.37,4.26
4.46,4.26
4.5,4.26
4.38,4.26
4.33,4.26
4.37,4.26
4.4,4.26
4.19,4.2200003
4.16,4.2200003
4.13,4.2200003
4.09,4.2200003
4.08,4.2200003
4.19,4.2200003
4.15,4.2200003
4.19,4.2200003
4.32,4.2200003
4.35,4.2200003
4.27,4.2200003
4.28,4.2200003
4.26,4.2200003
4.11,4.2200003
4.15,4.2200003
4.26,4.2200003
4.37,4.2200003
4.46,4.2200003
4.5,4.2200003
4.38,4.2200003
4.33,4.2200003
4.37,4.2200003
4.4,4.2200003
4.43,4.2200003
4.16,4.1899996
4.13,4.1899996
4.09,4.1899996
4.08,4.1899996
4.19,4.1899996
4.15,4.1899996
4.19,4.1899996
4.32,4.1899996
4.35,4.1899996
4.27,4.1899996
4.28,4.1899996
4.26,4.1899996
4.11,4.1899996
4.15,4.1899996
4.26,4.1899996
4.37,4.1899996
4.46,4.1899996
4.5,4.1899996
4.38,4.1899996
4.33,4.1899996
4.37,4.1899996
4.4,4.1899996
4.43,4.1899996
4.49,4.1899996
4.13,4.16
4.09,4.16
4.08,4.16
4.19,4.16
4.15,4.16
4.19,4.16
4.32,4.16
4.35,4.16
4.27,4.16
4.28,4.16
4.26,4.16
4.11,4.16
4.15,4.16
4.26,4.16
4.37,4.16
4.46,4.16
4.5,4.16
4.38,4.16
4.33,4.16
4.37,4.16
4.4,4.16
4.43,4.16
4.49,4.16
4.55,4.16
4.09,4.13
4.08,4.13
4.19,4.13
4.15,4.13
4.19,4.13
4.32,4.13
4.35,4.13
4.27,4.13
4.28,4.13
4.26,4.13
4.11,4.13
4.15,4.13
4.26,4.13
4.37,4.13
4.46,4.13
4.5,4.13
4.38,4.13
4.33,4.13
4.37,4.13
4.4,4.13
4.43,4.13
4.49,4.13
4.55,4.13
4.63,4.13
4.08,4.09
4.19,4.09
4.15,4.09
4.19,4.09
4.32,4.09
4.35,4.09
4.27,4.09
4.28,4.09
4.26,4.09
4.11,4.09
4.15,4.09
4.26,4.09
4.37,4.09
4.46,4.09
4.5,4.09
4.38,4.09
4.33,4.09
4.37,4.09
4.4,4.09
4.43,4.09
4.49,4.09
4.55,4.09
4.63,4.09
4.63,4.09
4.19,4.08
4.15,4.08
4.19,4.08
4.32,4.08
4.35,4.08
4.27,4.08
4.28,4.08
4.26,4.08
4.11,4.08
4.15,4.08
4.26,4.08
4.37,4.08
4.46,4.08
4.5,4.08
4.38,4.08
4.33,4.08
4.37,4.08
4.4,4.08
4.43,4.08
4.49,4.08
4.55,4.08
4.63,4.08
4.63,4.08
4.55,4.08
4.15,4.1899996
4.19,4.1899996
4.32,4.1899996
4.35,4.1899996
4.27,4.1899996
4.28,4.1899996
4.26,4.1899996
4.11,4.1899996
4.15,4.1899996
4.26,4.1899996
4.37,4.1899996
4.46,4.1899996
4.5,4.1899996
4.38,4.1899996
4.33,4.1899996
4.37,4.1899996
4.4,4.1899996
4.43,4.1899996
4.49,4.1899996
4.55,4.1899996
4.63,4.1899996
4.63,4.1899996
4.55,4.1899996
4.54,4.1899996
4.19,4.1500006
4.32,4.1500006
4.35,4.1500006
4.27,4.1500006
4.28,4.1500006
4.26,4.1500006
4.11,4.1500006
4.15,4.1500006
4.26,4.1500006
4.37,4.1500006
4.46,4.1500006
4.5,4.1500006
4.38,4.1500006
4.33,4.1500006
4.37,4.1500006
4.4,4.1500006
4.43,4.1500006
4.49,4.1500006
4.55,4.1500006
4.63,4.1500006
4.63,4.1500006
4.55,4.1500006
4.54,4.1500006
4.67,4.1500006
4.32,4.1899996
4.35,4.1899996
4.27,4.1899996
4.28,4.1899996
4.26,4.1899996
4.11,4.1899996
4.15,4.1899996
4.26,4.1899996
4.37,4.1899996
4.46,4.1899996
4.5,4.1899996
4.38,4.1899996
4.33,4.1899996
4.37,4.1899996
4.4,4.1899996
4.43,4.1899996
4.49,4.1899996
4.55,4.1899996
4.63,4.1899996
4.63,4.1899996
4.55,4.1899996
4.54,4.1899996
4.67,4.1899996
4.62,4.1899996
4.35,4.3200006
4.27,4.3200006
4.28,4.3200006
4.26,4.3200006
4.11,4.3200006
4.15,4.3200006
4.26,4.3200006
4.37,4.3200006
4.46,4.3200006
4.5,4.3200006
4.38,4.3200006
4.33,4.3200006
4.37,4.3200006
4.4,4.3200006
4.43,4.3200006
4.49,4.3200006
4.55,4.3200006
4.63,4.3200006
4.63,4.3200006
4.55,4.3200006
4.54,4.3200006
4.67,4.3200006
4.62,4.3200006
4.51,4.3200006
4.27,4.3499994
4.28,4.3499994
4.26,4.3499994
4.11,4.3499994
4.15,4.3499994
4.26,4.3499994
4.37,4.3499994
4.46,4.3499994
4.5,4.3499994
4.38,4.3499994
4.33,4.3499994
4.37,4.3499994
4.4,4.3499994
4.43,4.3499994
4.49,4.3499994
4.55,4.3499994
4.63,4.3499994
4.63,4.3499994
4.55,4.3499994
4.54,4.3499994
4.67,4.3499994
4.62,4.3499994
4.51,4.3499994
4.5,4.3499994
4.28,4.2699995
4.26,4.2699995
4.11,4.2699995
4.15,4.2699995
4.26,4.2699995
4.37,4.2699995
4.46,4.2699995
4.5,4.2699995
4.38,4.2699995
4.33,4.2699995
4.37,4.2699995
4.4,4.2699995
4.43,4.2699995
4.49,4.2699995
4.55,4.2699995
4.63,4.2699995
4.63,4.2699995
4.55,4.2699995
4.54,4.2699995
4.67,4.2699995
4.62,4.2699995
4.51,4.2699995
4.5,4.2699995
4.54,4.2699995
4.26,4.2799997
4.11,4.2799997
4.15,4.2799997
4.26,4.2799997
4.37,4.2799997
4.46,4.2799997
4.5,4.2799997
4.38,4.2799997
4.33,4.2799997
4.37,4.2799997
4.4,4.2799997
4.43,4.2799997
4.49,4.2799997
4.55,4.2799997
4.63,4.2799997
4.63,4.2799997
4.55,4.2799997
4.54,4.2799997
4.67,4.2799997
4.62,4.2799997
4.51,4.2799997
4.5,4.2799997
4.54,4.2799997
4.54,4.2799997
4.11,4.26
4.15,4.26
4.26,4.26
4.37,4.26
4.46,4.26
4.5,4.26
4.38,4.26
4.33,4.26
4.37,4.26
4.4,4.26
4.43,4.26
4.49,4.26
4.55,4.26
4.63,4.26
4.63,4.26
4.55,4.26
4.54,4.26
4.67,4.26
4.62,4.26
4.51,4.26
4.5,4.26
4.54,4.26
4.54,4.26
4.61,4.26
4.15,4.1099997
4.26,4.1099997
4.37,4.1099997
4.46,4.1099997
4.5,4.1099997
4.38,4.1099997
4.33,4.1099997
4.37,4.1099997
4.4,4.1099997
4.43,4.1099997
4.49,4.1099997
4.55,4.1099997
4.63,4.1099997
4.63,4.1099997
4.55,4.1099997
4.54,4.1099997
4.67,4.1099997
4.62,4.1099997
4.51,4.1099997
4.5,4.1099997
4.54,4.1099997
4.54,4.1099997
4.61,4.1099997
4.63,4.1099997
4.26,4.1500006
4.37,4.1500006
4.46,4.1500006
4.5,4.1500006
4.38,4.1500006
4.33,4.1500006
4.37,4.1500006
4.4,4.1500006
4.43,4.1500006
4.49,4.1500006
4.55,4.1500006
4.63,4.1500006
4.63,4.1500006
4.55,4.1500006
4.54,4.1500006
4.67,4.1500006
4.62,4.1500006
4.51,4.1500006
4.5,4.1500006
4.54,4.1500006
4.54,4.1500006
4.61,4.1500006
4.63,4.1500006
4.52,4.1500006
4.37,4.26
4.46,4.26
4.5,4.26
4.38,4.26
4.33,4.26
4.37,4.26
4.4,4.26
4.43,4.26
4.49,4.26
4.55,4.26
4.63,4.26
4.63,4.26
4.55,4.26
4.54,4.26
4.67,4.26
4.62,4.26
4.51,4.26
4.5,4.26
4.54,4.26
4.54,4.26
4.61,4.26
4.63,4.26
4.52,4.26
4.48,4.26
4.46,4.37
4.5,4.37
4.38,4.37
4.33,4.37
4.37,4.37
4.4,4.37
4.43,4.37
4.49,4.37
4.55,4.37
4.63,4.37
4.63,4.37
4.55,4.37
4.54,4.37
4.67,4.37
4.62,4.37
4.51,4.37
4.5,4.37
4.54,4.37
4.54,4.37
4.61,4.37
4.63,4.37
4.52,4.37
4.48,4.37
4.57,4.37
4.5,4.46
4.38,4.46
4.33,4.46
4.37,4.46
4.4,4.46
4.43,4.46
4.49,4.46
4.55,4.46
4.63,4.46
4.63,4.46
4.55,4.46
4.54,4.46
4.67,4.46
4.62,4.46
4.51,4.46
4.5,4.46
4.54,4.46
4.54,4.46
4.61,4.46
4.63,4.46
4.52,4.46
4.48,4.46
4.57,4.46
4.5,4.46
4.38,4.5
4.33,4.5
4.37,4.5
4.4,4.5
4.43,4.5
4.49,4.5
4.55,4.5
4.63,4.5
4.63,4.5
4.55,4.5
4.54,4.5
4.67,4.5
4.62,4.5
4.51,4.5
4.5,4.5
4.54,4.5
4.54,4.5
4.61,4.5
4.63,4.5
4.52,4.5
4.48,4.5
4.57,4.5
4.5,4.5
4.32,4.5
4.33,4.38
4.37,4.38
4.4,4.38
4.43,4.38
4.49,4.38
4.55,4.38
4.63,4.38
4.63,4.38
4.55,4.38
4.54,4.38
4.67,4.38
4.62,4.38
4.51,4.38
4.5,4.38
4.54,4.38
4.54,4.38
4.61,4.38
4.63,4.38
4.52,4.38
4.48,4.38
4.57,4.38
4.5,4.38
4.32,4.38
4.32,4.38
4.37,4.33
4.4,4.33
4.43,4.33
4.49,4.33
4.55,4.33
4.63,4.33
4.63,4.33
4.55,4.33
4.54,4.33
4.67,4.33
4.62,4.33
4.51,4.33
4.5,4.33
4.54,4.33
4.54,4.33
4.61,4.33
4.63,4.33
4.52,4.33
4.48,4.33
4.57,4.33
4.5,4.33
4.32,4.33
4.32,4.33
4.32,4.33
4.4,4.37
4.43,4.37
4.49,4.37
4.55,4.37
4.63,4.37
4.63,4.37
4.55,4.37
4.54,4.37
4.67,4.37
4.62,4.37
4.51,4.37
4.5,4.37
4.54,4.37
4.54,4.37
4.61,4.37
4.63,4.37
4.52,4.37
4.48,4.37
4.57,4.37
4.5,4.37
4.32,4.37
4.32,4.37
4.32,4.37
4.27,4.37
4.43,4.4000006
4.49,4.4000006
4.55,4.4000006
4.63,4.4000006
4.63,4.4000006
4.55,4.4000006
4.54,4.4000006
4.67,4.4000006
4.62,4.4000006
4.51,4.4000006
4.5,4.4000006
4.54,4.4000006
4.54,4.4000006
4.61,4.4000006
4.63,4.4000006
4.52,4.4000006
4.48,4.4000006
4.57,4.4000006
4.5,4.4000006
4.32,4.4000006
4.32,4.4000006
4.32,4.4000006
4.27,4.4000006
4.33,4.4000006
4.49,4.4299994
4.55,4.4299994
4.63,4.4299994
4.63,4.4299994
4.55,4.4299994
4.54,4.4299994
4.67,4.4299994
4.62,4.4299994
4.51,4.4299994
4.5,4.4299994
4.54,4.4299994
4.54,4.4299994
4.61,4.4299994
4.63,4.4299994
4.52,4.4299994
4.48,4.4299994
4.57,4.4299994
4.5,4.4299994
4.32,4.4299994
4.32,4.4299994
4.32,4.4299994
4.27,4.4299994
4.33,4.4299994
4.34,4.4299994
4.55,4.49
4.63,4.49
4.63,4.49
4.55,4.49
4.54,4.49
4.67,4.49
4.62,4.49
4.51,4.49
4.5,4.49
4.54,4.49
4.54,4.49
4.61,4.49
4.63,4.49
4.52,4.49
4.48,4.49
4.57,4.49
4.5,4.49
4.32,4.49
4.32,4.49
4.32,4.49
4.27,4.49
4.33,4.49
4.34,4.49
4.38,4.49
4.63,4.55
4.63,4.55
4.55,4.55
4.54,4.55
4.67,4.55
4.62,4.55
4.51,4.55
4.5,4.55
4.54,4.55
4.54,4.55
4.61,4.55
4.63,4.55
4.52,4.55
4.48,4.55
4.57,4.55
4.5,4.55
4.32,4.55
4.32,4.55
4.32,4.55
4.27,4.55
4.33,4.55
4.34,4.55
4.38,4.55
4.33,4.55
4.63,4.63
4.55,4.63
4.54,4.63
4.67,4.63
4.62,4.63
4.51,4.63
4.5,4.63
4.54,4.63
4.54,4.63
4.61,4.63
4.63,4.63
4.52,4.63
4.48,4.63
4.57,4.63
4.5,4.63
4.32,4.63
4.32,4.63
4.32,4.63
4.27,4.63
4.33,4.63
4.34,4.63
4.38,4.63
4.33,4.63
4.33,4.63
4.55,4.63
4.54,4.63
4.67,4.63
4.62,4.63
4.51,4.63
4.5,4.63
4.54,4.63
4.54,4.63
4.61,4.63
4.63,4.63
4.52,4.63
4.48,4.63
4.57,4.63
4.5,4.63
4.32,4.63
4.32,4.63
4.32,4.63
4.27,4.63
4.33,4.63
4.34,4.63
4.38,4.63
4.33,4.63
4.33,4.63
4.35,4.63
4.54,4.55
4.67,4.55
4.62,4.55
4.51,4.55
4.5,4.55
4.54,4.55
4.54,4.55
4.61,4.55
4.63,4.55
4.52,4.55
4.48,4.55
4.57,4.55
4.5,4.55
4.32,4.55
4.32,4.55
4.32,4.55
4.27,4.55
4.33,4.55
4.34,4.55
4.38,4.55
4.33,4.55
4.33,4.55
4.35,4.55
4.3,4.55
4.67,4.54
4.62,4.54
4.51,4.54
4.5,4.54
4.54,4.54
4.54,4.54
4.61,4.54
4.63,4.54
4.52,4.54
4.48,4.54
4.57,4.54
4.5,4.54
4.32,4.54
4.32,4.54
4.32,4.54
4.27,4.54
4.33,4.54
4.34,4.54
4.38,4.54
4.33,4.54
4.33,4.54
4.35,4.54
4.3,4.54
4.27,4.54
4.62,4.67
4.51,4.67
4.5,4.67
4.54,4.67
4.54,4.67
4.61,4.67
4.63,4.67
4.52,4.67
4.48,4.67
4.57,4.67
4.5,4.67
4.32,4.67
4.32,4.67
4.32,4.67
4.27,4.67
4.33,4.67
4.34,4.67
4.38,4.67
4.33,4.67
4.33,4.67
4.35,4.67
4.3,4.67
4.27,4.67
4.23,4.67
4.51,4.62
4.5,4.62
4.54,4.62
4.54,4.62
4.61,4.62
4.63,4.62
4.52,4.62
4.48,4.62
4.57,4.62
4.5,4.62
4.32,4.62
4.32,4.62
4.32,4.62
4.27,4.62
4.33,4.62
4.34,4.62
4.38,4.62
4.33,4.62
4.33,4.62
4.35,4.62
4.3,4.62
4.27,4.62
4.23,4.62
4.23,4.62
4.5,4.51
4.54,4.51
4.54,4.51
4.61,4.51
4.63,4.51
4.52,4.51
4.48,4.51
4.57,4.51
4.5,4.51
4.32,4.51
4.32,4.51
4.32,4.51
4.27,4.51
4.33,4.51
4.34,4.51
4.38,4.51
4.33,4.51
4.33,4.51
4.35,4.51
4.3,4.51
4.27,4.51
4.23,4.51
4.23,4.51
4.36,4.51
4.54,4.5
4.54,4.5
4.61,4.5
4.63,4.5
4.52,4.5
4.48,4.5
4.57,4.5
4.5,4.5
4.32,4.5
4.32,4.5
4.32,4.5
4.27,4.5
4.33,4.5
4.34,4.5
4.38,4.5
4.33,4.5
4.33,4.5
4.35,4.5
4.3,4.5
4.27,4.5
4.23,4.5
4.23,4.5
4.36,4.5
4.33,4.5
4.54,4.54
4.61,4.54
4.63,4.54
4.52,4.54
4.48,4.54
4.57,4.54
4.5,4.54
4.32,4.54
4.32,4.54
4.32,4.54
4.27,4.54
4.33,4.54
4.34,4.54
4.38,4.54
4.33,4.54
4.33,4.54
4.35,4.54
4.3,4.54
4.27,4.54
4.23,4.54
4.23,4.54
4.36,4.54
4.33,4.54
4.34,4.54
4.61,4.54
4.63,4.54
4.52,4.54
4.48,4.54
4.57,4.54
4.5,4.54
4.32,4.54
4.32,4.54
4.32,4.54
4.27,4.54
4.33,4.54
4.34,4.54
4.38,4.54
4.33,4.54
4.33,4.54
4.35,4.54
4.3,4.54
4.27,4.54
4.23,4.54
4.23,4.54
4.36,4.54
4.33,4.54
4.34,4.54
4.28,4.54
4.63,4.6099997
4.52,4.6099997
4.48,4.6099997
4.57,4.6099997
4.5,4.6099997
4.32,4.6099997
4.32,4.6099997
4.32,4.6099997
4.27,4.6099997
4.33,4.6099997
4.34,4.6099997
4.38,4.6099997
4.33,4.6099997
4.33,4.6099997
4.35,4.6099997
4.3,4.6099997
4.27,4.6099997
4.23,4.6099997
4.23,4.6099997
4.36,4.6099997
4.33,4.6099997
4.34,4.6099997
4.28,4.6099997
4.39,4.6099997
4.52,4.63
4.48,4.63
4.57,4.63
4.5,4.63
4.32,4.63
4.32,4.63
4.32,4.63
4.27,4.63
4.33,4.63
4.34,4.63
4.38,4.63
4.33,4.63
4.33,4.63
4.35,4.63
4.3,4.63
4.27,4.63
4.23,4.63
4.23,4.63
4.36,4.63
4.33,4.63
4.34,4.63
4.28,4.63
4.39,4.63
4.45,4.63
4.48,4.5199995
4.57,4.5199995
4.5,4.5199995
4.32,4.5199995
4.32,4.5199995
4.32,4.5199995
4.27,4.5199995
4.33,4.5199995
4.34,4.5199995
4.38,4.5199995
4.33,4.5199995
4.33,4.5199995
4.35,4.5199995
4.3,4.5199995
4.27,4.5199995
4.23,4.5199995
4.23,4.5199995
4.36,4.5199995
4.33,4.5199995
4.34,4.5199995
4.28,4.5199995
4.39,4.5199995
4.45,4.5199995
4.55,4.5199995
4.57,4.4800005
4.5,4.4800005
4.32,4.4800005
4.32,4.4800005
4.32,4.4800005
4.27,4.4800005
4.33,4.4800005
4.34,4.4800005
4.38,4.4800005
4.33,4.4800005
4.33,4.4800005
4.35,4.4800005
4.3,4.4800005
4.27,4.4800005
4.23,4.4800005
4.23,4.4800005
4.36,4.4800005
4.33,4.4800005
4.34,4.4800005
4.28,4.4800005
4.39,4.4800005
4.45,4.4800005
4.55,4.4800005
4.25,4.4800005
4.5,4.5700006
4.32,4.5700006
4.32,4.5700006
4.32,4.5700006
4.27,4.5700006
4.33,4.5700006
4.34,4.5700006
4.38,4.5700006
4.33,4.5700006
4.33,4.5700006
4.35,4.5700006
4.3,4.5700006
4.27,4.5700006
4.23,4.5700006
4.23,4.5700006
4.36,4.5700006
4.33,4.5700006
4.34,4.5700006
4.28,4.5700006
4.39,4.5700006
4.45,4.5700006
4.55,4.5700006
4.25,4.5700006
4.07,4.5700006
4.32,4.5
4.32,4.5
4.32,4.5
4.27,4.5
4.33,4.5
4.34,4.5
4.38,4.5
4.33,4.5
4.33,4.5
4.35,4.5
4.3,4.5
4.27,4.5
4.23,4.5
4.23,4.5
4.36,4.5
4.33,4.5
4.34,4.5
4.28,4.5
4.39,4.5
4.45,4.5
4.55,4.5
4.25,4.5
4.07,4.5
4.14,4.5
4.32,4.3200006
4.32,4.3200006
4.27,4.3200006
4.33,4.3200006
4.34,4.3200006
4.38,4.3200006
4.33,4.3200006
4.33,4.3200006
4.35,4.3200006
4.3,4.3200006
4.27,4.3200006
4.23,4.3200006
4.23,4.3200006
4.36,4.3200006
4.33,4.3200006
4.34,4.3200006
4.28,4.3200006
4.39,4.3200006
4.45,4.3200006
4.55,4.3200006
4.25,4.3200006
4.07,4.3200006
4.14,4.3200006
4.12,4.3200006
4.32,4.3200006
4.27,4.3200006
4.33,4.3200006
4.34,4.3200006
4.38,4.3200006
4.33,4.3200006
4.33,4.3200006
4.35,4.3200006
4.3,4.3200006
4.27,4.3200006
4.23,4.3200006
4.23,4.3200006
4.36,4.3200006
4.33,4.3200006
4.34,4.3200006
4.28,4.3200006
4.39,4.3200006
4.45,4.3200006
4.55,4.3200006
4.25,4.3200006
4.07,4.3200006
4.14,4.3200006
4.12,4.3200006
4.03,4.3200006
4.27,4.3200006
4.33,4.3200006
4.34,4.3200006
4.38,4.3200006
4.33,4.3200006
4.33,4.3200006
4.35,4.3200006
4.3,4.3200006
4.27,4.3200006
4.23,4.3200006
4.23,4.3200006
4.36,4.3200006
4.33,4.3200006
4.34,4.3200006
4.28,4.3200006
4.39,4.3200006
4.45,4.3200006
4.55,4.3200006
4.25,4.3200006
4.07,4.3200006
4.14,4.3200006
4.12,4.3200006
4.03,4.3200006
4.05,4.3200006
4.33,4.2699995
4.34,4.2699995
4.38,4.2699995
4.33,4.2699995
4.33,4.2699995
4.35,4.2699995
4.3,4.2699995
4.27,4.2699995
4.23,4.2699995
4.23,4.2699995
4.36,4.2699995
4.33,4.2699995
4.34,4.2699995
4.28,4.2699995
4.39,4.2699995
4.45,4.2699995
4.55,4.2699995
4.25,4.2699995
4.07,4.2699995
4.14,4.2699995
4.12,4.2699995
4.03,4.2699995
4.05,4.2699995
4.15,4.2699995
4.34,4.33
4.38,4.33
4.33,4.33
4.33,4.33
4.35,4.33
4.3,4.33
4.27,4.33
4.23,4.33
4.23,4.33
4.36,4.33
4.33,4.33
4.34,4.33
4.28,4.33
4.39,4.33
4.45,4.33
4.55,4.33
4.25,4.33
4.07,4.33
4.14,4.33
4.12,4.33
4.03,4.33
4.05,4.33
4.15,4.33
4.01,4.33
4.38,4.34
4.33,4.34
4.33,4.34
4.35,4.34
4.3,4.34
4.27,4.34
4.23,4.34
4.23,4.34
4.36,4.34
4.33,4.34
4.34,4.34
4.28,4.34
4.39,4.34
4.45,4.34
4.55,4.34
4.25,4.34
4.07,4.34
4.14,4.34
4.12,4.34
4.03,4.34
4.05,4.34
4.15,4.34
4.01,4.34
4.02,4.34
4.33,4.38
4.33,4.38
4.35,4.38
4.3,4.38
4.27,4.38
4.23,4.38
4.23,4.38
4.36,4.38
4.33,4.38
4.34,4.38
4.28,4.38
4.39,4.38
4.45,4.38
4.55,4.38
4.25,4.38
4.07,4.38
4.14,4.38
4.12,4.38
4.03,4.38
4.05,4.38
4.15,4.38
4.01,4.38
4.02,4.38
3.97,4.38
4.33,4.33
4.35,4.33
4.3,4.33
4.27,4.33
4.23,4.33
4.23,4.33
4.36,4.33
4.33,4.33
4.34,4.33
4.28,4.33
4.39,4.33
4.45,4.33
4.55,4.33
4.25,4.33
4.07,4.33
4.14,4.33
4.12,4.33
4.03,4.33
4.05,4.33
4.15,4.33
4.01,4.33
4.02,4.33
3.97,4.33
4.28,4.33
4.35,4.33
4.3,4.33
4.27,4.33
4.23,4.33
4.23,4.33
4.36,4.33
4.33,4.33
4.34,4.33
4.28,4.33
4.39,4.33
4.45,4.33
4.55,4.33
4.25,4.33
4.07,4.33
4.14,4.33
4.12,4.33
4.03,4.33
4.05,4.33
4.15,4.33
4.01,4.33
4.02,4.33
3.97,4.33
4.28,4.33
4.33,4.33
4.3,4.3499994
4.27,4.3499994
4.23,4.3499994
4.23,4.3499994
4.36,4.3499994
4.33,4.3499994
4.34,4.3499994
4.28,4.3499994
4.39,4.3499994
4.45,4.3499994
4.55,4.3499994
4.25,4.3499994
4.07,4.3499994
4.14,4.3499994
4.12,4.3499994
4.03,4.3499994
4.05,4.3499994
4.15,4.3499994
4.01,4.3499994
4.02,4.3499994
3.97,4.3499994
4.28,4.3499994
4.33,4.3499994
4.28,4.3499994
4.27,4.3
4.23,4.3
4.23,4.3
4.36,4.3
4.33,4.3
4.34,4.3
4.28,4.3
4.39,4.3
4.45,4.3
4.55,4.3
4.25,4.3
4.07,4.3
4.14,4.3
4.12,4.3
4.03,4.3
4.05,4.3
4.15,4.3
4.01,4.3
4.02,4.3
3.97,4.3
4.28,4.3
4.33,4.3
4.28,4.3
4.47,4.3
4.23,4.2699995
4.23,4.2699995
4.36,4.2699995
4.33,4.2699995
4.34,4.2699995
4.28,4.2699995
4.39,4.2699995
4.45,4.2699995
4.55,4.2699995
4.25,4.2699995
4.07,4.2699995
4.14,4.2699995
4.12,4.2699995
4.03,4.2699995
4.05,4.2699995
4.15,4.2699995
4.01,4.2699995
4.02,4.2699995
3.97,4.2699995
4.28,4.2699995
4.33,4.2699995
4.28,4.2699995
4.47,4.2699995
4.5,4.2699995
4.23,4.2300005
4.36,4.2300005
4.33,4.2300005
4.34,4.2300005
4.28,4.2300005
4.39,4.2300005
4.45,4.2300005
4.55,4.2300005
4.25,4.2300005
4.07,4.2300005
4.14,4.2300005
4.12,4.2300005
4.03,4.2300005
4.05,4.2300005
4.15,4.2300005
4.01,4.2300005
4.02,4.2300005
3.97,4.2300005
4.28,4.2300005
4.33,4.2300005
4.28,4.2300005
4.47,4.2300005
4.5,4.2300005
4.72,4.2300005
4.36,4.2300005
4.33,4.2300005
4.34,4.2300005
4.28,4.2300005
4.39,4.2300005
4.45,4.2300005
4.55,4.2300005
4.25,4.2300005
4.07,4.2300005
4.14,4.2300005
4.12,4.2300005
4.03,4.2300005
4.05,4.2300005
4.15,4.2300005
4.01,4.2300005
4.02,4.2300005
3.97,4.2300005
4.28,4.2300005
4.33,4.2300005
4.28,4.2300005
4.47,4.2300005
4.5,4.2300005
4.72,4.2300005
4.55,4.2300005
4.33,4.3599997
4.34,4.3599997
4.28,4.3599997
4.39,4.3599997
4.45,4.3599997
4.55,4.3599997
4.25,4.3599997
4.07,4.3599997
4.14,4.3599997
4.12,4.3599997
4.03,4.3599997
4.05,4.3599997
4.15,4.3599997
4.01,4.3599997
4.02,4.3599997
3.97,4.3599997
4.28,4.3599997
4.33,4.3599997
4.28,4.3599997
4.47,4.3599997
4.5,4.3599997
4.72,4.3599997
4.55,4.3599997
4.35,4.3599997
4.34,4.33
4.28,4.33
4.39,4.33
4.45,4.33
4.55,4.33
4.25,4.33
4.07,4.33
4.14,4.33
4.12,4.33
4.03,4.33
4.05,4.33
4.15,4.33
4.01,4.33
4.02,4.33
3.97,4.33
4.28,4.33
4.33,4.33
4.28,4.33
4.47,4.33
4.5,4.33
4.72,4.33
4.55,4.33
4.35,4.33
4.41,4.33
4.28,4.34
4.39,4.34
4.45,4.34
4.55,4.34
4.25,4.34
4.07,4.34
4.14,4.34
4.12,4.34
4.03,4.34
4.05,4.34
4.15,4.34
4.01,4.34
4.02,4.34
3.97,4.34
4.28,4.34
4.33,4.34
4.28,4.34
4.47,4.34
4.5,4.34
4.72,4.34
4.55,4.34
4.35,4.34
4.41,4.34
4.54,4.34
4.39,4.2799997
4.45,4.2799997
4.55,4.2799997
4.25,4.2799997
4.07,4.2799997
4.14,4.2799997
4.12,4.2799997
4.03,4.2799997
4.05,4.2799997
4.15,4.2799997
4.01,4.2799997
4.02,4.2799997
3.97,4.2799997
4.28,4.2799997
4.33,4.2799997
4.28,4.2799997
4.47,4.2799997
4.5,4.2799997
4.72,4.2799997
4.55,4.2799997
4.35,4.2799997
4.41,4.2799997
4.54,4.2799997
4.72,4.2799997
4.45,4.3900003
4.55,4.3900003
4.25,4.3900003
4.07,4.3900003
4.14,4.3900003
4.12,4.3900003
4.03,4.3900003
4.05,4.3900003
4.15,4.3900003
4.01,4.3900003
4.02,4.3900003
3.97,4.3900003
4.28,4.3900003
4.33,4.3900003
4.28,4.3900003
4.47,4.3900003
4.5,4.3900003
4.72,4.3900003
4.55,4.3900003
4.35,4.3900003
4.41,4.3900003
4.54,4.3900003
4.72,4.3900003
4.89,4.3900003
4.55,4.45
4.25,4.45
4.07,4.45
4.14,4.45
4.12,4.45
4.03,4.45
4.05,4.45
4.15,4.45
4.01,4.45
4.02,4.45
3.97,4.45
4.28,4.45
4.33,4.45
4.28,4.45
4.47,4.45
4.5,4.45
4.72,4.45
4.55,4.45
4.35,4.45
4.41,4.45
4.54,4.45
4.72,4.45
4.89,4.45
5.06,4.45
4.25,4.55
4.07,4.55
4.14,4.55
4.12,4.55
4.03,4.55
4.05,4.55
4.15,4.55
4.01,4.55
4.02,4.55
3.97,4.55
4.28,4.55
4.33,4.55
4.28,4.55
4.47,4.55
4.5,4.55
4.72,4.55
4.55,4.55
4.35,4.55
4.41,4.55
4.54,4.55
4.72,4.55
4.89,4.55
5.06,4.55
5.03,4.55
4.07,4.25
4.14,4.25
4.12,4.25
4.03,4.25
4.05,4.25
4.15,4.25
4.01,4.25
4.02,4.25
3.97,4.25
4.28,4.25
4.33,4.25
4.28,4.25
4.47,4.25
4.5,4.25
4.72,4.25
4.55,4.25
4.35,4.25
4.41,4.25
4.54,4.25
4.72,4.25
4.89,4.25
5.06,4.25
5.03,4.25
5.11,4.25
4.14,4.0700006
4.12,4.0700006
4.03,4.0700006
4.05,4.0700006
4.15,4.0700006
4.01,4.0700006
4.02,4.0700006
3.97,4.0700006
4.28,4.0700006
4.33,4.0700006
4.28,4.0700006
4.47,4.0700006
4.5,4.0700006
4.72,4.0700006
4.55,4.0700006
4.35,4.0700006
4.41,4.0700006
4.54,4.0700006
4.72,4.0700006
4.89,4.0700006
5.06,4.0700006
5.03,4.0700006
5.11,4.0700006
5.25,4.0700006
4.12,4.1400003
4.03,4.1400003
4.05,4.1400003
4.15,4.1400003
4.01,4.1400003
4.02,4.1400003
3.97,4.1400003
4.28,4.1400003
4.33,4.1400003
4.28,4.1400003
4.47,4.1400003
4.5,4.1400003
4.72,4.1400003
4.55,4.1400003
4.35,4.1400003
4.41,4.1400003
4.54,4.1400003
4.72,4.1400003
4.89,4.1400003
5.06,4.1400003
5.03,4.1400003
5.11,4.1400003
5.25,4.1400003
5.48,4.1400003
4.03,4.12
4.05,4.12
4.15,4.12
4.01,4.12
4.02,4.12
3.97,4.12
4.28,4.12
4.33,4.12
4.28,4.12
4.47,4.12
4.5,4.12
4.72,4.12
4.55,4.12
4.35,4.12
4.41,4.12
4.54,4.12
4.72,4.12
4.89,4.12
5.06,4.12
5.03,4.12
5.11,4.12
5.25,4.12
5.48,4.12
5.52,4.12
4.05,4.0299997
4.15,4.0299997
4.01,4.0299997
4.02,4.0299997
3.97,4.0299997
4.28,4.0299997
4.33,4.0299997
4.28,4.0299997
4.47,4.0299997
4.5,4.0299997
4.72,4.0299997
4.55,4.0299997
4.35,4.0299997
4.41,4.0299997
4.54,4.0299997
4.72,4.0299997
4.89,4.0299997
5.06,4.0299997
5.03,4.0299997
5.11,4.0299997
5.25,4.0299997
5.48,4.0299997
5.52,4.0299997
5.59,4.0299997
4.15,4.05
4.01,4.05
4.02,4.05
3.97,4.05
4.28,4.05
4.33,4.05
4.28,4.05
4.47,4.05
4.5,4.05
4.72,4.05
4.55,4.05
4.35,4.05
4.41,4.05
4.54,4.05
4.72,4.05
4.89,4.05
5.06,4.05
5.03,4.05
5.11,4.05
5.25,4.05
5.48,4.05
5.52,4.05
5.59,4.05
5.48,4.05
4.01,4.1500006
4.02,4.1500006
3.97,4.1500006
4.28,4.1500006
4.33,4.1500006
4.28,4.1500006
4.47,4.1500006
4.5,4.1500006
4.72,4.1500006
4.55,4.1500006
4.35,4.1500006
4.41,4.1500006
4.54,4.1500006
4.72,4.1500006
4.89,4.1500006
5.06,4.1500006
5.03,4.1500006
5.11,4.1500006
5.25,4.1500006
5.48,4.1500006
5.52,4.1500006
5.59,4.1500006
5.48,4.1500006
5.42,4.1500006
4.02,4.01
3.97,4.01
4.28,4.01
4.33,4.01
4.28,4.01
4.47,4.01
4.5,4.01
4.72,4.01
4.55,4.01
4.35,4.01
4.41,4.01
4.54,4.01
4.72,4.01
4.89,4.01
5.06,4.01
5.03,4.01
5.11,4.01
5.25,4.01
5.48,4.01
5.52,4.01
5.59,4.01
5.48,4.01
5.42,4.01
5.33,4.01
3.97,4.0199995
4.28,4.0199995
4.33,4.0199995
4.28,4.0199995
4.47,4.0199995
4.5,4.0199995
4.72,4.0199995
4.55,4.0199995
4.35,4.0199995
4.41,4.0199995
4.54,4.0199995
4.72,4.0199995
4.89,4.0199995
5.06,4.0199995
5.03,4.0199995
5.11,4.0199995
5.25,4.0199995
5.48,4.0199995
5.52,4.0199995
5.59,4.0199995
5.48,4.0199995
5.42,4.0199995
5.33,4.0199995
5.32,4.0199995
4.28,3.9700003
4.33,3.9700003
4.28,3.9700003
4.47,3.9700003
4.5,3.9700003
4.72,3.9700003
4.55,3.9700003
4.35,3.9700003
4.41,3.9700003
4.54,3.9700003
4.72,3.9700003
4.89,3.9700003
5.06,3.9700003
5.03,3.9700003
5.11,3.9700003
5.25,3.9700003
5.48,3.9700003
5.52,3.9700003
5.59,3.9700003
5.48,3.9700003
5.42,3.9700003
5.33,3.9700003
5.32,3.9700003
5.28,3.9700003
4.33,4.2799997
4.28,4.2799997
4.47,4.2799997
4.5,4.2799997
4.72,4.2799997
4.55,4.2799997
4.35,4.2799997
4.41,4.2799997
4.54,4.2799997
4.72,4.2799997
4.89,4.2799997
5.06,4.2799997
5.03,4.2799997
5.11,4.2799997
5.25,4.2799997
5.48,4.2799997
5.52,4.2799997
5.59,4.2799997
5.48,4.2799997
5.42,4.2799997
5.33,4.2799997
5.32,4.2799997
5.28,4.2799997
5.22,4.2799997
4.28,4.33
4.47,4.33
4.5,4.33
4.72,4.33
4.55,4.33
4.35,4.33
4.41,4.33
4.54,4.33
4.72,4.33
4.89,4.33
5.06,4.33
5.03,4.33
5.11,4.33
5.25,4.33
5.48,4.33
5.52,4.33
5.59,4.33
5.48,4.33
5.42,4.33
5.33,4.33
5.32,4.33
5.28,4.33
5.22,4.33
5.24,4.33
4.47,4.2799997
4.5,4.2799997
4.72,4.2799997
4.55,4.2799997
4.35,4.2799997
4.41,4.2799997
4.54,4.2799997
4.72,4.2799997
4.89,4.2799997
5.06,4.2799997
5.03,4.2799997
5.11,4.2799997
5.25,4.2799997
5.48,4.2799997
5.52,4.2799997
5.59,4.2799997
5.48,4.2799997
5.42,4.2799997
5.33,4.2799997
5.32,4.2799997
5.28,4.2799997
5.22,4.2799997
5.24,4.2799997
5.23,4.2799997
4.5,4.4700003
4.72,4.4700003
4.55,4.4700003
4.35,4.4700003
4.41,4.4700003
4.54,4.4700003
4.72,4.4700003
4.89,4.4700003
5.06,4.4700003
5.03,4.4700003
5.11,4.4700003
5.25,4.4700003
5.48,4.4700003
5.52,4.4700003
5.59,4.4700003
5.48,4.4700003
5.42,4.4700003
5.33,4.4700003
5.32,4.4700003
5.28,4.4700003
5.22,4.4700003
5.24,4.4700003
5.23,4.4700003
5.16,4.4700003
4.72,4.5
4.55,4.5
4.35,4.5
4.41,4.5
4.54,4.5
4.72,4.5
4.89,4.5
5.06,4.5
5.03,4.5
5.11,4.5
5.25,4.5
5.48,4.5
5.52,4.5
5.59,4.5
5.48,4.5
5.42,4.5
5.33,4.5
5.32,4.5
5.28,4.5
5.22,4.5
5.24,4.5
5.23,4.5
5.16,4.5
5.18,4.5
4.55,4.7200003
4.35,4.7200003
4.41,4.7200003
4.54,4.7200003
4.72,4.7200003
4.89,4.7200003
5.06,4.7200003
5.03,4.7200003
5.11,4.7200003
5.25,4.7200003
5.48,4.7200003
5.52,4.7200003
5.59,4.7200003
5.48,4.7200003
5.42,4.7200003
5.33,4.7200003
5.32,4.7200003
5.28,4.7200003
5.22,4.7200003
5.24,4.7200003
5.23,4.7200003
5.16,4.7200003
5.18,4.7200003
5.15,4.7200003
4.35,4.55
4.41,4.55
4.54,4.55
4.72,4.55
4.89,4.55
5.06,4.55
5.03,4.55
5.11,4.55
5.25,4.55
5.48,4.55
5.52,4.55
5.59,4.55
5.48,4.55
5.42,4.55
5.33,4.55
5.32,4.55
5.28,4.55
5.22,4.55
5.24,4.55
5.23,4.55
5.16,4.55
5.18,4.55
5.15,4.55
5.21,4.55
4.41,4.3499994
4.54,4.3499994
4.72,4.3499994
4.89,4.3499994
5.06,4.3499994
5.03,4.3499994
5.11,4.3499994
5.25,4.3499994
5.48,4.3499994
5.52,4.3499994
5.59,4.3499994
5.48,4.3499994
5.42,4.3499994
5.33,4.3499994
5.32,4.3499994
5.28,4.3499994
5.22,4.3499994
5.24,4.3499994
5.23,4.3499994
5.16,4.3499994
5.18,4.3499994
5.15,4.3499994
5.21,4.3499994
5.21,4.3499994
4.54,4.41
4.72,4.41
4.89,4.41
5.06,4.41
5.03,4.41
5.11,4.41
5.25,4.41
5.48,4.41
5.52,4.41
5.59,4.41
5.48,4.41
5.42,4.41
5.33,4.41
5.32,4.41
5.28,4.41
5.22,4.41
5.24,4.41
5.23,4.41
5.16,4.41
5.18,4.41
5.15,4.41
5.21,4.41
5.21,4.41
5.26,4.41
4.72,4.54
4.89,4.54
5.06,4.54
5.03,4.54
5.11,4.54
5.25,4.54
5.48,4.54
5.52,4.54
5.59,4.54
5.48,4.54
5.42,4.54
5.33,4.54
5.32,4.54
5.28,4.54
5.22,4.54
5.24,4.54
5.23,4.54
5.16,4.54
5.18,4.54
5.15,4.54
5.21,4.54
5.21,4.54
5.26,4.54
5.28,4.54
4.89,4.7200003
5.06,4.7200003
5.03,4.7200003
5.11,4.7200003
5.25,4.7200003
5.48,4.7200003
5.52,4.7200003
5.59,4.7200003
5.48,4.7200003
5.42,4.7200003
5.33,4.7200003
5.32,4.7200003
5.28,4.7200003
5.22,4.7200003
5.24,4.7200003
5.23,4.7200003
5.16,4.7200003
5.18,4.7200003
5.15,4.7200003
5.21,4.7200003
5.21,4.7200003
5.26,4.7200003
5.28,4.7200003
5.36,4.7200003
5.06,4.8899994
5.03,4.8899994
5.11,4.8899994
5.25,4.8899994
5.48,4.8899994
5.52,4.8899994
5.59,4.8899994
5.48,4.8899994
5.42,4.8899994
5.33,4.8899994
5.32,4.8899994
5.28,4.8899994
5.22,4.8899994
5.24,4.8899994
5.23,4.8899994
5.16,4.8899994
5.18,4.8899994
5.15,4.8899994
5.21,4.8899994
5.21,4.8899994
5.26,4.8899994
5.28,4.8899994
5.36,4.8899994
5.36,4.8899994
5.03,5.0599995
5.11,5.0599995
5.25,5.0599995
5.48,5.0599995
5.52,5.0599995
5.59,5.0599995
5.48,5.0599995
5.42,5.0599995
5.33,5.0599995
5.32,5.0599995
5.28,5.0599995
5.22,5.0599995
5.24,5.0599995
5.23,5.0599995
5.16,5.0599995
5.18,5.0599995
5.15,5.0599995
5.21,5.0599995
5.21,5.0599995
5.26,5.0599995
5.28,5.0599995
5.36,5.0599995
5.36,5.0599995
5.22,5.0599995
5.11,5.03
5.25,5.03
5.48,5.03
5.52,5.03
5.59,5.03
5.48,5.03
5.42,5.03
5.33,5.03
5.32,5.03
5.28,5.03
5.22,5.03
5.24,5.03
5.23,5.03
5.16,5.03
5.18,5.03
5.15,5.03
5.21,5.03
5.21,5.03
5.26,5.03
5.28,5.03
5.36,5.03
5.36,5.03
5.22,5.03
5.2,5.03
5.25,5.11
5.48,5.11
5.52,5.11
5.59,5.11
5.48,5.11
5.42,5.11
5.33,5.11
5.32,5.11
5.28,5.11
5.22,5.11
5.24,5.11
5.23,5.11
5.16,5.11
5.18,5.11
5.15,5.11
5.21,5.11
5.21,5.11
5.26,5.11
5.28,5.11
5.36,5.11
5.36,5.11
5.22,5.11
5.2,5.11
5.3,5.11
5.48,5.25
5.52,5.25
5.59,5.25
5.48,5.25
5.42,5.25
5.33,5.25
5.32,5.25
5.28,5.25
5.22,5.25
5.24,5.25
5.23,5.25
5.16,5.25
5.18,5.25
5.15,5.25
5.21,5.25
5.21,5.25
5.26,5.25
5.28,5.25
5.36,5.25
5.36,5.25
5.22,5.25
5.2,5.25
5.3,5.25
5.32,5.25
5.52,5.48
5.59,5.48
5.48,5.48
5.42,5.48
5.33,5.48
5.32,5.48
5.28,5.48
5.22,5.48
5.24,5.48
5.23,5.48
5.16,5.48
5.18,5.48
5.15,5.48
5.21,5.48
5.21,5.48
5.26,5.48
5.28,5.48
5.36,5.48
5.36,5.48
5.22,5.48
5.2,5.48
5.3,5.48
5.32,5.48
5.29,5.48
5.59,5.52
5.48,5.52
5.42,5.52
5.33,5.52
5.32,5.52
5.28,5.52
5.22,5.52
5.24,5.52
5.23,5.52
5.16,5.52
5.18,5.52
5.15,5.52
5.21,5.52
5.21,5.52
5.26,5.52
5.28,5.52
5.36,5.52
5.36,5.52
5.22,5.52
5.2,5.52
5.3,5.52
5.32,5.52
5.29,5.52
5.22,5.52
5.48,5.59
5.42,5.59
5.33,5.59
5.32,5.59
5.28,5.59
5.22,5.59
5.24,5.59
5.23,5.59
5.16,5.59
5.18,5.59
5.15,5.59
5.21,5.59
5.21,5.59
5.26,5.59
5.28,5.59
5.36,5.59
5.36,5.59
5.22,5.59
5.2,5.59
5.3,5.59
5.32,5.59
5.29,5.59
5.22,5.59
5.22,5.59
5.42,5.48
5.33,5.48
5.32,5.48
5.28,5.48
5.22,5.48
5.24,5.48
5.23,5.48
5.16,5.48
5.18,5.48
5.15,5.48
5.21,5.48
5.21,5.48
5.26,5.48
5.28,5.48
5.36,5.48
5.36,5.48
5.22,5.48
5.2,5.48
5.3,5.48
5.32,5.48
5.29,5.48
5.22,5.48
5.22,5.48
5.24,5.48
5.33,5.42
5.32,5.42
5.28,5.42
5.22,5.42
5.24,5.42
5.23,5.42
5.16,5.42
5.18,5.42
5.15,5.42
5.21,5.42
5.21,5.42
5.26,5.42
5.28,5.42
5.36,5.42
5.36,5.42
5.22,5.42
5.2,5.42
5.3,5.42
5.32,5.42
5.29,5.42
5.22,5.42
5.22,5.42
5.24,5.42
5.21,5.42
5.32,5.33
5.28,5.33
5.22,5.33
5.24,5.33
5.23,5.33
5.16,5.33
5.18,5.33
5.15,5.33
5.21,5.33
5.21,5.33
5.26,5.33
5.28,5.33
5.36,5.33
5.36,5.33
5.22,5.33
5.2,5.33
5.3,5.33
5.32,5.33
5.29,5.33
5.22,5.33
5.22,5.33
5.24,5.33
5.21,5.33
5.17,5.33
5.28,5.32
5.22,5.32
5.24,5.32
5.23,5.32
5.16,5.32
5.18,5.32
5.15,5.32
5.21,5.32
5.21,5.32
5.26,5.32
5.28,5.32
5.36,5.32
5.36,5.32
5.22,5.32
5.2,5.32
5.3,5.32
5.32,5.32
5.29,5.32
5.22,5.32
5.22,5.32
5.24,5.32
5.21,5.32
5.17,5.32
5.03,5.32
5.22,5.28
5.24,5.28
5.23,5.28
5.16,5.28
5.18,5.28
5.15,5.28
5.21,5.28
5.21,5.28
5.26,5.28
5.28,5.28
5.36,5.28
5.36,5.28
5.22,5.28
5.2,5.28
5.3,5.28
5.32,5.28
5.29,5.28
5.22,5.28
5.22,5.28
5.24,5.28
5.21,5.28
5.17,5.28
5.03,5.28
4.96,5.28
5.24,5.22
5.23,5.22
5.16,5.22
5.18,5.22
5.15,5.22
5.21,5.22
5.21,5.22
5.26,5.22
5.28,5.22
5.36,5.22
5.36,5.22
5.22,5.22
5.2,5.22
5.3,5.22
5.32,5.22
5.29,5.22
5.22,5.22
5.22,5.22
5.24,5.22
5.21,5.22
5.17,5.22
5.03,5.22
4.96,5.22
4.98,5.22
5.23,5.24
5.16,5.24
5.18,5.24
5.15,5.24
5.21,5.24
5.21,5.24
5.26,5.24
5.28,5.24
5.36,5.24
5.36,5.24
5.22,5.24
5.2,5.24
5.3,5.24
5.32,5.24
5.29,5.24
5.22,5.24
5.22,5.24
5.24,5.24
5.21,5.24
5.17,5.24
5.03,5.24
4.96,5.24
4.98,5.24
5.02,5.24
5.16,5.23
5.18,5.23
5.15,5.23
5.21,5.23
5.21,5.23
5.26,5.23
5.28,5.23
5.36,5.23
5.36,5.23
5.22,5.23
5.2,5.23
5.3,5.23
5.32,5.23
5.29,5.23
5.22,5.23
5.22,5.23
5.24,5.23
5.21,5.23
5.17,5.23
5.03,5.23
4.96,5.23
4.98,5.23
5.02,5.23
4.95,5.23
5.18,5.16
5.15,5.16
5.21,5.16
5.21,5.16
5.26,5.16
5.28,5.16
5.36,5.16
5.36,5.16
5.22,5.16
5.2,5.16
5.3,5.16
5.32,5.16
5.29,5.16
5.22,5.16
5.22,5.16
5.24,5.16
5.21,5.16
5.17,5.16
5.03,5.16
4.96,5.16
4.98,5.16
5.02,5.16
4.95,5.16
4.83,5.16
5.15,5.18
5.21,5.18
5.21,5.18
5.26,5.18
5.28,5.18
5.36,5.18
5.36,5.18
5.22,5.18
5.2,5.18
5.3,5.18
5.32,5.18
5.29,5.18
5.22,5.18
5.22,5.18
5.24,5.18
5.21,5.18
5.17,5.18
5.03,5.18
4.96,5.18
4.98,5.18
5.02,5.18
4.95,5.18
4.83,5.18
4.86,5.18
5.21,5.15
5.21,5.15
5.26,5.15
5.28,5.15
5.36,5.15
5.36,5.15
5.22,5.15
5.2,5.15
5.3,5.15
5.32,5.15
5.29,5.15
5.22,5.15
5.22,5.15
5.24,5.15
5.21,5.15
5.17,5.15
5.03,5.15
4.96,5.15
4.98,5.15
5.02,5.15
4.95,5.15
4.83,5.15
4.86,5.15
4.87,5.15
5.21,5.21
5.26,5.21
5.28,5.21
5.36,5.21
5.36,5.21
5.22,5.21
5.2,5.21
5.3,5.21
5.32,5.21
5.29,5.21
5.22,5.21
5.22,5.21
5.24,5.21
5.21,5.21
5.17,5.21
5.03,5.21
4.96,5.21
4.98,5.21
5.02,5.21
4.95,5.21
4.83,5.21
4.86,5.21
4.87,5.21
4.81,5.21
5.26,5.21
5.28,5.21
5.36,5.21
5.36,5.21
5.22,5.21
5.2,5.21
5.3,5.21
5.32,5.21
5.29,5.21
5.22,5.21
5.22,5.21
5.24,5.21
5.21,5.21
5.17,5.21
5.03,5.21
4.96,5.21
4.98,5.21
5.02,5.21
4.95,5.21
4.83,5.21
4.86,5.21
4.87,5.21
4.81,5.21
4.81,5.21
5.28,5.26
5.36,5.26
5.36,5.26
5.22,5.26
5.2,5.26
5.3,5.26
5.32,5.26
5.29,5.26
5.22,5.26
5.22,5.26
5.24,5.26
5.21,5.26
5.17,5.26
5.03,5.26
4.96,5.26
4.98,5.26
5.02,5.26
4.95,5.26
4.83,5.26
4.86,5.26
4.87,5.26
4.81,5.26
4.81,5.26
4.79,5.26
5.36,5.28
5.36,5.28
5.22,5.28
5.2,5.28
5.3,5.28
5.32,5.28
5.29,5.28
5.22,5.28
5.22,5.28
5.24,5.28
5.21,5.28
5.17,5.28
5.03,5.28
4.96,5.28
4.98,5.28
5.02,5.28
4.95,5.28
4.83,5.28
4.86,5.28
4.87,5.28
4.81,5.28
4.81,5.28
4.79,5.28
4.75,5.28
5.36,5.36
5.22,5.36
5.2,5.36
5.3,5.36
5.32,5.36
5.29,5.36
5.22,5.36
5.22,5.36
5.24,5.36
5.21,5.36
5.17,5.36
5.03,5.36
4.96,5.36
4.98,5.36
5.02,5.36
4.95,5.36
4.83,5.36
4.86,5.36
4.87,5.36
4.81,5.36
4.81,5.36
4.79,5.36
4.75,5.36
4.76,5.36
5.22,5.36
5.2,5.36
5.3,5.36
5.32,5.36
5.29,5.36
5.22,5.36
5.22,5.36
5.24,5.36
5.21,5.36
5.17,5.36
5.03,5.36
4.96,5.36
4.98,5.36
5.02,5.36
4.95,5.36
4.83,5.36
4.86,5.36
4.87,5.36
4.81,5.36
4.81,5.36
4.79,5.36
4.75,5.36
4.76,5.36
4.76,5.36
5.2,5.22
5.3,5.22
5.32,5.22
5.29,5.22
5.22,5.22
5.22,5.22
5.24,5.22
5.21,5.22
5.17,5.22
5.03,5.22
4.96,5.22
4.98,5.22
5.02,5.22
4.95,5.22
4.83,5.22
4.86,5.22
4.87,5.22
4.81,5.22
4.81,5.22
4.79,5.22
4.75,5.22
4.76,5.22
4.76,5.22
4.74,5.22
5.3,5.2
5.32,5.2
5.29,5.2
5.22,5.2
5.22,5.2
5.24,5.2
5.21,5.2
5.17,5.2
5.03,5.2
4.96,5.2
4.98,5.2
5.02,5.2
4.95,5.2
4.83,5.2
4.86,5.2
4.87,5.2
4.81,5.2
4.81,5.2
4.79,5.2
4.75,5.2
4.76,5.2
4.76,5.2
4.74,5.2
4.75,5.2
5.32,5.3
5.29,5.3
5.22,5.3
5.22,5.3
5.24,5.3
5.21,5.3
5.17,5.3
5.03,5.3
4.96,5.3
4.98,5.3
5.02,5.3
4.95,5.3
4.83,5.3
4.86,5.3
4.87,5.3
4.81,5.3
4.81,5.3
4.79,5.3
4.75,5.3
4.76,5.3
4.76,5.3
4.74,5.3
4.75,5.3
4.8,5.3
5.29,5.32
5.22,5.32
5.22,5.32
5.24,5.32
5.21,5.32
5.17,5.32
5.03,5.32
4.96,5.32
4.98,5.32
5.02,5.32
4.95,5.32
4.83,5.32
4.86,5.32
4.87,5.32
4.81,5.32
4.81,5.32
4.79,5.32
4.75,5.32
4.76,5.32
4.76,5.32
4.74,5.32
4.75,5.32
4.8,5.32
4.73,5.32
5.22,5.29
5.22,5.29
5.24,5.29
5.21,5.29
5.17,5.29
5.03,5.29
4.96,5.29
4.98,5.29
5.02,5.29
4.95,5.29
4.83,5.29
4.86,5.29
4.87,5.29
4.81,5.29
4.81,5.29
4.79,5.29
4.75,5.29
4.76,5.29
4.76,5.29
4.74,5.29
4.75,5.29
4.8,5.29
4.73,5.29
4.77,5.29
5.22,5.22
5.24,5.22
5.21,5.22
5.17,5.22
5.03,5.22
4.96,5.22
4.98,5.22
5.02,5.22
4.95,5.22
4.83,5.22
4.86,5.22
4.87,5.22
4.81,5.22
4.81,5.22
4.79,5.22
4.75,5.22
4.76,5.22
4.76,5.22
4.74,5.22
4.75,5.22
4.8,5.22
4.73,5.22
4.77,5.22
4.76,5.22
5.24,5.22
5.21,5.22
5.17,5.22
5.03,5.22
4.96,5.22
4.98,5.22
5.02,5.22
4.95,5.22
4.83,5.22
4.86,5.22
4.87,5.22
4.81,5.22
4.81,5.22
4.79,5.22
4.75,5.22
4.76,5.22
4.76,5.22
4.74,5.22
4.75,5.22
4.8,5.22
4.73,5.22
4.77,5.22
4.76,5.22
4.83,5.22
5.21,5.24
5.17,5.24
5.03,5.24
4.96,5.24
4.98,5.24
5.02,5.24
4.95,5.24
4.83,5.24
4.86,5.24
4.87,5.24
4.81,5.24
4.81,5.24
4.79,5.24
4.75,5.24
4.76,5.24
4.76,5.24
4.74,5.24
4.75,5.24
4.8,5.24
4.73,5.24
4.77,5.24
4.76,5.24
4.83,5.24
4.74,5.24
5.17,5.21
5.03,5.21
4.96,5.21
4.98,5.21
5.02,5.21
4.95,5.21
4.83,5.21
4.86,5.21
4.87,5.21
4.81,5.21
4.81,5.21
4.79,5.21
4.75,5.21
4.76,5.21
4.76,5.21
4.74,5.21
4.75,5.21
4.8,5.21
4.73,5.21
4.77,5.21
4.76,5.21
4.83,5.21
4.74,5.21
4.76,5.21
5.03,5.17
4.96,5.17
4.98,5.17
5.02,5.17
4.95,5.17
4.83,5.17
4.86,5.17
4.87,5.17
4.81,5.17
4.81,5.17
4.79,5.17
4.75,5.17
4.76,5.17
4.76,5.17
4.74,5.17
4.75,5.17
4.8,5.17
4.73,5.17
4.77,5.17
4.76,5.17
4.83,5.17
4.74,5.17
4.76,5.17
4.81,5.17
4.96,5.03
4.98,5.03
5.02,5.03
4.95,5.03
4.83,5.03
4.86,5.03
4.87,5.03
4.81,5.03
4.81,5.03
4.79,5.03
4.75,5.03
4.76,5.03
4.76,5.03
4.74,5.03
4.75,5.03
4.8,5.03
4.73,5.03
4.77,5.03
4.76,5.03
4.83,5.03
4.74,5.03
4.76,5.03
4.81,5.03
4.81,5.03
4.98,4.96
5.02,4.96
4.95,4.96
4.83,4.96
4.86,4.96
4.87,4.96
4.81,4.96
4.81,4.96
4.79,4.96
4.75,4.96
4.76,4.96
4.76,4.96
4.74,4.96
4.75,4.96
4.8,4.96
4.73,4.96
4.77,4.96
4.76,4.96
4.83,4.96
4.74,4.96
4.76,4.96
4.81,4.96
4.81,4.96
4.56,4.96
5.02,4.98
4.95,4.98
4.83,4.98
4.86,4.98
4.87,4.98
4.81,4.98
4.81,4.98
4.79,4.98
4.75,4.98
4.76,4.98
4.76,4.98
4.74,4.98
4.75,4.98
4.8,4.98
4.73,4.98
4.77,4.98
4.76,4.98
4.83,4.98
4.74,4.98
4.76,4.98
4.81,4.98
4.81,4.98
4.56,4.98
4.47,4.98
4.95,5.0200005
4.83,5.0200005
4.86,5.0200005
4.87,5.0200005
4.81,5.0200005
4.81,5.0200005
4.79,5.0200005
4.75,5.0200005
4.76,5.0200005
4.76,5.0200005
4.74,5.0200005
4.75,5.0200005
4.8,5.0200005
4.73,5.0200005
4.77,5.0200005
4.76,5.0200005
4.83,5.0200005
4.74,5.0200005
4.76,5.0200005
4.81,5.0200005
4.81,5.0200005
4.56,5.0200005
4.47,5.0200005
4.4,5.0200005
4.83,4.95
4.86,4.95
4.87,4.95
4.81,4.95
4.81,4.95
4.79,4.95
4.75,4.95
4.76,4.95
4.76,4.95
4.74,4.95
4.75,4.95
4.8,4.95
4.73,4.95
4.77,4.95
4.76,4.95
4.83,4.95
4.74,4.95
4.76,4.95
4.81,4.95
4.81,4.95
4.56,4.95
4.47,4.95
4.4,4.95
4.38,4.95
4.86,4.8300004
4.87,4.8300004
4.81,4.8300004
4.81,4.8300004
4.79,4.8300004
4.75,4.8300004
4.76,4.8300004
4.76,4.8300004
4.74,4.8300004
4.75,4.8300004
4.8,4.8300004
4.73,4.8300004
4.77,4.8300004
4.76,4.8300004
4.83,4.8300004
4.74,4.8300004
4.76,4.8300004
4.81,4.8300004
4.81,4.8300004
4.56,4.8300004
4.47,4.8300004
4.4,4.8300004
4.38,4.8300004
4.38,4.8300004
4.87,4.8599997
4.81,4.8599997
4.81,4.8599997
4.79,4.8599997
4.75,4.8599997
4.76,4.8599997
4.76,4.8599997
4.74,4.8599997
4.75,4.8599997
4.8,4.8599997
4.73,4.8599997
4.77,4.8599997
4.76,4.8599997
4.83,4.8599997
4.74,4.8599997
4.76,4.8599997
4.81,4.8599997
4.81,4.8599997
4.56,4.8599997
4.47,4.8599997
4.4,4.8599997
4.38,4.8599997
4.38,4.8599997
4.39,4.8599997
4.81,4.8700004
4.81,4.8700004
4.79,4.8700004
4.75,4.8700004
4.76,4.8700004
4.76,4.8700004
4.74,4.8700004
4.75,4.8700004
4.8,4.8700004
4.73,4.8700004
4.77,4.8700004
4.76,4.8700004
4.83,4.8700004
4.74,4.8700004
4.76,4.8700004
4.81,4.8700004
4.81,4.8700004
4.56,4.8700004
4.47,4.8700004
4.4,4.8700004
4.38,4.8700004
4.38,4.8700004
4.39,4.8700004
4.36,4.8700004
4.81,4.81
4.79,4.81
4.75,4.81
4.76,4.81
4.76,4.81
4.74,4.81
4.75,4.81
4.8,4.81
4.73,4.81
4.77,4.81
4.76,4.81
4.83,4.81
4.74,4.81
4.76,4.81
4.81,4.81
4.81,4.81
4.56,4.81
4.47,4.81
4.4,4.81
4.38,4.81
4.38,4.81
4.39,4.81
4.36,4.81
4.49,4.81
4.79,4.81
4.75,4.81
4.76,4.81
4.76,4.81
4.74,4.81
4.75,4.81
4.8,4.81
4.73,4.81
4.77,4.81
4.76,4.81
4.83,4.81
4.74,4.81
4.76,4.81
4.81,4.81
4.81,4.81
4.56,4.81
4.47,4.81
4.4,4.81
4.38,4.81
4.38,4.81
4.39,4.81
4.36,4.81
4.49,4.81
4.49,4.81
4.75,4.79
4.76,4.79
4.76,4.79
4.74,4.79
4.75,4.79
4.8,4.79
4.73,4.79
4.77,4.79
4.76,4.79
4.83,4.79
4.74,4.79
4.76,4.79
4.81,4.79
4.81,4.79
4.56,4.79
4.47,4.79
4.4,4.79
4.38,4.79
4.38,4.79
4.39,4.79
4.36,4.79
4.49,4.79
4.49,4.79
4.59,4.79
4.76,4.75
4.76,4.75
4.74,4.75
4.75,4.75
4.8,4.75
4.73,4.75
4.77,4.75
4.76,4.75
4.83,4.75
4.74,4.75
4.76,4.75
4.81,4.75
4.81,4.75
4.56,4.75
4.47,4.75
4.4,4.75
4.38,4.75
4.38,4.75
4.39,4.75
4.36,4.75
4.49,4.75
4.49,4.75
4.59,4.75
4.65,4.75
4.76,4.76
4.74,4.76
4.75,4.76
4.8,4.76
4.73,4.76
4.77,4.76
4.76,4.76
4.83,4.76
4.74,4.76
4.76,4.76
4.81,4.76
4.81,4.76
4.56,4.76
4.47,4.76
4.4,4.76
4.38,4.76
4.38,4.76
4.39,4.76
4.36,4.76
4.49,4.76
4.49,4.76
4.59,4.76
4.65,4.76
4.64,4.76
4.74,4.76
4.75,4.76
4.8,4.76
4.73,4.76
4.77,4.76
4.76,4.76
4.83,4.76
4.74,4.76
4.76,4.76
4.81,4.76
4.81,4.76
4.56,4.76
4.47,4.76
4.4,4.76
4.38,4.76
4.38,4.76
4.39,4.76
4.36,4.76
4.49,4.76
4.49,4.76
4.59,4.76
4.65,4.76
4.64,4.76
4.6,4.76
4.75,4.7399993
4.8,4.7399993
4.73,4.7399993
4.77,4.7399993
4.76,4.7399993
4.83,4.7399993
4.74,4.7399993
4.76,4.7399993
4.81,4.7399993
4.81,4.7399993
4.56,4.7399993
4.47,4.7399993
4.4,4.7399993
4.38,4.7399993
4.38,4.7399993
4.39,4.7399993
4.36,4.7399993
4.49,4.7399993
4.49,4.7399993
4.59,4.7399993
4.65,4.7399993
4.64,4.7399993
4.6,4.7399993
4.55,4.7399993
4.8,4.75
4.73,4.75
4.77,4.75
4.76,4.75
4.83,4.75
4.74,4.75
4.76,4.75
4.81,4.75
4.81,4.75
4.56,4.75
4.47,4.75
4.4,4.75
4.38,4.75
4.38,4.75
4.39,4.75
4.36,4.75
4.49,4.75
4.49,4.75
4.59,4.75
4.65,4.75
4.64,4.75
4.6,4.75
4.55,4.75
4.54,4.75
4.73,4.8000007
4.77,4.8000007
4.76,4.8000007
4.83,4.8000007
4.74,4.8000007
4.76,4.8000007
4.81,4.8000007
4.81,4.8000007
4.56,4.8000007
4.47,4.8000007
4.4,4.8000007
4.38,4.8000007
4.38,4.8000007
4.39,4.8000007
4.36,4.8000007
4.49,4.8000007
4.49,4.8000007
4.59,4.8000007
4.65,4.8000007
4.64,4.8000007
4.6,4.8000007
4.55,4.8000007
4.54,4.8000007
4.57,4.8000007
4.77,4.73
4.76,4.73
4.83,4.73
4.74,4.73
4.76,4.73
4.81,4.73
4.81,4.73
4.56,4.73
4.47,4.73
4.4,4.73
4.38,4.73
4.38,4.73
4.39,4.73
4.36,4.73
4.49,4.73
4.49,4.73
4.59,4.73
4.65,4.73
4.64,4.73
4.6,4.73
4.55,4.73
4.54,4.73
4.57,4.73
4.51,4.73
4.76,4.77
4.83,4.77
4.74,4.77
4.76,4.77
4.81,4.77
4.81,4.77
4.56,4.77
4.47,4.77
4.4,4.77
4.38,4.77
4.38,4.77
4.39,4.77
4.36,4.77
4.49,4.77
4.49,4.77
4.59,4.77
4.65,4.77
4.64,4.77
4.6,4.77
4.55,4.77
4.54,4.77
4.57,4.77
4.51,4.77
4.47,4.77
4.83,4.76
4.74,4.76
4.76,4.76
4.81,4.76
4.81,4.76
4.56,4.76
4.47,4.76
4.4,4.76
4.38,4.76
4.38,4.76
4.39,4.76
4.36,4.76
4.49,4.76
4.49,4.76
4.59,4.76
4.65,4.76
4.64,4.76
4.6,4.76
4.55,4.76
4.54,4.76
4.57,4.76
4.51,4.76
4.47,4.76
4.5,4.76
4.74,4.8300004
4.76,4.8300004
4.81,4.8300004
4.81,4.8300004
4.56,4.8300004
4.47,4.8300004
4.4,4.8300004
4.38,4.8300004
4.38,4.8300004
4.39,4.8300004
4.36,4.8300004
4.49,4.8300004
4.49,4.8300004
4.59,4.8300004
4.65,4.8300004
4.64,4.8300004
4.6,4.8300004
4.55,4.8300004
4.54,4.8300004
4.57,4.8300004
4.51,4.8300004
4.47,4.8300004
4.5,4.8300004
4.49,4.8300004
4.76,4.7399993
4.81,4.7399993
4.81,4.7399993
4.56,4.7399993
4.47,4.7399993
4.4,4.7399993
4.38,4.7399993
4.38,4.7399993
4.39,4.7399993
4.36,4.7399993
4.49,4.7399993
4.49,4.7399993
4.59,4.7399993
4.65,4.7399993
4.64,4.7399993
4.6,4.7399993
4.55,4.7399993
4.54,4.7399993
4.57,4.7399993
4.51,4.7399993
4.47,4.7399993
4.5,4.7399993
4.49,4.7399993
4.6,4.7399993
4.81,4.76
4.81,4.76
4.56,4.76
4.47,4.76
4.4,4.76
4.38,4.76
4.38,4.76
4.39,4.76
4.36,4.76
4.49,4.76
4.49,4.76
4.59,4.76
4.65,4.76
4.64,4.76
4.6,4.76
4.55,4.76
4.54,4.76
4.57,4.76
4.51,4.76
4.47,4.76
4.5,4.76
4.49,4.76
4.6,4.76
4.64,4.76
4.81,4.81
4.56,4.81
4.47,4.81
4.4,4.81
4.38,4.81
4.38,4.81
4.39,4.81
4.36,4.81
4.49,4.81
4.49,4.81
4.59,4.81
4.65,4.81
4.64,4.81
4.6,4.81
4.55,4.81
4.54,4.81
4.57,4.81
4.51,4.81
4.47,4.81
4.5,4.81
4.49,4.81
4.6,4.81
4.64,4.81
4.61,4.81
4.56,4.81
4.47,4.81
4.4,4.81
4.38,4.81
4.38,4.81
4.39,4.81
4.36,4.81
4.49,4.81
4.49,4.81
4.59,4.81
4.65,4.81
4.64,4.81
4.6,4.81
4.55,4.81
4.54,4.81
4.57,4.81
4.51,4.81
4.47,4.81
4.5,4.81
4.49,4.81
4.6,4.81
4.64,4.81
4.61,4.81
4.56,4.81
4.47,4.5600004
4.4,4.5600004
4.38,4.5600004
4.38,4.5600004
4.39,4.5600004
4.36,4.5600004
4.49,4.5600004
4.49,4.5600004
4.59,4.5600004
4.65,4.5600004
4.64,4.5600004
4.6,4.5600004
4.55,4.5600004
4.54,4.5600004
4.57,4.5600004
4.51,4.5600004
4.47,4.5600004
4.5,4.5600004
4.49,4.5600004
4.6,4.5600004
4.64,4.5600004
4.61,4.5600004
4.56,4.5600004
4.59,4.5600004
4.4,4.4700003
4.38,4.4700003
4.38,4.4700003
4.39,4.4700003
4.36,4.4700003
4.49,4.4700003
4.49,4.4700003
4.59,4.4700003
4.65,4.4700003
4.64,4.4700003
4.6,4.4700003
4.55,4.4700003
4.54,4.4700003
4.57,4.4700003
4.51,4.4700003
4.47,4.4700003
4.5,4.4700003
4.49,4.4700003
4.6,4.4700003
4.64,4.4700003
4.61,4.4700003
4.56,4.4700003
4.59,4.4700003
4.55,4.4700003
4.38,4.4000006
4.38,4.4000006
4.39,4.4000006
4.36,4.4000006
4.49,4.4000006
4.49,4.4000006
4.59,4.4000006
4.65,4.4000006
4.64,4.4000006
4.6,4.4000006
4.55,4.4000006
4.54,4.4000006
4.57,4.4000006
4.51,4.4000006
4.47,4.4000006
4.5,4.4000006
4.49,4.4000006
4.6,4.4000006
4.64,4.4000006
4.61,4.4000006
4.56,4.4000006
4.59,4.4000006
4.55,4.4000006
4.53,4.4000006
4.38,4.38
4.39,4.38
4.36,4.38
4.49,4.38
4.49,4.38
4.59,4.38
4.65,4.38
4.64,4.38
4.6,4.38
4.55,4.38
4.54,4.38
4.57,4.38
4.51,4.38
4.47,4.38
4.5,4.38
4.49,4.38
4.6,4.38
4.64,4.38
4.61,4.38
4.56,4.38
4.59,4.38
4.55,4.38
4.53,4.38
4.42,4.38
4.39,4.38
4.36,4.38
4.49,4.38
4.49,4.38
4.59,4.38
4.65,4.38
4.64,4.38
4.6,4.38
4.55,4.38
4.54,4.38
4.57,4.38
4.51,4.38
4.47,4.38
4.5,4.38
4.49,4.38
4.6,4.38
4.64,4.38
4.61,4.38
4.56,4.38
4.59,4.38
4.55,4.38
4.53,4.38
4.42,4.38
4.41,4.38
4.36,4.3900003
4.49,4.3900003
4.49,4.3900003
4.59,4.3900003
4.65,4.3900003
4.64,4.3900003
4.6,4.3900003
4.55,4.3900003
4.54,4.3900003
4.57,4.3900003
4.51,4.3900003
4.47,4.3900003
4.5,4.3900003
4.49,4.3900003
4.6,4.3900003
4.64,4.3900003
4.61,4.3900003
4.56,4.3900003
4.59,4.3900003
4.55,4.3900003
4.53,4.3900003
4.42,4.3900003
4.41,4.3900003
4.47,4.3900003
4.49,4.3599997
4.49,4.3599997
4.59,4.3599997
4.65,4.3599997
4.64,4.3599997
4.6,4.3599997
4.55,4.3599997
4.54,4.3599997
4.57,4.3599997
4.51,4.3599997
4.47,4.3599997
4.5,4.3599997
4.49,4.3599997
4.6,4.3599997
4.64,4.3599997
4.61,4.3599997
4.56,4.3599997
4.59,4.3599997
4.55,4.3599997
4.53,4.3599997
4.42,4.3599997
4.41,4.3599997
4.47,4.3599997
4.47,4.3599997
4.49,4.49
4.59,4.49
4.65,4.49
4.64,4.49
4.6,4.49
4.55,4.49
4.54,4.49
4.57,4.49
4.51,4.49
4.47,4.49
4.5,4.49
4.49,4.49
4.6,4.49
4.64,4.49
4.61,4.49
4.56,4.49
4.59,4.49
4.55,4.49
4.53,4.49
4.42,4.49
4.41,4.49
4.47,4.49
4.47,4.49
4.5,4.49
4.59,4.49
4.65,4.49
4.64,4.49
4.6,4.49
4.55,4.49
4.54,4.49
4.57,4.49
4.51,4.49
4.47,4.49
4.5,4.49
4.49,4.49
4.6,4.49
4.64,4.49
4.61,4.49
4.56,4.49
4.59,4.49
4.55,4.49
4.53,4.49
4.42,4.49
4.41,4.49
4.47,4.49
4.47,4.49
4.5,4.49
4.48,4.49
4.65,4.59
4.64,4.59
4.6,4.59
4.55,4.59
4.54,4.59
4.57,4.59
4.51,4.59
4.47,4.59
4.5,4.59
4.49,4.59
4.6,4.59
4.64,4.59
4.61,4.59
4.56,4.59
4.59,4.59
4.55,4.59
4.53,4.59
4.42,4.59
4.41,4.59
4.47,4.59
4.47,4.59
4.5,4.59
4.48,4.59
4.49,4.59
4.64,4.6500006
4.6,4.6500006
4.55,4.6500006
4.54,4.6500006
4.57,4.6500006
4.51,4.6500006
4.47,4.6500006
4.5,4.6500006
4.49,4.6500006
4.6,4.6500006
4.64,4.6500006
4.61,4.6500006
4.56,4.6500006
4.59,4.6500006
4.55,4.6500006
4.53,4.6500006
4.42,4.6500006
4.41,4.6500006
4.47,4.6500006
4.47,4.6500006
4.5,4.6500006
4.48,4.6500006
4.49,4.6500006
4.53,4.6500006
4.6,4.6400003
4.55,4.6400003
4.54,4.6400003
4.57,4.6400003
4.51,4.6400003
4.47,4.6400003
4.5,4.6400003
4.49,4.6400003
4.6,4.6400003
4.64,4.6400003
4.61,4.6400003
4.56,4.6400003
4.59,4.6400003
4.55,4.6400003
4.53,4.6400003
4.42,4.6400003
4.41,4.6400003
4.47,4.6400003
4.47,4.6400003
4.5,4.6400003
4.48,4.6400003
4.49,4.6400003
4.53,4.6400003
4.53,4.6400003
4.55,4.5999994
4.54,4.5999994
4.57,4.5999994
4.51,4.5999994
4.47,4.5999994
4.5,4.5999994
4.49,4.5999994
4.6,4.5999994
4.64,4.5999994
4.61,4.5999994
4.56,4.5999994
4.59,4.5999994
4.55,4.5999994
4.53,4.5999994
4.42,4.5999994
4.41,4.5999994
4.47,4.5999994
4.47,4.5999994
4.5,4.5999994
4.48,4.5999994
4.49,4.5999994
4.53,4.5999994
4.53,4.5999994
4.47,4.5999994
4.54,4.55
4.57,4.55
4.51,4.55
4.47,4.55
4.5,4.55
4.49,4.55
4.6,4.55
4.64,4.55
4.61,4.55
4.56,4.55
4.59,4.55
4.55,4.55
4.53,4.55
4.42,4.55
4.41,4.55
4.47,4.55
4.47,4.55
4.5,4.55
4.48,4.55
4.49,4.55
4.53,4.55
4.53,4.55
4.47,4.55
4.42,4.55
4.57,4.54
4.51,4.54
4.47,4.54
4.5,4.54
4.49,4.54
4.6,4.54
4.64,4.54
4.61,4.54
4.56,4.54
4.59,4.54
4.55,4.54
4.53,4.54
4.42,4.54
4.41,4.54
4.47,4.54
4.47,4.54
4.5,4.54
4.48,4.54
4.49,4.54
4.53,4.54
4.53,4.54
4.47,4.54
4.42,4.54
4.43,4.54
4.51,4.5700006
4.47,4.5700006
4.5,4.5700006
4.49,4.5700006
4.6,4.5700006
4.64,4.5700006
4.61,4.5700006
4.56,4.5700006
4.59,4.5700006
4.55,4.5700006
4.53,4.5700006
4.42,4.5700006
4.41,4.5700006
4.47,4.5700006
4.47,4.5700006
4.5,4.5700006
4.48,4.5700006
4.49,4.5700006
4.53,4.5700006
4.53,4.5700006
4.47,4.5700006
4.42,4.5700006
4.43,4.5700006
4.46,4.5700006
4.47,4.51
4.5,4.51
4.49,4.51
4.6,4.51
4.64,4.51
4.61,4.51
4.56,4.51
4.59,4.51
4.55,4.51
4.53,4.51
4.42,4.51
4.41,4.51
4.47,4.51
4.47,4.51
4.5,4.51
4.48,4.51
4.49,4.51
4.53,4.51
4.53,4.51
4.47,4.51
4.42,4.51
4.43,4.51
4.46,4.51
4.49,4.51
4.5,4.4700003
4.49,4.4700003
4.6,4.4700003
4.64,4.4700003
4.61,4.4700003
4.56,4.4700003
4.59,4.4700003
4.55,4.4700003
4.53,4.4700003
4.42,4.4700003
4.41,4.4700003
4.47,4.4700003
4.47,4.4700003
4.5,4.4700003
4.48,4.4700003
4.49,4.4700003
4.53,4.4700003
4.53,4.4700003
4.47,4.4700003
4.42,4.4700003
4.43,4.4700003
4.46,4.4700003
4.49,4.4700003
4.59,4.4700003
4.49,4.5
4.6,4.5
4.64,4.5
4.61,4.5
4.56,4.5
4.59,4.5
4.55,4.5
4.53,4.5
4.42,4.5
4.41,4.5
4.47,4.5
4.47,4.5
4.5,4.5
4.48,4.5
4.49,4.5
4.53,4.5
4.53,4.5
4.47,4.5
4.42,4.5
4.43,4.5
4.46,4.5
4.49,4.5
4.59,4.5
4.5,4.5
4.6,4.49
4.64,4.49
4.61,4.49
4.56,4.49
4.59,4.49
4.55,4.49
4.53,4.49
4.42,4.49
4.41,4.49
4.47,4.49
4.47,4.49
4.5,4.49
4.48,4.49
4.49,4.49
4.53,4.49
4.53,4.49
4.47,4.49
4.42,4.49
4.43,4.49
4.46,4.49
4.49,4.49
4.59,4.49
4.5,4.49
4.47,4.49
4.64,4.5999994
4.61,4.5999994
4.56,4.5999994
4.59,4.5999994
4.55,4.5999994
4.53,4.5999994
4.42,4.5999994
4.41,4.5999994
4.47,4.5999994
4.47,4.5999994
4.5,4.5999994
4.48,4.5999994
4.49,4.5999994
4.53,4.5999994
4.53,4.5999994
4.47,4.5999994
4.42,4.5999994
4.43,4.5999994
4.46,4.5999994
4.49,4.5999994
4.59,4.5999994
4.5,4.5999994
4.47,4.5999994
4.53,4.5999994
4.61,4.6400003
4.56,4.6400003
4.59,4.6400003
4.55,4.6400003
4.53,4.6400003
4.42,4.6400003
4.41,4.6400003
4.47,4.6400003
4.47,4.6400003
4.5,4.6400003
4.48,4.6400003
4.49,4.6400003
4.53,4.6400003
4.53,4.6400003
4.47,4.6400003
4.42,4.6400003
4.43,4.6400003
4.46,4.6400003
4.49,4.6400003
4.59,4.6400003
4.5,4.6400003
4.47,4.6400003
4.53,4.6400003
4.48,4.6400003
4.56,4.6099997
4.59,4.6099997
4.55,4.6099997
4.53,4.6099997
4.42,4.6099997
4.41,4.6099997
4.47,4.6099997
4.47,4.6099997
4.5,4.6099997
4.48,4.6099997
4.49,4.6099997
4.53,4.6099997
4.53,4.6099997
4.47,4.6099997
4.42,4.6099997
4.43,4.6099997
4.46,4.6099997
4.49,4.6099997
4.59,4.6099997
4.5,4.6099997
4.47,4.6099997
4.53,4.6099997
4.48,4.6099997
4.47,4.6099997
4.59,4.5600004
4.55,4.5600004
4.53,4.5600004
4.42,4.5600004
4.41,4.5600004
4.47,4.5600004
4.47,4.5600004
4.5,4.5600004
4.48,4.5600004
4.49,4.5600004
4.53,4.5600004
4.53,4.5600004
4.47,4.5600004
4.42,4.5600004
4.43,4.5600004
4.46,4.5600004
4.49,4.5600004
4.59,4.5600004
4.5,4.5600004
4.47,4.5600004
4.53,4.5600004
4.48,4.5600004
4.47,4.5600004
4.47,4.5600004
4.55,4.59
4.53,4.59
4.42,4.59
4.41,4.59
4.47,4.59
4.47,4.59
4.5,4.59
4.48,4.59
4.49,4.59
4.53,4.59
4.53,4.59
4.47,4.59
4.42,4.59
4.43,4.59
4.46,4.59
4.49,4.59
4.59,4.59
4.5,4.59
4.47,4.59
4.53,4.59
4.48,4.59
4.47,4.59
4.47,4.59
4.47,4.59
4.53,4.55
4.42,4.55
4.41,4.55
4.47,4.55
4.47,4.55
4.5,4.55
4.48,4.55
4.49,4.55
4.53,4.55
4.53,4.55
4.47,4.55
4.42,4.55
4.43,4.55
4.46,4.55
4.49,4.55
4.59,4.55
4.5,4.55
4.47,4.55
4.53,4.55
4.48,4.55
4.47,4.55
4.47,4.55
4.47,4.55
4.47,4.55
4.42,4.5299997
4.41,4.5299997
4.47,4.5299997
4.47,4.5299997
4.5,4.5299997
4.48,4.5299997
4.49,4.5299997
4.53,4.5299997
4.53,4.5299997
4.47,4.5299997
4.42,4.5299997
4.43,4.5299997
4.46,4.5299997
4.49,4.5299997
4.59,4.5299997
4.5,4.5299997
4.47,4.5299997
4.53,4.5299997
4.48,4.5299997
4.47,4.5299997
4.47,4.5299997
4.47,4.5299997
4.47,4.5299997
4.47,4.5299997
4.41,4.42
4.47,4.42
4.47,4.42
4.5,4.42
4.48,4.42
4.49,4.42
4.53,4.42
4.53,4.42
4.47,4.42
4.42,4.42
4.43,4.42
4.46,4.42
4.49,4.42
4.59,4.42
4.5,4.42
4.47,4.42
4.53,4.42
4.48,4.42
4.47,4.42
4.47,4.42
4.47,4.42
4.47,4.42
4.47,4.42
4.47,4.42
4.47,4.41
4.47,4.41
4.5,4.41
4.48,4.41
4.49,4.41
4.53,4.41
4.53,4.41
4.47,4.41
4.42,4.41
4.43,4.41
4.46,4.41
4.49,4.41
4.59,4.41
4.5,4.41
4.47,4.41
4.53,4.41
4.48,4.41
4.47,4.41
4.47,4.41
4.47,4.41
4.47,4.41
4.47,4.41
4.47,4.41
4.51,4.41
4.47,4.4700003
4.5,4.4700003
4.48,4.4700003
4.49,4.4700003
4.53,4.4700003
4.53,4.4700003
4.47,4.4700003
4.42,4.4700003
4.43,4.4700003
4.46,4.4700003
4.49,4.4700003
4.59,4.4700003
4.5,4.4700003
4.47,4.4700003
4.53,4.4700003
4.48,4.4700003
4.47,4.4700003
4.47,4.4700003
4.47,4.4700003
4.47,4.4700003
4.47,4.4700003
4.47,4.4700003
4.51,4.4700003
4.56,4.4700003
4.5,4.4700003
4.48,4.4700003
4.49,4.4700003
4.53,4.4700003
4.53,4.4700003
4.47,4.4700003
4.42,4.4700003
4.43,4.4700003
4.46,4.4700003
4.49,4.4700003
4.59,4.4700003
4.5,4.4700003
4.47,4.4700003
4.53,4.4700003
4.48,4.4700003
4.47,4.4700003
4.47,4.4700003
4.47,4.4700003
4.47,4.4700003
4.47,4.4700003
4.47,4.4700003
4.51,4.4700003
4.56,4.4700003
4.66,4.4700003
4.48,4.5
4.49,4.5
4.53,4.5
4.53,4.5
4.47,4.5
4.42,4.5
4.43,4.5
4.46,4.5
4.49,4.5
4.59,4.5
4.5,4.5
4.47,4.5
4.53,4.5
4.48,4.5
4.47,4.5
4.47,4.5
4.47,4.5
4.47,4.5
4.47,4.5
4.47,4.5
4.51,4.5
4.56,4.5
4.66,4.5
4.63,4.5
4.49,4.4800005
4.53,4.4800005
4.53,4.4800005
4.47,4.4800005
4.42,4.4800005
4.43,4.4800005
4.46,4.4800005
4.49,4.4800005
4.59,4.4800005
4.5,4.4800005
4.47,4.4800005
4.53,4.4800005
4.48,4.4800005
4.47,4.4800005
4.47,4.4800005
4.47,4.4800005
4.47,4.4800005
4.47,4.4800005
4.47,4.4800005
4.51,4.4800005
4.56,4.4800005
4.66,4.4800005
4.63,4.4800005
4.77,4.4800005
4.53,4.49
4.53,4.49
4.47,4.49
4.42,4.49
4.43,4.49
4.46,4.49
4.49,4.49
4.59,4.49
4.5,4.49
4.47,4.49
4.53,4.49
4.48,4.49
4.47,4.49
4.47,4.49
4.47,4.49
4.47,4.49
4.47,4.49
4.47,4.49
4.51,4.49
4.56,4.49
4.66,4.49
4.63,4.49
4.77,4.49
4.7,4.49
4.53,4.5299997
4.47,4.5299997
4.42,4.5299997
4.43,4.5299997
4.46,4.5299997
4.49,4.5299997
4.59,4.5299997
4.5,4.5299997
4.47,4.5299997
4.53,4.5299997
4.48,4.5299997
4.47,4.5299997
4.47,4.5299997
4.47,4.5299997
4.47,4.5299997
4.47,4.5299997
4.47,4.5299997
4.51,4.5299997
4.56,4.5299997
4.66,4.5299997
4.63,4.5299997
4.77,4.5299997
4.7,4.5299997
4.62,4.5299997
4.47,4.5299997
4.42,4.5299997
4.43,4.5299997
4.46,4.5299997
4.49,4.5299997
4.59,4.5299997
4.5,4.5299997
4.47,4.5299997
4.53,4.5299997
4.48,4.5299997
4.47,4.5299997
4.47,4.5299997
4.47,4.5299997
4.47,4.5299997
4.47,4.5299997
4.47,4.5299997
4.51,4.5299997
4.56,4.5299997
4.66,4.5299997
4.63,4.5299997
4.77,4.5299997
4.7,4.5299997
4.62,4.5299997
4.53,4.5299997
4.42,4.4700003
4.43,4.4700003
4.46,4.4700003
4.49,4.4700003
4.59,4.4700003
4.5,4.4700003
4.47,4.4700003
4.53,4.4700003
4.48,4.4700003
4.47,4.4700003
4.47,4.4700003
4.47,4.4700003
4.47,4.4700003
4.47,4.4700003
4.47,4.4700003
4.51,4.4700003
4.56,4.4700003
4.66,4.4700003
4.63,4.4700003
4.77,4.4700003
4.7,4.4700003
4.62,4.4700003
4.53,4.4700003
4.46,4.4700003
4.43,4.42
4.46,4.42
4.49,4.42
4.59,4.42
4.5,4.42
4.47,4.42
4.53,4.42
4.48,4.42
4.47,4.42
4.47,4.42
4.47,4.42
4.47,4.42
4.47,4.42
4.47,4.42
4.51,4.42
4.56,4.42
4.66,4.42
4.63,4.42
4.77,4.42
4.7,4.42
4.62,4.42
4.53,4.42
4.46,4.42
4.38,4.42
4.46,4.4299994
4.49,4.4299994
4.59,4.4299994
4.5,4.4299994
4.47,4.4299994
4.53,4.4299994
4.48,4.4299994
4.47,4.4299994
4.47,4.4299994
4.47,4.4299994
4.47,4.4299994
4.47,4.4299994
4.47,4.4299994
4.51,4.4299994
4.56,4.4299994
4.66,4.4299994
4.63,4.4299994
4.77,4.4299994
4.7,4.4299994
4.62,4.4299994
4.53,4.4299994
4.46,4.4299994
4.38,4.4299994
4.3,4.4299994
4.49,4.46
4.59,4.46
4.5,4.46
4.47,4.46
4.53,4.46
4.48,4.46
4.47,4.46
4.47,4.46
4.47,4.46
4.47,4.46
4.47,4.46
4.47,4.46
4.51,4.46
4.56,4.46
4.66,4.46
4.63,4.46
4.77,4.46
4.7,4.46
4.62,4.46
4.53,4.46
4.46,4.46
4.38,4.46
4.3,4.46
4.37,4.46
4.59,4.49
4.5,4.49
4.47,4.49
4.53,4.49
4.48,4.49
4.47,4.49
4.47,4.49
4.47,4.49
4.47,4.49
4.47,4.49
4.47,4.49
4.51,4.49
4.56,4.49
4.66,4.49
4.63,4.49
4.77,4.49
4.7,4.49
4.62,4.49
4.53,4.49
4.46,4.49
4.38,4.49
4.3,4.49
4.37,4.49
4.3,4.49
4.5,4.59
4.47,4.59
4.53,4.59
4.48,4.59
4.47,4.59
4.47,4.59
4.47,4.59
4.47,4.59
4.47,4.59
4.47,4.59
4.51,4.59
4.56,4.59
4.66,4.59
4.63,4.59
4.77,4.59
4.7,4.59
4.62,4.59
4.53,4.59
4.46,4.59
4.38,4.59
4.3,4.59
4.37,4.59
4.3,4.59
4.15,4.59
4.47,4.5
4.53,4.5
4.48,4.5
4.47,4.5
4.47,4.5
4.47,4.5
4.47,4.5
4.47,4.5
4.47,4.5
4.51,4.5
4.56,4.5
4.66,4.5
4.63,4.5
4.77,4.5
4.7,4.5
4.62,4.5
4.53,4.5
4.46,4.5
4.38,4.5
4.3,4.5
4.37,4.5
4.3,4.5
4.15,4.5
3.97,4.5
4.53,4.4700003
4.48,4.4700003
4.47,4.4700003
4.47,4.4700003
4.47,4.4700003
4.47,4.4700003
4.47,4.4700003
4.47,4.4700003
4.51,4.4700003
4.56,4.4700003
4.66,4.4700003
4.63,4.4700003
4.77,4.4700003
4.7,4.4700003
4.62,4.4700003
4.53,4.4700003
4.46,4.4700003
4.38,4.4700003
4.3,4.4700003
4.37,4.4700003
4.3,4.4700003
4.15,4.4700003
3.97,4.4700003
3.93,4.4700003
4.48,4.5299997
4.47,4.5299997
4.47,4.5299997
4.47,4.5299997
4.47,4.5299997
4.47,4.5299997
4.47,4.5299997
4.51,4.5299997
4.56,4.5299997
4.66,4.5299997
4.63,4.5299997
4.77,4.5299997
4.7,4.5299997
4.62,4.5299997
4.53,4.5299997
4.46,4.5299997
4.38,4.5299997
4.3,4.5299997
4.37,4.5299997
4.3,4.5299997
4.15,4.5299997
3.97,4.5299997
3.93,4.5299997
3.92,4.5299997
4.47,4.4800005
4.47,4.4800005
4.47,4.4800005
4.47,4.4800005
4.47,4.4800005
4.47,4.4800005
4.51,4.4800005
4.56,4.4800005
4.66,4.4800005
4.63,4.4800005
4.77,4.4800005
4.7,4.4800005
4.62,4.4800005
4.53,4.4800005
4.46,4.4800005
4.38,4.4800005
4.3,4.4800005
4.37,4.4800005
4.3,4.4800005
4.15,4.4800005
3.97,4.4800005
3.93,4.4800005
3.92,4.4800005
3.85,4.4800005
4.47,4.4700003
4.47,4.4700003
4.47,4.4700003
4.47,4.4700003
4.47,4.4700003
4.51,4.4700003
4.56,4.4700003
4.66,4.4700003
4.63,4.4700003
4.77,4.4700003
4.7,4.4700003
4.62,4.4700003
4.53,4.4700003
4.46,4.4700003
4.38,4.4700003
4.3,4.4700003
4.37,4.4700003
4.3,4.4700003
4.15,4.4700003
3.97,4.4700003
3.93,4.4700003
3.92,4.4700003
3.85,4.4700003
3.8,4.4700003
4.47,4.4700003
4.47,4.4700003
4.47,4.4700003
4.47,4.4700003
4.51,4.4700003
4.56,4.4700003
4.66,4.4700003
4.63,4.4700003
4.77,4.4700003
4.7,4.4700003
4.62,4.4700003
4.53,4.4700003
4.46,4.4700003
4.38,4.4700003
4.3,4.4700003
4.37,4.4700003
4.3,4.4700003
4.15,4.4700003
3.97,4.4700003
3.93,4.4700003
3.92,4.4700003
3.85,4.4700003
3.8,4.4700003
3.74,4.4700003
4.47,4.4700003
4.47,4.4700003
4.47,4.4700003
4.51,4.4700003
4.56,4.4700003
4.66,4.4700003
4.63,4.4700003
4.77,4.4700003
4.7,4.4700003
4.62,4.4700003
4.53,4.4700003
4.46,4.4700003
4.38,4.4700003
4.3,4.4700003
4.37,4.4700003
4.3,4.4700003
4.15,4.4700003
3.97,4.4700003
3.93,4.4700003
3.92,4.4700003
3.85,4.4700003
3.8,4.4700003
3.74,4.4700003
3.69,4.4700003
4.47,4.4700003
4.47,4.4700003
4.51,4.4700003
4.56,4.4700003
4.66,4.4700003
4.63,4.4700003
4.77,4.4700003
4.7,4.4700003
4.62,4.4700003
4.53,4.4700003
4.46,4.4700003
4.38,4.4700003
4.3,4.4700003
4.37,4.4700003
4.3,4.4700003
4.15,4.4700003
3.97,4.4700003
3.93,4.4700003
3.92,4.4700003
3.85,4.4700003
3.8,4.4700003
3.74,4.4700003
3.69,4.4700003
3.73,4.4700003
4.47,4.4700003
4.51,4.4700003
4.56,4.4700003
4.66,4.4700003
4.63,4.4700003
4.77,4.4700003
4.7,4.4700003
4.62,4.4700003
4.53,4.4700003
4.46,4.4700003
4.38,4.4700003
4.3,4.4700003
4.37,4.4700003
4.3,4.4700003
4.15,4.4700003
3.97,4.4700003
3.93,4.4700003
3.92,4.4700003
3.85,4.4700003
3.8,4.4700003
3.74,4.4700003
3.69,4.4700003
3.73,4.4700003
3.69,4.4700003
4.51,4.4700003
4.56,4.4700003
4.66,4.4700003
4.63,4.4700003
4.77,4.4700003
4.7,4.4700003
4.62,4.4700003
4.53,4.4700003
4.46,4.4700003
4.38,4.4700003
4.3,4.4700003
4.37,4.4700003
4.3,4.4700003
4.15,4.4700003
3.97,4.4700003
3.93,4.4700003
3.92,4.4700003
3.85,4.4700003
3.8,4.4700003
3.74,4.4700003
3.69,4.4700003
3.73,4.4700003
3.69,4.4700003
3.67,4.4700003
4.56,4.51
4.66,4.51
4.63,4.51
4.77,4.51
4.7,4.51
4.62,4.51
4.53,4.51
4.46,4.51
4.38,4.51
4.3,4.51
4.37,4.51
4.3,4.51
4.15,4.51
3.97,4.51
3.93,4.51
3.92,4.51
3.85,4.51
3.8,4.51
3.74,4.51
3.69,4.51
3.73,4.51
3.69,4.51
3.67,4.51
3.66,4.51
4.66,4.5600004
4.63,4.5600004
4.77,4.5600004
4.7,4.5600004
4.62,4.5600004
4.53,4.5600004
4.46,4.5600004
4.38,4.5600004
4.3,4.5600004
4.37,4.5600004
4.3,4.5600004
4.15,4.5600004
3.97,4.5600004
3.93,4.5600004
3.92,4.5600004
3.85,4.5600004
3.8,4.5600004
3.74,4.5600004
3.69,4.5600004
3.73,4.5600004
3.69,4.5600004
3.67,4.5600004
3.66,4.5600004
3.75,4.5600004
4.63,4.66
4.77,4.66
4.7,4.66
4.62,4.66
4.53,4.66
4.46,4.66
4.38,4.66
4.3,4.66
4.37,4.66
4.3,4.66
4.15,4.66
3.97,4.66
3.93,4.66
3.92,4.66
3.85,4.66
3.8,4.66
3.74,4.66
3.69,4.66
3.73,4.66
3.69,4.66
3.67,4.66
3.66,4.66
3.75,4.66
3.79,4.66
4.77,4.63
4.7,4.63
4.62,4.63
4.53,4.63
4.46,4.63
4.38,4.63
4.3,4.63
4.37,4.63
4.3,4.63
4.15,4.63
3.97,4.63
3.93,4.63
3.92,4.63
3.85,4.63
3.8,4.63
3.74,4.63
3.69,4.63
3.73,4.63
3.69,4.63
3.67,4.63
3.66,4.63
3.75,4.63
3.79,4.63
3.84,4.63
4.7,4.77
4.62,4.77
4.53,4.77
4.46,4.77
4.38,4.77
4.3,4.77
4.37,4.77
4.3,4.77
4.15,4.77
3.97,4.77
3.93,4.77
3.92,4.77
3.85,4.77
3.8,4.77
3.74,4.77
3.69,4.77
3.73,4.77
3.69,4.77
3.67,4.77
3.66,4.77
3.75,4.77
3.79,4.77
3.84,4.77
3.92,4.77
4.62,4.7000003
4.53,4.7000003
4.46,4.7000003
4.38,4.7000003
4.3,4.7000003
4.37,4.7000003
4.3,4.7000003
4.15,4.7000003
3.97,4.7000003
3.93,4.7000003
3.92,4.7000003
3.85,4.7000003
3.8,4.7000003
3.74,4.7000003
3.69,4.7000003
3.73,4.7000003
3.69,4.7000003
3.67,4.7000003
3.66,4.7000003
3.75,4.7000003
3.79,4.7000003
3.84,4.7000003
3.92,4.7000003
3.77,4.7000003
4.53,4.62
4.46,4.62
4.38,4.62
4.3,4.62
4.37,4.62
4.3,4.62
4.15,4.62
3.97,4.62
3.93,4.62
3.92,4.62
3.85,4.62
3.8,4.62
3.74,4.62
3.69,4.62
3.73,4.62
3.69,4.62
3.67,4.62
3.66,4.62
3.75,4.62
3.79,4.62
3.84,4.62
3.92,4.62
3.77,4.62
3.61,4.62
4.46,4.5299997
4.38,4.5299997
4.3,4.5299997
4.37,4.5299997
4.3,4.5299997
4.15,4.5299997
3.97,4.5299997
3.93,4.5299997
3.92,4.5299997
3.85,4.5299997
3.8,4.5299997
3.74,4.5299997
3.69,4.5299997
3.73,4.5299997
3.69,4.5299997
3.67,4.5299997
3.66,4.5299997
3.75,4.5299997
3.79,4.5299997
3.84,4.5299997
3.92,4.5299997
3.77,4.5299997
3.61,4.5299997
3.39,4.5299997
4.38,4.46
4.3,4.46
4.37,4.46
4.3,4.46
4.15,4.46
3.97,4.46
3.93,4.46
3.92,4.46
3.85,4.46
3.8,4.46
3.74,4.46
3.69,4.46
3.73,4.46
3.69,4.46
3.67,4.46
3.66,4.46
3.75,4.46
3.79,4.46
3.84,4.46
3.92,4.46
3.77,4.46
3.61,4.46
3.39,4.46
3.32,4.46
4.3,4.38
4.37,4.38
4.3,4.38
4.15,4.38
3.97,4.38
3.93,4.38
3.92,4.38
3.85,4.38
3.8,4.38
3.74,4.38
3.69,4.38
3.73,4.38
3.69,4.38
3.67,4.38
3.66,4.38
3.75,4.38
3.79,4.38
3.84,4.38
3.92,4.38
3.77,4.38
3.61,4.38
3.39,4.38
3.32,4.38
3.33,4.38
4.37,4.3
4.3,4.3
4.15,4.3
3.97,4.3
3.93,4.3
3.92,4.3
3.85,4.3
3.8,4.3
3.74,4.3
3.69,4.3
3.73,4.3
3.69,4.3
3.67,4.3
3.66,4.3
3.75,4.3
3.79,4.3
3.84,4.3
3.92,4.3
3.77,4.3
3.61,4.3
3.39,4.3
3.32,4.3
3.33,4.3
3.3,4.3
4.3,4.37
4.15,4.37
3.97,4.37
3.93,4.37
3.92,4.37
3.85,4.37
3.8,4.37
3.74,4.37
3.69,4.37
3.73,4.37
3.69,4.37
3.67,4.37
3.66,4.37
3.75,4.37
3.79,4.37
3.84,4.37
3.92,4.37
3.77,4.37
3.61,4.37
3.39,4.37
3.32,4.37
3.33,4.37
3.3,4.37
3.13,4.37
4.15,4.3
3.97,4.3
3.93,4.3
3.92,4.3
3.85,4.3
3.8,4.3
3.74,4.3
3.69,4.3
3.73,4.3
3.69,4.3
3.67,4.3
3.66,4.3
3.75,4.3
3.79,4.3
3.84,4.3
3.92,4.3
3.77,4.3
3.61,4.3
3.39,4.3
3.32,4.3
3.33,4.3
3.3,4.3
3.13,4.3
3.0,4.3
3.97,4.1500006
3.93,4.1500006
3.92,4.1500006
3.85,4.1500006
3.8,4.1500006
3.74,4.1500006
3.69,4.1500006
3.73,4.1500006
3.69,4.1500006
3.67,4.1500006
3.66,4.1500006
3.75,4.1500006
3.79,4.1500006
3.84,4.1500006
3.92,4.1500006
3.77,4.1500006
3.61,4.1500006
3.39,4.1500006
3.32,4.1500006
3.33,4.1500006
3.3,4.1500006
3.13,4.1500006
3.0,4.1500006
2.97,4.1500006
3.93,3.9700003
3.92,3.9700003
3.85,3.9700003
3.8,3.9700003
3.74,3.9700003
3.69,3.9700003
3.73,3.9700003
3.69,3.9700003
3.67,3.9700003
3.66,3.9700003
3.75,3.9700003
3.79,3.9700003
3.84,3.9700003
3.92,3.9700003
3.77,3.9700003
3.61,3.9700003
3.39,3.9700003
3.32,3.9700003
3.33,3.9700003
3.3,3.9700003
3.13,3.9700003
3.0,3.9700003
2.97,3.9700003
3.08,3.9700003
3.92,3.9300003
3.85,3.9300003
3.8,3.9300003
3.74,3.9300003
3.69,3.9300003
3.73,3.9300003
3.69,3.9300003
3.67,3.9300003
3.66,3.9300003
3.75,3.9300003
3.79,3.9300003
3.84,3.9300003
3.92,3.9300003
3.77,3.9300003
3.61,3.9300003
3.39,3.9300003
3.32,3.9300003
3.33,3.9300003
3.3,3.9300003
3.13,3.9300003
3.0,3.9300003
2.97,3.9300003
3.08,3.9300003
3.12,3.9300003
3.85,3.92
3.8,3.92
3.74,3.92
3.69,3.92
3.73,3.92
3.69,3.92
3.67,3.92
3.66,3.92
3.75,3.92
3.79,3.92
3.84,3.92
3.92,3.92
3.77,3.92
3.61,3.92
3.39,3.92
3.32,3.92
3.33,3.92
3.3,3.92
3.13,3.92
3.0,3.92
2.97,3.92
3.08,3.92
3.12,3.92
3.08,3.92
3.8,3.8499994
3.74,3.8499994
3.69,3.8499994
3.73,3.8499994
3.69,3.8499994
3.67,3.8499994
3.66,3.8499994
3.75,3.8499994
3.79,3.8499994
3.84,3.8499994
3.92,3.8499994
3.77,3.8499994
3.61,3.8499994
3.39,3.8499994
3.32,3.8499994
3.33,3.8499994
3.3,3.8499994
3.13,3.8499994
3.0,3.8499994
2.97,3.8499994
3.08,3.8499994
3.12,3.8499994
3.08,3.8499994
3.0,3.8499994
3.74,3.8000002
3.69,3.8000002
3.73,3.8000002
3.69,3.8000002
3.67,3.8000002
3.66,3.8000002
3.75,3.8000002
3.79,3.8000002
3.84,3.8000002
3.92,3.8000002
3.77,3.8000002
3.61,3.8000002
3.39,3.8000002
3.32,3.8000002
3.33,3.8000002
3.3,3.8000002
3.13,3.8000002
3.0,3.8000002
2.97,3.8000002
3.08,3.8000002
3.12,3.8000002
3.08,3.8000002
3.0,3.8000002
2.99,3.8000002
3.69,3.7399998
3.73,3.7399998
3.69,3.7399998
3.67,3.7399998
3.66,3.7399998
3.75,3.7399998
3.79,3.7399998
3.84,3.7399998
3.92,3.7399998
3.77,3.7399998
3.61,3.7399998
3.39,3.7399998
3.32,3.7399998
3.33,3.7399998
3.3,3.7399998
3.13,3.7399998
3.0,3.7399998
2.97,3.7399998
3.08,3.7399998
3.12,3.7399998
3.08,3.7399998
3.0,3.7399998
2.99,3.7399998
2.97,3.7399998
3.73,3.6899996
3.69,3.6899996
3.67,3.6899996
3.66,3.6899996
3.75,3.6899996
3.79,3.6899996
3.84,3.6899996
3.92,3.6899996
3.77,3.6899996
3.61,3.6899996
3.39,3.6899996
3.32,3.6899996
3.33,3.6899996
3.3,3.6899996
3.13,3.6899996
3.0,3.6899996
2.97,3.6899996
3.08,3.6899996
3.12,3.6899996
3.08,3.6899996
3.0,3.6899996
2.99,3.6899996
2.97,3.6899996
3.08,3.6899996
3.69,3.7300005
3.67,3.7300005
3.66,3.7300005
3.75,3.7300005
3.79,3.7300005
3.84,3.7300005
3.92,3.7300005
3.77,3.7300005
3.61,3.7300005
3.39,3.7300005
3.32,3.7300005
3.33,3.7300005
3.3,3.7300005
3.13,3.7300005
3.0,3.7300005
2.97,3.7300005
3.08,3.7300005
3.12,3.7300005
3.08,3.7300005
3.0,3.7300005
2.99,3.7300005
2.97,3.7300005
3.08,3.7300005
3.17,3.7300005
3.67,3.6899996
3.66,3.6899996
3.75,3.6899996
3.79,3.6899996
3.84,3.6899996
3.92,3.6899996
3.77,3.6899996
3.61,3.6899996
3.39,3.6899996
3.32,3.6899996
3.33,3.6899996
3.3,3.6899996
3.13,3.6899996
3.0,3.6899996
2.97,3.6899996
3.08,3.6899996
3.12,3.6899996
3.08,3.6899996
3.0,3.6899996
2.99,3.6899996
2.97,3.6899996
3.08,3.6899996
3.17,3.6899996
3.24,3.6899996
3.66,3.67
3.75,3.67
3.79,3.67
3.84,3.67
3.92,3.67
3.77,3.67
3.61,3.67
3.39,3.67
3.32,3.67
3.33,3.67
3.3,3.67
3.13,3.67
3.0,3.67
2.97,3.67
3.08,3.67
3.12,3.67
3.08,3.67
3.0,3.67
2.99,3.67
2.97,3.67
3.08,3.67
3.17,3.67
3.24,3.67
3.24,3.67
3.75,3.6599998
3.79,3.6599998
3.84,3.6599998
3.92,3.6599998
3.77,3.6599998
3.61,3.6599998
3.39,3.6599998
3.32,3.6599998
3.33,3.6599998
3.3,3.6599998
3.13,3.6599998
3.0,3.6599998
2.97,3.6599998
3.08,3.6599998
3.12,3.6599998
3.08,3.6599998
3.0,3.6599998
2.99,3.6599998
2.97,3.6599998
3.08,3.6599998
3.17,3.6599998
3.24,3.6599998
3.24,3.6599998
3.05,3.6599998
3.79,3.75
3.84,3.75
3.92,3.75
3.77,3.75
3.61,3.75
3.39,3.75
3.32,3.75
3.33,3.75
3.3,3.75
3.13,3.75
3.0,3.75
2.97,3.75
3.08,3.75
3.12,3.75
3.08,3.75
3.0,3.75
2.99,3.75
2.97,3.75
3.08,3.75
3.17,3.75
3.24,3.75
3.24,3.75
3.05,3.75
3.01,3.75
3.84,3.79
3.92,3.79
3.77,3.79
3.61,3.79
3.39,3.79
3.32,3.79
3.33,3.79
3.3,3.79
3.13,3.79
3.0,3.79
2.97,3.79
3.08,3.79
3.12,3.79
3.08,3.79
3.0,3.79
2.99,3.79
2.97,3.79
3.08,3.79
3.17,3.79
3.24,3.79
3.24,3.79
3.05,3.79
3.01,3.79
3.01,3.79
3.92,3.8400002
3.77,3.8400002
3.61,3.8400002
3.39,3.8400002
3.32,3.8400002
3.33,3.8400002
3.3,3.8400002
3.13,3.8400002
3.0,3.8400002
2.97,3.8400002
3.08,3.8400002
3.12,3.8400002
3.08,3.8400002
3.0,3.8400002
2.99,3.8400002
2.97,3.8400002
3.08,3.8400002
3.17,3.8400002
3.24,3.8400002
3.24,3.8400002
3.05,3.8400002
3.01,3.8400002
3.01,3.8400002
3.03,3.8400002
3.77,3.92
3.61,3.92
3.39,3.92
3.32,3.92
3.33,3.92
3.3,3.92
3.13,3.92
3.0,3.92
2.97,3.92
3.08,3.92
3.12,3.92
3.08,3.92
3.0,3.92
2.99,3.92
2.97,3.92
3.08,3.92
3.17,3.92
3.24,3.92
3.24,3.92
3.05,3.92
3.01,3.92
3.01,3.92
3.03,3.92
3.03,3.92
3.61,3.7699995
3.39,3.7699995
3.32,3.7699995
3.33,3.7699995
3.3,3.7699995
3.13,3.7699995
3.0,3.7699995
2.97,3.7699995
3.08,3.7699995
3.12,3.7699995
3.08,3.7699995
3.0,3.7699995
2.99,3.7699995
2.97,3.7699995
3.08,3.7699995
3.17,3.7699995
3.24,3.7699995
3.24,3.7699995
3.05,3.7699995
3.01,3.7699995
3.01,3.7699995
3.03,3.7699995
3.03,3.7699995
3.1,3.7699995
3.39,3.6099997
3.32,3.6099997
3.33,3.6099997
3.3,3.6099997
3.13,3.6099997
3.0,3.6099997
2.97,3.6099997
3.08,3.6099997
3.12,3.6099997
3.08,3.6099997
3.0,3.6099997
2.99,3.6099997
2.97,3.6099997
3.08,3.6099997
3.17,3.6099997
3.24,3.6099997
3.24,3.6099997
3.05,3.6099997
3.01,3.6099997
3.01,3.6099997
3.03,3.6099997
3.03,3.6099997
3.1,3.6099997
2.94,3.6099997
3.32,3.3900003
3.33,3.3900003
3.3,3.3900003
3.13,3.3900003
3.0,3.3900003
2.97,3.3900003
3.08,3.3900003
3.12,3.3900003
3.08,3.3900003
3.0,3.3900003
2.99,3.3900003
2.97,3.3900003
3.08,3.3900003
3.17,3.3900003
3.24,3.3900003
3.24,3.3900003
3.05,3.3900003
3.01,3.3900003
3.01,3.3900003
3.03,3.3900003
3.03,3.3900003
3.1,3.3900003
2.94,3.3900003
2.79,3.3900003
3.33,3.3199997
3.3,3.3199997
3.13,3.3199997
3.0,3.3199997
2.97,3.3199997
3.08,3.3199997
3.12,3.3199997
3.08,3.3199997
3.0,3.3199997
2.99,3.3199997
2.97,3.3199997
3.08,3.3199997
3.17,3.3199997
3.24,3.3199997
3.24,3.3199997
3.05,3.3199997
3.01,3.3199997
3.01,3.3199997
3.03,3.3199997
3.03,3.3199997
3.1,3.3199997
2.94,3.3199997
2.79,3.3199997
2.69,3.3199997
3.3,3.33
3.13,3.33
3.0,3.33
2.97,3.33
3.08,3.33
3.12,3.33
3.08,3.33
3.0,3.33
2.99,3.33
2.97,3.33
3.08,3.33
3.17,3.33
3.24,3.33
3.24,3.33
3.05,3.33
3.01,3.33
3.01,3.33
3.03,3.33
3.03,3.33
3.1,3.33
2.94,3.33
2.79,3.33
2.69,3.33
2.71,3.33
3.13,3.3000002
3.0,3.3000002
2.97,3.3000002
3.08,3.3000002
3.12,3.3000002
3.08,3.3000002
3.0,3.3000002
2.99,3.3000002
2.97,3.3000002
3.08,3.3000002
3.17,3.3000002
3.24,3.3000002
3.24,3.3000002
3.05,3.3000002
3.01,3.3000002
3.01,3.3000002
3.03,3.3000002
3.03,3.3000002
3.1,3.3000002
2.94,3.3000002
2.79,3.3000002
2.69,3.3000002
2.71,3.3000002
2.67,3.3000002
3.0,3.13
2.97,3.13
3.08,3.13
3.12,3.13
3.08,3.13
3.0,3.13
2.99,3.13
2.97,3.13
3.08,3.13
3.17,3.13
3.24,3.13
3.24,3.13
3.05,3.13
3.01,3.13
3.01,3.13
3.03,3.13
3.03,3.13
3.1,3.13
2.94,3.13
2.79,3.13
2.69,3.13
2.71,3.13
2.67,3.13
2.59,3.13
2.97,3.0
3.08,3.0
3.12,3.0
3.08,3.0
3.0,3.0
2.99,3.0
2.97,3.0
3.08,3.0
3.17,3.0
3.24,3.0
3.24,3.0
3.05,3.0
3.01,3.0
3.01,3.0
3.03,3.0
3.03,3.0
3.1,3.0
2.94,3.0
2.79,3.0
2.69,3.0
2.71,3.0
2.67,3.0
2.59,3.0
2.51,3.0
3.08,2.9700003
3.12,2.9700003
3.08,2.9700003
3.0,2.9700003
2.99,2.9700003
2.97,2.9700003
3.08,2.9700003
3.17,2.9700003
3.24,2.9700003
3.24,2.9700003
3.05,2.9700003
3.01,2.9700003
3.01,2.9700003
3.03,2.9700003
3.03,2.9700003
3.1,2.9700003
2.94,2.9700003
2.79,2.9700003
2.69,2.9700003
2.71,2.9700003
2.67,2.9700003
2.59,2.9700003
2.51,2.9700003
2.54,2.9700003
3.12,3.08
3.08,3.08
3.0,3.08
2.99,3.08
2.97,3.08
3.08,3.08
3.17,3.08
3.24,3.08
3.24,3.08
3.05,3.08
3.01,3.08
3.01,3.08
3.03,3.08
3.03,3.08
3.1,3.08
2.94,3.08
2.79,3.08
2.69,3.08
2.71,3.08
2.67,3.08
2.59,3.08
2.51,3.08
2.54,3.08
2.4,3.08
3.08,3.12
3.0,3.12
2.99,3.12
2.97,3.12
3.08,3.12
3.17,3.12
3.24,3.12
3.24,3.12
3.05,3.12
3.01,3.12
3.01,3.12
3.03,3.12
3.03,3.12
3.1,3.12
2.94,3.12
2.79,3.12
2.69,3.12
2.71,3.12
2.67,3.12
2.59,3.12
2.51,3.12
2.54,3.12
2.4,3.12
2.1,3.12
3.0,3.08
2.99,3.08
2.97,3.08
3.08,3.08
3.17,3.08
3.24,3.08
3.24,3.08
3.05,3.08
3.01,3.08
3.01,3.08
3.03,3.08
3.03,3.08
3.1,3.08
2.94,3.08
2.79,3.08
2.69,3.08
2.71,3.08
2.67,3.08
2.59,3.08
2.51,3.08
2.54,3.08
2.4,3.08
2.1,3.08
1.92,3.08
2.99,3.0
2.97,3.0
3.08,3.0
3.17,3.0
3.24,3.0
3.24,3.0
3.05,3.0
3.01,3.0
3.01,3.0
3.03,3.0
3.03,3.0
3.1,3.0
2.94,3.0
2.79,3.0
2.69,3.0
2.71,3.0
2.67,3.0
2.59,3.0
2.51,3.0
2.54,3.0
2.4,3.0
2.1,3.0
1.92,3.0
1.78,3.0
2.97,2.9899998
3.08,2.9899998
3.17,2.9899998
3.24,2.9899998
3.24,2.9899998
3.05,2.9899998
3.01,2.9899998
3.01,2.9899998
3.03,2.9899998
3.03,2.9899998
3.1,2.9899998
2.94,2.9899998
2.79,2.9899998
2.69,2.9899998
2.71,2.9899998
2.67,2.9899998
2.59,2.9899998
2.51,2.9899998
2.54,2.9899998
2.4,2.9899998
2.1,2.9899998
1.92,2.9899998
1.78,2.9899998
1.74,2.9899998
3.08,2.9700003
3.17,2.9700003
3.24,2.9700003
3.24,2.9700003
3.05,2.9700003
3.01,2.9700003
3.01,2.9700003
3.03,2.9700003
3.03,2.9700003
3.1,2.9700003
2.94,2.9700003
2.79,2.9700003
2.69,2.9700003
2.71,2.9700003
2.67,2.9700003
2.59,2.9700003
2.51,2.9700003
2.54,2.9700003
2.4,2.9700003
2.1,2.9700003
1.92,2.9700003
1.78,2.9700003
1.74,2.9700003
1.75,2.9700003
3.17,3.08
3.24,3.08
3.24,3.08
3.05,3.08
3.01,3.08
3.01,3.08
3.03,3.08
3.03,3.08
3.1,3.08
2.94,3.08
2.79,3.08
2.69,3.08
2.71,3.08
2.67,3.08
2.59,3.08
2.51,3.08
2.54,3.08
2.4,3.08
2.1,3.08
1.92,3.08
1.78,3.08
1.74,3.08
1.75,3.08
1.8,3.08
3.24,3.17
3.24,3.17
3.05,3.17
3.01,3.17
3.01,3.17
3.03,3.17
3.03,3.17
3.1,3.17
2.94,3.17
2.79,3.17
2.69,3.17
2.71,3.17
2.67,3.17
2.59,3.17
2.51,3.17
2.54,3.17
2.4,3.17
2.1,3.17
1.92,3.17
1.78,3.17
1.74,3.17
1.75,3.17
1.8,3.17
1.76,3.17
3.24,3.2399998
3.05,3.2399998
3.01,3.2399998
3.01,3.2399998
3.03,3.2399998
3.03,3.2399998
3.1,3.2399998
2.94,3.2399998
2.79,3.2399998
2.69,3.2399998
2.71,3.2399998
2.67,3.2399998
2.59,3.2399998
2.51,3.2399998
2.54,3.2399998
2.4,3.2399998
2.1,3.2399998
1.92,3.2399998
1.78,3.2399998
1.74,3.2399998
1.75,3.2399998
1.8,3.2399998
1.76,3.2399998
1.72,3.2399998
3.05,3.2399998
3.01,3.2399998
3.01,3.2399998
3.03,3.2399998
3.03,3.2399998
3.1,3.2399998
2.94,3.2399998
2.79,3.2399998
2.69,3.2399998
2.71,3.2399998
2.67,3.2399998
2.59,3.2399998
2.51,3.2399998
2.54,3.2399998
2.4,3.2399998
2.1,3.2399998
1.92,3.2399998
1.78,3.2399998
1.74,3.2399998
1.75,3.2399998
1.8,3.2399998
1.76,3.2399998
1.72,3.2399998
1.62,3.2399998
3.01,3.0500002
3.01,3.0500002
3.03,3.0500002
3.03,3.0500002
3.1,3.0500002
2.94,3.0500002
2.79,3.0500002
2.69,3.0500002
2.71,3.0500002
2.67,3.0500002
2.59,3.0500002
2.51,3.0500002
2.54,3.0500002
2.4,3.0500002
2.1,3.0500002
1.92,3.0500002
1.78,3.0500002
1.74,3.0500002
1.75,3.0500002
1.8,3.0500002
1.76,3.0500002
1.72,3.0500002
1.62,3.0500002
1.63,3.0500002
3.01,3.0100002
3.03,3.0100002
3.03,3.0100002
3.1,3.0100002
2.94,3.0100002
2.79,3.0100002
2.69,3.0100002
2.71,3.0100002
2.67,3.0100002
2.59,3.0100002
2.51,3.0100002
2.54,3.0100002
2.4,3.0100002
2.1,3.0100002
1.92,3.0100002
1.78,3.0100002
1.74,3.0100002
1.75,3.0100002
1.8,3.0100002
1.76,3.0100002
1.72,3.0100002
1.62,3.0100002
1.63,3.0100002
1.67,3.0100002
3.03,3.0100002
3.03,3.0100002
3.1,3.0100002
2.94,3.0100002
2.79,3.0100002
2.69,3.0100002
2.71,3.0100002
2.67,3.0100002
2.59,3.0100002
2.51,3.0100002
2.54,3.0100002
2.4,3.0100002
2.1,3.0100002
1.92,3.0100002
1.78,3.0100002
1.74,3.0100002
1.75,3.0100002
1.8,3.0100002
1.76,3.0100002
1.72,3.0100002
1.62,3.0100002
1.63,3.0100002
1.67,3.0100002
1.67,3.0100002
3.03,3.0299997
3.1,3.0299997
2.94,3.0299997
2.79,3.0299997
2.69,3.0299997
2.71,3.0299997
2.67,3.0299997
2.59,3.0299997
2.51,3.0299997
2.54,3.0299997
2.4,3.0299997
2.1,3.0299997
1.92,3.0299997
1.78,3.0299997
1.74,3.0299997
1.75,3.0299997
1.8,3.0299997
1.76,3.0299997
1.72,3.0299997
1.62,3.0299997
1.63,3.0299997
1.67,3.0299997
1.67,3.0299997
1.7,3.0299997
3.1,3.0299997
2.94,3.0299997
2.79,3.0299997
2.69,3.0299997
2.71,3.0299997
2.67,3.0299997
2.59,3.0299997
2.51,3.0299997
2.54,3.0299997
2.4,3.0299997
2.1,3.0299997
1.92,3.0299997
1.78,3.0299997
1.74,3.0299997
1.75,3.0299997
1.8,3.0299997
1.76,3.0299997
1.72,3.0299997
1.62,3.0299997
1.63,3.0299997
1.67,3.0299997
1.67,3.0299997
1.7,3.0299997
1.64,3.0299997
2.94,3.0999994
2.79,3.0999994
2.69,3.0999994
2.71,3.0999994
2.67,3.0999994
2.59,3.0999994
2.51,3.0999994
2.54,3.0999994
2.4,3.0999994
2.1,3.0999994
1.92,3.0999994
1.78,3.0999994
1.74,3.0999994
1.75,3.0999994
1.8,3.0999994
1.76,3.0999994
1.72,3.0999994
1.62,3.0999994
1.63,3.0999994
1.67,3.0999994
1.67,3.0999994
1.7,3.0999994
1.64,3.0999994
1.61,3.0999994
2.79,2.9399996
2.69,2.9399996
2.71,2.9399996
2.67,2.9399996
2.59,2.9399996
2.51,2.9399996
2.54,2.9399996
2.4,2.9399996
2.1,2.9399996
1.92,2.9399996
1.78,2.9399996
1.74,2.9399996
1.75,2.9399996
1.8,2.9399996
1.76,2.9399996
1.72,2.9399996
1.62,2.9399996
1.63,2.9399996
1.67,2.9399996
1.67,2.9399996
1.7,2.9399996
1.64,2.9399996
1.61,2.9399996
1.77,2.9399996
2.69,2.79
2.71,2.79
2.67,2.79
2.59,2.79
2.51,2.79
2.54,2.79
2.4,2.79
2.1,2.79
1.92,2.79
1.78,2.79
1.74,2.79
1.75,2.79
1.8,2.79
1.76,2.79
1.72,2.79
1.62,2.79
1.63,2.79
1.67,2.79
1.67,2.79
1.7,2.79
1.64,2.79
1.61,2.79
1.77,2.79
1.91,2.79
2.71,2.6899996
2.67,2.6899996
2.59,2.6899996
2.51,2.6899996
2.54,2.6899996
2.4,2.6899996
2.1,2.6899996
1.92,2.6899996
1.78,2.6899996
1.74,2.6899996
1.75,2.6899996
1.8,2.6899996
1.76,2.6899996
1.72,2.6899996
1.62,2.6899996
1.63,2.6899996
1.67,2.6899996
1.67,2.6899996
1.7,2.6899996
1.64,2.6899996
1.61,2.6899996
1.77,2.6899996
1.91,2.6899996
1.87,2.6899996
2.67,2.71
2.59,2.71
2.51,2.71
2.54,2.71
2.4,2.71
2.1,2.71
1.92,2.71
1.78,2.71
1.74,2.71
1.75,2.71
1.8,2.71
1.76,2.71
1.72,2.71
1.62,2.71
1.63,2.71
1.67,2.71
1.67,2.71
1.7,2.71
1.64,2.71
1.61,2.71
1.77,2.71
1.91,2.71
1.87,2.71
1.97,2.71
2.59,2.67
2.51,2.67
2.54,2.67
2.4,2.67
2.1,2.67
1.92,2.67
1.78,2.67
1.74,2.67
1.75,2.67
1.8,2.67
1.76,2.67
1.72,2.67
1.62,2.67
1.63,2.67
1.67,2.67
1.67,2.67
1.7,2.67
1.64,2.67
1.61,2.67
1.77,2.67
1.91,2.67
1.87,2.67
1.97,2.67
2.06,2.67
2.51,2.5900002
2.54,2.5900002
2.4,2.5900002
2.1,2.5900002
1.92,2.5900002
1.78,2.5900002
1.74,2.5900002
1.75,2.5900002
1.8,2.5900002
1.76,2.5900002
1.72,2.5900002
1.62,2.5900002
1.63,2.5900002
1.67,2.5900002
1.67,2.5900002
1.7,2.5900002
1.64,2.5900002
1.61,2.5900002
1.77,2.5900002
1.91,2.5900002
1.87,2.5900002
1.97,2.5900002
2.06,2.5900002
2.04,2.5900002
2.54,2.5100002
2.4,2.5100002
2.1,2.5100002
1.92,2.5100002
1.78,2.5100002
1.74,2.5100002
1.75,2.5100002
1.8,2.5100002
1.76,2.5100002
1.72,2.5100002
1.62,2.5100002
1.63,2.5100002
1.67,2.5100002
1.67,2.5100002
1.7,2.5100002
1.64,2.5100002
1.61,2.5100002
1.77,2.5100002
1.91,2.5100002
1.87,2.5100002
1.97,2.5100002
2.06,2.5100002
2.04,2.5100002
2.02,2.5100002
2.4,2.54
2.1,2.54
1.92,2.54
1.78,2.54
1.74,2.54
1.75,2.54
1.8,2.54
1.76,2.54
1.72,2.54
1.62,2.54
1.63,2.54
1.67,2.54
1.67,2.54
1.7,2.54
1.64,2.54
1.61,2.54
1.77,2.54
1.91,2.54
1.87,2.54
1.97,2.54
2.06,2.54
2.04,2.54
2.02,2.54
2.14,2.54
2.1,2.4000006
1.92,2.4000006
1.78,2.4000006
1.74,2.4000006
1.75,2.4000006
1.8,2.4000006
1.76,2.4000006
1.72,2.4000006
1.62,2.4000006
1.63,2.4000006
1.67,2.4000006
1.67,2.4000006
1.7,2.4000006
1.64,2.4000006
1.61,2.4000006
1.77,2.4000006
1.91,2.4000006
1.87,2.4000006
1.97,2.4000006
2.06,2.4000006
2.04,2.4000006
2.02,2.4000006
2.14,2.4000006
2.16,2.4000006
1.92,2.0999994
1.78,2.0999994
1.74,2.0999994
1.75,2.0999994
1.8,2.0999994
1.76,2.0999994
1.72,2.0999994
1.62,2.0999994
1.63,2.0999994
1.67,2.0999994
1.67,2.0999994
1.7,2.0999994
1.64,2.0999994
1.61,2.0999994
1.77,2.0999994
1.91,2.0999994
1.87,2.0999994
1.97,2.0999994
2.06,2.0999994
2.04,2.0999994
2.02,2.0999994
2.14,2.0999994
2.16,2.0999994
2.13,2.0999994
1.78,1.9200001
1.74,1.9200001
1.75,1.9200001
1.8,1.9200001
1.76,1.9200001
1.72,1.9200001
1.62,1.9200001
1.63,1.9200001
1.67,1.9200001
1.67,1.9200001
1.7,1.9200001
1.64,1.9200001
1.61,1.9200001
1.77,1.9200001
1.91,1.9200001
1.87,1.9200001
1.97,1.9200001
2.06,1.9200001
2.04,1.9200001
2.02,1.9200001
2.14,1.9200001
2.16,1.9200001
2.13,1.9200001
2.03,1.9200001
1.74,1.7799997
1.75,1.7799997
1.8,1.7799997
1.76,1.7799997
1.72,1.7799997
1.62,1.7799997
1.63,1.7799997
1.67,1.7799997
1.67,1.7799997
1.7,1.7799997
1.64,1.7799997
1.61,1.7799997
1.77,1.7799997
1.91,1.7799997
1.87,1.7799997
1.97,1.7799997
2.06,1.7799997
2.04,1.7799997
2.02,1.7799997
2.14,1.7799997
2.16,1.7799997
2.13,1.7799997
2.03,1.7799997
2.0,1.7799997
1.75,1.7399998
1.8,1.7399998
1.76,1.7399998
1.72,1.7399998
1.62,1.7399998
1.63,1.7399998
1.67,1.7399998
1.67,1.7399998
1.7,1.7399998
1.64,1.7399998
1.61,1.7399998
1.77,1.7399998
1.91,1.7399998
1.87,1.7399998
1.97,1.7399998
2.06,1.7399998
2.04,1.7399998
2.02,1.7399998
2.14,1.7399998
2.16,1.7399998
2.13,1.7399998
2.03,1.7399998
2.0,1.7399998
1.89,1.7399998
1.8,1.75
1.76,1.75
1.72,1.75
1.62,1.75
1.63,1.75
1.67,1.75
1.67,1.75
1.7,1.75
1.64,1.75
1.61,1.75
1.77,1.75
1.91,1.75
1.87,1.75
1.97,1.75
2.06,1.75
2.04,1.75
2.02,1.75
2.14,1.75
2.16,1.75
2.13,1.75
2.03,1.75
2.0,1.75
1.89,1.75
1.72,1.75
1.76,1.8000002
1.72,1.8000002
1.62,1.8000002
1.63,1.8000002
1.67,1.8000002
1.67,1.8000002
1.7,1.8000002
1.64,1.8000002
1.61,1.8000002
1.77,1.8000002
1.91,1.8000002
1.87,1.8000002
1.97,1.8000002
2.06,1.8000002
2.04,1.8000002
2.02,1.8000002
2.14,1.8000002
2.16,1.8000002
2.13,1.8000002
2.03,1.8000002
2.0,1.8000002
1.89,1.8000002
1.72,1.8000002
1.5,1.8000002
1.72,1.7600002
1.62,1.7600002
1.63,1.7600002
1.67,1.7600002
1.67,1.7600002
1.7,1.7600002
1.64,1.7600002
1.61,1.7600002
1.77,1.7600002
1.91,1.7600002
1.87,1.7600002
1.97,1.7600002
2.06,1.7600002
2.04,1.7600002
2.02,1.7600002
2.14,1.7600002
2.16,1.7600002
2.13,1.7600002
2.03,1.7600002
2.0,1.7600002
1.89,1.7600002
1.72,1.7600002
1.5,1.7600002
1.45,1.7600002
1.62,1.7200003
1.63,1.7200003
1.67,1.7200003
1.67,1.7200003
1.7,1.7200003
1.64,1.7200003
1.61,1.7200003
1.77,1.7200003
1.91,1.7200003
1.87,1.7200003
1.97,1.7200003
2.06,1.7200003
2.04,1.7200003
2.02,1.7200003
2.14,1.7200003
2.16,1.7200003
2.13,1.7200003
2.03,1.7200003
2.0,1.7200003
1.89,1.7200003
1.72,1.7200003
1.5,1.7200003
1.45,1.7200003
1.39,1.7200003
1.63,1.6199999
1.67,1.6199999
1.67,1.6199999
1.7,1.6199999
1.64,1.6199999
1.61,1.6199999
1.77,1.6199999
1.91,1.6199999
1.87,1.6199999
1.97,1.6199999
2.06,1.6199999
2.04,1.6199999
2.02,1.6199999
2.14,1.6199999
2.16,1.6199999
2.13,1.6199999
2.03,1.6199999
2.0,1.6199999
1.89,1.6199999
1.72,1.6199999
1.5,1.6199999
1.45,1.6199999
1.39,1.6199999
1.27,1.6199999
1.67,1.6300001
1.67,1.6300001
1.7,1.6300001
1.64,1.6300001
1.61,1.6300001
1.77,1.6300001
1.91,1.6300001
1.87,1.6300001
1.97,1.6300001
2.06,1.6300001
2.04,1.6300001
2.02,1.6300001
2.14,1.6300001
2.16,1.6300001
2.13,1.6300001
2.03,1.6300001
2.0,1.6300001
1.89,1.6300001
1.72,1.6300001
1.5,1.6300001
1.45,1.6300001
1.39,1.6300001
1.27,1.6300001
1.23,1.6300001
1.67,1.6700001
1.7,1.6700001
1.64,1.6700001
1.61,1.6700001
1.77,1.6700001
1.91,1.6700001
1.87,1.6700001
1.97,1.6700001
2.06,1.6700001
2.04,1.6700001
2.02,1.6700001
2.14,1.6700001
2.16,1.6700001
2.13,1.6700001
2.03,1.6700001
2.0,1.6700001
1.89,1.6700001
1.72,1.6700001
1.5,1.6700001
1.45,1.6700001
1.39,1.6700001
1.27,1.6700001
1.23,1.6700001
1.13,1.6700001
1.7,1.6700001
1.64,1.6700001
1.61,1.6700001
1.77,1.6700001
1.91,1.6700001
1.87,1.6700001
1.97,1.6700001
2.06,1.6700001
2.04,1.6700001
2.02,1.6700001
2.14,1.6700001
2.16,1.6700001
2.13,1.6700001
2.03,1.6700001
2.0,1.6700001
1.89,1.6700001
1.72,1.6700001
1.5,1.6700001
1.45,1.6700001
1.39,1.6700001
1.27,1.6700001
1.23,1.6700001
1.13,1.6700001
1.1,1.6700001
1.64,1.6999998
1.61,1.6999998
1.77,1.6999998
1.91,1.6999998
1.87,1.6999998
1.97,1.6999998
2.06,1.6999998
2.04,1.6999998
2.02,1.6999998
2.14,1.6999998
2.16,1.6999998
2.13,1.6999998
2.03,1.6999998
2.0,1.6999998
1.89,1.6999998
1.72,1.6999998
1.5,1.6999998
1.45,1.6999998
1.39,1.6999998
1.27,1.6999998
1.23,1.6999998
1.13,1.6999998
1.1,1.6999998
1.13,1.6999998
1.61,1.6400003
1.77,1.6400003
1.91,1.6400003
1.87,1.6400003
1.97,1.6400003
2.06,1.6400003
2.04,1.6400003
2.02,1.6400003
2.14,1.6400003
2.16,1.6400003
2.13,1.6400003
2.03,1.6400003
2.0,1.6400003
1.89,1.6400003
1.72,1.6400003
1.5,1.6400003
1.45,1.6400003
1.39,1.6400003
1.27,1.6400003
1.23,1.6400003
1.13,1.6400003
1.1,1.6400003
1.13,1.6400003
0.99,1.6400003
1.77,1.6099997
1.91,1.6099997
1.87,1.6099997
1.97,1.6099997
2.06,1.6099997
2.04,1.6099997
2.02,1.6099997
2.14,1.6099997
2.16,1.6099997
2.13,1.6099997
2.03,1.6099997
2.0,1.6099997
1.89,1.6099997
1.72,1.6099997
1.5,1.6099997
1.45,1.6099997
1.39,1.6099997
1.27,1.6099997
1.23,1.6099997
1.13,1.6099997
1.1,1.6099997
1.13,1.6099997
0.99,1.6099997
0.93,1.6099997
1.91,1.7699995
1.87,1.7699995
1.97,1.7699995
2.06,1.7699995
2.04,1.7699995
2.02,1.7699995
2.14,1.7699995
2.16,1.7699995
2.13,1.7699995
2.03,1.7699995
2.0,1.7699995
1.89,1.7699995
1.72,1.7699995
1.5,1.7699995
1.45,1.7699995
1.39,1.7699995
1.27,1.7699995
1.23,1.7699995
1.13,1.7699995
1.1,1.7699995
1.13,1.7699995
0.99,1.7699995
0.93,1.7699995
0.85,1.7699995
1.87,1.9099998
1.97,1.9099998
2.06,1.9099998
2.04,1.9099998
2.02,1.9099998
2.14,1.9099998
2.16,1.9099998
2.13,1.9099998
2.03,1.9099998
2.0,1.9099998
1.89,1.9099998
1.72,1.9099998
1.5,1.9099998
1.45,1.9099998
1.39,1.9099998
1.27,1.9099998
1.23,1.9099998
1.13,1.9099998
1.1,1.9099998
1.13,1.9099998
0.99,1.9099998
0.93,1.9099998
0.85,1.9099998
0.79,1.9099998
1.97,1.8699999
2.06,1.8699999
2.04,1.8699999
2.02,1.8699999
2.14,1.8699999
2.16,1.8699999
2.13,1.8699999
2.03,1.8699999
2.0,1.8699999
1.89,1.8699999
1.72,1.8699999
1.5,1.8699999
1.45,1.8699999
1.39,1.8699999
1.27,1.8699999
1.23,1.8699999
1.13,1.8699999
1.1,1.8699999
1.13,1.8699999
0.99,1.8699999
0.93,1.8699999
0.85,1.8699999
0.79,1.8699999
0.73,1.8699999
2.06,1.9700003
2.04,1.9700003
2.02,1.9700003
2.14,1.9700003
2.16,1.9700003
2.13,1.9700003
2.03,1.9700003
2.0,1.9700003
1.89,1.9700003
1.72,1.9700003
1.5,1.9700003
1.45,1.9700003
1.39,1.9700003
1.27,1.9700003
1.23,1.9700003
1.13,1.9700003
1.1,1.9700003
1.13,1.9700003
0.99,1.9700003
0.93,1.9700003
0.85,1.9700003
0.79,1.9700003
0.73,1.9700003
0.73,1.9700003
2.04,2.0600004
2.02,2.0600004
2.14,2.0600004
2.16,2.0600004
2.13,2.0600004
2.03,2.0600004
2.0,2.0600004
1.89,2.0600004
1.72,2.0600004
1.5,2.0600004
1.45,2.0600004
1.39,2.0600004
1.27,2.0600004
1.23,2.0600004
1.13,2.0600004
1.1,2.0600004
1.13,2.0600004
0.99,2.0600004
0.93,2.0600004
0.85,2.0600004
0.79,2.0600004
0.73,2.0600004
0.73,2.0600004
0.67,2.0600004
2.02,2.04
2.14,2.04
2.16,2.04
2.13,2.04
2.03,2.04
2.0,2.04
1.89,2.04
1.72,2.04
1.5,2.04
1.45,2.04
1.39,2.04
1.27,2.04
1.23,2.04
1.13,2.04
1.1,2.04
1.13,2.04
0.99,2.04
0.93,2.04
0.85,2.04
0.79,2.04
0.73,2.04
0.73,2.04
0.67,2.04
0.66,2.04
2.14,2.0199995
2.16,2.0199995
2.13,2.0199995
2.03,2.0199995
2.0,2.0199995
1.89,2.0199995
1.72,2.0199995
1.5,2.0199995
1.45,2.0199995
1.39,2.0199995
1.27,2.0199995
1.23,2.0199995
1.13,2.0199995
1.1,2.0199995
1.13,2.0199995
0.99,2.0199995
0.93,2.0199995
0.85,2.0199995
0.79,2.0199995
0.73,2.0199995
0.73,2.0199995
0.67,2.0199995
0.66,2.0199995
0.67,2.0199995
2.16,2.1400003
2.13,2.1400003
2.03,2.1400003
2.0,2.1400003
1.89,2.1400003
1.72,2.1400003
1.5,2.1400003
1.45,2.1400003
1.39,2.1400003
1.27,2.1400003
1.23,2.1400003
1.13,2.1400003
1.1,2.1400003
1.13,2.1400003
0.99,2.1400003
0.93,2.1400003
0.85,2.1400003
0.79,2.1400003
0.73,2.1400003
0.73,2.1400003
0.67,2.1400003
0.66,2.1400003
0.67,2.1400003
0.61,2.1400003
2.13,2.1599998
2.03,2.1599998
2.0,2.1599998
1.89,2.1599998
1.72,2.1599998
1.5,2.1599998
1.45,2.1599998
1.39,2.1599998
1.27,2.1599998
1.23,2.1599998
1.13,2.1599998
1.1,2.1599998
1.13,2.1599998
0.99,2.1599998
0.93,2.1599998
0.85,2.1599998
0.79,2.1599998
0.73,2.1599998
0.73,2.1599998
0.67,2.1599998
0.66,2.1599998
0.67,2.1599998
0.61,2.1599998
0.61,2.1599998
2.03,2.13
2.0,2.13
1.89,2.13
1.72,2.13
1.5,2.13
1.45,2.13
1.39,2.13
1.27,2.13
1.23,2.13
1.13,2.13
1.1,2.13
1.13,2.13
0.99,2.13
0.93,2.13
0.85,2.13
0.79,2.13
0.73,2.13
0.73,2.13
0.67,2.13
0.66,2.13
0.67,2.13
0.61,2.13
0.61,2.13
0.64,2.13
2.0,2.0299997
1.89,2.0299997
1.72,2.0299997
1.5,2.0299997
1.45,2.0299997
1.39,2.0299997
1.27,2.0299997
1.23,2.0299997
1.13,2.0299997
1.1,2.0299997
1.13,2.0299997
0.99,2.0299997
0.93,2.0299997
0.85,2.0299997
0.79,2.0299997
0.73,2.0299997
0.73,2.0299997
0.67,2.0299997
0.66,2.0299997
0.67,2.0299997
0.61,2.0299997
0.61,2.0299997
0.64,2.0299997
0.64,2.0299997
1.89,2.0
1.72,2.0
1.5,2.0
1.45,2.0
1.39,2.0
1.27,2.0
1.23,2.0
1.13,2.0
1.1,2.0
1.13,2.0
0.99,2.0
0.93,2.0
0.85,2.0
0.79,2.0
0.73,2.0
0.73,2.0
0.67,2.0
0.66,2.0
0.67,2.0
0.61,2.0
0.61,2.0
0.64,2.0
0.64,2.0
0.6,2.0
1.72,1.8900003
1.5,1.8900003
1.45,1.8900003
1.39,1.8900003
1.27,1.8900003
1.23,1.8900003
1.13,1.8900003
1.1,1.8900003
1.13,1.8900003
0.99,1.8900003
0.93,1.8900003
0.85,1.8900003
0.79,1.8900003
0.73,1.8900003
0.73,1.8900003
0.67,1.8900003
0.66,1.8900003
0.67,1.8900003
0.61,1.8900003
0.61,1.8900003
0.64,1.8900003
0.64,1.8900003
0.6,1.8900003
0.6,1.8900003
1.5,1.7200003
1.45,1.7200003
1.39,1.7200003
1.27,1.7200003
1.23,1.7200003
1.13,1.7200003
1.1,1.7200003
1.13,1.7200003
0.99,1.7200003
0.93,1.7200003
0.85,1.7200003
0.79,1.7200003
0.73,1.7200003
0.73,1.7200003
0.67,1.7200003
0.66,1.7200003
0.67,1.7200003
0.61,1.7200003
0.61,1.7200003
0.64,1.7200003
0.64,1.7200003
0.6,1.7200003
0.6,1.7200003
0.56,1.7200003
1.45,1.5
1.39,1.5
1.27,1.5
1.23,1.5
1.13,1.5
1.1,1.5
1.13,1.5
0.99,1.5
0.93,1.5
0.85,1.5
0.79,1.5
0.73,1.5
0.73,1.5
0.67,1.5
0.66,1.5
0.67,1.5
0.61,1.5
0.61,1.5
0.64,1.5
0.64,1.5
0.6,1.5
0.6,1.5
0.56,1.5
0.53,1.5
1.39,1.4499998
1.27,1.4499998
1.23,1.4499998
1.13,1.4499998
1.1,1.4499998
1.13,1.4499998
0.99,1.4499998
0.93,1.4499998
0.85,1.4499998
0.79,1.4499998
0.73,1.4499998
0.73,1.4499998
0.67,1.4499998
0.66,1.4499998
0.67,1.4499998
0.61,1.4499998
0.61,1.4499998
0.64,1.4499998
0.64,1.4499998
0.6,1.4499998
0.6,1.4499998
0.56,1.4499998
0.53,1.4499998
0.51,1.4499998
1.27,1.3900003
1.23,1.3900003
1.13,1.3900003
1.1,1.3900003
1.13,1.3900003
0.99,1.3900003
0.93,1.3900003
0.85,1.3900003
0.79,1.3900003
0.73,1.3900003
0.73,1.3900003
0.67,1.3900003
0.66,1.3900003
0.67,1.3900003
0.61,1.3900003
0.61,1.3900003
0.64,1.3900003
0.64,1.3900003
0.6,1.3900003
0.6,1.3900003
0.56,1.3900003
0.53,1.3900003
0.51,1.3900003
0.46,1.3900003
1.23,1.2699995
1.13,1.2699995
1.1,1.2699995
1.13,1.2699995
0.99,1.2699995
0.93,1.2699995
0.85,1.2699995
0.79,1.2699995
0.73,1.2699995
0.73,1.2699995
0.67,1.2699995
0.66,1.2699995
0.67,1.2699995
0.61,1.2699995
0.61,1.2699995
0.64,1.2699995
0.64,1.2699995
0.6,1.2699995
0.6,1.2699995
0.56,1.2699995
0.53,1.2699995
0.51,1.2699995
0.46,1.2699995
0.4,1.2699995
1.13,1.2300005
1.1,1.2300005
1.13,1.2300005
0.99,1.2300005
0.93,1.2300005
0.85,1.2300005
0.79,1.2300005
0.73,1.2300005
0.73,1.2300005
0.67,1.2300005
0.66,1.2300005
0.67,1.2300005
0.61,1.2300005
0.61,1.2300005
0.64,1.2300005
0.64,1.2300005
0.6,1.2300005
0.6,1.2300005
0.56,1.2300005
0.53,1.2300005
0.51,1.2300005
0.46,1.2300005
0.4,1.2300005
0.37,1.2300005
1.1,1.1300001
1.13,1.1300001
0.99,1.1300001
0.93,1.1300001
0.85,1.1300001
0.79,1.1300001
0.73,1.1300001
0.73,1.1300001
0.67,1.1300001
0.66,1.1300001
0.67,1.1300001
0.61,1.1300001
0.61,1.1300001
0.64,1.1300001
0.64,1.1300001
0.6,1.1300001
0.6,1.1300001
0.56,1.1300001
0.53,1.1300001
0.51,1.1300001
0.46,1.1300001
0.4,1.1300001
0.37,1.1300001
0.4,1.1300001
1.13,1.1000004
0.99,1.1000004
0.93,1.1000004
0.85,1.1000004
0.79,1.1000004
0.73,1.1000004
0.73,1.1000004
0.67,1.1000004
0.66,1.1000004
0.67,1.1000004
0.61,1.1000004
0.61,1.1000004
0.64,1.1000004
0.64,1.1000004
0.6,1.1000004
0.6,1.1000004
0.56,1.1000004
0.53,1.1000004
0.51,1.1000004
0.46,1.1000004
0.4,1.1000004
0.37,1.1000004
0.4,1.1000004
0.36,1.1000004
0.99,1.1300001
0.93,1.1300001
0.85,1.1300001
0.79,1.1300001
0.73,1.1300001
0.73,1.1300001
0.67,1.1300001
0.66,1.1300001
0.67,1.1300001
0.61,1.1300001
0.61,1.1300001
0.64,1.1300001
0.64,1.1300001
0.6,1.1300001
0.6,1.1300001
0.56,1.1300001
0.53,1.1300001
0.51,1.1300001
0.46,1.1300001
0.4,1.1300001
0.37,1.1300001
0.4,1.1300001
0.36,1.1300001
0.38,1.1300001
0.93,0.9899998
0.85,0.9899998
0.79,0.9899998
0.73,0.9899998
0.73,0.9899998
0.67,0.9899998
0.66,0.9899998
0.67,0.9899998
0.61,0.9899998
0.61,0.9899998
0.64,0.9899998
0.64,0.9899998
0.6,0.9899998
0.6,0.9899998
0.56,0.9899998
0.53,0.9899998
0.51,0.9899998
0.46,0.9899998
0.4,0.9899998
0.37,0.9899998
0.4,0.9899998
0.36,0.9899998
0.38,0.9899998
0.33,0.9899998
0.85,0.9300003
0.79,0.9300003
0.73,0.9300003
0.73,0.9300003
0.67,0.9300003
0.66,0.9300003
0.67,0.9300003
0.61,0.9300003
0.61,0.9300003
0.64,0.9300003
0.64,0.9300003
0.6,0.9300003
0.6,0.9300003
0.56,0.9300003
0.53,0.9300003
0.51,0.9300003
0.46,0.9300003
0.4,0.9300003
0.37,0.9300003
0.4,0.9300003
0.36,0.9300003
0.38,0.9300003
0.33,0.9300003
0.33,0.9300003
0.79,0.8500004
0.73,0.8500004
0.73,0.8500004
0.67,0.8500004
0.66,0.8500004
0.67,0.8500004
0.61,0.8500004
0.61,0.8500004
0.64,0.8500004
0.64,0.8500004
0.6,0.8500004
0.6,0.8500004
0.56,0.8500004
0.53,0.8500004
0.51,0.8500004
0.46,0.8500004
0.4,0.8500004
0.37,0.8500004
0.4,0.8500004
0.36,0.8500004
0.38,0.8500004
0.33,0.8500004
0.33,0.8500004
0.3,0.8500004
0.73,0.78999996
0.73,0.78999996
0.67,0.78999996
0.66,0.78999996
0.67,0.78999996
0.61,0.78999996
0.61,0.78999996
0.64,0.78999996
0.64,0.78999996
0.6,0.78999996
0.6,0.78999996
0.56,0.78999996
0.53,0.78999996
0.51,0.78999996
0.46,0.78999996
0.4,0.78999996
0.37,0.78999996
0.4,0.78999996
0.36,0.78999996
0.38,0.78999996
0.33,0.78999996
0.33,0.78999996
0.3,0.78999996
0.35,0.78999996
0.73,0.7300005
0.67,0.7300005
0.66,0.7300005
0.67,0.7300005
0.61,0.7300005
0.61,0.7300005
0.64,0.7300005
0.64,0.7300005
0.6,0.7300005
0.6,0.7300005
0.56,0.7300005
0.53,0.7300005
0.51,0.7300005
0.46,0.7300005
0.4,0.7300005
0.37,0.7300005
0.4,0.7300005
0.36,0.7300005
0.38,0.7300005
0.33,0.7300005
0.33,0.7300005
0.3,0.7300005
0.35,0.7300005
0.33,0.7300005
0.67,0.7300005
0.66,0.7300005
0.67,0.7300005
0.61,0.7300005
0.61,0.7300005
0.64,0.7300005
0.64,0.7300005
0.6,0.7300005
0.6,0.7300005
0.56,0.7300005
0.53,0.7300005
0.51,0.7300005
0.46,0.7300005
0.4,0.7300005
0.37,0.7300005
0.4,0.7300005
0.36,0.7300005
0.38,0.7300005
0.33,0.7300005
0.33,0.7300005
0.3,0.7300005
0.35,0.7300005
0.33,0.7300005
0.33,0.7300005
0.66,0.6700001
0.67,0.6700001
0.61,0.6700001
0.61,0.6700001
0.64,0.6700001
0.64,0.6700001
0.6,0.6700001
0.6,0.6700001
0.56,0.6700001
0.53,0.6700001
0.51,0.6700001
0.46,0.6700001
0.4,0.6700001
0.37,0.6700001
0.4,0.6700001
0.36,0.6700001
0.38,0.6700001
0.33,0.6700001
0.33,0.6700001
0.3,0.6700001
0.35,0.6700001
0.33,0.6700001
0.33,0.6700001
0.33,0.6700001
0.67,0.65999985
0.61,0.65999985
0.61,0.65999985
0.64,0.65999985
0.64,0.65999985
0.6,0.65999985
0.6,0.65999985
0.56,0.65999985
0.53,0.65999985
0.51,0.65999985
0.46,0.65999985
0.4,0.65999985
0.37,0.65999985
0.4,0.65999985
0.36,0.65999985
0.38,0.65999985
0.33,0.65999985
0.33,0.65999985
0.3,0.65999985
0.35,0.65999985
0.33,0.65999985
0.33,0.65999985
0.33,0.65999985
0.27,0.65999985
0.61,0.6700001
0.61,0.6700001
0.64,0.6700001
0.64,0.6700001
0.6,0.6700001
0.6,0.6700001
0.56,0.6700001
0.53,0.6700001
0.51,0.6700001
0.46,0.6700001
0.4,0.6700001
0.37,0.6700001
0.4,0.6700001
0.36,0.6700001
0.38,0.6700001
0.33,0.6700001
0.33,0.6700001
0.3,0.6700001
0.35,0.6700001
0.33,0.6700001
0.33,0.6700001
0.33,0.6700001
0.27,0.6700001
0.25,0.6700001
0.61,0.60999966
0.64,0.60999966
0.64,0.60999966
0.6,0.60999966
0.6,0.60999966
0.56,0.60999966
0.53,0.60999966
0.51,0.60999966
0.46,0.60999966
0.4,0.60999966
0.37,0.60999966
0.4,0.60999966
0.36,0.60999966
0.38,0.60999966
0.33,0.60999966
0.33,0.60999966
0.3,0.60999966
0.35,0.60999966
0.33,0.60999966
0.33,0.60999966
0.33,0.60999966
0.27,0.60999966
0.25,0.60999966
0.17,0.60999966
0.64,0.60999966
0.64,0.60999966
0.6,0.60999966
0.6,0.60999966
0.56,0.60999966
0.53,0.60999966
0.51,0.60999966
0.46,0.60999966
0.4,0.60999966
0.37,0.60999966
0.4,0.60999966
0.36,0.60999966
0.38,0.60999966
0.33,0.60999966
0.33,0.60999966
0.3,0.60999966
0.35,0.60999966
0.33,0.60999966
0.33,0.60999966
0.33,0.60999966
0.27,0.60999966
0.25,0.60999966
0.17,0.60999966
0.18,0.60999966
0.64,0.64000034
0.6,0.64000034
0.6,0.64000034
0.56,0.64000034
0.53,0.64000034
0.51,0.64000034
0.46,0.64000034
0.4,0.64000034
0.37,0.64000034
0.4,0.64000034
0.36,0.64000034
0.38,0.64000034
0.33,0.64000034
0.33,0.64000034
0.3,0.64000034
0.35,0.64000034
0.33,0.64000034
0.33,0.64000034
0.33,0.64000034
0.27,0.64000034
0.25,0.64000034
0.17,0.64000034
0.18,0.64000034
0.15,0.64000034
0.6,0.64000034
0.6,0.64000034
0.56,0.64000034
0.53,0.64000034
0.51,0.64000034
0.46,0.64000034
0.4,0.64000034
0.37,0.64000034
0.4,0.64000034
0.36,0.64000034
0.38,0.64000034
0.33,0.64000034
0.33,0.64000034
0.3,0.64000034
0.35,0.64000034
0.33,0.64000034
0.33,0.64000034
0.33,0.64000034
0.27,0.64000034
0.25,0.64000034
0.17,0.64000034
0.18,0.64000034
0.15,0.64000034
0.15,0.64000034
0.6,0.6000004
0.56,0.6000004
0.53,0.6000004
0.51,0.6000004
0.46,0.6000004
0.4,0.6000004
0.37,0.6000004
0.4,0.6000004
0.36,0.6000004
0.38,0.6000004
0.33,0.6000004
0.33,0.6000004
0.3,0.6000004
0.35,0.6000004
0.33,0.6000004
0.33,0.6000004
0.33,0.6000004
0.27,0.6000004
0.25,0.6000004
0.17,0.6000004
0.18,0.6000004
0.15,0.6000004
0.15,0.6000004
0.19,0.6000004
0.56,0.6000004
0.53,0.6000004
0.51,0.6000004
0.46,0.6000004
0.4,0.6000004
0.37,0.6000004
0.4,0.6000004
0.36,0.6000004
0.38,0.6000004
0.33,0.6000004
0.33,0.6000004
0.3,0.6000004
0.35,0.6000004
0.33,0.6000004
0.33,0.6000004
0.33,0.6000004
0.27,0.6000004
0.25,0.6000004
0.17,0.6000004
0.18,0.6000004
0.15,0.6000004
0.15,0.6000004
0.19,0.6000004
0.17,0.6000004
0.53,0.5600004
0.51,0.5600004
0.46,0.5600004
0.4,0.5600004
0.37,0.5600004
0.4,0.5600004
0.36,0.5600004
0.38,0.5600004
0.33,0.5600004
0.33,0.5600004
0.3,0.5600004
0.35,0.5600004
0.33,0.5600004
0.33,0.5600004
0.33,0.5600004
0.27,0.5600004
0.25,0.5600004
0.17,0.5600004
0.18,0.5600004
0.15,0.5600004
0.15,0.5600004
0.19,0.5600004
0.17,0.5600004
0.19,0.5600004
0.51,0.52999973
0.46,0.52999973
0.4,0.52999973
0.37,0.52999973
0.4,0.52999973
0.36,0.52999973
0.38,0.52999973
0.33,0.52999973
0.33,0.52999973
0.3,0.52999973
0.35,0.52999973
0.33,0.52999973
0.33,0.52999973
0.33,0.52999973
0.27,0.52999973
0.25,0.52999973
0.17,0.52999973
0.18,0.52999973
0.15,0.52999973
0.15,0.52999973
0.19,0.52999973
0.17,0.52999973
0.19,0.52999973
0.2,0.52999973
0.46,0.5100002
0.4,0.5100002
0.37,0.5100002
0.4,0.5100002
0.36,0.5100002
0.38,0.5100002
0.33,0.5100002
0.33,0.5100002
0.3,0.5100002
0.35,0.5100002
0.33,0.5100002
0.33,0.5100002
0.33,0.5100002
0.27,0.5100002
0.25,0.5100002
0.17,0.5100002
0.18,0.5100002
0.15,0.5100002
0.15,0.5100002
0.19,0.5100002
0.17,0.5100002
0.19,0.5100002
0.2,0.5100002
0.22,0.5100002
0.4,0.46000004
0.37,0.46000004
0.4,0.46000004
0.36,0.46000004
0.38,0.46000004
0.33,0.46000004
0.33,0.46000004
0.3,0.46000004
0.35,0.46000004
0.33,0.46000004
0.33,0.46000004
0.33,0.46000004
0.27,0.46000004
0.25,0.46000004
0.17,0.46000004
0.18,0.46000004
0.15,0.46000004
0.15,0.46000004
0.19,0.46000004
0.17,0.46000004
0.19,0.46000004
0.2,0.46000004
0.22,0.46000004
0.21,0.46000004
0.37,0.39999962
0.4,0.39999962
0.36,0.39999962
0.38,0.39999962
0.33,0.39999962
0.33,0.39999962
0.3,0.39999962
0.35,0.39999962
0.33,0.39999962
0.33,0.39999962
0.33,0.39999962
0.27,0.39999962
0.25,0.39999962
0.17,0.39999962
0.18,0.39999962
0.15,0.39999962
0.15,0.39999962
0.19,0.39999962
0.17,0.39999962
0.19,0.39999962
0.2,0.39999962
0.22,0.39999962
0.21,0.39999962
0.2,0.39999962
0.4,0.3699999
0.36,0.3699999
0.38,0.3699999
0.33,0.3699999
0.33,0.3699999
0.3,0.3699999
0.35,0.3699999
0.33,0.3699999
0.33,0.3699999
0.33,0.3699999
0.27,0.3699999
0.25,0.3699999
0.17,0.3699999
0.18,0.3699999
0.15,0.3699999
0.15,0.3699999
0.19,0.3699999
0.17,0.3699999
0.19,0.3699999
0.2,0.3699999
0.22,0.3699999
0.21,0.3699999
0.2,0.3699999
0.21,0.3699999
0.36,0.39999962
0.38,0.39999962
0.33,0.39999962
0.33,0.39999962
0.3,0.39999962
0.35,0.39999962
0.33,0.39999962
0.33,0.39999962
0.33,0.39999962
0.27,0.39999962
0.25,0.39999962
0.17,0.39999962
0.18,0.39999962
0.15,0.39999962
0.15,0.39999962
0.19,0.39999962
0.17,0.39999962
0.19,0.39999962
0.2,0.39999962
0.22,0.39999962
0.21,0.39999962
0.2,0.39999962
0.21,0.39999962
0.23,0.39999962
0.38,0.35999966
0.33,0.35999966
0.33,0.35999966
0.3,0.35999966
0.35,0.35999966
0.33,0.35999966
0.33,0.35999966
0.33,0.35999966
0.27,0.35999966
0.25,0.35999966
0.17,0.35999966
0.18,0.35999966
0.15,0.35999966
0.15,0.35999966
0.19,0.35999966
0.17,0.35999966
0.19,0.35999966
0.2,0.35999966
0.22,0.35999966
0.21,0.35999966
0.2,0.35999966
0.21,0.35999966
0.23,0.35999966
0.23,0.35999966
0.33,0.3800001
0.33,0.3800001
0.3,0.3800001
0.35,0.3800001
0.33,0.3800001
0.33,0.3800001
0.33,0.3800001
0.27,0.3800001
0.25,0.3800001
0.17,0.3800001
0.18,0.3800001
0.15,0.3800001
0.15,0.3800001
0.19,0.3800001
0.17,0.3800001
0.19,0.3800001
0.2,0.3800001
0.22,0.3800001
0.21,0.3800001
0.2,0.3800001
0.21,0.3800001
0.23,0.3800001
0.23,0.3800001
0.26,0.3800001
0.33,0.32999992
0.3,0.32999992
0.35,0.32999992
0.33,0.32999992
0.33,0.32999992
0.33,0.32999992
0.27,0.32999992
0.25,0.32999992
0.17,0.32999992
0.18,0.32999992
0.15,0.32999992
0.15,0.32999992
0.19,0.32999992
0.17,0.32999992
0.19,0.32999992
0.2,0.32999992
0.22,0.32999992
0.21,0.32999992
0.2,0.32999992
0.21,0.32999992
0.23,0.32999992
0.23,0.32999992
0.26,0.32999992
0.31,0.32999992
0.3,0.32999992
0.35,0.32999992
0.33,0.32999992
0.33,0.32999992
0.33,0.32999992
0.27,0.32999992
0.25,0.32999992
0.17,0.32999992
0.18,0.32999992
0.15,0.32999992
0.15,0.32999992
0.19,0.32999992
0.17,0.32999992
0.19,0.32999992
0.2,0.32999992
0.22,0.32999992
0.21,0.32999992
0.2,0.32999992
0.21,0.32999992
0.23,0.32999992
0.23,0.32999992
0.26,0.32999992
0.31,0.32999992
0.31,0.32999992
0.35,0.3000002
0.33,0.3000002
0.33,0.3000002
0.33,0.3000002
0.27,0.3000002
0.25,0.3000002
0.17,0.3000002
0.18,0.3000002
0.15,0.3000002
0.15,0.3000002
0.19,0.3000002
0.17,0.3000002
0.19,0.3000002
0.2,0.3000002
0.22,0.3000002
0.21,0.3000002
0.2,0.3000002
0.21,0.3000002
0.23,0.3000002
0.23,0.3000002
0.26,0.3000002
0.31,0.3000002
0.31,0.3000002
0.31,0.3000002
0.33,0.35000038
0.33,0.35000038
0.33,0.35000038
0.27,0.35000038
0.25,0.35000038
0.17,0.35000038
0.18,0.35000038
0.15,0.35000038
0.15,0.35000038
0.19,0.35000038
0.17,0.35000038
0.19,0.35000038
0.2,0.35000038
0.22,0.35000038
0.21,0.35000038
0.2,0.35000038
0.21,0.35000038
0.23,0.35000038
0.23,0.35000038
0.26,0.35000038
0.31,0.35000038
0.31,0.35000038
0.31,0.35000038
0.26,0.35000038
0.33,0.32999992
0.33,0.32999992
0.27,0.32999992
0.25,0.32999992
0.17,0.32999992
0.18,0.32999992
0.15,0.32999992
0.15,0.32999992
0.19,0.32999992
0.17,0.32999992
0.19,0.32999992
0.2,0.32999992
0.22,0.32999992
0.21,0.32999992
0.2,0.32999992
0.21,0.32999992
0.23,0.32999992
0.23,0.32999992
0.26,0.32999992
0.31,0.32999992
0.31,0.32999992
0.31,0.32999992
0.26,0.32999992
0.26,0.32999992
0.33,0.32999992
0.27,0.32999992
0.25,0.32999992
0.17,0.32999992
0.18,0.32999992
0.15,0.32999992
0.15,0.32999992
0.19,0.32999992
0.17,0.32999992
0.19,0.32999992
0.2,0.32999992
0.22,0.32999992
0.21,0.32999992
0.2,0.32999992
0.21,0.32999992
0.23,0.32999992
0.23,0.32999992
0.26,0.32999992
0.31,0.32999992
0.31,0.32999992
0.31,0.32999992
0.26,0.32999992
0.26,0.32999992
0.16,0.32999992
0.27,0.32999992
0.25,0.32999992
0.17,0.32999992
0.18,0.32999992
0.15,0.32999992
0.15,0.32999992
0.19,0.32999992
0.17,0.32999992
0.19,0.32999992
0.2,0.32999992
0.22,0.32999992
0.21,0.32999992
0.2,0.32999992
0.21,0.32999992
0.23,0.32999992
0.23,0.32999992
0.26,0.32999992
0.31,0.32999992
0.31,0.32999992
0.31,0.32999992
0.26,0.32999992
0.26,0.32999992
0.16,0.32999992
0.13,0.32999992
0.25,0.27000046
0.17,0.27000046
0.18,0.27000046
0.15,0.27000046
0.15,0.27000046
0.19,0.27000046
0.17,0.27000046
0.19,0.27000046
0.2,0.27000046
0.22,0.27000046
0.21,0.27000046
0.2,0.27000046
0.21,0.27000046
0.23,0.27000046
0.23,0.27000046
0.26,0.27000046
0.31,0.27000046
0.31,0.27000046
0.31,0.27000046
0.26,0.27000046
0.26,0.27000046
0.16,0.27000046
0.13,0.27000046
0.08,0.27000046
0.17,0.25
0.18,0.25
0.15,0.25
0.15,0.25
0.19,0.25
0.17,0.25
0.19,0.25
0.2,0.25
0.22,0.25
0.21,0.25
0.2,0.25
0.21,0.25
0.23,0.25
0.23,0.25
0.26,0.25
0.31,0.25
0.31,0.25
0.31,0.25
0.26,0.25
0.26,0.25
0.16,0.25
0.13,0.25
0.08,0.25
0.0,0.25
0.18,0.17000008
0.15,0.17000008
0.15,0.17000008
0.19,0.17000008
0.17,0.17000008
0.19,0.17000008
0.2,0.17000008
0.22,0.17000008
0.21,0.17000008
0.2,0.17000008
0.21,0.17000008
0.23,0.17000008
0.23,0.17000008
0.26,0.17000008
0.31,0.17000008
0.31,0.17000008
0.31,0.17000008
0.26,0.17000008
0.26,0.17000008
0.16,0.17000008
0.13,0.17000008
0.08,0.17000008
0.0,0.17000008
-0.11,0.17000008
0.15,0.1800003
0.15,0.1800003
0.19,0.1800003
0.17,0.1800003
0.19,0.1800003
0.2,0.1800003
0.22,0.1800003
0.21,0.1800003
0.2,0.1800003
0.21,0.1800003
0.23,0.1800003
0.23,0.1800003
0.26,0.1800003
0.31,0.1800003
0.31,0.1800003
0.31,0.1800003
0.26,0.1800003
0.26,0.1800003
0.16,0.1800003
0.13,0.1800003
0.08,0.1800003
0.0,0.1800003
-0.11,0.1800003
-0.23,0.1800003
0.15,0.14999962
0.19,0.14999962
0.17,0.14999962
0.19,0.14999962
0.2,0.14999962
0.22,0.14999962
0.21,0.14999962
0.2,0.14999962
0.21,0.14999962
0.23,0.14999962
0.23,0.14999962
0.26,0.14999962
0.31,0.14999962
0.31,0.14999962
0.31,0.14999962
0.26,0.14999962
0.26,0.14999962
0.16,0.14999962
0.13,0.14999962
0.08,0.14999962
0.0,0.14999962
-0.11,0.14999962
-0.23,0.14999962
-0.43,0.14999962
0.19,0.14999962
0.17,0.14999962
0.19,0.14999962
0.2,0.14999962
0.22,0.14999962
0.21,0.14999962
0.2,0.14999962
0.21,0.14999962
0.23,0.14999962
0.23,0.14999962
0.26,0.14999962
0.31,0.14999962
0.31,0.14999962
0.31,0.14999962
0.26,0.14999962
0.26,0.14999962
0.16,0.14999962
0.13,0.14999962
0.08,0.14999962
0.0,0.14999962
-0.11,0.14999962
-0.23,0.14999962
-0.43,0.14999962
-0.56,0.14999962
0.17,0.18999958
0.19,0.18999958
0.2,0.18999958
0.22,0.18999958
0.21,0.18999958
0.2,0.18999958
0.21,0.18999958
0.23,0.18999958
0.23,0.18999958
0.26,0.18999958
0.31,0.18999958
0.31,0.18999958
0.31,0.18999958
0.26,0.18999958
0.26,0.18999958
0.16,0.18999958
0.13,0.18999958
0.08,0.18999958
0.0,0.18999958
-0.11,0.18999958
-0.23,0.18999958
-0.43,0.18999958
-0.56,0.18999958
-0.67,0.18999958
0.19,0.17000008
0.2,0.17000008
0.22,0.17000008
0.21,0.17000008
0.2,0.17000008
0.21,0.17000008
0.23,0.17000008
0.23,0.17000008
0.26,0.17000008
0.31,0.17000008
0.31,0.17000008
0.31,0.17000008
0.26,0.17000008
0.26,0.17000008
0.16,0.17000008
0.13,0.17000008
0.08,0.17000008
0.0,0.17000008
-0.11,0.17000008
-0.23,0.17000008
-0.43,0.17000008
-0.56,0.17000008
-0.67,0.17000008
-0.8,0.17000008
0.2,0.18999958
0.22,0.18999958
0.21,0.18999958
0.2,0.18999958
0.21,0.18999958
0.23,0.18999958
0.23,0.18999958
0.26,0.18999958
0.31,0.18999958
0.31,0.18999958
0.31,0.18999958
0.26,0.18999958
0.26,0.18999958
0.16,0.18999958
0.13,0.18999958
0.08,0.18999958
0.0,0.18999958
-0.11,0.18999958
-0.23,0.18999958
-0.43,0.18999958
-0.56,0.18999958
-0.67,0.18999958
-0.8,0.18999958
-1.0,0.18999958
0.22,0.19999981
0.21,0.19999981
0.2,0.19999981
0.21,0.19999981
0.23,0.19999981
0.23,0.19999981
0.26,0.19999981
0.31,0.19999981
0.31,0.19999981
0.31,0.19999981
0.26,0.19999981
0.26,0.19999981
0.16,0.19999981
0.13,0.19999981
0.08,0.19999981
0.0,0.19999981
-0.11,0.19999981
-0.23,0.19999981
-0.43,0.19999981
-0.56,0.19999981
-0.67,0.19999981
-0.8,0.19999981
-1.0,0.19999981
-1.13,0.19999981
0.21,0.22000027
0.2,0.22000027
0.21,0.22000027
0.23,0.22000027
0.23,0.22000027
0.26,0.22000027
0.31,0.22000027
0.31,0.22000027
0.31,0.22000027
0.26,0.22000027
0.26,0.22000027
0.16,0.22000027
0.13,0.22000027
0.08,0.22000027
0.0,0.22000027
-0.11,0.22000027
-0.23,0.22000027
-0.43,0.22000027
-0.56,0.22000027
-0.67,0.22000027
-0.8,0.22000027
-1.0,0.22000027
-1.13,0.22000027
-1.3,0.22000027
0.2,0.21000004
0.21,0.21000004
0.23,0.21000004
0.23,0.21000004
0.26,0.21000004
0.31,0.21000004
0.31,0.21000004
0.31,0.21000004
0.26,0.21000004
0.26,0.21000004
0.16,0.21000004
0.13,0.21000004
0.08,0.21000004
0.0,0.21000004
-0.11,0.21000004
-0.23,0.21000004
-0.43,0.21000004
-0.56,0.21000004
-0.67,0.21000004
-0.8,0.21000004
-1.0,0.21000004
-1.13,0.21000004
-1.3,0.21000004
-1.39,0.21000004
0.21,0.19999981
0.23,0.19999981
0.23,0.19999981
0.26,0.19999981
0.31,0.19999981
0.31,0.19999981
0.31,0.19999981
0.26,0.19999981
0.26,0.19999981
0.16,0.19999981
0.13,0.19999981
0.08,0.19999981
0.0,0.19999981
-0.11,0.19999981
-0.23,0.19999981
-0.43,0.19999981
-0.56,0.19999981
-0.67,0.19999981
-0.8,0.19999981
-1.0,0.19999981
-1.13,0.19999981
-1.3,0.19999981
-1.39,0.19999981
-1.43,0.19999981
0.23,0.21000004
0.23,0.21000004
0.26,0.21000004
0.31,0.21000004
0.31,0.21000004
0.31,0.21000004
0.26,0.21000004
0.26,0.21000004
0.16,0.21000004
0.13,0.21000004
0.08,0.21000004
0.0,0.21000004
-0.11,0.21000004
-0.23,0.21000004
-0.43,0.21000004
-0.56,0.21000004
-0.67,0.21000004
-0.8,0.21000004
-1.0,0.21000004
-1.13,0.21000004
-1.3,0.21000004
-1.39,0.21000004
-1.43,0.21000004
-1.53,0.21000004
0.23,0.22999954
0.26,0.22999954
0.31,0.22999954
0.31,0.22999954
0.31,0.22999954
0.26,0.22999954
0.26,0.22999954
0.16,0.22999954
0.13,0.22999954
0.08,0.22999954
0.0,0.22999954
-0.11,0.22999954
-0.23,0.22999954
-0.43,0.22999954
-0.56,0.22999954
-0.67,0.22999954
-0.8,0.22999954
-1.0,0.22999954
-1.13,0.22999954
-1.3,0.22999954
-1.39,0.22999954
-1.43,0.22999954
-1.53,0.22999954
-1.67,0.22999954
0.26,0.22999954
0.31,0.22999954
0.31,0.22999954
0.31,0.22999954
0.26,0.22999954
0.26,0.22999954
0.16,0.22999954
0.13,0.22999954
0.08,0.22999954
0.0,0.22999954
-0.11,0.22999954
-0.23,0.22999954
-0.43,0.22999954
-0.56,0.22999954
-0.67,0.22999954
-0.8,0.22999954
-1.0,0.22999954
-1.13,0.22999954
-1.3,0.22999954
-1.39,0.22999954
-1.43,0.22999954
-1.53,0.22999954
-1.67,0.22999954
-1.64,0.22999954
0.31,0.26000023
0.31,0.26000023
0.31,0.26000023
0.26,0.26000023
0.26,0.26000023
0.16,0.26000023
0.13,0.26000023
0.08,0.26000023
0.0,0.26000023
-0.11,0.26000023
-0.23,0.26000023
-0.43,0.26000023
-0.56,0.26000023
-0.67,0.26000023
-0.8,0.26000023
-1.0,0.26000023
-1.13,0.26000023
-1.3,0.26000023
-1.39,0.26000023
-1.43,0.26000023
-1.53,0.26000023
-1.67,0.26000023
-1.64,0.26000023
-1.48,0.26000023
0.31,0.31000042
0.31,0.31000042
0.26,0.31000042
0.26,0.31000042
0.16,0.31000042
0.13,0.31000042
0.08,0.31000042
0.0,0.31000042
-0.11,0.31000042
-0.23,0.31000042
-0.43,0.31000042
-0.56,0.31000042
-0.67,0.31000042
-0.8,0.31000042
-1.0,0.31000042
-1.13,0.31000042
-1.3,0.31000042
-1.39,0.31000042
-1.43,0.31000042
-1.53,0.31000042
-1.67,0.31000042
-1.64,0.31000042
-1.48,0.31000042
-1.45,0.31000042
0.31,0.31000042
0.26,0.31000042
0.26,0.31000042
0.16,0.31000042
0.13,0.31000042
0.08,0.31000042
0.0,0.31000042
-0.11,0.31000042
-0.23,0.31000042
-0.43,0.31000042
-0.56,0.31000042
-0.67,0.31000042
-0.8,0.31000042
-1.0,0.31000042
-1.13,0.31000042
-1.3,0.31000042
-1.39,0.31000042
-1.43,0.31000042
-1.53,0.31000042
-1.67,0.31000042
-1.64,0.31000042
-1.48,0.31000042
-1.45,0.31000042
-1.4,0.31000042
0.26,0.31000042
0.26,0.31000042
0.16,0.31000042
0.13,0.31000042
0.08,0.31000042
0.0,0.31000042
-0.11,0.31000042
-0.23,0.31000042
-0.43,0.31000042
-0.56,0.31000042
-0.67,0.31000042
-0.8,0.31000042
-1.0,0.31000042
-1.13,0.31000042
-1.3,0.31000042
-1.39,0.31000042
-1.43,0.31000042
-1.53,0.31000042
-1.67,0.31000042
-1.64,0.31000042
-1.48,0.31000042
-1.45,0.31000042
-1.4,0.31000042
-1.29,0.31000042
0.26,0.26000023
0.16,0.26000023
0.13,0.26000023
0.08,0.26000023
0.0,0.26000023
-0.11,0.26000023
-0.23,0.26000023
-0.43,0.26000023
-0.56,0.26000023
-0.67,0.26000023
-0.8,0.26000023
-1.0,0.26000023
-1.13,0.26000023
-1.3,0.26000023
-1.39,0.26000023
-1.43,0.26000023
-1.53,0.26000023
-1.67,0.26000023
-1.64,0.26000023
-1.48,0.26000023
-1.45,0.26000023
-1.4,0.26000023
-1.29,0.26000023
-1.07,0.26000023
0.16,0.26000023
0.13,0.26000023
0.08,0.26000023
0.0,0.26000023
-0.11,0.26000023
-0.23,0.26000023
-0.43,0.26000023
-0.56,0.26000023
-0.67,0.26000023
-0.8,0.26000023
-1.0,0.26000023
-1.13,0.26000023
-1.3,0.26000023
-1.39,0.26000023
-1.43,0.26000023
-1.53,0.26000023
-1.67,0.26000023
-1.64,0.26000023
-1.48,0.26000023
-1.45,0.26000023
-1.4,0.26000023
-1.29,0.26000023
-1.07,0.26000023
-0.88,0.26000023
0.13,0.15999985
0.08,0.15999985
0.0,0.15999985
-0.11,0.15999985
-0.23,0.15999985
-0.43,0.15999985
-0.56,0.15999985
-0.67,0.15999985
-0.8,0.15999985
-1.0,0.15999985
-1.13,0.15999985
-1.3,0.15999985
-1.39,0.15999985
-1.43,0.15999985
-1.53,0.15999985
-1.67,0.15999985
-1.64,0.15999985
-1.48,0.15999985
-1.45,0.15999985
-1.4,0.15999985
-1.29,0.15999985
-1.07,0.15999985
-0.88,0.15999985
-0.77,0.15999985
0.08,0.13000011
0.0,0.13000011
-0.11,0.13000011
-0.23,0.13000011
-0.43,0.13000011
-0.56,0.13000011
-0.67,0.13000011
-0.8,0.13000011
-1.0,0.13000011
-1.13,0.13000011
-1.3,0.13000011
-1.39,0.13000011
-1.43,0.13000011
-1.53,0.13000011
-1.67,0.13000011
-1.64,0.13000011
-1.48,0.13000011
-1.45,0.13000011
-1.4,0.13000011
-1.29,0.13000011
-1.07,0.13000011
-0.88,0.13000011
-0.77,0.13000011
-0.48,0.13000011
0.0,0.07999992
-0.11,0.07999992
-0.23,0.07999992
-0.43,0.07999992
-0.56,0.07999992
-0.67,0.07999992
-0.8,0.07999992
-1.0,0.07999992
-1.13,0.07999992
-1.3,0.07999992
-1.39,0.07999992
-1.43,0.07999992
-1.53,0.07999992
-1.67,0.07999992
-1.64,0.07999992
-1.48,0.07999992
-1.45,0.07999992
-1.4,0.07999992
-1.29,0.07999992
-1.07,0.07999992
-0.88,0.07999992
-0.77,0.07999992
-0.48,0.07999992
-0.31,0.07999992
-0.11,0.0
-0.23,0.0
-0.43,0.0
-0.56,0.0
-0.67,0.0
-0.8,0.0
-1.0,0.0
-1.13,0.0
-1.3,0.0
-1.39,0.0
-1.43,0.0
-1.53,0.0
-1.67,0.0
-1.64,0.0
-1.48,0.0
-1.45,0.0
-1.4,0.0
-1.29,0.0
-1.07,0.0
-0.88,0.0
-0.77,0.0
-0.48,0.0
-0.31,0.0
-0.11,0.0
-0.23,-0.10999966
-0.43,-0.10999966
-0.56,-0.10999966
-0.67,-0.10999966
-0.8,-0.10999966
-1.0,-0.10999966
-1.13,-0.10999966
-1.3,-0.10999966
-1.39,-0.10999966
-1.43,-0.10999966
-1.53,-0.10999966
-1.67,-0.10999966
-1.64,-0.10999966
-1.48,-0.10999966
-1.45,-0.10999966
-1.4,-0.10999966
-1.29,-0.10999966
-1.07,-0.10999966
-0.88,-0.10999966
-0.77,-0.10999966
-0.48,-0.10999966
-0.31,-0.10999966
-0.11,-0.10999966
0.1,-0.10999966
-0.43,-0.22999954
-0.56,-0.22999954
-0.67,-0.22999954
-0.8,-0.22999954
-1.0,-0.22999954
-1.13,-0.22999954
-1.3,-0.22999954
-1.39,-0.22999954
-1.43,-0.22999954
-1.53,-0.22999954
-1.67,-0.22999954
-1.64,-0.22999954
-1.48,-0.22999954
-1.45,-0.22999954
-1.4,-0.22999954
-1.29,-0.22999954
-1.07,-0.22999954
-0.88,-0.22999954
-0.77,-0.22999954
-0.48,-0.22999954
-0.31,-0.22999954
-0.11,-0.22999954
0.1,-0.22999954
0.23,-0.22999954
-0.56,-0.4300003
-0.67,-0.4300003
-0.8,-0.4300003
-1.0,-0.4300003
-1.13,-0.4300003
-1.3,-0.4300003
-1.39,-0.4300003
-1.43,-0.4300003
-1.53,-0.4300003
-1.67,-0.4300003
-1.64,-0.4300003
-1.48,-0.4300003
-1.45,-0.4300003
-1.4,-0.4300003
-1.29,-0.4300003
-1.07,-0.4300003
-0.88,-0.4300003
-0.77,-0.4300003
-0.48,-0.4300003
-0.31,-0.4300003
-0.11,-0.4300003
0.1,-0.4300003
0.23,-0.4300003
0.33,-0.4300003
-0.67,-0.5600004
-0.8,-0.5600004
-1.0,-0.5600004
-1.13,-0.5600004
-1.3,-0.5600004
-1.39,-0.5600004
-1.43,-0.5600004
-1.53,-0.5600004
-1.67,-0.5600004
-1.64,-0.5600004
-1.48,-0.5600004
-1.45,-0.5600004
-1.4,-0.5600004
-1.29,-0.5600004
-1.07,-0.5600004
-0.88,-0.5600004
-0.77,-0.5600004
-0.48,-0.5600004
-0.31,-0.5600004
-0.11,-0.5600004
0.1,-0.5600004
0.23,-0.5600004
0.33,-0.5600004
0.53,-0.5600004
-0.8,-0.6700001
-1.0,-0.6700001
-1.13,-0.6700001
-1.3,-0.6700001
-1.39,-0.6700001
-1.43,-0.6700001
-1.53,-0.6700001
-1.67,-0.6700001
-1.64,-0.6700001
-1.48,-0.6700001
-1.45,-0.6700001
-1.4,-0.6700001
-1.29,-0.6700001
-1.07,-0.6700001
-0.88,-0.6700001
-0.77,-0.6700001
-0.48,-0.6700001
-0.31,-0.6700001
-0.11,-0.6700001
0.1,-0.6700001
0.23,-0.6700001
0.33,-0.6700001
0.53,-0.6700001
0.59,-0.6700001
-1.0,-0.8000002
-1.13,-0.8000002
-1.3,-0.8000002
-1.39,-0.8000002
-1.43,-0.8000002
-1.53,-0.8000002
-1.67,-0.8000002
-1.64,-0.8000002
-1.48,-0.8000002
-1.45,-0.8000002
-1.4,-0.8000002
-1.29,-0.8000002
-1.07,-0.8000002
-0.88,-0.8000002
-0.77,-0.8000002
-0.48,-0.8000002
-0.31,-0.8000002
-0.11,-0.8000002
0.1,-0.8000002
0.23,-0.8000002
0.33,-0.8000002
0.53,-0.8000002
0.59,-0.8000002
0.55,-0.8000002
-1.13,-1.0
-1.3,-1.0
-1.39,-1.0
-1.43,-1.0
-1.53,-1.0
-1.67,-1.0
-1.64,-1.0
-1.48,-1.0
-1.45,-1.0
-1.4,-1.0
-1.29,-1.0
-1.07,-1.0
-0.88,-1.0
-0.77,-1.0
-0.48,-1.0
-0.31,-1.0
-0.11,-1.0
0.1,-1.0
0.23,-1.0
0.33,-1.0
0.53,-1.0
0.59,-1.0
0.55,-1.0
0.79,-1.0
-1.3,-1.1300001
-1.39,-1.1300001
-1.43,-1.1300001
-1.53,-1.1300001
-1.67,-1.1300001
-1.64,-1.1300001
-1.48,-1.1300001
-1.45,-1.1300001
-1.4,-1.1300001
-1.29,-1.1300001
-1.07,-1.1300001
-0.88,-1.1300001
-0.77,-1.1300001
-0.48,-1.1300001
-0.31,-1.1300001
-0.11,-1.1300001
0.1,-1.1300001
0.23,-1.1300001
0.33,-1.1300001
0.53,-1.1300001
0.59,-1.1300001
0.55,-1.1300001
0.79,-1.1300001
0.98,-1.1300001
-1.39,-1.3000002
-1.43,-1.3000002
-1.53,-1.3000002
-1.67,-1.3000002
-1.64,-1.3000002
-1.48,-1.3000002
-1.45,-1.3000002
-1.4,-1.3000002
-1.29,-1.3000002
-1.07,-1.3000002
-0.88,-1.3000002
-0.77,-1.3000002
-0.48,-1.3000002
-0.31,-1.3000002
-0.11,-1.3000002
0.1,-1.3000002
0.23,-1.3000002
0.33,-1.3000002
0.53,-1.3000002
0.59,-1.3000002
0.55,-1.3000002
0.79,-1.3000002
0.98,-1.3000002
1.2,-1.3000002
-1.43,-1.3900003
-1.53,-1.3900003
-1.67,-1.3900003
-1.64,-1.3900003
-1.48,-1.3900003
-1.45,-1.3900003
-1.4,-1.3900003
-1.29,-1.3900003
-1.07,-1.3900003
-0.88,-1.3900003
-0.77,-1.3900003
-0.48,-1.3900003
-0.31,-1.3900003
-0.11,-1.3900003
0.1,-1.3900003
0.23,-1.3900003
0.33,-1.3900003
0.53,-1.3900003
0.59,-1.3900003
0.55,-1.3900003
0.79,-1.3900003
0.98,-1.3900003
1.2,-1.3900003
1.28,-1.3900003
-1.53,-1.4300003
-1.67,-1.4300003
-1.64,-1.4300003
-1.48,-1.4300003
-1.45,-1.4300003
-1.4,-1.4300003
-1.29,-1.4300003
-1.07,-1.4300003
-0.88,-1.4300003
-0.77,-1.4300003
-0.48,-1.4300003
-0.31,-1.4300003
-0.11,-1.4300003
0.1,-1.4300003
0.23,-1.4300003
0.33,-1.4300003
0.53,-1.4300003
0.59,-1.4300003
0.55,-1.4300003
0.79,-1.4300003
0.98,-1.4300003
1.2,-1.4300003
1.28,-1.4300003
1.46,-1.4300003
-1.67,-1.5299997
-1.64,-1.5299997
-1.48,-1.5299997
-1.45,-1.5299997
-1.4,-1.5299997
-1.29,-1.5299997
-1.07,-1.5299997
-0.88,-1.5299997
-0.77,-1.5299997
-0.48,-1.5299997
-0.31,-1.5299997
-0.11,-1.5299997
0.1,-1.5299997
0.23,-1.5299997
0.33,-1.5299997
0.53,-1.5299997
0.59,-1.5299997
0.55,-1.5299997
0.79,-1.5299997
0.98,-1.5299997
1.2,-1.5299997
1.28,-1.5299997
1.46,-1.5299997
1.63,-1.5299997
-1.64,-1.6700001
-1.48,-1.6700001
-1.45,-1.6700001
-1.4,-1.6700001
-1.29,-1.6700001
-1.07,-1.6700001
-0.88,-1.6700001
-0.77,-1.6700001
-0.48,-1.6700001
-0.31,-1.6700001
-0.11,-1.6700001
0.1,-1.6700001
0.23,-1.6700001
0.33,-1.6700001
0.53,-1.6700001
0.59,-1.6700001
0.55,-1.6700001
0.79,-1.6700001
0.98,-1.6700001
1.2,-1.6700001
1.28,-1.6700001
1.46,-1.6700001
1.63,-1.6700001
2.04,-1.6700001
-1.48,-1.6400003
-1.45,-1.6400003
-1.4,-1.6400003
-1.29,-1.6400003
-1.07,-1.6400003
-0.88,-1.6400003
-0.77,-1.6400003
-0.48,-1.6400003
-0.31,-1.6400003
-0.11,-1.6400003
0.1,-1.6400003
0.23,-1.6400003
0.33,-1.6400003
0.53,-1.6400003
0.59,-1.6400003
0.55,-1.6400003
0.79,-1.6400003
0.98,-1.6400003
1.2,-1.6400003
1.28,-1.6400003
1.46,-1.6400003
1.63,-1.6400003
2.04,-1.6400003
2.42,-1.6400003
-1.45,-1.4800005
-1.4,-1.4800005
-1.29,-1.4800005
-1.07,-1.4800005
-0.88,-1.4800005
-0.77,-1.4800005
-0.48,-1.4800005
-0.31,-1.4800005
-0.11,-1.4800005
0.1,-1.4800005
0.23,-1.4800005
0.33,-1.4800005
0.53,-1.4800005
0.59,-1.4800005
0.55,-1.4800005
0.79,-1.4800005
0.98,-1.4800005
1.2,-1.4800005
1.28,-1.4800005
1.46,-1.4800005
1.63,-1.4800005
2.04,-1.4800005
2.42,-1.4800005
2.45,-1.4800005
-1.4,-1.4499998
-1.29,-1.4499998
-1.07,-1.4499998
-0.88,-1.4499998
-0.77,-1.4499998
-0.48,-1.4499998
-0.31,-1.4499998
-0.11,-1.4499998
0.1,-1.4499998
0.23,-1.4499998
0.33,-1.4499998
0.53,-1.4499998
0.59,-1.4499998
0.55,-1.4499998
0.79,-1.4499998
0.98,-1.4499998
1.2,-1.4499998
1.28,-1.4499998
1.46,-1.4499998
1.63,-1.4499998
2.04,-1.4499998
2.42,-1.4499998
2.45,-1.4499998
2.67,-1.4499998
-1.29,-1.3999996
-1.07,-1.3999996
-0.88,-1.3999996
-0.77,-1.3999996
-0.48,-1.3999996
-0.31,-1.3999996
-0.11,-1.3999996
0.1,-1.3999996
0.23,-1.3999996
0.33,-1.3999996
0.53,-1.3999996
0.59,-1.3999996
0.55,-1.3999996
0.79,-1.3999996
0.98,-1.3999996
1.2,-1.3999996
1.28,-1.3999996
1.46,-1.3999996
1.63,-1.3999996
2.04,-1.3999996
2.42,-1.3999996
2.45,-1.3999996
2.67,-1.3999996
2.76,-1.3999996
-1.07,-1.29
-0.88,-1.29
-0.77,-1.29
-0.48,-1.29
-0.31,-1.29
-0.11,-1.29
0.1,-1.29
0.23,-1.29
0.33,-1.29
0.53,-1.29
0.59,-1.29
0.55,-1.29
0.79,-1.29
0.98,-1.29
1.2,-1.29
1.28,-1.29
1.46,-1.29
1.63,-1.29
2.04,-1.29
2.42,-1.29
2.45,-1.29
2.67,-1.29
2.76,-1.29
2.86,-1.29
-0.88,-1.0699997
-0.77,-1.0699997
-0.48,-1.0699997
-0.31,-1.0699997
-0.11,-1.0699997
0.1,-1.0699997
0.23,-1.0699997
0.33,-1.0699997
0.53,-1.0699997
0.59,-1.0699997
0.55,-1.0699997
0.79,-1.0699997
0.98,-1.0699997
1.2,-1.0699997
1.28,-1.0699997
1.46,-1.0699997
1.63,-1.0699997
2.04,-1.0699997
2.42,-1.0699997
2.45,-1.0699997
2.67,-1.0699997
2.76,-1.0699997
2.86,-1.0699997
3.08,-1.0699997
-0.77,-0.8800001
-0.48,-0.8800001
-0.31,-0.8800001
-0.11,-0.8800001
0.1,-0.8800001
0.23,-0.8800001
0.33,-0.8800001
0.53,-0.8800001
0.59,-0.8800001
0.55,-0.8800001
0.79,-0.8800001
0.98,-0.8800001
1.2,-0.8800001
1.28,-0.8800001
1.46,-0.8800001
1.63,-0.8800001
2.04,-0.8800001
2.42,-0.8800001
2.45,-0.8800001
2.67,-0.8800001
2.76,-0.8800001
2.86,-0.8800001
3.08,-0.8800001
3.01,-0.8800001
-0.48,-0.7699995
-0.31,-0.7699995
-0.11,-0.7699995
0.1,-0.7699995
0.23,-0.7699995
0.33,-0.7699995
0.53,-0.7699995
0.59,-0.7699995
0.55,-0.7699995
0.79,-0.7699995
0.98,-0.7699995
1.2,-0.7699995
1.28,-0.7699995
1.46,-0.7699995
1.63,-0.7699995
2.04,-0.7699995
2.42,-0.7699995
2.45,-0.7699995
2.67,-0.7699995
2.76,-0.7699995
2.86,-0.7699995
3.08,-0.7699995
3.01,-0.7699995
2.85,-0.7699995
-0.31,-0.47999954
-0.11,-0.47999954
0.1,-0.47999954
0.23,-0.47999954
0.33,-0.47999954
0.53,-0.47999954
0.59,-0.47999954
0.55,-0.47999954
0.79,-0.47999954
0.98,-0.47999954
1.2,-0.47999954
1.28,-0.47999954
1.46,-0.47999954
1.63,-0.47999954
2.04,-0.47999954
2.42,-0.47999954
2.45,-0.47999954
2.67,-0.47999954
2.76,-0.47999954
2.86,-0.47999954
3.08,-0.47999954
3.01,-0.47999954
2.85,-0.47999954
2.8,-0.47999954
-0.11,-0.31000042
0.1,-0.31000042
0.23,-0.31000042
0.33,-0.31000042
0.53,-0.31000042
0.59,-0.31000042
0.55,-0.31000042
0.79,-0.31000042
0.98,-0.31000042
1.2,-0.31000042
1.28,-0.31000042
1.46,-0.31000042
1.63,-0.31000042
2.04,-0.31000042
2.42,-0.31000042
2.45,-0.31000042
2.67,-0.31000042
2.76,-0.31000042
2.86,-0.31000042
3.08,-0.31000042
3.01,-0.31000042
2.85,-0.31000042
2.8,-0.31000042
2.79,-0.31000042
0.1,-0.10999966
0.23,-0.10999966
0.33,-0.10999966
0.53,-0.10999966
0.59,-0.10999966
0.55,-0.10999966
0.79,-0.10999966
0.98,-0.10999966
1.2,-0.10999966
1.28,-0.10999966
1.46,-0.10999966
1.63,-0.10999966
2.04,-0.10999966
2.42,-0.10999966
2.45,-0.10999966
2.67,-0.10999966
2.76,-0.10999966
2.86,-0.10999966
3.08,-0.10999966
3.01,-0.10999966
2.85,-0.10999966
2.8,-0.10999966
2.79,-0.10999966
2.84,-0.10999966
0.23,0.10000038
0.33,0.10000038
0.53,0.10000038
0.59,0.10000038
0.55,0.10000038
0.79,0.10000038
0.98,0.10000038
1.2,0.10000038
1.28,0.10000038
1.46,0.10000038
1.63,0.10000038
2.04,0.10000038
2.42,0.10000038
2.45,0.10000038
2.67,0.10000038
2.76,0.10000038
2.86,0.10000038
3.08,0.10000038
3.01,0.10000038
2.85,0.10000038
2.8,0.10000038
2.79,0.10000038
2.84,0.10000038
3.03,0.10000038
0.33,0.22999954
0.53,0.22999954
0.59,0.22999954
0.55,0.22999954
0.79,0.22999954
0.98,0.22999954
1.2,0.22999954
1.28,0.22999954
1.46,0.22999954
1.63,0.22999954
2.04,0.22999954
2.42,0.22999954
2.45,0.22999954
2.67,0.22999954
2.76,0.22999954
2.86,0.22999954
3.08,0.22999954
3.01,0.22999954
2.85,0.22999954
2.8,0.22999954
2.79,0.22999954
2.84,0.22999954
3.03,0.22999954
3.27,0.22999954
0.53,0.32999992
0.59,0.32999992
0.55,0.32999992
0.79,0.32999992
0.98,0.32999992
1.2,0.32999992
1.28,0.32999992
1.46,0.32999992
1.63,0.32999992
2.04,0.32999992
2.42,0.32999992
2.45,0.32999992
2.67,0.32999992
2.76,0.32999992
2.86,0.32999992
3.08,0.32999992
3.01,0.32999992
2.85,0.32999992
2.8,0.32999992
2.79,0.32999992
2.84,0.32999992
3.03,0.32999992
3.27,0.32999992
3.25,0.32999992
0.59,0.52999973
0.55,0.52999973
0.79,0.52999973
0.98,0.52999973
1.2,0.52999973
1.28,0.52999973
1.46,0.52999973
1.63,0.52999973
2.04,0.52999973
2.42,0.52999973
2.45,0.52999973
2.67,0.52999973
2.76,0.52999973
2.86,0.52999973
3.08,0.52999973
3.01,0.52999973
2.85,0.52999973
2.8,0.52999973
2.79,0.52999973
2.84,0.52999973
3.03,0.52999973
3.27,0.52999973
3.25,0.52999973
2.96,0.52999973
0.55,0.59000015
0.79,0.59000015
0.98,0.59000015
1.2,0.59000015
1.28,0.59000015
1.46,0.59000015
1.63,0.59000015
2.04,0.59000015
2.42,0.59000015
2.45,0.59000015
2.67,0.59000015
2.76,0.59000015
2.86,0.59000015
3.08,0.59000015
3.01,0.59000015
2.85,0.59000015
2.8,0.59000015
2.79,0.59000015
2.84,0.59000015
3.03,0.59000015
3.27,0.59000015
3.25,0.59000015
2.96,0.59000015
2.69,0.59000015
0.79,0.5500002
0.98,0.5500002
1.2,0.5500002
1.28,0.5500002
1.46,0.5500002
1.63,0.5500002
2.04,0.5500002
2.42,0.5500002
2.45,0.5500002
2.67,0.5500002
2.76,0.5500002
2.86,0.5500002
3.08,0.5500002
3.01,0.5500002
2.85,0.5500002
2.8,0.5500002
2.79,0.5500002
2.84,0.5500002
3.03,0.5500002
3.27,0.5500002
3.25,0.5500002
2.96,0.5500002
2.69,0.5500002
2.6,0.5500002
0.98,0.78999996
1.2,0.78999996
1.28,0.78999996
1.46,0.78999996
1.63,0.78999996
2.04,0.78999996
2.42,0.78999996
2.45,0.78999996
2.67,0.78999996
2.76,0.78999996
2.86,0.78999996
3.08,0.78999996
3.01,0.78999996
2.85,0.78999996
2.8,0.78999996
2.79,0.78999996
2.84,0.78999996
3.03,0.78999996
3.27,0.78999996
3.25,0.78999996
2.96,0.78999996
2.69,0.78999996
2.6,0.78999996
2.76,0.78999996
1.2,0.9800005
1.28,0.9800005
1.46,0.9800005
1.63,0.9800005
2.04,0.9800005
2.42,0.9800005
2.45,0.9800005
2.67,0.9800005
2.76,0.9800005
2.86,0.9800005
3.08,0.9800005
3.01,0.9800005
2.85,0.9800005
2.8,0.9800005
2.79,0.9800005
2.84,0.9800005
3.03,0.9800005
3.27,0.9800005
3.25,0.9800005
2.96,0.9800005
2.69,0.9800005
2.6,0.9800005
2.76,0.9800005
2.77,0.9800005
1.28,1.1999998
1.46,1.1999998
1.63,1.1999998
2.04,1.1999998
2.42,1.1999998
2.45,1.1999998
2.67,1.1999998
2.76,1.1999998
2.86,1.1999998
3.08,1.1999998
3.01,1.1999998
2.85,1.1999998
2.8,1.1999998
2.79,1.1999998
2.84,1.1999998
3.03,1.1999998
3.27,1.1999998
3.25,1.1999998
2.96,1.1999998
2.69,1.1999998
2.6,1.1999998
2.76,1.1999998
2.77,1.1999998
2.43,1.1999998
1.46,1.2799997
1.63,1.2799997
2.04,1.2799997
2.42,1.2799997
2.45,1.2799997
2.67,1.2799997
2.76,1.2799997
2.86,1.2799997
3.08,1.2799997
3.01,1.2799997
2.85,1.2799997
2.8,1.2799997
2.79,1.2799997
2.84,1.2799997
3.03,1.2799997
3.27,1.2799997
3.25,1.2799997
2.96,1.2799997
2.69,1.2799997
2.6,1.2799997
2.76,1.2799997
2.77,1.2799997
2.43,1.2799997
2.2,1.2799997
1.63,1.46
2.04,1.46
2.42,1.46
2.45,1.46
2.67,1.46
2.76,1.46
2.86,1.46
3.08,1.46
3.01,1.46
2.85,1.46
2.8,1.46
2.79,1.46
2.84,1.46
3.03,1.46
3.27,1.46
3.25,1.46
2.96,1.46
2.69,1.46
2.6,1.46
2.76,1.46
2.77,1.46
2.43,1.46
2.2,1.46
2.02,1.46
2.04,1.6300001
2.42,1.6300001
2.45,1.6300001
2.67,1.6300001
2.76,1.6300001
2.86,1.6300001
3.08,1.6300001
3.01,1.6300001
2.85,1.6300001
2.8,1.6300001
2.79,1.6300001
2.84,1.6300001
3.03,1.6300001
3.27,1.6300001
3.25,1.6300001
2.96,1.6300001
2.69,1.6300001
2.6,1.6300001
2.76,1.6300001
2.77,1.6300001
2.43,1.6300001
2.2,1.6300001
2.02,1.6300001
1.74,1.6300001
2.42,2.04
2.45,2.04
2.67,2.04
2.76,2.04
2.86,2.04
3.08,2.04
3.01,2.04
2.85,2.04
2.8,2.04
2.79,2.04
2.84,2.04
3.03,2.04
3.27,2.04
3.25,2.04
2.96,2.04
2.69,2.04
2.6,2.04
2.76,2.04
2.77,2.04
2.43,2.04
2.2,2.04
2.02,2.04
1.74,2.04
1.39,2.04
2.45,2.42
2.67,2.42
2.76,2.42
2.86,2.42
3.08,2.42
3.01,2.42
2.85,2.42
2.8,2.42
2.79,2.42
2.84,2.42
3.03,2.42
3.27,2.42
3.25,2.42
2.96,2.42
2.69,2.42
2.6,2.42
2.76,2.42
2.77,2.42
2.43,2.42
2.2,2.42
2.02,2.42
1.74,2.42
1.39,2.42
1.25,2.42
2.67,2.4499998
2.76,2.4499998
2.86,2.4499998
3.08,2.4499998
3.01,2.4499998
2.85,2.4499998
2.8,2.4499998
2.79,2.4499998
2.84,2.4499998
3.03,2.4499998
3.27,2.4499998
3.25,2.4499998
2.96,2.4499998
2.69,2.4499998
2.6,2.4499998
2.76,2.4499998
2.77,2.4499998
2.43,2.4499998
2.2,2.4499998
2.02,2.4499998
1.74,2.4499998
1.39,2.4499998
1.25,2.4499998
1.25,2.4499998
2.76,2.67
2.86,2.67
3.08,2.67
3.01,2.67
2.85,2.67
2.8,2.67
2.79,2.67
2.84,2.67
3.03,2.67
3.27,2.67
3.25,2.67
2.96,2.67
2.69,2.67
2.6,2.67
2.76,2.67
2.77,2.67
2.43,2.67
2.2,2.67
2.02,2.67
1.74,2.67
1.39,2.67
1.25,2.67
1.25,2.67
1.03,2.67
2.86,2.7600002
3.08,2.7600002
3.01,2.7600002
2.85,2.7600002
2.8,2.7600002
2.79,2.7600002
2.84,2.7600002
3.03,2.7600002
3.27,2.7600002
3.25,2.7600002
2.96,2.7600002
2.69,2.7600002
2.6,2.7600002
2.76,2.7600002
2.77,2.7600002
2.43,2.7600002
2.2,2.7600002
2.02,2.7600002
1.74,2.7600002
1.39,2.7600002
1.25,2.7600002
1.25,2.7600002
1.03,2.7600002
0.85,2.7600002
3.08,2.8599997
3.01,2.8599997
2.85,2.8599997
2.8,2.8599997
2.79,2.8599997
2.84,2.8599997
3.03,2.8599997
3.27,2.8599997
3.25,2.8599997
2.96,2.8599997
2.69,2.8599997
2.6,2.8599997
2.76,2.8599997
2.77,2.8599997
2.43,2.8599997
2.2,2.8599997
2.02,2.8599997
1.74,2.8599997
1.39,2.8599997
1.25,2.8599997
1.25,2.8599997
1.03,2.8599997
0.85,2.8599997
0.54,2.8599997
3.01,3.08
2.85,3.08
2.8,3.08
2.79,3.08
2.84,3.08
3.03,3.08
3.27,3.08
3.25,3.08
2.96,3.08
2.69,3.08
2.6,3.08
2.76,3.08
2.77,3.08
2.43,3.08
2.2,3.08
2.02,3.08
1.74,3.08
1.39,3.08
1.25,3.08
1.25,3.08
1.03,3.08
0.85,3.08
0.54,3.08
0.33,3.08
2.85,3.0100002
2.8,3.0100002
2.79,3.0100002
2.84,3.0100002
3.03,3.0100002
3.27,3.0100002
3.25,3.0100002
2.96,3.0100002
2.69,3.0100002
2.6,3.0100002
2.76,3.0100002
2.77,3.0100002
2.43,3.0100002
2.2,3.0100002
2.02,3.0100002
1.74,3.0100002
1.39,3.0100002
1.25,3.0100002
1.25,3.0100002
1.03,3.0100002
0.85,3.0100002
0.54,3.0100002
0.33,3.0100002
0.34,3.0100002
2.8,2.8499994
2.79,2.8499994
2.84,2.8499994
3.03,2.8499994
3.27,2.8499994
3.25,2.8499994
2.96,2.8499994
2.69,2.8499994
2.6,2.8499994
2.76,2.8499994
2.77,2.8499994
2.43,2.8499994
2.2,2.8499994
2.02,2.8499994
1.74,2.8499994
1.39,2.8499994
1.25,2.8499994
1.25,2.8499994
1.03,2.8499994
0.85,2.8499994
0.54,2.8499994
0.33,2.8499994
0.34,2.8499994
0.41,2.8499994
2.79,2.8000002
2.84,2.8000002
3.03,2.8000002
3.27,2.8000002
3.25,2.8000002
2.96,2.8000002
2.69,2.8000002
2.6,2.8000002
2.76,2.8000002
2.77,2.8000002
2.43,2.8000002
2.2,2.8000002
2.02,2.8000002
1.74,2.8000002
1.39,2.8000002
1.25,2.8000002
1.25,2.8000002
1.03,2.8000002
0.85,2.8000002
0.54,2.8000002
0.33,2.8000002
0.34,2.8000002
0.41,2.8000002
0.28,2.8000002
2.84,2.79
3.03,2.79
3.27,2.79
3.25,2.79
2.96,2.79
2.69,2.79
2.6,2.79
2.76,2.79
2.77,2.79
2.43,2.79
2.2,2.79
2.02,2.79
1.74,2.79
1.39,2.79
1.25,2.79
1.25,2.79
1.03,2.79
0.85,2.79
0.54,2.79
0.33,2.79
0.34,2.79
0.41,2.79
0.28,2.79
0.0,2.79
3.03,2.8400002
3.27,2.8400002
3.25,2.8400002
2.96,2.8400002
2.69,2.8400002
2.6,2.8400002
2.76,2.8400002
2.77,2.8400002
2.43,2.8400002
2.2,2.8400002
2.02,2.8400002
1.74,2.8400002
1.39,2.8400002
1.25,2.8400002
1.25,2.8400002
1.03,2.8400002
0.85,2.8400002
0.54,2.8400002
0.33,2.8400002
0.34,2.8400002
0.41,2.8400002
0.28,2.8400002
0.0,2.8400002
-0.18,2.8400002
3.27,3.0299997
3.25,3.0299997
2.96,3.0299997
2.69,3.0299997
2.6,3.0299997
2.76,3.0299997
2.77,3.0299997
2.43,3.0299997
2.2,3.0299997
2.02,3.0299997
1.74,3.0299997
1.39,3.0299997
1.25,3.0299997
1.25,3.0299997
1.03,3.0299997
0.85,3.0299997
0.54,3.0299997
0.33,3.0299997
0.34,3.0299997
0.41,3.0299997
0.28,3.0299997
0.0,3.0299997
-0.18,3.0299997
-0.32,3.0299997
3.25,3.2699995
2.96,3.2699995
2.69,3.2699995
2.6,3.2699995
2.76,3.2699995
2.77,3.2699995
2.43,3.2699995
2.2,3.2699995
2.02,3.2699995
1.74,3.2699995
1.39,3.2699995
1.25,3.2699995
1.25,3.2699995
1.03,3.2699995
0.85,3.2699995
0.54,3.2699995
0.33,3.2699995
0.34,3.2699995
0.41,3.2699995
0.28,3.2699995
0.0,3.2699995
-0.18,3.2699995
-0.32,3.2699995
-0.45,3.2699995
2.96,3.25
2.69,3.25
2.6,3.25
2.76,3.25
2.77,3.25
2.43,3.25
2.2,3.25
2.02,3.25
1.74,3.25
1.39,3.25
1.25,3.25
1.25,3.25
1.03,3.25
0.85,3.25
0.54,3.25
0.33,3.25
0.34,3.25
0.41,3.25
0.28,3.25
0.0,3.25
-0.18,3.25
-0.32,3.25
-0.45,3.25
-0.67,3.25
2.69,2.96
2.6,2.96
2.76,2.96
2.77,2.96
2.43,2.96
2.2,2.96
2.02,2.96
1.74,2.96
1.39,2.96
1.25,2.96
1.25,2.96
1.03,2.96
0.85,2.96
0.54,2.96
0.33,2.96
0.34,2.96
0.41,2.96
0.28,2.96
0.0,2.96
-0.18,2.96
-0.32,2.96
-0.45,2.96
-0.67,2.96
-0.94,2.96
2.6,2.6899996
2.76,2.6899996
2.77,2.6899996
2.43,2.6899996
2.2,2.6899996
2.02,2.6899996
1.74,2.6899996
1.39,2.6899996
1.25,2.6899996
1.25,2.6899996
1.03,2.6899996
0.85,2.6899996
0.54,2.6899996
0.33,2.6899996
0.34,2.6899996
0.41,2.6899996
0.28,2.6899996
0.0,2.6899996
-0.18,2.6899996
-0.32,2.6899996
-0.45,2.6899996
-0.67,2.6899996
-0.94,2.6899996
-1.01,2.6899996
2.76,2.5999994
2.77,2.5999994
2.43,2.5999994
2.2,2.5999994
2.02,2.5999994
1.74,2.5999994
1.39,2.5999994
1.25,2.5999994
1.25,2.5999994
1.03,2.5999994
0.85,2.5999994
0.54,2.5999994
0.33,2.5999994
0.34,2.5999994
0.41,2.5999994
0.28,2.5999994
0.0,2.5999994
-0.18,2.5999994
-0.32,2.5999994
-0.45,2.5999994
-0.67,2.5999994
-0.94,2.5999994
-1.01,2.5999994
-0.95,2.5999994
2.77,2.7600002
2.43,2.7600002
2.2,2.7600002
2.02,2.7600002
1.74,2.7600002
1.39,2.7600002
1.25,2.7600002
1.25,2.7600002
1.03,2.7600002
0.85,2.7600002
0.54,2.7600002
0.33,2.7600002
0.34,2.7600002
0.41,2.7600002
0.28,2.7600002
0.0,2.7600002
-0.18,2.7600002
-0.32,2.7600002
-0.45,2.7600002
-0.67,2.7600002
-0.94,2.7600002
-1.01,2.7600002
-0.95,2.7600002
-0.95,2.7600002
2.43,2.7699995
2.2,2.7699995
2.02,2.7699995
1.74,2.7699995
1.39,2.7699995
1.25,2.7699995
1.25,2.7699995
1.03,2.7699995
0.85,2.7699995
0.54,2.7699995
0.33,2.7699995
0.34,2.7699995
0.41,2.7699995
0.28,2.7699995
0.0,2.7699995
-0.18,2.7699995
-0.32,2.7699995
-0.45,2.7699995
-0.67,2.7699995
-0.94,2.7699995
-1.01,2.7699995
-0.95,2.7699995
-0.95,2.7699995
-0.81,2.7699995
2.2,2.4300003
2.02,2.4300003
1.74,2.4300003
1.39,2.4300003
1.25,2.4300003
1.25,2.4300003
1.03,2.4300003
0.85,2.4300003
0.54,2.4300003
0.33,2.4300003
0.34,2.4300003
0.41,2.4300003
0.28,2.4300003
0.0,2.4300003
-0.18,2.4300003
-0.32,2.4300003
-0.45,2.4300003
-0.67,2.4300003
-0.94,2.4300003
-1.01,2.4300003
-0.95,2.4300003
-0.95,2.4300003
-0.81,2.4300003
-0.72,2.4300003
2.02,2.1999998
1.74,2.1999998
1.39,2.1999998
1.25,2.1999998
1.25,2.1999998
1.03,2.1999998
0.85,2.1999998
0.54,2.1999998
0.33,2.1999998
0.34,2.1999998
0.41,2.1999998
0.28,2.1999998
0.0,2.1999998
-0.18,2.1999998
-0.32,2.1999998
-0.45,2.1999998
-0.67,2.1999998
-0.94,2.1999998
-1.01,2.1999998
-0.95,2.1999998
-0.95,2.1999998
-0.81,2.1999998
-0.72,2.1999998
-0.8,2.1999998
1.74,2.0199995
1.39,2.0199995
1.25,2.0199995
1.25,2.0199995
1.03,2.0199995
0.85,2.0199995
0.54,2.0199995
0.33,2.0199995
0.34,2.0199995
0.41,2.0199995
0.28,2.0199995
0.0,2.0199995
-0.18,2.0199995
-0.32,2.0199995
-0.45,2.0199995
-0.67,2.0199995
-0.94,2.0199995
-1.01,2.0199995
-0.95,2.0199995
-0.95,2.0199995
-0.81,2.0199995
-0.72,2.0199995
-0.8,2.0199995
-0.81,2.0199995
1.39,1.7399998
1.25,1.7399998
1.25,1.7399998
1.03,1.7399998
0.85,1.7399998
0.54,1.7399998
0.33,1.7399998
0.34,1.7399998
0.41,1.7399998
0.28,1.7399998
0.0,1.7399998
-0.18,1.7399998
-0.32,1.7399998
-0.45,1.7399998
-0.67,1.7399998
-0.94,1.7399998
-1.01,1.7399998
-0.95,1.7399998
-0.95,1.7399998
-0.81,1.7399998
-0.72,1.7399998
-0.8,1.7399998
-0.81,1.7399998
-0.92,1.7399998
1.25,1.3900003
1.25,1.3900003
1.03,1.3900003
0.85,1.3900003
0.54,1.3900003
0.33,1.3900003
0.34,1.3900003
0.41,1.3900003
0.28,1.3900003
0.0,1.3900003
-0.18,1.3900003
-0.32,1.3900003
-0.45,1.3900003
-0.67,1.3900003
-0.94,1.3900003
-1.01,1.3900003
-0.95,1.3900003
-0.95,1.3900003
-0.81,1.3900003
-0.72,1.3900003
-0.8,1.3900003
-0.81,1.3900003
-0.92,1.3900003
-0.98,1.3900003
1.25,1.25
1.03,1.25
0.85,1.25
0.54,1.25
0.33,1.25
0.34,1.25
0.41,1.25
0.28,1.25
0.0,1.25
-0.18,1.25
-0.32,1.25
-0.45,1.25
-0.67,1.25
-0.94,1.25
-1.01,1.25
-0.95,1.25
-0.95,1.25
-0.81,1.25
-0.72,1.25
-0.8,1.25
-0.81,1.25
-0.92,1.25
-0.98,1.25
-0.98,1.25
1.03,1.25
0.85,1.25
0.54,1.25
0.33,1.25
0.34,1.25
0.41,1.25
0.28,1.25
0.0,1.25
-0.18,1.25
-0.32,1.25
-0.45,1.25
-0.67,1.25
-0.94,1.25
-1.01,1.25
-0.95,1.25
-0.95,1.25
-0.81,1.25
-0.72,1.25
-0.8,1.25
-0.81,1.25
-0.92,1.25
-0.98,1.25
-0.98,1.25
-1.12,1.25
0.85,1.0299997
0.54,1.0299997
0.33,1.0299997
0.34,1.0299997
0.41,1.0299997
0.28,1.0299997
0.0,1.0299997
-0.18,1.0299997
-0.32,1.0299997
-0.45,1.0299997
-0.67,1.0299997
-0.94,1.0299997
-1.01,1.0299997
-0.95,1.0299997
-0.95,1.0299997
-0.81,1.0299997
-0.72,1.0299997
-0.8,1.0299997
-0.81,1.0299997
-0.92,1.0299997
-0.98,1.0299997
-0.98,1.0299997
-1.12,1.0299997
-1.27,1.0299997
0.54,0.8500004
0.33,0.8500004
0.34,0.8500004
0.41,0.8500004
0.28,0.8500004
0.0,0.8500004
-0.18,0.8500004
-0.32,0.8500004
-0.45,0.8500004
-0.67,0.8500004
-0.94,0.8500004
-1.01,0.8500004
-0.95,0.8500004
-0.95,0.8500004
-0.81,0.8500004
-0.72,0.8500004
-0.8,0.8500004
-0.81,0.8500004
-0.92,0.8500004
-0.98,0.8500004
-0.98,0.8500004
-1.12,0.8500004
-1.27,0.8500004
-1.4,0.8500004
0.33,0.53999996
0.34,0.53999996
0.41,0.53999996
0.28,0.53999996
0.0,0.53999996
-0.18,0.53999996
-0.32,0.53999996
-0.45,0.53999996
-0.67,0.53999996
-0.94,0.53999996
-1.01,0.53999996
-0.95,0.53999996
-0.95,0.53999996
-0.81,0.53999996
-0.72,0.53999996
-0.8,0.53999996
-0.81,0.53999996
-0.92,0.53999996
-0.98,0.53999996
-0.98,0.53999996
-1.12,0.53999996
-1.27,0.53999996
-1.4,0.53999996
-1.43,0.53999996
0.34,0.32999992
0.41,0.32999992
0.28,0.32999992
0.0,0.32999992
-0.18,0.32999992
-0.32,0.32999992
-0.45,0.32999992
-0.67,0.32999992
-0.94,0.32999992
-1.01,0.32999992
-0.95,0.32999992
-0.95,0.32999992
-0.81,0.32999992
-0.72,0.32999992
-0.8,0.32999992
-0.81,0.32999992
-0.92,0.32999992
-0.98,0.32999992
-0.98,0.32999992
-1.12,0.32999992
-1.27,0.32999992
-1.4,0.32999992
-1.43,0.32999992
-1.44,0.32999992
0.41,0.34000015
0.28,0.34000015
0.0,0.34000015
-0.18,0.34000015
-0.32,0.34000015
-0.45,0.34000015
-0.67,0.34000015
-0.94,0.34000015
-1.01,0.34000015
-0.95,0.34000015
-0.95,0.34000015
-0.81,0.34000015
-0.72,0.34000015
-0.8,0.34000015
-0.81,0.34000015
-0.92,0.34000015
-0.98,0.34000015
-0.98,0.34000015
-1.12,0.34000015
-1.27,0.34000015
-1.4,0.34000015
-1.43,0.34000015
-1.44,0.34000015
-1.47,0.34000015
0.28,0.40999985
0.0,0.40999985
-0.18,0.40999985
-0.32,0.40999985
-0.45,0.40999985
-0.67,0.40999985
-0.94,0.40999985
-1.01,0.40999985
-0.95,0.40999985
-0.95,0.40999985
-0.81,0.40999985
-0.72,0.40999985
-0.8,0.40999985
-0.81,0.40999985
-0.92,0.40999985
-0.98,0.40999985
-0.98,0.40999985
-1.12,0.40999985
-1.27,0.40999985
-1.4,0.40999985
-1.43,0.40999985
-1.44,0.40999985
-1.47,0.40999985
-1.45,0.40999985
0.0,0.27999973
-0.18,0.27999973
-0.32,0.27999973
-0.45,0.27999973
-0.67,0.27999973
-0.94,0.27999973
-1.01,0.27999973
-0.95,0.27999973
-0.95,0.27999973
-0.81,0.27999973
-0.72,0.27999973
-0.8,0.27999973
-0.81,0.27999973
-0.92,0.27999973
-0.98,0.27999973
-0.98,0.27999973
-1.12,0.27999973
-1.27,0.27999973
-1.4,0.27999973
-1.43,0.27999973
-1.44,0.27999973
-1.47,0.27999973
-1.45,0.27999973
-1.4,0.27999973
-0.18,0.0
-0.32,0.0
-0.45,0.0
-0.67,0.0
-0.94,0.0
-1.01,0.0
-0.95,0.0
-0.95,0.0
-0.81,0.0
-0.72,0.0
-0.8,0.0
-0.81,0.0
-0.92,0.0
-0.98,0.0
-0.98,0.0
-1.12,0.0
-1.27,0.0
-1.4,0.0
-1.43,0.0
-1.44,0.0
-1.47,0.0
-1.45,0.0
-1.4,0.0
-1.35,0.0
-0.32,-0.1800003
-0.45,-0.1800003
-0.67,-0.1800003
-0.94,-0.1800003
-1.01,-0.1800003
-0.95,-0.1800003
-0.95,-0.1800003
-0.81,-0.1800003
-0.72,-0.1800003
-0.8,-0.1800003
-0.81,-0.1800003
-0.92,-0.1800003
-0.98,-0.1800003
-0.98,-0.1800003
-1.12,-0.1800003
-1.27,-0.1800003
-1.4,-0.1800003
-1.43,-0.1800003
-1.44,-0.1800003
-1.47,-0.1800003
-1.45,-0.1800003
-1.4,-0.1800003
-1.35,-0.1800003
-1.42,-0.1800003
-0.45,-0.3199997
-0.67,-0.3199997
-0.94,-0.3199997
-1.01,-0.3199997
-0.95,-0.3199997
-0.95,-0.3199997
-0.81,-0.3199997
-0.72,-0.3199997
-0.8,-0.3199997
-0.81,-0.3199997
-0.92,-0.3199997
-0.98,-0.3199997
-0.98,-0.3199997
-1.12,-0.3199997
-1.27,-0.3199997
-1.4,-0.3199997
-1.43,-0.3199997
-1.44,-0.3199997
-1.47,-0.3199997
-1.45,-0.3199997
-1.4,-0.3199997
-1.35,-0.3199997
-1.42,-0.3199997
-1.59,-0.3199997
-0.67,-0.4499998
-0.94,-0.4499998
-1.01,-0.4499998
-0.95,-0.4499998
-0.95,-0.4499998
-0.81,-0.4499998
-0.72,-0.4499998
-0.8,-0.4499998
-0.81,-0.4499998
-0.92,-0.4499998
-0.98,-0.4499998
-0.98,-0.4499998
-1.12,-0.4499998
-1.27,-0.4499998
-1.4,-0.4499998
-1.43,-0.4499998
-1.44,-0.4499998
-1.47,-0.4499998
-1.45,-0.4499998
-1.4,-0.4499998
-1.35,-0.4499998
-1.42,-0.4499998
-1.59,-0.4499998
-2.0,-0.4499998
-0.94,-0.6700001
-1.01,-0.6700001
-0.95,-0.6700001
-0.95,-0.6700001
-0.81,-0.6700001
-0.72,-0.6700001
-0.8,-0.6700001
-0.81,-0.6700001
-0.92,-0.6700001
-0.98,-0.6700001
-0.98,-0.6700001
-1.12,-0.6700001
-1.27,-0.6700001
-1.4,-0.6700001
-1.43,-0.6700001
-1.44,-0.6700001
-1.47,-0.6700001
-1.45,-0.6700001
-1.4,-0.6700001
-1.35,-0.6700001
-1.42,-0.6700001
-1.59,-0.6700001
-2.0,-0.6700001
-2.29,-0.6700001
-1.01,-0.9399996
-0.95,-0.9399996
-0.95,-0.9399996
-0.81,-0.9399996
-0.72,-0.9399996
-0.8,-0.9399996
-0.81,-0.9399996
-0.92,-0.9399996
-0.98,-0.9399996
-0.98,-0.9399996
-1.12,-0.9399996
-1.27,-0.9399996
-1.4,-0.9399996
-1.43,-0.9399996
-1.44,-0.9399996
-1.47,-0.9399996
-1.45,-0.9399996
-1.4,-0.9399996
-1.35,-0.9399996
-1.42,-0.9399996
-1.59,-0.9399996
-2.0,-0.9399996
-2.29,-0.9399996
-2.33,-0.9399996
-0.95,-1.0100002
-0.95,-1.0100002
-0.81,-1.0100002
-0.72,-1.0100002
-0.8,-1.0100002
-0.81,-1.0100002
-0.92,-1.0100002
-0.98,-1.0100002
-0.98,-1.0100002
-1.12,-1.0100002
-1.27,-1.0100002
-1.4,-1.0100002
-1.43,-1.0100002
-1.44,-1.0100002
-1.47,-1.0100002
-1.45,-1.0100002
-1.4,-1.0100002
-1.35,-1.0100002
-1.42,-1.0100002
-1.59,-1.0100002
-2.0,-1.0100002
-2.29,-1.0100002
-2.33,-1.0100002
-2.53,-1.0100002
-0.95,-0.9499998
-0.81,-0.9499998
-0.72,-0.9499998
-0.8,-0.9499998
-0.81,-0.9499998
-0.92,-0.9499998
-0.98,-0.9499998
-0.98,-0.9499998
-1.12,-0.9499998
-1.27,-0.9499998
-1.4,-0.9499998
-1.43,-0.9499998
-1.44,-0.9499998
-1.47,-0.9499998
-1.45,-0.9499998
-1.4,-0.9499998
-1.35,-0.9499998
-1.42,-0.9499998
-1.59,-0.9499998
-2.0,-0.9499998
-2.29,-0.9499998
-2.33,-0.9499998
-2.53,-0.9499998
-2.52,-0.9499998
-0.81,-0.9499998
-0.72,-0.9499998
-0.8,-0.9499998
-0.81,-0.9499998
-0.92,-0.9499998
-0.98,-0.9499998
-0.98,-0.9499998
-1.12,-0.9499998
-1.27,-0.9499998
-1.4,-0.9499998
-1.43,-0.9499998
-1.44,-0.9499998
-1.47,-0.9499998
-1.45,-0.9499998
-1.4,-0.9499998
-1.35,-0.9499998
-1.42,-0.9499998
-1.59,-0.9499998
-2.0,-0.9499998
-2.29,-0.9499998
-2.33,-0.9499998
-2.53,-0.9499998
-2.52,-0.9499998
-2.58,-0.9499998
-0.72,-0.8100004
-0.8,-0.8100004
-0.81,-0.8100004
-0.92,-0.8100004
-0.98,-0.8100004
-0.98,-0.8100004
-1.12,-0.8100004
-1.27,-0.8100004
-1.4,-0.8100004
-1.43,-0.8100004
-1.44,-0.8100004
-1.47,-0.8100004
-1.45,-0.8100004
-1.4,-0.8100004
-1.35,-0.8100004
-1.42,-0.8100004
-1.59,-0.8100004
-2.0,-0.8100004
-2.29,-0.8100004
-2.33,-0.8100004
-2.53,-0.8100004
-2.52,-0.8100004
-2.58,-0.8100004
-2.57,-0.8100004
-0.8,-0.72000027
-0.81,-0.72000027
-0.92,-0.72000027
-0.98,-0.72000027
-0.98,-0.72000027
-1.12,-0.72000027
-1.27,-0.72000027
-1.4,-0.72000027
-1.43,-0.72000027
-1.44,-0.72000027
-1.47,-0.72000027
-1.45,-0.72000027
-1.4,-0.72000027
-1.35,-0.72000027
-1.42,-0.72000027
-1.59,-0.72000027
-2.0,-0.72000027
-2.29,-0.72000027
-2.33,-0.72000027
-2.53,-0.72000027
-2.52,-0.72000027
-2.58,-0.72000027
-2.57,-0.72000027
-2.69,-0.72000027
-0.81,-0.8000002
-0.92,-0.8000002
-0.98,-0.8000002
-0.98,-0.8000002
-1.12,-0.8000002
-1.27,-0.8000002
-1.4,-0.8000002
-1.43,-0.8000002
-1.44,-0.8000002
-1.47,-0.8000002
-1.45,-0.8000002
-1.4,-0.8000002
-1.35,-0.8000002
-1.42,-0.8000002
-1.59,-0.8000002
-2.0,-0.8000002
-2.29,-0.8000002
-2.33,-0.8000002
-2.53,-0.8000002
-2.52,-0.8000002
-2.58,-0.8000002
-2.57,-0.8000002
-2.69,-0.8000002
-3.16,-0.8000002
-0.92,-0.8100004
-0.98,-0.8100004
-0.98,-0.8100004
-1.12,-0.8100004
-1.27,-0.8100004
-1.4,-0.8100004
-1.43,-0.8100004
-1.44,-0.8100004
-1.47,-0.8100004
-1.45,-0.8100004
-1.4,-0.8100004
-1.35,-0.8100004
-1.42,-0.8100004
-1.59,-0.8100004
-2.0,-0.8100004
-2.29,-0.8100004
-2.33,-0.8100004
-2.53,-0.8100004
-2.52,-0.8100004
-2.58,-0.8100004
-2.57,-0.8100004
-2.69,-0.8100004
-3.16,-0.8100004
-3.47,-0.8100004
-0.98,-0.9200001
-0.98,-0.9200001
-1.12,-0.9200001
-1.27,-0.9200001
-1.4,-0.9200001
-1.43,-0.9200001
-1.44,-0.9200001
-1.47,-0.9200001
-1.45,-0.9200001
-1.4,-0.9200001
-1.35,-0.9200001
-1.42,-0.9200001
-1.59,-0.9200001
-2.0,-0.9200001
-2.29,-0.9200001
-2.33,-0.9200001
-2.53,-0.9200001
-2.52,-0.9200001
-2.58,-0.9200001
-2.57,-0.9200001
-2.69,-0.9200001
-3.16,-0.9200001
-3.47,-0.9200001
-3.33,-0.9200001
-0.98,-0.9800005
-1.12,-0.9800005
-1.27,-0.9800005
-1.4,-0.9800005
-1.43,-0.9800005
-1.44,-0.9800005
-1.47,-0.9800005
-1.45,-0.9800005
-1.4,-0.9800005
-1.35,-0.9800005
-1.42,-0.9800005
-1.59,-0.9800005
-2.0,-0.9800005
-2.29,-0.9800005
-2.33,-0.9800005
-2.53,-0.9800005
-2.52,-0.9800005
-2.58,-0.9800005
-2.57,-0.9800005
-2.69,-0.9800005
-3.16,-0.9800005
-3.47,-0.9800005
-3.33,-0.9800005
-3.18,-0.9800005
-1.12,-0.9800005
-1.27,-0.9800005
-1.4,-0.9800005
-1.43,-0.9800005
-1.44,-0.9800005
-1.47,-0.9800005
-1.45,-0.9800005
-1.4,-0.9800005
-1.35,-0.9800005
-1.42,-0.9800005
-1.59,-0.9800005
-2.0,-0.9800005
-2.29,-0.9800005
-2.33,-0.9800005
-2.53,-0.9800005
-2.52,-0.9800005
-2.58,-0.9800005
-2.57,-0.9800005
-2.69,-0.9800005
-3.16,-0.9800005
-3.47,-0.9800005
-3.33,-0.9800005
-3.18,-0.9800005
-3.06,-0.9800005
-1.27,-1.1199999
-1.4,-1.1199999
-1.43,-1.1199999
-1.44,-1.1199999
-1.47,-1.1199999
-1.45,-1.1199999
-1.4,-1.1199999
-1.35,-1.1199999
-1.42,-1.1199999
-1.59,-1.1199999
-2.0,-1.1199999
-2.29,-1.1199999
-2.33,-1.1199999
-2.53,-1.1199999
-2.52,-1.1199999
-2.58,-1.1199999
-2.57,-1.1199999
-2.69,-1.1199999
-3.16,-1.1199999
-3.47,-1.1199999
-3.33,-1.1199999
-3.18,-1.1199999
-3.06,-1.1199999
-3.22,-1.1199999
-1.4,-1.2699995
-1.43,-1.2699995
-1.44,-1.2699995
-1.47,-1.2699995
-1.45,-1.2699995
-1.4,-1.2699995
-1.35,-1.2699995
-1.42,-1.2699995
-1.59,-1.2699995
-2.0,-1.2699995
-2.29,-1.2699995
-2.33,-1.2699995
-2.53,-1.2699995
-2.52,-1.2699995
-2.58,-1.2699995
-2.57,-1.2699995
-2.69,-1.2699995
-3.16,-1.2699995
-3.47,-1.2699995
-3.33,-1.2699995
-3.18,-1.2699995
-3.06,-1.2699995
-3.22,-1.2699995
-3.76,-1.2699995
-1.43,-1.3999996
-1.44,-1.3999996
-1.47,-1.3999996
-1.45,-1.3999996
-1.4,-1.3999996
-1.35,-1.3999996
-1.42,-1.3999996
-1.59,-1.3999996
-2.0,-1.3999996
-2.29,-1.3999996
-2.33,-1.3999996
-2.53,-1.3999996
-2.52,-1.3999996
-2.58,-1.3999996
-2.57,-1.3999996
-2.69,-1.3999996
-3.16,-1.3999996
-3.47,-1.3999996
-3.33,-1.3999996
-3.18,-1.3999996
-3.06,-1.3999996
-3.22,-1.3999996
-3.76,-1.3999996
-3.95,-1.3999996
-1.44,-1.4300003
-1.47,-1.4300003
-1.45,-1.4300003
-1.4,-1.4300003
-1.35,-1.4300003
-1.42,-1.4300003
-1.59,-1.4300003
-2.0,-1.4300003
-2.29,-1.4300003
-2.33,-1.4300003
-2.53,-1.4300003
-2.52,-1.4300003
-2.58,-1.4300003
-2.57,-1.4300003
-2.69,-1.4300003
-3.16,-1.4300003
-3.47,-1.4300003
-3.33,-1.4300003
-3.18,-1.4300003
-3.06,-1.4300003
-3.22,-1.4300003
-3.76,-1.4300003
-3.95,-1.4300003
-3.99,-1.4300003
-1.47,-1.4399996
-1.45,-1.4399996
-1.4,-1.4399996
-1.35,-1.4399996
-1.42,-1.4399996
-1.59,-1.4399996
-2.0,-1.4399996
-2.29,-1.4399996
-2.33,-1.4399996
-2.53,-1.4399996
-2.52,-1.4399996
-2.58,-1.4399996
-2.57,-1.4399996
-2.69,-1.4399996
-3.16,-1.4399996
-3.47,-1.4399996
-3.33,-1.4399996
-3.18,-1.4399996
-3.06,-1.4399996
-3.22,-1.4399996
-3.76,-1.4399996
-3.95,-1.4399996
-3.99,-1.4399996
-4.15,-1.4399996
-1.45,-1.4700003
-1.4,-1.4700003
-1.35,-1.4700003
-1.42,-1.4700003
-1.59,-1.4700003
-2.0,-1.4700003
-2.29,-1.4700003
-2.33,-1.4700003
-2.53,-1.4700003
-2.52,-1.4700003
-2.58,-1.4700003
-2.57,-1.4700003
-2.69,-1.4700003
-3.16,-1.4700003
-3.47,-1.4700003
-3.33,-1.4700003
-3.18,-1.4700003
-3.06,-1.4700003
-3.22,-1.4700003
-3.76,-1.4700003
-3.95,-1.4700003
-3.99,-1.4700003
-4.15,-1.4700003
-4.23,-1.4700003
-1.4,-1.4499998
-1.35,-1.4499998
-1.42,-1.4499998
-1.59,-1.4499998
-2.0,-1.4499998
-2.29,-1.4499998
-2.33,-1.4499998
-2.53,-1.4499998
-2.52,-1.4499998
-2.58,-1.4499998
-2.57,-1.4499998
-2.69,-1.4499998
-3.16,-1.4499998
-3.47,-1.4499998
-3.33,-1.4499998
-3.18,-1.4499998
-3.06,-1.4499998
-3.22,-1.4499998
-3.76,-1.4499998
-3.95,-1.4499998
-3.99,-1.4499998
-4.15,-1.4499998
-4.23,-1.4499998
-4.05,-1.4499998
-1.35,-1.3999996
-1.42,-1.3999996
-1.59,-1.3999996
-2.0,-1.3999996
-2.29,-1.3999996
-2.33,-1.3999996
-2.53,-1.3999996
-2.52,-1.3999996
-2.58,-1.3999996
-2.57,-1.3999996
-2.69,-1.3999996
-3.16,-1.3999996
-3.47,-1.3999996
-3.33,-1.3999996
-3.18,-1.3999996
-3.06,-1.3999996
-3.22,-1.3999996
-3.76,-1.3999996
-3.95,-1.3999996
-3.99,-1.3999996
-4.15,-1.3999996
-4.23,-1.3999996
-4.05,-1.3999996
-3.65,-1.3999996
-1.42,-1.3500004
-1.59,-1.3500004
-2.0,-1.3500004
-2.29,-1.3500004
-2.33,-1.3500004
-2.53,-1.3500004
-2.52,-1.3500004
-2.58,-1.3500004
-2.57,-1.3500004
-2.69,-1.3500004
-3.16,-1.3500004
-3.47,-1.3500004
-3.33,-1.3500004
-3.18,-1.3500004
-3.06,-1.3500004
-3.22,-1.3500004
-3.76,-1.3500004
-3.95,-1.3500004
-3.99,-1.3500004
-4.15,-1.3500004
-4.23,-1.3500004
-4.05,-1.3500004
-3.65,-1.3500004
-3.75,-1.3500004
-1.59,-1.4200001
-2.0,-1.4200001
-2.29,-1.4200001
-2.33,-1.4200001
-2.53,-1.4200001
-2.52,-1.4200001
-2.58,-1.4200001
-2.57,-1.4200001
-2.69,-1.4200001
-3.16,-1.4200001
-3.47,-1.4200001
-3.33,-1.4200001
-3.18,-1.4200001
-3.06,-1.4200001
-3.22,-1.4200001
-3.76,-1.4200001
-3.95,-1.4200001
-3.99,-1.4200001
-4.15,-1.4200001
-4.23,-1.4200001
-4.05,-1.4200001
-3.65,-1.4200001
-3.75,-1.4200001
-3.65,-1.4200001
-2.0,-1.5900002
-2.29,-1.5900002
-2.33,-1.5900002
-2.53,-1.5900002
-2.52,-1.5900002
-2.58,-1.5900002
-2.57,-1.5900002
-2.69,-1.5900002
-3.16,-1.5900002
-3.47,-1.5900002
-3.33,-1.5900002
-3.18,-1.5900002
-3.06,-1.5900002
-3.22,-1.5900002
-3.76,-1.5900002
-3.95,-1.5900002
-3.99,-1.5900002
-4.15,-1.5900002
-4.23,-1.5900002
-4.05,-1.5900002
-3.65,-1.5900002
-3.75,-1.5900002
-3.65,-1.5900002
-3.69,-1.5900002
-2.29,-2.0
-2.33,-2.0
-2.53,-2.0
-2.52,-2.0
-2.58,-2.0
-2.57,-2.0
-2.69,-2.0
-3.16,-2.0
-3.47,-2.0
-3.33,-2.0
-3.18,-2.0
-3.06,-2.0
-3.22,-2.0
-3.76,-2.0
-3.95,-2.0
-3.99,-2.0
-4.15,-2.0
-4.23,-2.0
-4.05,-2.0
-3.65,-2.0
-3.75,-2.0
-3.65,-2.0
-3.69,-2.0
-3.64,-2.0
-2.33,-2.29
-2.53,-2.29
-2.52,-2.29
-2.58,-2.29
-2.57,-2.29
-2.69,-2.29
-3.16,-2.29
-3.47,-2.29
-3.33,-2.29
-3.18,-2.29
-3.06,-2.29
-3.22,-2.29
-3.76,-2.29
-3.95,-2.29
-3.99,-2.29
-4.15,-2.29
-4.23,-2.29
-4.05,-2.29
-3.65,-2.29
-3.75,-2.29
-3.65,-2.29
-3.69,-2.29
-3.64,-2.29
-4.04,-2.29
-2.53,-2.33
-2.52,-2.33
-2.58,-2.33
-2.57,-2.33
-2.69,-2.33
-3.16,-2.33
-3.47,-2.33
-3.33,-2.33
-3.18,-2.33
-3.06,-2.33
-3.22,-2.33
-3.76,-2.33
-3.95,-2.33
-3.99,-2.33
-4.15,-2.33
-4.23,-2.33
-4.05,-2.33
-3.65,-2.33
-3.75,-2.33
-3.65,-2.33
-3.69,-2.33
-3.64,-2.33
-4.04,-2.33
-4.39,-2.33
-2.52,-2.5300007
-2.58,-2.5300007
-2.57,-2.5300007
-2.69,-2.5300007
-3.16,-2.5300007
-3.47,-2.5300007
-3.33,-2.5300007
-3.18,-2.5300007
-3.06,-2.5300007
-3.22,-2.5300007
-3.76,-2.5300007
-3.95,-2.5300007
-3.99,-2.5300007
-4.15,-2.5300007
-4.23,-2.5300007
-4.05,-2.5300007
-3.65,-2.5300007
-3.75,-2.5300007
-3.65,-2.5300007
-3.69,-2.5300007
-3.64,-2.5300007
-4.04,-2.5300007
-4.39,-2.5300007
-4.37,-2.5300007
-2.58,-2.5199986
-2.57,-2.5199986
-2.69,-2.5199986
-3.16,-2.5199986
-3.47,-2.5199986
-3.33,-2.5199986
-3.18,-2.5199986
-3.06,-2.5199986
-3.22,-2.5199986
-3.76,-2.5199986
-3.95,-2.5199986
-3.99,-2.5199986
-4.15,-2.5199986
-4.23,-2.5199986
-4.05,-2.5199986
-3.65,-2.5199986
-3.75,-2.5199986
-3.65,-2.5199986
-3.69,-2.5199986
-3.64,-2.5199986
-4.04,-2.5199986
-4.39,-2.5199986
-4.37,-2.5199986
-4.46,-2.5199986
-2.57,-2.58
-2.69,-2.58
-3.16,-2.58
-3.47,-2.58
-3.33,-2.58
-3.18,-2.58
-3.06,-2.58
-3.22,-2.58
-3.76,-2.58
-3.95,-2.58
-3.99,-2.58
-4.15,-2.58
-4.23,-2.58
-4.05,-2.58
-3.65,-2.58
-3.75,-2.58
-3.65,-2.58
-3.69,-2.58
-3.64,-2.58
-4.04,-2.58
-4.39,-2.58
-4.37,-2.58
-4.46,-2.58
-4.34,-2.58
-2.69,-2.5700006
-3.16,-2.5700006
-3.47,-2.5700006
-3.33,-2.5700006
-3.18,-2.5700006
-3.06,-2.5700006
-3.22,-2.5700006
-3.76,-2.5700006
-3.95,-2.5700006
-3.99,-2.5700006
-4.15,-2.5700006
-4.23,-2.5700006
-4.05,-2.5700006
-3.65,-2.5700006
-3.75,-2.5700006
-3.65,-2.5700006
-3.69,-2.5700006
-3.64,-2.5700006
-4.04,-2.5700006
-4.39,-2.5700006
-4.37,-2.5700006
-4.46,-2.5700006
-4.34,-2.5700006
-4.32,-2.5700006
-3.16,-2.6899996
-3.47,-2.6899996
-3.33,-2.6899996
-3.18,-2.6899996
-3.06,-2.6899996
-3.22,-2.6899996
-3.76,-2.6899996
-3.95,-2.6899996
-3.99,-2.6899996
-4.15,-2.6899996
-4.23,-2.6899996
-4.05,-2.6899996
-3.65,-2.6899996
-3.75,-2.6899996
-3.65,-2.6899996
-3.69,-2.6899996
-3.64,-2.6899996
-4.04,-2.6899996
-4.39,-2.6899996
-4.37,-2.6899996
-4.46,-2.6899996
-4.34,-2.6899996
-4.32,-2.6899996
-4.35,-2.6899996
-3.47,-3.1599998
-3.33,-3.1599998
-3.18,-3.1599998
-3.06,-3.1599998
-3.22,-3.1599998
-3.76,-3.1599998
-3.95,-3.1599998
-3.99,-3.1599998
-4.15,-3.1599998
-4.23,-3.1599998
-4.05,-3.1599998
-3.65,-3.1599998
-3.75,-3.1599998
-3.65,-3.1599998
-3.69,-3.1599998
-3.64,-3.1599998
-4.04,-3.1599998
-4.39,-3.1599998
-4.37,-3.1599998
-4.46,-3.1599998
-4.34,-3.1599998
-4.32,-3.1599998
-4.35,-3.1599998
-4.53,-3.1599998
-3.33,-3.4700003
-3.18,-3.4700003
-3.06,-3.4700003
-3.22,-3.4700003
-3.76,-3.4700003
-3.95,-3.4700003
-3.99,-3.4700003
-4.15,-3.4700003
-4.23,-3.4700003
-4.05,-3.4700003
-3.65,-3.4700003
-3.75,-3.4700003
-3.65,-3.4700003
-3.69,-3.4700003
-3.64,-3.4700003
-4.04,-3.4700003
-4.39,-3.4700003
-4.37,-3.4700003
-4.46,-3.4700003
-4.34,-3.4700003
-4.32,-3.4700003
-4.35,-3.4700003
-4.53,-3.4700003
-4.53,-3.4700003
-3.18,-3.329999
-3.06,-3.329999
-3.22,-3.329999
-3.76,-3.329999
-3.95,-3.329999
-3.99,-3.329999
-4.15,-3.329999
-4.23,-3.329999
-4.05,-3.329999
-3.65,-3.329999
-3.75,-3.329999
-3.65,-3.329999
-3.69,-3.329999
-3.64,-3.329999
-4.04,-3.329999
-4.39,-3.329999
-4.37,-3.329999
-4.46,-3.329999
-4.34,-3.329999
-4.32,-3.329999
-4.35,-3.329999
-4.53,-3.329999
-4.53,-3.329999
-4.53,-3.329999
-3.06,-3.1800003
-3.22,-3.1800003
-3.76,-3.1800003
-3.95,-3.1800003
-3.99,-3.1800003
-4.15,-3.1800003
-4.23,-3.1800003
-4.05,-3.1800003
-3.65,-3.1800003
-3.75,-3.1800003
-3.65,-3.1800003
-3.69,-3.1800003
-3.64,-3.1800003
-4.04,-3.1800003
-4.39,-3.1800003
-4.37,-3.1800003
-4.46,-3.1800003
-4.34,-3.1800003
-4.32,-3.1800003
-4.35,-3.1800003
-4.53,-3.1800003
-4.53,-3.1800003
-4.53,-3.1800003
-4.52,-3.1800003
-3.22,-3.0600004
-3.76,-3.0600004
-3.95,-3.0600004
-3.99,-3.0600004
-4.15,-3.0600004
-4.23,-3.0600004
-4.05,-3.0600004
-3.65,-3.0600004
-3.75,-3.0600004
-3.65,-3.0600004
-3.69,-3.0600004
-3.64,-3.0600004
-4.04,-3.0600004
-4.39,-3.0600004
-4.37,-3.0600004
-4.46,-3.0600004
-4.34,-3.0600004
-4.32,-3.0600004
-4.35,-3.0600004
-4.53,-3.0600004
-4.53,-3.0600004
-4.53,-3.0600004
-4.52,-3.0600004
-4.68,-3.0600004
-3.76,-3.2200003
-3.95,-3.2200003
-3.99,-3.2200003
-4.15,-3.2200003
-4.23,-3.2200003
-4.05,-3.2200003
-3.65,-3.2200003
-3.75,-3.2200003
-3.65,-3.2200003
-3.69,-3.2200003
-3.64,-3.2200003
-4.04,-3.2200003
-4.39,-3.2200003
-4.37,-3.2200003
-4.46,-3.2200003
-4.34,-3.2200003
-4.32,-3.2200003
-4.35,-3.2200003
-4.53,-3.2200003
-4.53,-3.2200003
-4.53,-3.2200003
-4.52,-3.2200003
-4.68,-3.2200003
-4.82,-3.2200003
-3.95,-3.7599993
-3.99,-3.7599993
-4.15,-3.7599993
-4.23,-3.7599993
-4.05,-3.7599993
-3.65,-3.7599993
-3.75,-3.7599993
-3.65,-3.7599993
-3.69,-3.7599993
-3.64,-3.7599993
-4.04,-3.7599993
-4.39,-3.7599993
-4.37,-3.7599993
-4.46,-3.7599993
-4.34,-3.7599993
-4.32,-3.7599993
-4.35,-3.7599993
-4.53,-3.7599993
-4.53,-3.7599993
-4.53,-3.7599993
-4.52,-3.7599993
-4.68,-3.7599993
-4.82,-3.7599993
-4.87,-3.7599993
-3.99,-3.9499998
-4.15,-3.9499998
-4.23,-3.9499998
-4.05,-3.9499998
-3.65,-3.9499998
-3.75,-3.9499998
-3.65,-3.9499998
-3.69,-3.9499998
-3.64,-3.9499998
-4.04,-3.9499998
-4.39,-3.9499998
-4.37,-3.9499998
-4.46,-3.9499998
-4.34,-3.9499998
-4.32,-3.9499998
-4.35,-3.9499998
-4.53,-3.9499998
-4.53,-3.9499998
-4.53,-3.9499998
-4.52,-3.9499998
-4.68,-3.9499998
-4.82,-3.9499998
-4.87,-3.9499998
-4.88,-3.9499998
-4.15,-3.9900007
-4.23,-3.9900007
-4.05,-3.9900007
-3.65,-3.9900007
-3.75,-3.9900007
-3.65,-3.9900007
-3.69,-3.9900007
-3.64,-3.9900007
-4.04,-3.9900007
-4.39,-3.9900007
-4.37,-3.9900007
-4.46,-3.9900007
-4.34,-3.9900007
-4.32,-3.9900007
-4.35,-3.9900007
-4.53,-3.9900007
-4.53,-3.9900007
-4.53,-3.9900007
-4.52,-3.9900007
-4.68,-3.9900007
-4.82,-3.9900007
-4.87,-3.9900007
-4.88,-3.9900007
-4.94,-3.9900007
-4.23,-4.1500006
-4.05,-4.1500006
-3.65,-4.1500006
-3.75,-4.1500006
-3.65,-4.1500006
-3.69,-4.1500006
-3.64,-4.1500006
-4.04,-4.1500006
-4.39,-4.1500006
-4.37,-4.1500006
-4.46,-4.1500006
-4.34,-4.1500006
-4.32,-4.1500006
-4.35,-4.1500006
-4.53,-4.1500006
-4.53,-4.1500006
-4.53,-4.1500006
-4.52,-4.1500006
-4.68,-4.1500006
-4.82,-4.1500006
-4.87,-4.1500006
-4.88,-4.1500006
-4.94,-4.1500006
-5.11,-4.1500006
-4.05,-4.2300005
-3.65,-4.2300005
-3.75,-4.2300005
-3.65,-4.2300005
-3.69,-4.2300005
-3.64,-4.2300005
-4.04,-4.2300005
-4.39,-4.2300005
-4.37,-4.2300005
-4.46,-4.2300005
-4.34,-4.2300005
-4.32,-4.2300005
-4.35,-4.2300005
-4.53,-4.2300005
-4.53,-4.2300005
-4.53,-4.2300005
-4.52,-4.2300005
-4.68,-4.2300005
-4.82,-4.2300005
-4.87,-4.2300005
-4.88,-4.2300005
-4.94,-4.2300005
-5.11,-4.2300005
-5.02,-4.2300005
-3.65,-4.05
-3.75,-4.05
-3.65,-4.05
-3.69,-4.05
-3.64,-4.05
-4.04,-4.05
-4.39,-4.05
-4.37,-4.05
-4.46,-4.05
-4.34,-4.05
-4.32,-4.05
-4.35,-4.05
-4.53,-4.05
-4.53,-4.05
-4.53,-4.05
-4.52,-4.05
-4.68,-4.05
-4.82,-4.05
-4.87,-4.05
-4.88,-4.05
-4.94,-4.05
-5.11,-4.05
-5.02,-4.05
-4.88,-4.05
-3.75,-3.6500006
-3.65,-3.6500006
-3.69,-3.6500006
-3.64,-3.6500006
-4.04,-3.6500006
-4.39,-3.6500006
-4.37,-3.6500006
-4.46,-3.6500006
-4.34,-3.6500006
-4.32,-3.6500006
-4.35,-3.6500006
-4.53,-3.6500006
-4.53,-3.6500006
-4.53,-3.6500006
-4.52,-3.6500006
-4.68,-3.6500006
-4.82,-3.6500006
-4.87,-3.6500006
-4.88,-3.6500006
-4.94,-3.6500006
-5.11,-3.6500006
-5.02,-3.6500006
-4.88,-3.6500006
-5.06,-3.6500006
-3.65,-3.750001
-3.69,-3.750001
-3.64,-3.750001
-4.04,-3.750001
-4.39,-3.750001
-4.37,-3.750001
-4.46,-3.750001
-4.34,-3.750001
-4.32,-3.750001
-4.35,-3.750001
-4.53,-3.750001
-4.53,-3.750001
-4.53,-3.750001
-4.52,-3.750001
-4.68,-3.750001
-4.82,-3.750001
-4.87,-3.750001
-4.88,-3.750001
-4.94,-3.750001
-5.11,-3.750001
-5.02,-3.750001
-4.88,-3.750001
-5.06,-3.750001
-5.17,-3.750001
-3.69,-3.6500006
-3.64,-3.6500006
-4.04,-3.6500006
-4.39,-3.6500006
-4.37,-3.6500006
-4.46,-3.6500006
-4.34,-3.6500006
-4.32,-3.6500006
-4.35,-3.6500006
-4.53,-3.6500006
-4.53,-3.6500006
-4.53,-3.6500006
-4.52,-3.6500006
-4.68,-3.6500006
-4.82,-3.6500006
-4.87,-3.6500006
-4.88,-3.6500006
-4.94,-3.6500006
-5.11,-3.6500006
-5.02,-3.6500006
-4.88,-3.6500006
-5.06,-3.6500006
-5.17,-3.6500006
-5.13,-3.6500006
-3.64,-3.6899996
-4.04,-3.6899996
-4.39,-3.6899996
-4.37,-3.6899996
-4.46,-3.6899996
-4.34,-3.6899996
-4.32,-3.6899996
-4.35,-3.6899996
-4.53,-3.6899996
-4.53,-3.6899996
-4.53,-3.6899996
-4.52,-3.6899996
-4.68,-3.6899996
-4.82,-3.6899996
-4.87,-3.6899996
-4.88,-3.6899996
-4.94,-3.6899996
-5.11,-3.6899996
-5.02,-3.6899996
-4.88,-3.6899996
-5.06,-3.6899996
-5.17,-3.6899996
-5.13,-3.6899996
-5.15,-3.6899996
-4.04,-3.6400003
-4.39,-3.6400003
-4.37,-3.6400003
-4.46,-3.6400003
-4.34,-3.6400003
-4.32,-3.6400003
-4.35,-3.6400003
-4.53,-3.6400003
-4.53,-3.6400003
-4.53,-3.6400003
-4.52,-3.6400003
-4.68,-3.6400003
-4.82,-3.6400003
-4.87,-3.6400003
-4.88,-3.6400003
-4.94,-3.6400003
-5.11,-3.6400003
-5.02,-3.6400003
-4.88,-3.6400003
-5.06,-3.6400003
-5.17,-3.6400003
-5.13,-3.6400003
-5.15,-3.6400003
-5.3,-3.6400003
-4.39,-4.04
-4.37,-4.04
-4.46,-4.04
-4.34,-4.04
-4.32,-4.04
-4.35,-4.04
-4.53,-4.04
-4.53,-4.04
-4.53,-4.04
-4.52,-4.04
-4.68,-4.04
-4.82,-4.04
-4.87,-4.04
-4.88,-4.04
-4.94,-4.04
-5.11,-4.04
-5.02,-4.04
-4.88,-4.04
-5.06,-4.04
-5.17,-4.04
-5.13,-4.04
-5.15,-4.04
-5.3,-4.04
-5.35,-4.04
-4.37,-4.3900003
-4.46,-4.3900003
-4.34,-4.3900003
-4.32,-4.3900003
-4.35,-4.3900003
-4.53,-4.3900003
-4.53,-4.3900003
-4.53,-4.3900003
-4.52,-4.3900003
-4.68,-4.3900003
-4.82,-4.3900003
-4.87,-4.3900003
-4.88,-4.3900003
-4.94,-4.3900003
-5.11,-4.3900003
-5.02,-4.3900003
-4.88,-4.3900003
-5.06,-4.3900003
-5.17,-4.3900003
-5.13,-4.3900003
-5.15,-4.3900003
-5.3,-4.3900003
-5.35,-4.3900003
-5.37,-4.3900003
-4.46,-4.37
-4.34,-4.37
-4.32,-4.37
-4.35,-4.37
-4.53,-4.37
-4.53,-4.37
-4.53,-4.37
-4.52,-4.37
-4.68,-4.37
-4.82,-4.37
-4.87,-4.37
-4.88,-4.37
-4.94,-4.37
-5.11,-4.37
-5.02,-4.37
-4.88,-4.37
-5.06,-4.37
-5.17,-4.37
-5.13,-4.37
-5.15,-4.37
-5.3,-4.37
-5.35,-4.37
-5.37,-4.37
-5.24,-4.37
-4.34,-4.46
-4.32,-4.46
-4.35,-4.46
-4.53,-4.46
-4.53,-4.46
-4.53,-4.46
-4.52,-4.46
-4.68,-4.46
-4.82,-4.46
-4.87,-4.46
-4.88,-4.46
-4.94,-4.46
-5.11,-4.46
-5.02,-4.46
-4.88,-4.46
-5.06,-4.46
-5.17,-4.46
-5.13,-4.46
-5.15,-4.46
-5.3,-4.46
-5.35,-4.46
-5.37,-4.46
-5.24,-4.46
-5.32,-4.46
-4.32,-4.340001
-4.35,-4.340001
-4.53,-4.340001
-4.53,-4.340001
-4.53,-4.340001
-4.52,-4.340001
-4.68,-4.340001
-4.82,-4.340001
-4.87,-4.340001
-4.88,-4.340001
-4.94,-4.340001
-5.11,-4.340001
-5.02,-4.340001
-4.88,-4.340001
-5.06,-4.340001
-5.17,-4.340001
-5.13,-4.340001
-5.15,-4.340001
-5.3,-4.340001
-5.35,-4.340001
-5.37,-4.340001
-5.24,-4.340001
-5.32,-4.340001
-5.46,-4.340001
-4.35,-4.3200006
-4.53,-4.3200006
-4.53,-4.3200006
-4.53,-4.3200006
-4.52,-4.3200006
-4.68,-4.3200006
-4.82,-4.3200006
-4.87,-4.3200006
-4.88,-4.3200006
-4.94,-4.3200006
-5.11,-4.3200006
-5.02,-4.3200006
-4.88,-4.3200006
-5.06,-4.3200006
-5.17,-4.3200006
-5.13,-4.3200006
-5.15,-4.3200006
-5.3,-4.3200006
-5.35,-4.3200006
-5.37,-4.3200006
-5.24,-4.3200006
-5.32,-4.3200006
-5.46,-4.3200006
-5.31,-4.3200006
-4.53,-4.3499994
-4.53,-4.3499994
-4.53,-4.3499994
-4.52,-4.3499994
-4.68,-4.3499994
-4.82,-4.3499994
-4.87,-4.3499994
-4.88,-4.3499994
-4.94,-4.3499994
-5.11,-4.3499994
-5.02,-4.3499994
-4.88,-4.3499994
-5.06,-4.3499994
-5.17,-4.3499994
-5.13,-4.3499994
-5.15,-4.3499994
-5.3,-4.3499994
-5.35,-4.3499994
-5.37,-4.3499994
-5.24,-4.3499994
-5.32,-4.3499994
-5.46,-4.3499994
-5.31,-4.3499994
-5.07,-4.3499994
-4.53,-4.5299997
-4.53,-4.5299997
-4.52,-4.5299997
-4.68,-4.5299997
-4.82,-4.5299997
-4.87,-4.5299997
-4.88,-4.5299997
-4.94,-4.5299997
-5.11,-4.5299997
-5.02,-4.5299997
-4.88,-4.5299997
-5.06,-4.5299997
-5.17,-4.5299997
-5.13,-4.5299997
-5.15,-4.5299997
-5.3,-4.5299997
-5.35,-4.5299997
-5.37,-4.5299997
-5.24,-4.5299997
-5.32,-4.5299997
-5.46,-4.5299997
-5.31,-4.5299997
-5.07,-4.5299997
-5.0,-4.5299997
-4.53,-4.5299997
-4.52,-4.5299997
-4.68,-4.5299997
-4.82,-4.5299997
-4.87,-4.5299997
-4.88,-4.5299997
-4.94,-4.5299997
-5.11,-4.5299997
-5.02,-4.5299997
-4.88,-4.5299997
-5.06,-4.5299997
-5.17,-4.5299997
-5.13,-4.5299997
-5.15,-4.5299997
-5.3,-4.5299997
-5.35,-4.5299997
-5.37,-4.5299997
-5.24,-4.5299997
-5.32,-4.5299997
-5.46,-4.5299997
-5.31,-4.5299997
-5.07,-4.5299997
-5.0,-4.5299997
-4.77,-4.5299997
-4.52,-4.5299997
-4.68,-4.5299997
-4.82,-4.5299997
-4.87,-4.5299997
-4.88,-4.5299997
-4.94,-4.5299997
-5.11,-4.5299997
-5.02,-4.5299997
-4.88,-4.5299997
-5.06,-4.5299997
-5.17,-4.5299997
-5.13,-4.5299997
-5.15,-4.5299997
-5.3,-4.5299997
-5.35,-4.5299997
-5.37,-4.5299997
-5.24,-4.5299997
-5.32,-4.5299997
-5.46,-4.5299997
-5.31,-4.5299997
-5.07,-4.5299997
-5.0,-4.5299997
-4.77,-4.5299997
-4.66,-4.5299997
-4.68,-4.5199995
-4.82,-4.5199995
-4.87,-4.5199995
-4.88,-4.5199995
-4.94,-4.5199995
-5.11,-4.5199995
-5.02,-4.5199995
-4.88,-4.5199995
-5.06,-4.5199995
-5.17,-4.5199995
-5.13,-4.5199995
-5.15,-4.5199995
-5.3,-4.5199995
-5.35,-4.5199995
-5.37,-4.5199995
-5.24,-4.5199995
-5.32,-4.5199995
-5.46,-4.5199995
-5.31,-4.5199995
-5.07,-4.5199995
-5.0,-4.5199995
-4.77,-4.5199995
-4.66,-4.5199995
-4.95,-4.5199995
-4.82,-4.6799994
-4.87,-4.6799994
-4.88,-4.6799994
-4.94,-4.6799994
-5.11,-4.6799994
-5.02,-4.6799994
-4.88,-4.6799994
-5.06,-4.6799994
-5.17,-4.6799994
-5.13,-4.6799994
-5.15,-4.6799994
-5.3,-4.6799994
-5.35,-4.6799994
-5.37,-4.6799994
-5.24,-4.6799994
-5.32,-4.6799994
-5.46,-4.6799994
-5.31,-4.6799994
-5.07,-4.6799994
-5.0,-4.6799994
-4.77,-4.6799994
-4.66,-4.6799994
-4.95,-4.6799994
-5.21,-4.6799994
-4.87,-4.8200006
-4.88,-4.8200006
-4.94,-4.8200006
-5.11,-4.8200006
-5.02,-4.8200006
-4.88,-4.8200006
-5.06,-4.8200006
-5.17,-4.8200006
-5.13,-4.8200006
-5.15,-4.8200006
-5.3,-4.8200006
-5.35,-4.8200006
-5.37,-4.8200006
-5.24,-4.8200006
-5.32,-4.8200006
-5.46,-4.8200006
-5.31,-4.8200006
-5.07,-4.8200006
-5.0,-4.8200006
-4.77,-4.8200006
-4.66,-4.8200006
-4.95,-4.8200006
-5.21,-4.8200006
-5.22,-4.8200006
-4.88,-4.87
-4.94,-4.87
-5.11,-4.87
-5.02,-4.87
-4.88,-4.87
-5.06,-4.87
-5.17,-4.87
-5.13,-4.87
-5.15,-4.87
-5.3,-4.87
-5.35,-4.87
-5.37,-4.87
-5.24,-4.87
-5.32,-4.87
-5.46,-4.87
-5.31,-4.87
-5.07,-4.87
-5.0,-4.87
-4.77,-4.87
-4.66,-4.87
-4.95,-4.87
-5.21,-4.87
-5.22,-4.87
-5.03,-4.87
-4.94,-4.88
-5.11,-4.88
-5.02,-4.88
-4.88,-4.88
-5.06,-4.88
-5.17,-4.88
-5.13,-4.88
-5.15,-4.88
-5.3,-4.88
-5.35,-4.88
-5.37,-4.88
-5.24,-4.88
-5.32,-4.88
-5.46,-4.88
-5.31,-4.88
-5.07,-4.88
-5.0,-4.88
-4.77,-4.88
-4.66,-4.88
-4.95,-4.88
-5.21,-4.88
-5.22,-4.88
-5.03,-4.88
-4.89,-4.88
-5.11,-4.9399996
-5.02,-4.9399996
-4.88,-4.9399996
-5.06,-4.9399996
-5.17,-4.9399996
-5.13,-4.9399996
-5.15,-4.9399996
-5.3,-4.9399996
-5.35,-4.9399996
-5.37,-4.9399996
-5.24,-4.9399996
-5.32,-4.9399996
-5.46,-4.9399996
-5.31,-4.9399996
-5.07,-4.9399996
-5.0,-4.9399996
-4.77,-4.9399996
-4.66,-4.9399996
-4.95,-4.9399996
-5.21,-4.9399996
-5.22,-4.9399996
-5.03,-4.9399996
-4.89,-4.9399996
-4.63,-4.9399996
-5.02,-5.1099997
-4.88,-5.1099997
-5.06,-5.1099997
-5.17,-5.1099997
-5.13,-5.1099997
-5.15,-5.1099997
-5.3,-5.1099997
-5.35,-5.1099997
-5.37,-5.1099997
-5.24,-5.1099997
-5.32,-5.1099997
-5.46,-5.1099997
-5.31,-5.1099997
-5.07,-5.1099997
-5.0,-5.1099997
-4.77,-5.1099997
-4.66,-5.1099997
-4.95,-5.1099997
-5.21,-5.1099997
-5.22,-5.1099997
-5.03,-5.1099997
-4.89,-5.1099997
-4.63,-5.1099997
-4.27,-5.1099997
-4.88,-5.0199995
-5.06,-5.0199995
-5.17,-5.0199995
-5.13,-5.0199995
-5.15,-5.0199995
-5.3,-5.0199995
-5.35,-5.0199995
-5.37,-5.0199995
-5.24,-5.0199995
-5.32,-5.0199995
-5.46,-5.0199995
-5.31,-5.0199995
-5.07,-5.0199995
-5.0,-5.0199995
-4.77,-5.0199995
-4.66,-5.0199995
-4.95,-5.0199995
-5.21,-5.0199995
-5.22,-5.0199995
-5.03,-5.0199995
-4.89,-5.0199995
-4.63,-5.0199995
-4.27,-5.0199995
-3.82,-5.0199995
-5.06,-4.88
-5.17,-4.88
-5.13,-4.88
-5.15,-4.88
-5.3,-4.88
-5.35,-4.88
-5.37,-4.88
-5.24,-4.88
-5.32,-4.88
-5.46,-4.88
-5.31,-4.88
-5.07,-4.88
-5.0,-4.88
-4.77,-4.88
-4.66,-4.88
-4.95,-4.88
-5.21,-4.88
-5.22,-4.88
-5.03,-4.88
-4.89,-4.88
-4.63,-4.88
-4.27,-4.88
-3.82,-4.88
-3.64,-4.88
-5.17,-5.0600004
-5.13,-5.0600004
-5.15,-5.0600004
-5.3,-5.0600004
-5.35,-5.0600004
-5.37,-5.0600004
-5.24,-5.0600004
-5.32,-5.0600004
-5.46,-5.0600004
-5.31,-5.0600004
-5.07,-5.0600004
-5.0,-5.0600004
-4.77,-5.0600004
-4.66,-5.0600004
-4.95,-5.0600004
-5.21,-5.0600004
-5.22,-5.0600004
-5.03,-5.0600004
-4.89,-5.0600004
-4.63,-5.0600004
-4.27,-5.0600004
-3.82,-5.0600004
-3.64,-5.0600004
-3.09,-5.0600004
-5.13,-5.169999
-5.15,-5.169999
-5.3,-5.169999
-5.35,-5.169999
-5.37,-5.169999
-5.24,-5.169999
-5.32,-5.169999
-5.46,-5.169999
-5.31,-5.169999
-5.07,-5.169999
-5.0,-5.169999
-4.77,-5.169999
-4.66,-5.169999
-4.95,-5.169999
-5.21,-5.169999
-5.22,-5.169999
-5.03,-5.169999
-4.89,-5.169999
-4.63,-5.169999
-4.27,-5.169999
-3.82,-5.169999
-3.64,-5.169999
-3.09,-5.169999
-2.91,-5.169999
-5.15,-5.13
-5.3,-5.13
-5.35,-5.13
-5.37,-5.13
-5.24,-5.13
-5.32,-5.13
-5.46,-5.13
-5.31,-5.13
-5.07,-5.13
-5.0,-5.13
-4.77,-5.13
-4.66,-5.13
-4.95,-5.13
-5.21,-5.13
-5.22,-5.13
-5.03,-5.13
-4.89,-5.13
-4.63,-5.13
-4.27,-5.13
-3.82,-5.13
-3.64,-5.13
-3.09,-5.13
-2.91,-5.13
-2.59,-5.13
-5.3,-5.1500006
-5.35,-5.1500006
-5.37,-5.1500006
-5.24,-5.1500006
-5.32,-5.1500006
-5.46,-5.1500006
-5.31,-5.1500006
-5.07,-5.1500006
-5.0,-5.1500006
-4.77,-5.1500006
-4.66,-5.1500006
-4.95,-5.1500006
-5.21,-5.1500006
-5.22,-5.1500006
-5.03,-5.1500006
-4.89,-5.1500006
-4.63,-5.1500006
-4.27,-5.1500006
-3.82,-5.1500006
-3.64,-5.1500006
-3.09,-5.1500006
-2.91,-5.1500006
-2.59,-5.1500006
-2.78,-5.1500006
-5.35,-5.3
-5.37,-5.3
-5.24,-5.3
-5.32,-5.3
-5.46,-5.3
-5.31,-5.3
-5.07,-5.3
-5.0,-5.3
-4.77,-5.3
-4.66,-5.3
-4.95,-5.3
-5.21,-5.3
-5.22,-5.3
-5.03,-5.3
-4.89,-5.3
-4.63,-5.3
-4.27,-5.3
-3.82,-5.3
-3.64,-5.3
-3.09,-5.3
-2.91,-5.3
-2.59,-5.3
-2.78,-5.3
-2.05,-5.3
-5.37,-5.3499994
-5.24,-5.3499994
-5.32,-5.3499994
-5.46,-5.3499994
-5.31,-5.3499994
-5.07,-5.3499994
-5.0,-5.3499994
-4.77,-5.3499994
-4.66,-5.3499994
-4.95,-5.3499994
-5.21,-5.3499994
-5.22,-5.3499994
-5.03,-5.3499994
-4.89,-5.3499994
-4.63,-5.3499994
-4.27,-5.3499994
-3.82,-5.3499994
-3.64,-5.3499994
-3.09,-5.3499994
-2.91,-5.3499994
-2.59,-5.3499994
-2.78,-5.3499994
-2.05,-5.3499994
-1.29,-5.3499994
-5.24,-5.37
-5.32,-5.37
-5.46,-5.37
-5.31,-5.37
-5.07,-5.37
-5.0,-5.37
-4.77,-5.37
-4.66,-5.37
-4.95,-5.37
-5.21,-5.37
-5.22,-5.37
-5.03,-5.37
-4.89,-5.37
-4.63,-5.37
-4.27,-5.37
-3.82,-5.37
-3.64,-5.37
-3.09,-5.37
-2.91,-5.37
-2.59,-5.37
-2.78,-5.37
-2.05,-5.37
-1.29,-5.37
-1.26,-5.37
-5.32,-5.239999
-5.46,-5.239999
-5.31,-5.239999
-5.07,-5.239999
-5.0,-5.239999
-4.77,-5.239999
-4.66,-5.239999
-4.95,-5.239999
-5.21,-5.239999
-5.22,-5.239999
-5.03,-5.239999
-4.89,-5.239999
-4.63,-5.239999
-4.27,-5.239999
-3.82,-5.239999
-3.64,-5.239999
-3.09,-5.239999
-2.91,-5.239999
-2.59,-5.239999
-2.78,-5.239999
-2.05,-5.239999
-1.29,-5.239999
-1.26,-5.239999
-1.36,-5.239999
-5.46,-5.3200006
-5.31,-5.3200006
-5.07,-5.3200006
-5.0,-5.3200006
-4.77,-5.3200006
-4.66,-5.3200006
-4.95,-5.3200006
-5.21,-5.3200006
-5.22,-5.3200006
-5.03,-5.3200006
-4.89,-5.3200006
-4.63,-5.3200006
-4.27,-5.3200006
-3.82,-5.3200006
-3.64,-5.3200006
-3.09,-5.3200006
-2.91,-5.3200006
-2.59,-5.3200006
-2.78,-5.3200006
-2.05,-5.3200006
-1.29,-5.3200006
-1.26,-5.3200006
-1.36,-5.3200006
-1.21,-5.3200006
-5.31,-5.46
-5.07,-5.46
-5.0,-5.46
-4.77,-5.46
-4.66,-5.46
-4.95,-5.46
-5.21,-5.46
-5.22,-5.46
-5.03,-5.46
-4.89,-5.46
-4.63,-5.46
-4.27,-5.46
-3.82,-5.46
-3.64,-5.46
-3.09,-5.46
-2.91,-5.46
-2.59,-5.46
-2.78,-5.46
-2.05,-5.46
-1.29,-5.46
-1.26,-5.46
-1.36,-5.46
-1.21,-5.46
-0.98,-5.46
-5.07,-5.3100004
-5.0,-5.3100004
-4.77,-5.3100004
-4.66,-5.3100004
-4.95,-5.3100004
-5.21,-5.3100004
-5.22,-5.3100004
-5.03,-5.3100004
-4.89,-5.3100004
-4.63,-5.3100004
-4.27,-5.3100004
-3.82,-5.3100004
-3.64,-5.3100004
-3.09,-5.3100004
-2.91,-5.3100004
-2.59,-5.3100004
-2.78,-5.3100004
-2.05,-5.3100004
-1.29,-5.3100004
-1.26,-5.3100004
-1.36,-5.3100004
-1.21,-5.3100004
-0.98,-5.3100004
-0.43,-5.3100004
-5.0,-5.0700006
-4.77,-5.0700006
-4.66,-5.0700006
-4.95,-5.0700006
-5.21,-5.0700006
-5.22,-5.0700006
-5.03,-5.0700006
-4.89,-5.0700006
-4.63,-5.0700006
-4.27,-5.0700006
-3.82,-5.0700006
-3.64,-5.0700006
-3.09,-5.0700006
-2.91,-5.0700006
-2.59,-5.0700006
-2.78,-5.0700006
-2.05,-5.0700006
-1.29,-5.0700006
-1.26,-5.0700006
-1.36,-5.0700006
-1.21,-5.0700006
-0.98,-5.0700006
-0.43,-5.0700006
0.01,-5.0700006
-4.77,-5.000001
-4.66,-5.000001
-4.95,-5.000001
-5.21,-5.000001
-5.22,-5.000001
-5.03,-5.000001
-4.89,-5.000001
-4.63,-5.000001
-4.27,-5.000001
-3.82,-5.000001
-3.64,-5.000001
-3.09,-5.000001
-2.91,-5.000001
-2.59,-5.000001
-2.78,-5.000001
-2.05,-5.000001
-1.29,-5.000001
-1.26,-5.000001
-1.36,-5.000001
-1.21,-5.000001
-0.98,-5.000001
-0.43,-5.000001
0.01,-5.000001
-0.12,-5.000001
-4.66,-4.7699995
-4.95,-4.7699995
-5.21,-4.7699995
-5.22,-4.7699995
-5.03,-4.7699995
-4.89,-4.7699995
-4.63,-4.7699995
-4.27,-4.7699995
-3.82,-4.7699995
-3.64,-4.7699995
-3.09,-4.7699995
-2.91,-4.7699995
-2.59,-4.7699995
-2.78,-4.7699995
-2.05,-4.7699995
-1.29,-4.7699995
-1.26,-4.7699995
-1.36,-4.7699995
-1.21,-4.7699995
-0.98,-4.7699995
-0.43,-4.7699995
0.01,-4.7699995
-0.12,-4.7699995
0.01,-4.7699995
-4.95,-4.660001
-5.21,-4.660001
-5.22,-4.660001
-5.03,-4.660001
-4.89,-4.660001
-4.63,-4.660001
-4.27,-4.660001
-3.82,-4.660001
-3.64,-4.660001
-3.09,-4.660001
-2.91,-4.660001
-2.59,-4.660001
-2.78,-4.660001
-2.05,-4.660001
-1.29,-4.660001
-1.26,-4.660001
-1.36,-4.660001
-1.21,-4.660001
-0.98,-4.660001
-0.43,-4.660001
0.01,-4.660001
-0.12,-4.660001
0.01,-4.660001
0.65,-4.660001
-5.21,-4.95
-5.22,-4.95
-5.03,-4.95
-4.89,-4.95
-4.63,-4.95
-4.27,-4.95
-3.82,-4.95
-3.64,-4.95
-3.09,-4.95
-2.91,-4.95
-2.59,-4.95
-2.78,-4.95
-2.05,-4.95
-1.29,-4.95
-1.26,-4.95
-1.36,-4.95
-1.21,-4.95
-0.98,-4.95
-0.43,-4.95
0.01,-4.95
-0.12,-4.95
0.01,-4.95
0.65,-4.95
1.07,-4.95
-5.22,-5.21
-5.03,-5.21
-4.89,-5.21
-4.63,-5.21
-4.27,-5.21
-3.82,-5.21
-3.64,-5.21
-3.09,-5.21
-2.91,-5.21
-2.59,-5.21
-2.78,-5.21
-2.05,-5.21
-1.29,-5.21
-1.26,-5.21
-1.36,-5.21
-1.21,-5.21
-0.98,-5.21
-0.43,-5.21
0.01,-5.21
-0.12,-5.21
0.01,-5.21
0.65,-5.21
1.07,-5.21
1.42,-5.21
-5.03,-5.2200003
-4.89,-5.2200003
-4.63,-5.2200003
-4.27,-5.2200003
-3.82,-5.2200003
-3.64,-5.2200003
-3.09,-5.2200003
-2.91,-5.2200003
-2.59,-5.2200003
-2.78,-5.2200003
-2.05,-5.2200003
-1.29,-5.2200003
-1.26,-5.2200003
-1.36,-5.2200003
-1.21,-5.2200003
-0.98,-5.2200003
-0.43,-5.2200003
0.01,-5.2200003
-0.12,-5.2200003
0.01,-5.2200003
0.65,-5.2200003
1.07,-5.2200003
1.42,-5.2200003
1.9,-5.2200003
-4.89,-5.0299997
-4.63,-5.0299997
-4.27,-5.0299997
-3.82,-5.0299997
-3.64,-5.0299997
-3.09,-5.0299997
-2.91,-5.0299997
-2.59,-5.0299997
-2.78,-5.0299997
-2.05,-5.0299997
-1.29,-5.0299997
-1.26,-5.0299997
-1.36,-5.0299997
-1.21,-5.0299997
-0.98,-5.0299997
-0.43,-5.0299997
0.01,-5.0299997
-0.12,-5.0299997
0.01,-5.0299997
0.65,-5.0299997
1.07,-5.0299997
1.42,-5.0299997
1.9,-5.0299997
2.43,-5.0299997
-4.63,-4.8900003
-4.27,-4.8900003
-3.82,-4.8900003
-3.64,-4.8900003
-3.09,-4.8900003
-2.91,-4.8900003
-2.59,-4.8900003
-2.78,-4.8900003
-2.05,-4.8900003
-1.29,-4.8900003
-1.26,-4.8900003
-1.36,-4.8900003
-1.21,-4.8900003
-0.98,-4.8900003
-0.43,-4.8900003
0.01,-4.8900003
-0.12,-4.8900003
0.01,-4.8900003
0.65,-4.8900003
1.07,-4.8900003
1.42,-4.8900003
1.9,-4.8900003
2.43,-4.8900003
2.62,-4.8900003
-4.27,-4.63
-3.82,-4.63
-3.64,-4.63
-3.09,-4.63
-2.91,-4.63
-2.59,-4.63
-2.78,-4.63
-2.05,-4.63
-1.29,-4.63
-1.26,-4.63
-1.36,-4.63
-1.21,-4.63
-0.98,-4.63
-0.43,-4.63
0.01,-4.63
-0.12,-4.63
0.01,-4.63
0.65,-4.63
1.07,-4.63
1.42,-4.63
1.9,-4.63
2.43,-4.63
2.62,-4.63
2.93,-4.63
-3.82,-4.2699995
-3.64,-4.2699995
-3.09,-4.2699995
-2.91,-4.2699995
-2.59,-4.2699995
-2.78,-4.2699995
-2.05,-4.2699995
-1.29,-4.2699995
-1.26,-4.2699995
-1.36,-4.2699995
-1.21,-4.2699995
-0.98,-4.2699995
-0.43,-4.2699995
0.01,-4.2699995
-0.12,-4.2699995
0.01,-4.2699995
0.65,-4.2699995
1.07,-4.2699995
1.42,-4.2699995
1.9,-4.2699995
2.43,-4.2699995
2.62,-4.2699995
2.93,-4.2699995
3.44,-4.2699995
-3.64,-3.8200006
-3.09,-3.8200006
-2.91,-3.8200006
-2.59,-3.8200006
-2.78,-3.8200006
-2.05,-3.8200006
-1.29,-3.8200006
-1.26,-3.8200006
-1.36,-3.8200006
-1.21,-3.8200006
-0.98,-3.8200006
-0.43,-3.8200006
0.01,-3.8200006
-0.12,-3.8200006
0.01,-3.8200006
0.65,-3.8200006
1.07,-3.8200006
1.42,-3.8200006
1.9,-3.8200006
2.43,-3.8200006
2.62,-3.8200006
2.93,-3.8200006
3.44,-3.8200006
3.12,-3.8200006
-3.09,-3.6400003
-2.91,-3.6400003
-2.59,-3.6400003
-2.78,-3.6400003
-2.05,-3.6400003
-1.29,-3.6400003
-1.26,-3.6400003
-1.36,-3.6400003
-1.21,-3.6400003
-0.98,-3.6400003
-0.43,-3.6400003
0.01,-3.6400003
-0.12,-3.6400003
0.01,-3.6400003
0.65,-3.6400003
1.07,-3.6400003
1.42,-3.6400003
1.9,-3.6400003
2.43,-3.6400003
2.62,-3.6400003
2.93,-3.6400003
3.44,-3.6400003
3.12,-3.6400003
2.68,-3.6400003
-2.91,-3.0900002
-2.59,-3.0900002
-2.78,-3.0900002
-2.05,-3.0900002
-1.29,-3.0900002
-1.26,-3.0900002
-1.36,-3.0900002
-1.21,-3.0900002
-0.98,-3.0900002
-0.43,-3.0900002
0.01,-3.0900002
-0.12,-3.0900002
0.01,-3.0900002
0.65,-3.0900002
1.07,-3.0900002
1.42,-3.0900002
1.9,-3.0900002
2.43,-3.0900002
2.62,-3.0900002
2.93,-3.0900002
3.44,-3.0900002
3.12,-3.0900002
2.68,-3.0900002
2.77,-3.0900002
-2.59,-2.909999
-2.78,-2.909999
-2.05,-2.909999
-1.29,-2.909999
-1.26,-2.909999
-1.36,-2.909999
-1.21,-2.909999
-0.98,-2.909999
-0.43,-2.909999
0.01,-2.909999
-0.12,-2.909999
0.01,-2.909999
0.65,-2.909999
1.07,-2.909999
1.42,-2.909999
1.9,-2.909999
2.43,-2.909999
2.62,-2.909999
2.93,-2.909999
3.44,-2.909999
3.12,-2.909999
2.68,-2.909999
2.77,-2.909999
2.79,-2.909999
-2.78,-2.5899992
-2.05,-2.5899992
-1.29,-2.5899992
-1.26,-2.5899992
-1.36,-2.5899992
-1.21,-2.5899992
-0.98,-2.5899992
-0.43,-2.5899992
0.01,-2.5899992
-0.12,-2.5899992
0.01,-2.5899992
0.65,-2.5899992
1.07,-2.5899992
1.42,-2.5899992
1.9,-2.5899992
2.43,-2.5899992
2.62,-2.5899992
2.93,-2.5899992
3.44,-2.5899992
3.12,-2.5899992
2.68,-2.5899992
2.77,-2.5899992
2.79,-2.5899992
2.61,-2.5899992
-2.05,-2.7799988
-1.29,-2.7799988
-1.26,-2.7799988
-1.36,-2.7799988
-1.21,-2.7799988
-0.98,-2.7799988
-0.43,-2.7799988
0.01,-2.7799988
-0.12,-2.7799988
0.01,-2.7799988
0.65,-2.7799988
1.07,-2.7799988
1.42,-2.7799988
1.9,-2.7799988
2.43,-2.7799988
2.62,-2.7799988
2.93,-2.7799988
3.44,-2.7799988
3.12,-2.7799988
2.68,-2.7799988
2.77,-2.7799988
2.79,-2.7799988
2.61,-2.7799988
2.06,-2.7799988
-1.29,-2.0500002
-1.26,-2.0500002
-1.36,-2.0500002
-1.21,-2.0500002
-0.98,-2.0500002
-0.43,-2.0500002
0.01,-2.0500002
-0.12,-2.0500002
0.01,-2.0500002
0.65,-2.0500002
1.07,-2.0500002
1.42,-2.0500002
1.9,-2.0500002
2.43,-2.0500002
2.62,-2.0500002
2.93,-2.0500002
3.44,-2.0500002
3.12,-2.0500002
2.68,-2.0500002
2.77,-2.0500002
2.79,-2.0500002
2.61,-2.0500002
2.06,-2.0500002
1.87,-2.0500002
-1.26,-1.29
-1.36,-1.29
-1.21,-1.29
-0.98,-1.29
-0.43,-1.29
0.01,-1.29
-0.12,-1.29
0.01,-1.29
0.65,-1.29
1.07,-1.29
1.42,-1.29
1.9,-1.29
2.43,-1.29
2.62,-1.29
2.93,-1.29
3.44,-1.29
3.12,-1.29
2.68,-1.29
2.77,-1.29
2.79,-1.29
2.61,-1.29
2.06,-1.29
1.87,-1.29
2.09,-1.29
-1.36,-1.2600002
-1.21,-1.2600002
-0.98,-1.2600002
-0.43,-1.2600002
0.01,-1.2600002
-0.12,-1.2600002
0.01,-1.2600002
0.65,-1.2600002
1.07,-1.2600002
1.42,-1.2600002
1.9,-1.2600002
2.43,-1.2600002
2.62,-1.2600002
2.93,-1.2600002
3.44,-1.2600002
3.12,-1.2600002
2.68,-1.2600002
2.77,-1.2600002
2.79,-1.2600002
2.61,-1.2600002
2.06,-1.2600002
1.87,-1.2600002
2.09,-1.2600002
2.34,-1.2600002
-1.21,-1.3599997
-0.98,-1.3599997
-0.43,-1.3599997
0.01,-1.3599997
-0.12,-1.3599997
0.01,-1.3599997
0.65,-1.3599997
1.07,-1.3599997
1.42,-1.3599997
1.9,-1.3599997
2.43,-1.3599997
2.62,-1.3599997
2.93,-1.3599997
3.44,-1.3599997
3.12,-1.3599997
2.68,-1.3599997
2.77,-1.3599997
2.79,-1.3599997
2.61,-1.3599997
2.06,-1.3599997
1.87,-1.3599997
2.09,-1.3599997
2.34,-1.3599997
2.27,-1.3599997
-0.98,-1.21
-0.43,-1.21
0.01,-1.21
-0.12,-1.21
0.01,-1.21
0.65,-1.21
1.07,-1.21
1.42,-1.21
1.9,-1.21
2.43,-1.21
2.62,-1.21
2.93,-1.21
3.44,-1.21
3.12,-1.21
2.68,-1.21
2.77,-1.21
2.79,-1.21
2.61,-1.21
2.06,-1.21
1.87,-1.21
2.09,-1.21
2.34,-1.21
2.27,-1.21
2.28,-1.21
-0.43,-0.9800005
0.01,-0.9800005
-0.12,-0.9800005
0.01,-0.9800005
0.65,-0.9800005
1.07,-0.9800005
1.42,-0.9800005
1.9,-0.9800005
2.43,-0.9800005
2.62,-0.9800005
2.93,-0.9800005
3.44,-0.9800005
3.12,-0.9800005
2.68,-0.9800005
2.77,-0.9800005
2.79,-0.9800005
2.61,-0.9800005
2.06,-0.9800005
1.87,-0.9800005
2.09,-0.9800005
2.34,-0.9800005
2.27,-0.9800005
2.28,-0.9800005
2.23,-0.9800005
0.01,-0.4300003
-0.12,-0.4300003
0.01,-0.4300003
0.65,-0.4300003
1.07,-0.4300003
1.42,-0.4300003
1.9,-0.4300003
2.43,-0.4300003
2.62,-0.4300003
2.93,-0.4300003
3.44,-0.4300003
3.12,-0.4300003
2.68,-0.4300003
2.77,-0.4300003
2.79,-0.4300003
2.61,-0.4300003
2.06,-0.4300003
1.87,-0.4300003
2.09,-0.4300003
2.34,-0.4300003
2.27,-0.4300003
2.28,-0.4300003
2.23,-0.4300003
2.2,-0.4300003
-0.12,0.010000229
0.01,0.010000229
0.65,0.010000229
1.07,0.010000229
1.42,0.010000229
1.9,0.010000229
2.43,0.010000229
2.62,0.010000229
2.93,0.010000229
3.44,0.010000229
3.12,0.010000229
2.68,0.010000229
2.77,0.010000229
2.79,0.010000229
2.61,0.010000229
2.06,0.010000229
1.87,0.010000229
2.09,0.010000229
2.34,0.010000229
2.27,0.010000229
2.28,0.010000229
2.23,0.010000229
2.2,0.010000229
2.08,0.010000229
0.01,-0.119999886
0.65,-0.119999886
1.07,-0.119999886
1.42,-0.119999886
1.9,-0.119999886
2.43,-0.119999886
2.62,-0.119999886
2.93,-0.119999886
3.44,-0.119999886
3.12,-0.119999886
2.68,-0.119999886
2.77,-0.119999886
2.79,-0.119999886
2.61,-0.119999886
2.06,-0.119999886
1.87,-0.119999886
2.09,-0.119999886
2.34,-0.119999886
2.27,-0.119999886
2.28,-0.119999886
2.23,-0.119999886
2.2,-0.119999886
2.08,-0.119999886
1.99,-0.119999886
0.65,0.010000229
1.07,0.010000229
1.42,0.010000229
1.9,0.010000229
2.43,0.010000229
2.62,0.010000229
2.93,0.010000229
3.44,0.010000229
3.12,0.010000229
2.68,0.010000229
2.77,0.010000229
2.79,0.010000229
2.61,0.010000229
2.06,0.010000229
1.87,0.010000229
2.09,0.010000229
2.34,0.010000229
2.27,0.010000229
2.28,0.010000229
2.23,0.010000229
2.2,0.010000229
2.08,0.010000229
1.99,0.010000229
2.05,0.010000229
1.07,0.6499996
1.42,0.6499996
1.9,0.6499996
2.43,0.6499996
2.62,0.6499996
2.93,0.6499996
3.44,0.6499996
3.12,0.6499996
2.68,0.6499996
2.77,0.6499996
2.79,0.6499996
2.61,0.6499996
2.06,0.6499996
1.87,0.6499996
2.09,0.6499996
2.34,0.6499996
2.27,0.6499996
2.28,0.6499996
2.23,0.6499996
2.2,0.6499996
2.08,0.6499996
1.99,0.6499996
2.05,0.6499996
2.27,0.6499996
1.42,1.0699997
1.9,1.0699997
2.43,1.0699997
2.62,1.0699997
2.93,1.0699997
3.44,1.0699997
3.12,1.0699997
2.68,1.0699997
2.77,1.0699997
2.79,1.0699997
2.61,1.0699997
2.06,1.0699997
1.87,1.0699997
2.09,1.0699997
2.34,1.0699997
2.27,1.0699997
2.28,1.0699997
2.23,1.0699997
2.2,1.0699997
2.08,1.0699997
1.99,1.0699997
2.05,1.0699997
2.27,1.0699997
2.01,1.0699997
1.9,1.4200001
2.43,1.4200001
2.62,1.4200001
2.93,1.4200001
3.44,1.4200001
3.12,1.4200001
2.68,1.4200001
2.77,1.4200001
2.79,1.4200001
2.61,1.4200001
2.06,1.4200001
1.87,1.4200001
2.09,1.4200001
2.34,1.4200001
2.27,1.4200001
2.28,1.4200001
2.23,1.4200001
2.2,1.4200001
2.08,1.4200001
1.99,1.4200001
2.05,1.4200001
2.27,1.4200001
2.01,1.4200001
1.74,1.4200001
2.43,1.8999996
2.62,1.8999996
2.93,1.8999996
3.44,1.8999996
3.12,1.8999996
2.68,1.8999996
2.77,1.8999996
2.79,1.8999996
2.61,1.8999996
2.06,1.8999996
1.87,1.8999996
2.09,1.8999996
2.34,1.8999996
2.27,1.8999996
2.28,1.8999996
2.23,1.8999996
2.2,1.8999996
2.08,1.8999996
1.99,1.8999996
2.05,1.8999996
2.27,1.8999996
2.01,1.8999996
1.74,1.8999996
1.8,1.8999996
2.62,2.4300003
2.93,2.4300003
3.44,2.4300003
3.12,2.4300003
2.68,2.4300003
2.77,2.4300003
2.79,2.4300003
2.61,2.4300003
2.06,2.4300003
1.87,2.4300003
2.09,2.4300003
2.34,2.4300003
2.27,2.4300003
2.28,2.4300003
2.23,2.4300003
2.2,2.4300003
2.08,2.4300003
1.99,2.4300003
2.05,2.4300003
2.27,2.4300003
2.01,2.4300003
1.74,2.4300003
1.8,2.4300003
1.77,2.4300003
2.93,2.62
3.44,2.62
3.12,2.62
2.68,2.62
2.77,2.62
2.79,2.62
2.61,2.62
2.06,2.62
1.87,2.62
2.09,2.62
2.34,2.62
2.27,2.62
2.28,2.62
2.23,2.62
2.2,2.62
2.08,2.62
1.99,2.62
2.05,2.62
2.27,2.62
2.01,2.62
1.74,2.62
1.8,2.62
1.77,2.62
1.53,2.62
3.44,2.9300003
3.12,2.9300003
2.68,2.9300003
2.77,2.9300003
2.79,2.9300003
2.61,2.9300003
2.06,2.9300003
1.87,2.9300003
2.09,2.9300003
2.34,2.9300003
2.27,2.9300003
2.28,2.9300003
2.23,2.9300003
2.2,2.9300003
2.08,2.9300003
1.99,2.9300003
2.05,2.9300003
2.27,2.9300003
2.01,2.9300003
1.74,2.9300003
1.8,2.9300003
1.77,2.9300003
1.53,2.9300003
1.46,2.9300003
3.12,3.4399996
2.68,3.4399996
2.77,3.4399996
2.79,3.4399996
2.61,3.4399996
2.06,3.4399996
1.87,3.4399996
2.09,3.4399996
2.34,3.4399996
2.27,3.4399996
2.28,3.4399996
2.23,3.4399996
2.2,3.4399996
2.08,3.4399996
1.99,3.4399996
2.05,3.4399996
2.27,3.4399996
2.01,3.4399996
1.74,3.4399996
1.8,3.4399996
1.77,3.4399996
1.53,3.4399996
1.46,3.4399996
1.34,3.4399996
2.68,3.12
2.77,3.12
2.79,3.12
2.61,3.12
2.06,3.12
1.87,3.12
2.09,3.12
2.34,3.12
2.27,3.12
2.28,3.12
2.23,3.12
2.2,3.12
2.08,3.12
1.99,3.12
2.05,3.12
2.27,3.12
2.01,3.12
1.74,3.12
1.8,3.12
1.77,3.12
1.53,3.12
1.46,3.12
1.34,3.12
1.32,3.12
2.77,2.6800003
2.79,2.6800003
2.61,2.6800003
2.06,2.6800003
1.87,2.6800003
2.09,2.6800003
2.34,2.6800003
2.27,2.6800003
2.28,2.6800003
2.23,2.6800003
2.2,2.6800003
2.08,2.6800003
1.99,2.6800003
2.05,2.6800003
2.27,2.6800003
2.01,2.6800003
1.74,2.6800003
1.8,2.6800003
1.77,2.6800003
1.53,2.6800003
1.46,2.6800003
1.34,2.6800003
1.32,2.6800003
1.41,2.6800003
2.79,2.7699995
2.61,2.7699995
2.06,2.7699995
1.87,2.7699995
2.09,2.7699995
2.34,2.7699995
2.27,2.7699995
2.28,2.7699995
2.23,2.7699995
2.2,2.7699995
2.08,2.7699995
1.99,2.7699995
2.05,2.7699995
2.27,2.7699995
2.01,2.7699995
1.74,2.7699995
1.8,2.7699995
1.77,2.7699995
1.53,2.7699995
1.46,2.7699995
1.34,2.7699995
1.32,2.7699995
1.41,2.7699995
1.01,2.7699995
2.61,2.79
2.06,2.79
1.87,2.79
2.09,2.79
2.34,2.79
2.27,2.79
2.28,2.79
2.23,2.79
2.2,2.79
2.08,2.79
1.99,2.79
2.05,2.79
2.27,2.79
2.01,2.79
1.74,2.79
1.8,2.79
1.77,2.79
1.53,2.79
1.46,2.79
1.34,2.79
1.32,2.79
1.41,2.79
1.01,2.79
0.79,2.79
2.06,2.6099997
1.87,2.6099997
2.09,2.6099997
2.34,2.6099997
2.27,2.6099997
2.28,2.6099997
2.23,2.6099997
2.2,2.6099997
2.08,2.6099997
1.99,2.6099997
2.05,2.6099997
2.27,2.6099997
2.01,2.6099997
1.74,2.6099997
1.8,2.6099997
1.77,2.6099997
1.53,2.6099997
1.46,2.6099997
1.34,2.6099997
1.32,2.6099997
1.41,2.6099997
1.01,2.6099997
0.79,2.6099997
0.85,2.6099997
1.87,2.0600004
2.09,2.0600004
2.34,2.0600004
2.27,2.0600004
2.28,2.0600004
2.23,2.0600004
2.2,2.0600004
2.08,2.0600004
1.99,2.0600004
2.05,2.0600004
2.27,2.0600004
2.01,2.0600004
1.74,2.0600004
1.8,2.0600004
1.77,2.0600004
1.53,2.0600004
1.46,2.0600004
1.34,2.0600004
1.32,2.0600004
1.41,2.0600004
1.01,2.0600004
0.79,2.0600004
0.85,2.0600004
0.89,2.0600004
2.09,1.8699999
2.34,1.8699999
2.27,1.8699999
2.28,1.8699999
2.23,1.8699999
2.2,1.8699999
2.08,1.8699999
1.99,1.8699999
2.05,1.8699999
2.27,1.8699999
2.01,1.8699999
1.74,1.8699999
1.8,1.8699999
1.77,1.8699999
1.53,1.8699999
1.46,1.8699999
1.34,1.8699999
1.32,1.8699999
1.41,1.8699999
1.01,1.8699999
0.79,1.8699999
0.85,1.8699999
0.89,1.8699999
0.91,1.8699999
2.34,2.0900002
2.27,2.0900002
2.28,2.0900002
2.23,2.0900002
2.2,2.0900002
2.08,2.0900002
1.99,2.0900002
2.05,2.0900002
2.27,2.0900002
2.01,2.0900002
1.74,2.0900002
1.8,2.0900002
1.77,2.0900002
1.53,2.0900002
1.46,2.0900002
1.34,2.0900002
1.32,2.0900002
1.41,2.0900002
1.01,2.0900002
0.79,2.0900002
0.85,2.0900002
0.89,2.0900002
0.91,2.0900002
0.87,2.0900002
2.27,2.3400002
2.28,2.3400002
2.23,2.3400002
2.2,2.3400002
2.08,2.3400002
1.99,2.3400002
2.05,2.3400002
2.27,2.3400002
2.01,2.3400002
1.74,2.3400002
1.8,2.3400002
1.77,2.3400002
1.53,2.3400002
1.46,2.3400002
1.34,2.3400002
1.32,2.3400002
1.41,2.3400002
1.01,2.3400002
0.79,2.3400002
0.85,2.3400002
0.89,2.3400002
0.91,2.3400002
0.87,2.3400002
1.16,2.3400002
2.28,2.2699995
2.23,2.2699995
2.2,2.2699995
2.08,2.2699995
1.99,2.2699995
2.05,2.2699995
2.27,2.2699995
2.01,2.2699995
1.74,2.2699995
1.8,2.2699995
1.77,2.2699995
1.53,2.2699995
1.46,2.2699995
1.34,2.2699995
1.32,2.2699995
1.41,2.2699995
1.01,2.2699995
0.79,2.2699995
0.85,2.2699995
0.89,2.2699995
0.91,2.2699995
0.87,2.2699995
1.16,2.2699995
1.3,2.2699995
2.23,2.2799997
2.2,2.2799997
2.08,2.2799997
1.99,2.2799997
2.05,2.2799997
2.27,2.2799997
2.01,2.2799997
1.74,2.2799997
1.8,2.2799997
1.77,2.2799997
1.53,2.2799997
1.46,2.2799997
1.34,2.2799997
1.32,2.2799997
1.41,2.2799997
1.01,2.2799997
0.79,2.2799997
0.85,2.2799997
0.89,2.2799997
0.91,2.2799997
0.87,2.2799997
1.16,2.2799997
1.3,2.2799997
1.38,2.2799997
2.2,2.2300005
2.08,2.2300005
1.99,2.2300005
2.05,2.2300005
2.27,2.2300005
2.01,2.2300005
1.74,2.2300005
1.8,2.2300005
1.77,2.2300005
1.53,2.2300005
1.46,2.2300005
1.34,2.2300005
1.32,2.2300005
1.41,2.2300005
1.01,2.2300005
0.79,2.2300005
0.85,2.2300005
0.89,2.2300005
0.91,2.2300005
0.87,2.2300005
1.16,2.2300005
1.3,2.2300005
1.38,2.2300005
1.43,2.2300005
2.08,2.1999998
1.99,2.1999998
2.05,2.1999998
2.27,2.1999998
2.01,2.1999998
1.74,2.1999998
1.8,2.1999998
1.77,2.1999998
1.53,2.1999998
1.46,2.1999998
1.34,2.1999998
1.32,2.1999998
1.41,2.1999998
1.01,2.1999998
0.79,2.1999998
0.85,2.1999998
0.89,2.1999998
0.91,2.1999998
0.87,2.1999998
1.16,2.1999998
1.3,2.1999998
1.38,2.1999998
1.43,2.1999998
1.49,2.1999998
1.99,2.08
2.05,2.08
2.27,2.08
2.01,2.08
1.74,2.08
1.8,2.08
1.77,2.08
1.53,2.08
1.46,2.08
1.34,2.08
1.32,2.08
1.41,2.08
1.01,2.08
0.79,2.08
0.85,2.08
0.89,2.08
0.91,2.08
0.87,2.08
1.16,2.08
1.3,2.08
1.38,2.08
1.43,2.08
1.49,2.08
0.95,2.08
2.05,1.9899998
2.27,1.9899998
2.01,1.9899998
1.74,1.9899998
1.8,1.9899998
1.77,1.9899998
1.53,1.9899998
1.46,1.9899998
1.34,1.9899998
1.32,1.9899998
1.41,1.9899998
1.01,1.9899998
0.79,1.9899998
0.85,1.9899998
0.89,1.9899998
0.91,1.9899998
0.87,1.9899998
1.16,1.9899998
1.3,1.9899998
1.38,1.9899998
1.43,1.9899998
1.49,1.9899998
0.95,1.9899998
0.92,1.9899998
2.27,2.0500002
2.01,2.0500002
1.74,2.0500002
1.8,2.0500002
1.77,2.0500002
1.53,2.0500002
1.46,2.0500002
1.34,2.0500002
1.32,2.0500002
1.41,2.0500002
1.01,2.0500002
0.79,2.0500002
0.85,2.0500002
0.89,2.0500002
0.91,2.0500002
0.87,2.0500002
1.16,2.0500002
1.3,2.0500002
1.38,2.0500002
1.43,2.0500002
1.49,2.0500002
0.95,2.0500002
0.92,2.0500002
1.05,2.0500002
2.01,2.2699995
1.74,2.2699995
1.8,2.2699995
1.77,2.2699995
1.53,2.2699995
1.46,2.2699995
1.34,2.2699995
1.32,2.2699995
1.41,2.2699995
1.01,2.2699995
0.79,2.2699995
0.85,2.2699995
0.89,2.2699995
0.91,2.2699995
0.87,2.2699995
1.16,2.2699995
1.3,2.2699995
1.38,2.2699995
1.43,2.2699995
1.49,2.2699995
0.95,2.2699995
0.92,2.2699995
1.05,2.2699995
0.8,2.2699995
1.74,2.0100002
1.8,2.0100002
1.77,2.0100002
1.53,2.0100002
1.46,2.0100002
1.34,2.0100002
1.32,2.0100002
1.41,2.0100002
1.01,2.0100002
0.79,2.0100002
0.85,2.0100002
0.89,2.0100002
0.91,2.0100002
0.87,2.0100002
1.16,2.0100002
1.3,2.0100002
1.38,2.0100002
1.43,2.0100002
1.49,2.0100002
0.95,2.0100002
0.92,2.0100002
1.05,2.0100002
0.8,2.0100002
0.73,2.0100002
1.8,1.7399998
1.77,1.7399998
1.53,1.7399998
1.46,1.7399998
1.34,1.7399998
1.32,1.7399998
1.41,1.7399998
1.01,1.7399998
0.79,1.7399998
0.85,1.7399998
0.89,1.7399998
0.91,1.7399998
0.87,1.7399998
1.16,1.7399998
1.3,1.7399998
1.38,1.7399998
1.43,1.7399998
1.49,1.7399998
0.95,1.7399998
0.92,1.7399998
1.05,1.7399998
0.8,1.7399998
0.73,1.7399998
0.76,1.7399998
1.77,1.8000002
1.53,1.8000002
1.46,1.8000002
1.34,1.8000002
1.32,1.8000002
1.41,1.8000002
1.01,1.8000002
0.79,1.8000002
0.85,1.8000002
0.89,1.8000002
0.91,1.8000002
0.87,1.8000002
1.16,1.8000002
1.3,1.8000002
1.38,1.8000002
1.43,1.8000002
1.49,1.8000002
0.95,1.8000002
0.92,1.8000002
1.05,1.8000002
0.8,1.8000002
0.73,1.8000002
0.76,1.8000002
0.9,1.8000002
1.53,1.7699995
1.46,1.7699995
1.34,1.7699995
1.32,1.7699995
1.41,1.7699995
1.01,1.7699995
0.79,1.7699995
0.85,1.7699995
0.89,1.7699995
0.91,1.7699995
0.87,1.7699995
1.16,1.7699995
1.3,1.7699995
1.38,1.7699995
1.43,1.7699995
1.49,1.7699995
0.95,1.7699995
0.92,1.7699995
1.05,1.7699995
0.8,1.7699995
0.73,1.7699995
0.76,1.7699995
0.9,1.7699995
0.92,1.7699995
1.46,1.5299997
1.34,1.5299997
1.32,1.5299997
1.41,1.5299997
1.01,1.5299997
0.79,1.5299997
0.85,1.5299997
0.89,1.5299997
0.91,1.5299997
0.87,1.5299997
1.16,1.5299997
1.3,1.5299997
1.38,1.5299997
1.43,1.5299997
1.49,1.5299997
0.95,1.5299997
0.92,1.5299997
1.05,1.5299997
0.8,1.5299997
0.73,1.5299997
0.76,1.5299997
0.9,1.5299997
0.92,1.5299997
0.78,1.5299997
1.34,1.46
1.32,1.46
1.41,1.46
1.01,1.46
0.79,1.46
0.85,1.46
0.89,1.46
0.91,1.46
0.87,1.46
1.16,1.46
1.3,1.46
1.38,1.46
1.43,1.46
1.49,1.46
0.95,1.46
0.92,1.46
1.05,1.46
0.8,1.46
0.73,1.46
0.76,1.46
0.9,1.46
0.92,1.46
0.78,1.46
0.65,1.46
1.32,1.3400002
1.41,1.3400002
1.01,1.3400002
0.79,1.3400002
0.85,1.3400002
0.89,1.3400002
0.91,1.3400002
0.87,1.3400002
1.16,1.3400002
1.3,1.3400002
1.38,1.3400002
1.43,1.3400002
1.49,1.3400002
0.95,1.3400002
0.92,1.3400002
1.05,1.3400002
0.8,1.3400002
0.73,1.3400002
0.76,1.3400002
0.9,1.3400002
0.92,1.3400002
0.78,1.3400002
0.65,1.3400002
0.89,1.3400002
1.41,1.3199997
1.01,1.3199997
0.79,1.3199997
0.85,1.3199997
0.89,1.3199997
0.91,1.3199997
0.87,1.3199997
1.16,1.3199997
1.3,1.3199997
1.38,1.3199997
1.43,1.3199997
1.49,1.3199997
0.95,1.3199997
0.92,1.3199997
1.05,1.3199997
0.8,1.3199997
0.73,1.3199997
0.76,1.3199997
0.9,1.3199997
0.92,1.3199997
0.78,1.3199997
0.65,1.3199997
0.89,1.3199997
1.25,1.3199997
1.01,1.4099998
0.79,1.4099998
0.85,1.4099998
0.89,1.4099998
0.91,1.4099998
0.87,1.4099998
1.16,1.4099998
1.3,1.4099998
1.38,1.4099998
1.43,1.4099998
1.49,1.4099998
0.95,1.4099998
0.92,1.4099998
1.05,1.4099998
0.8,1.4099998
0.73,1.4099998
0.76,1.4099998
0.9,1.4099998
0.92,1.4099998
0.78,1.4099998
0.65,1.4099998
0.89,1.4099998
1.25,1.4099998
1.42,1.4099998
0.79,1.0100002
0.85,1.0100002
0.89,1.0100002
0.91,1.0100002
0.87,1.0100002
1.16,1.0100002
1.3,1.0100002
1.38,1.0100002
1.43,1.0100002
1.49,1.0100002
0.95,1.0100002
0.92,1.0100002
1.05,1.0100002
0.8,1.0100002
0.73,1.0100002
0.76,1.0100002
0.9,1.0100002
0.92,1.0100002
0.78,1.0100002
0.65,1.0100002
0.89,1.0100002
1.25,1.0100002
1.42,1.0100002
1.47,1.0100002
0.85,0.78999996
0.89,0.78999996
0.91,0.78999996
0.87,0.78999996
1.16,0.78999996
1.3,0.78999996
1.38,0.78999996
1.43,0.78999996
1.49,0.78999996
0.95,0.78999996
0.92,0.78999996
1.05,0.78999996
0.8,0.78999996
0.73,0.78999996
0.76,0.78999996
0.9,0.78999996
0.92,0.78999996
0.78,0.78999996
0.65,0.78999996
0.89,0.78999996
1.25,0.78999996
1.42,0.78999996
1.47,0.78999996
1.25,0.78999996
0.89,0.8500004
0.91,0.8500004
0.87,0.8500004
1.16,0.8500004
1.3,0.8500004
1.38,0.8500004
1.43,0.8500004
1.49,0.8500004
0.95,0.8500004
0.92,0.8500004
1.05,0.8500004
0.8,0.8500004
0.73,0.8500004
0.76,0.8500004
0.9,0.8500004
0.92,0.8500004
0.78,0.8500004
0.65,0.8500004
0.89,0.8500004
1.25,0.8500004
1.42,0.8500004
1.47,0.8500004
1.25,0.8500004
1.46,0.8500004
0.91,0.89000034
0.87,0.89000034
1.16,0.89000034
1.3,0.89000034
1.38,0.89000034
1.43,0.89000034
1.49,0.89000034
0.95,0.89000034
0.92,0.89000034
1.05,0.89000034
0.8,0.89000034
0.73,0.89000034
0.76,0.89000034
0.9,0.89000034
0.92,0.89000034
0.78,0.89000034
0.65,0.89000034
0.89,0.89000034
1.25,0.89000034
1.42,0.89000034
1.47,0.89000034
1.25,0.89000034
1.46,0.89000034
1.35,0.89000034
0.87,0.90999985
1.16,0.90999985
1.3,0.90999985
1.38,0.90999985
1.43,0.90999985
1.49,0.90999985
0.95,0.90999985
0.92,0.90999985
1.05,0.90999985
0.8,0.90999985
0.73,0.90999985
0.76,0.90999985
0.9,0.90999985
0.92,0.90999985
0.78,0.90999985
0.65,0.90999985
0.89,0.90999985
1.25,0.90999985
1.42,0.90999985
1.47,0.90999985
1.25,0.90999985
1.46,0.90999985
1.35,0.90999985
1.28,0.90999985
1.16,0.8699999
1.3,0.8699999
1.38,0.8699999
1.43,0.8699999
1.49,0.8699999
0.95,0.8699999
0.92,0.8699999
1.05,0.8699999
0.8,0.8699999
0.73,0.8699999
0.76,0.8699999
0.9,0.8699999
0.92,0.8699999
0.78,0.8699999
0.65,0.8699999
0.89,0.8699999
1.25,0.8699999
1.42,0.8699999
1.47,0.8699999
1.25,0.8699999
1.46,0.8699999
1.35,0.8699999
1.28,0.8699999
1.14,0.8699999
1.3,1.1599998
1.38,1.1599998
1.43,1.1599998
1.49,1.1599998
0.95,1.1599998
0.92,1.1599998
1.05,1.1599998
0.8,1.1599998
0.73,1.1599998
0.76,1.1599998
0.9,1.1599998
0.92,1.1599998
0.78,1.1599998
0.65,1.1599998
0.89,1.1599998
1.25,1.1599998
1.42,1.1599998
1.47,1.1599998
1.25,1.1599998
1.46,1.1599998
1.35,1.1599998
1.28,1.1599998
1.14,1.1599998
1.23,1.1599998
1.38,1.3000002
1.43,1.3000002
1.49,1.3000002
0.95,1.3000002
0.92,1.3000002
1.05,1.3000002
0.8,1.3000002
0.73,1.3000002
0.76,1.3000002
0.9,1.3000002
0.92,1.3000002
0.78,1.3000002
0.65,1.3000002
0.89,1.3000002
1.25,1.3000002
1.42,1.3000002
1.47,1.3000002
1.25,1.3000002
1.46,1.3000002
1.35,1.3000002
1.28,1.3000002
1.14,1.3000002
1.23,1.3000002
1.15,1.3000002
1.43,1.3800001
1.49,1.3800001
0.95,1.3800001
0.92,1.3800001
1.05,1.3800001
0.8,1.3800001
0.73,1.3800001
0.76,1.3800001
0.9,1.3800001
0.92,1.3800001
0.78,1.3800001
0.65,1.3800001
0.89,1.3800001
1.25,1.3800001
1.42,1.3800001
1.47,1.3800001
1.25,1.3800001
1.46,1.3800001
1.35,1.3800001
1.28,1.3800001
1.14,1.3800001
1.23,1.3800001
1.15,1.3800001
1.1,1.3800001
1.49,1.4300003
0.95,1.4300003
0.92,1.4300003
1.05,1.4300003
0.8,1.4300003
0.73,1.4300003
0.76,1.4300003
0.9,1.4300003
0.92,1.4300003
0.78,1.4300003
0.65,1.4300003
0.89,1.4300003
1.25,1.4300003
1.42,1.4300003
1.47,1.4300003
1.25,1.4300003
1.46,1.4300003
1.35,1.4300003
1.28,1.4300003
1.14,1.4300003
1.23,1.4300003
1.15,1.4300003
1.1,1.4300003
1.17,1.4300003
0.95,1.4899998
0.92,1.4899998
1.05,1.4899998
0.8,1.4899998
0.73,1.4899998
0.76,1.4899998
0.9,1.4899998
0.92,1.4899998
0.78,1.4899998
0.65,1.4899998
0.89,1.4899998
1.25,1.4899998
1.42,1.4899998
1.47,1.4899998
1.25,1.4899998
1.46,1.4899998
1.35,1.4899998
1.28,1.4899998
1.14,1.4899998
1.23,1.4899998
1.15,1.4899998
1.1,1.4899998
1.17,1.4899998
1.17,1.4899998
0.92,0.9499998
1.05,0.9499998
0.8,0.9499998
0.73,0.9499998
0.76,0.9499998
0.9,0.9499998
0.92,0.9499998
0.78,0.9499998
0.65,0.9499998
0.89,0.9499998
1.25,0.9499998
1.42,0.9499998
1.47,0.9499998
1.25,0.9499998
1.46,0.9499998
1.35,0.9499998
1.28,0.9499998
1.14,0.9499998
1.23,0.9499998
1.15,0.9499998
1.1,0.9499998
1.17,0.9499998
1.17,0.9499998
1.3,0.9499998
1.05,0.9200001
0.8,0.9200001
0.73,0.9200001
0.76,0.9200001
0.9,0.9200001
0.92,0.9200001
0.78,0.9200001
0.65,0.9200001
0.89,0.9200001
1.25,0.9200001
1.42,0.9200001
1.47,0.9200001
1.25,0.9200001
1.46,0.9200001
1.35,0.9200001
1.28,0.9200001
1.14,0.9200001
1.23,0.9200001
1.15,0.9200001
1.1,0.9200001
1.17,0.9200001
1.17,0.9200001
1.3,0.9200001
1.27,0.9200001
0.8,1.0500002
0.73,1.0500002
0.76,1.0500002
0.9,1.0500002
0.92,1.0500002
0.78,1.0500002
0.65,1.0500002
0.89,1.0500002
1.25,1.0500002
1.42,1.0500002
1.47,1.0500002
1.25,1.0500002
1.46,1.0500002
1.35,1.0500002
1.28,1.0500002
1.14,1.0500002
1.23,1.0500002
1.15,1.0500002
1.1,1.0500002
1.17,1.0500002
1.17,1.0500002
1.3,1.0500002
1.27,1.0500002
1.29,1.0500002
0.73,0.8000002
0.76,0.8000002
0.9,0.8000002
0.92,0.8000002
0.78,0.8000002
0.65,0.8000002
0.89,0.8000002
1.25,0.8000002
1.42,0.8000002
1.47,0.8000002
1.25,0.8000002
1.46,0.8000002
1.35,0.8000002
1.28,0.8000002
1.14,0.8000002
1.23,0.8000002
1.15,0.8000002
1.1,0.8000002
1.17,0.8000002
1.17,0.8000002
1.3,0.8000002
1.27,0.8000002
1.29,0.8000002
1.25,0.8000002
0.76,0.7300005
0.9,0.7300005
0.92,0.7300005
0.78,0.7300005
0.65,0.7300005
0.89,0.7300005
1.25,0.7300005
1.42,0.7300005
1.47,0.7300005
1.25,0.7300005
1.46,0.7300005
1.35,0.7300005
1.28,0.7300005
1.14,0.7300005
1.23,0.7300005
1.15,0.7300005
1.1,0.7300005
1.17,0.7300005
1.17,0.7300005
1.3,0.7300005
1.27,0.7300005
1.29,0.7300005
1.25,0.7300005
1.07,0.7300005
0.9,0.7600002
0.92,0.7600002
0.78,0.7600002
0.65,0.7600002
0.89,0.7600002
1.25,0.7600002
1.42,0.7600002
1.47,0.7600002
1.25,0.7600002
1.46,0.7600002
1.35,0.7600002
1.28,0.7600002
1.14,0.7600002
1.23,0.7600002
1.15,0.7600002
1.1,0.7600002
1.17,0.7600002
1.17,0.7600002
1.3,0.7600002
1.27,0.7600002
1.29,0.7600002
1.25,0.7600002
1.07,0.7600002
0.93,0.7600002
0.92,0.8999996
0.78,0.8999996
0.65,0.8999996
0.89,0.8999996
1.25,0.8999996
1.42,0.8999996
1.47,0.8999996
1.25,0.8999996
1.46,0.8999996
1.35,0.8999996
1.28,0.8999996
1.14,0.8999996
1.23,0.8999996
1.15,0.8999996
1.1,0.8999996
1.17,0.8999996
1.17,0.8999996
1.3,0.8999996
1.27,0.8999996
1.29,0.8999996
1.25,0.8999996
1.07,0.8999996
0.93,0.8999996
0.99,0.8999996
0.78,0.9200001
0.65,0.9200001
0.89,0.9200001
1.25,0.9200001
1.42,0.9200001
1.47,0.9200001
1.25,0.9200001
1.46,0.9200001
1.35,0.9200001
1.28,0.9200001
1.14,0.9200001
1.23,0.9200001
1.15,0.9200001
1.1,0.9200001
1.17,0.9200001
1.17,0.9200001
1.3,0.9200001
1.27,0.9200001
1.29,0.9200001
1.25,0.9200001
1.07,0.9200001
0.93,0.9200001
0.99,0.9200001
1.05,0.9200001
0.65,0.77999973
0.89,0.77999973
1.25,0.77999973
1.42,0.77999973
1.47,0.77999973
1.25,0.77999973
1.46,0.77999973
1.35,0.77999973
1.28,0.77999973
1.14,0.77999973
1.23,0.77999973
1.15,0.77999973
1.1,0.77999973
1.17,0.77999973
1.17,0.77999973
1.3,0.77999973
1.27,0.77999973
1.29,0.77999973
1.25,0.77999973
1.07,0.77999973
0.93,0.77999973
0.99,0.77999973
1.05,0.77999973
1.05,0.77999973
0.89,0.6499996
1.25,0.6499996
1.42,0.6499996
1.47,0.6499996
1.25,0.6499996
1.46,0.6499996
1.35,0.6499996
1.28,0.6499996
1.14,0.6499996
1.23,0.6499996
1.15,0.6499996
1.1,0.6499996
1.17,0.6499996
1.17,0.6499996
1.3,0.6499996
1.27,0.6499996
1.29,0.6499996
1.25,0.6499996
1.07,0.6499996
0.93,0.6499996
0.99,0.6499996
1.05,0.6499996
1.05,0.6499996
1.18,0.6499996
1.25,0.89000034
1.42,0.89000034
1.47,0.89000034
1.25,0.89000034
1.46,0.89000034
1.35,0.89000034
1.28,0.89000034
1.14,0.89000034
1.23,0.89000034
1.15,0.89000034
1.1,0.89000034
1.17,0.89000034
1.17,0.89000034
1.3,0.89000034
1.27,0.89000034
1.29,0.89000034
1.25,0.89000034
1.07,0.89000034
0.93,0.89000034
0.99,0.89000034
1.05,0.89000034
1.05,0.89000034
1.18,0.89000034
1.04,0.89000034
1.42,1.25
1.47,1.25
1.25,1.25
1.46,1.25
1.35,1.25
1.28,1.25
1.14,1.25
1.23,1.25
1.15,1.25
1.1,1.25
1.17,1.25
1.17,1.25
1.3,1.25
1.27,1.25
1.29,1.25
1.25,1.25
1.07,1.25
0.93,1.25
0.99,1.25
1.05,1.25
1.05,1.25
1.18,1.25
1.04,1.25
0.96,1.25
1.47,1.4200001
1.25,1.4200001
1.46,1.4200001
1.35,1.4200001
1.28,1.4200001
1.14,1.4200001
1.23,1.4200001
1.15,1.4200001
1.1,1.4200001
1.17,1.4200001
1.17,1.4200001
1.3,1.4200001
1.27,1.4200001
1.29,1.4200001
1.25,1.4200001
1.07,1.4200001
0.93,1.4200001
0.99,1.4200001
1.05,1.4200001
1.05,1.4200001
1.18,1.4200001
1.04,1.4200001
0.96,1.4200001
1.22,1.4200001
1.25,1.4700003
1.46,1.4700003
1.35,1.4700003
1.28,1.4700003
1.14,1.4700003
1.23,1.4700003
1.15,1.4700003
1.1,1.4700003
1.17,1.4700003
1.17,1.4700003
1.3,1.4700003
1.27,1.4700003
1.29,1.4700003
1.25,1.4700003
1.07,1.4700003
0.93,1.4700003
0.99,1.4700003
1.05,1.4700003
1.05,1.4700003
1.18,1.4700003
1.04,1.4700003
0.96,1.4700003
1.22,1.4700003
1.26,1.4700003
1.46,1.25
1.35,1.25
1.28,1.25
1.14,1.25
1.23,1.25
1.15,1.25
1.1,1.25
1.17,1.25
1.17,1.25
1.3,1.25
1.27,1.25
1.29,1.25
1.25,1.25
1.07,1.25
0.93,1.25
0.99,1.25
1.05,1.25
1.05,1.25
1.18,1.25
1.04,1.25
0.96,1.25
1.22,1.25
1.26,1.25
1.27,1.25
1.35,1.46
1.28,1.46
1.14,1.46
1.23,1.46
1.15,1.46
1.1,1.46
1.17,1.46
1.17,1.46
1.3,1.46
1.27,1.46
1.29,1.46
1.25,1.46
1.07,1.46
0.93,1.46
0.99,1.46
1.05,1.46
1.05,1.46
1.18,1.46
1.04,1.46
0.96,1.46
1.22,1.46
1.26,1.46
1.27,1.46
1.3,1.46
1.28,1.3500004
1.14,1.3500004
1.23,1.3500004
1.15,1.3500004
1.1,1.3500004
1.17,1.3500004
1.17,1.3500004
1.3,1.3500004
1.27,1.3500004
1.29,1.3500004
1.25,1.3500004
1.07,1.3500004
0.93,1.3500004
0.99,1.3500004
1.05,1.3500004
1.05,1.3500004
1.18,1.3500004
1.04,1.3500004
0.96,1.3500004
1.22,1.3500004
1.26,1.3500004
1.27,1.3500004
1.3,1.3500004
1.43,1.3500004
1.14,1.2799997
1.23,1.2799997
1.15,1.2799997
1.1,1.2799997
1.17,1.2799997
1.17,1.2799997
1.3,1.2799997
1.27,1.2799997
1.29,1.2799997
1.25,1.2799997
1.07,1.2799997
0.93,1.2799997
0.99,1.2799997
1.05,1.2799997
1.05,1.2799997
1.18,1.2799997
1.04,1.2799997
0.96,1.2799997
1.22,1.2799997
1.26,1.2799997
1.27,1.2799997
1.3,1.2799997
1.43,1.2799997
1.59,1.2799997
1.23,1.1400003
1.15,1.1400003
1.1,1.1400003
1.17,1.1400003
1.17,1.1400003
1.3,1.1400003
1.27,1.1400003
1.29,1.1400003
1.25,1.1400003
1.07,1.1400003
0.93,1.1400003
0.99,1.1400003
1.05,1.1400003
1.05,1.1400003
1.18,1.1400003
1.04,1.1400003
0.96,1.1400003
1.22,1.1400003
1.26,1.1400003
1.27,1.1400003
1.3,1.1400003
1.43,1.1400003
1.59,1.1400003
1.56,1.1400003
1.15,1.2300005
1.1,1.2300005
1.17,1.2300005
1.17,1.2300005
1.3,1.2300005
1.27,1.2300005
1.29,1.2300005
1.25,1.2300005
1.07,1.2300005
0.93,1.2300005
0.99,1.2300005
1.05,1.2300005
1.05,1.2300005
1.18,1.2300005
1.04,1.2300005
0.96,1.2300005
1.22,1.2300005
1.26,1.2300005
1.27,1.2300005
1.3,1.2300005
1.43,1.2300005
1.59,1.2300005
1.56,1.2300005
1.36,1.2300005
1.1,1.1499996
1.17,1.1499996
1.17,1.1499996
1.3,1.1499996
1.27,1.1499996
1.29,1.1499996
1.25,1.1499996
1.07,1.1499996
0.93,1.1499996
0.99,1.1499996
1.05,1.1499996
1.05,1.1499996
1.18,1.1499996
1.04,1.1499996
0.96,1.1499996
1.22,1.1499996
1.26,1.1499996
1.27,1.1499996
1.3,1.1499996
1.43,1.1499996
1.59,1.1499996
1.56,1.1499996
1.36,1.1499996
1.49,1.1499996
1.17,1.1000004
1.17,1.1000004
1.3,1.1000004
1.27,1.1000004
1.29,1.1000004
1.25,1.1000004
1.07,1.1000004
0.93,1.1000004
0.99,1.1000004
1.05,1.1000004
1.05,1.1000004
1.18,1.1000004
1.04,1.1000004
0.96,1.1000004
1.22,1.1000004
1.26,1.1000004
1.27,1.1000004
1.3,1.1000004
1.43,1.1000004
1.59,1.1000004
1.56,1.1000004
1.36,1.1000004
1.49,1.1000004
1.34,1.1000004
1.17,1.1700001
1.3,1.1700001
1.27,1.1700001
1.29,1.1700001
1.25,1.1700001
1.07,1.1700001
0.93,1.1700001
0.99,1.1700001
1.05,1.1700001
1.05,1.1700001
1.18,1.1700001
1.04,1.1700001
0.96,1.1700001
1.22,1.1700001
1.26,1.1700001
1.27,1.1700001
1.3,1.1700001
1.43,1.1700001
1.59,1.1700001
1.56,1.1700001
1.36,1.1700001
1.49,1.1700001
1.34,1.1700001
1.08,1.1700001
1.3,1.1700001
1.27,1.1700001
1.29,1.1700001
1.25,1.1700001
1.07,1.1700001
0.93,1.1700001
0.99,1.1700001
1.05,1.1700001
1.05,1.1700001
1.18,1.1700001
1.04,1.1700001
0.96,1.1700001
1.22,1.1700001
1.26,1.1700001
1.27,1.1700001
1.3,1.1700001
1.43,1.1700001
1.59,1.1700001
1.56,1.1700001
1.36,1.1700001
1.49,1.1700001
1.34,1.1700001
1.08,1.1700001
0.86,1.1700001
1.27,1.3000002
1.29,1.3000002
1.25,1.3000002
1.07,1.3000002
0.93,1.3000002
0.99,1.3000002
1.05,1.3000002
1.05,1.3000002
1.18,1.3000002
1.04,1.3000002
0.96,1.3000002
1.22,1.3000002
1.26,1.3000002
1.27,1.3000002
1.3,1.3000002
1.43,1.3000002
1.59,1.3000002
1.56,1.3000002
1.36,1.3000002
1.49,1.3000002
1.34,1.3000002
1.08,1.3000002
0.86,1.3000002
0.97,1.3000002
1.29,1.2699995
1.25,1.2699995
1.07,1.2699995
0.93,1.2699995
0.99,1.2699995
1.05,1.2699995
1.05,1.2699995
1.18,1.2699995
1.04,1.2699995
0.96,1.2699995
1.22,1.2699995
1.26,1.2699995
1.27,1.2699995
1.3,1.2699995
1.43,1.2699995
1.59,1.2699995
1.56,1.2699995
1.36,1.2699995
1.49,1.2699995
1.34,1.2699995
1.08,1.2699995
0.86,1.2699995
0.97,1.2699995
1.23,1.2699995
1.25,1.29
1.07,1.29
0.93,1.29
0.99,1.29
1.05,1.29
1.05,1.29
1.18,1.29
1.04,1.29
0.96,1.29
1.22,1.29
1.26,1.29
1.27,1.29
1.3,1.29
1.43,1.29
1.59,1.29
1.56,1.29
1.36,1.29
1.49,1.29
1.34,1.29
1.08,1.29
0.86,1.29
0.97,1.29
1.23,1.29
1.25,1.29
1.07,1.25
0.93,1.25
0.99,1.25
1.05,1.25
1.05,1.25
1.18,1.25
1.04,1.25
0.96,1.25
1.22,1.25
1.26,1.25
1.27,1.25
1.3,1.25
1.43,1.25
1.59,1.25
1.56,1.25
1.36,1.25
1.49,1.25
1.34,1.25
1.08,1.25
0.86,1.25
0.97,1.25
1.23,1.25
1.25,1.25
1.13,1.25
0.93,1.0699997
0.99,1.0699997
1.05,1.0699997
1.05,1.0699997
1.18,1.0699997
1.04,1.0699997
0.96,1.0699997
1.22,1.0699997
1.26,1.0699997
1.27,1.0699997
1.3,1.0699997
1.43,1.0699997
1.59,1.0699997
1.56,1.0699997
1.36,1.0699997
1.49,1.0699997
1.34,1.0699997
1.08,1.0699997
0.86,1.0699997
0.97,1.0699997
1.23,1.0699997
1.25,1.0699997
1.13,1.0699997
1.24,1.0699997
0.99,0.9300003
1.05,0.9300003
1.05,0.9300003
1.18,0.9300003
1.04,0.9300003
0.96,0.9300003
1.22,0.9300003
1.26,0.9300003
1.27,0.9300003
1.3,0.9300003
1.43,0.9300003
1.59,0.9300003
1.56,0.9300003
1.36,0.9300003
1.49,0.9300003
1.34,0.9300003
1.08,0.9300003
0.86,0.9300003
0.97,0.9300003
1.23,0.9300003
1.25,0.9300003
1.13,0.9300003
1.24,0.9300003
1.54,0.9300003
1.05,0.9899998
1.05,0.9899998
1.18,0.9899998
1.04,0.9899998
0.96,0.9899998
1.22,0.9899998
1.26,0.9899998
1.27,0.9899998
1.3,0.9899998
1.43,0.9899998
1.59,0.9899998
1.56,0.9899998
1.36,0.9899998
1.49,0.9899998
1.34,0.9899998
1.08,0.9899998
0.86,0.9899998
0.97,0.9899998
1.23,0.9899998
1.25,0.9899998
1.13,0.9899998
1.24,0.9899998
1.54,0.9899998
1.71,0.9899998
1.05,1.0500002
1.18,1.0500002
1.04,1.0500002
0.96,1.0500002
1.22,1.0500002
1.26,1.0500002
1.27,1.0500002
1.3,1.0500002
1.43,1.0500002
1.59,1.0500002
1.56,1.0500002
1.36,1.0500002
1.49,1.0500002
1.34,1.0500002
1.08,1.0500002
0.86,1.0500002
0.97,1.0500002
1.23,1.0500002
1.25,1.0500002
1.13,1.0500002
1.24,1.0500002
1.54,1.0500002
1.71,1.0500002
1.8,1.0500002
1.18,1.0500002
1.04,1.0500002
0.96,1.0500002
1.22,1.0500002
1.26,1.0500002
1.27,1.0500002
1.3,1.0500002
1.43,1.0500002
1.59,1.0500002
1.56,1.0500002
1.36,1.0500002
1.49,1.0500002
1.34,1.0500002
1.08,1.0500002
0.86,1.0500002
0.97,1.0500002
1.23,1.0500002
1.25,1.0500002
1.13,1.0500002
1.24,1.0500002
1.54,1.0500002
1.71,1.0500002
1.8,1.0500002
1.8,1.0500002
1.04,1.1800003
0.96,1.1800003
1.22,1.1800003
1.26,1.1800003
1.27,1.1800003
1.3,1.1800003
1.43,1.1800003
1.59,1.1800003
1.56,1.1800003
1.36,1.1800003
1.49,1.1800003
1.34,1.1800003
1.08,1.1800003
0.86,1.1800003
0.97,1.1800003
1.23,1.1800003
1.25,1.1800003
1.13,1.1800003
1.24,1.1800003
1.54,1.1800003
1.71,1.1800003
1.8,1.1800003
1.8,1.1800003
1.8,1.1800003
0.96,1.04
1.22,1.04
1.26,1.04
1.27,1.04
1.3,1.04
1.43,1.04
1.59,1.04
1.56,1.04
1.36,1.04
1.49,1.04
1.34,1.04
1.08,1.04
0.86,1.04
0.97,1.04
1.23,1.04
1.25,1.04
1.13,1.04
1.24,1.04
1.54,1.04
1.71,1.04
1.8,1.04
1.8,1.04
1.8,1.04
1.76,1.04
1.22,0.96000004
1.26,0.96000004
1.27,0.96000004
1.3,0.96000004
1.43,0.96000004
1.59,0.96000004
1.56,0.96000004
1.36,0.96000004
1.49,0.96000004
1.34,0.96000004
1.08,0.96000004
0.86,0.96000004
0.97,0.96000004
1.23,0.96000004
1.25,0.96000004
1.13,0.96000004
1.24,0.96000004
1.54,0.96000004
1.71,0.96000004
1.8,0.96000004
1.8,0.96000004
1.8,0.96000004
1.76,0.96000004
1.73,0.96000004
1.26,1.2200003
1.27,1.2200003
1.3,1.2200003
1.43,1.2200003
1.59,1.2200003
1.56,1.2200003
1.36,1.2200003
1.49,1.2200003
1.34,1.2200003
1.08,1.2200003
0.86,1.2200003
0.97,1.2200003
1.23,1.2200003
1.25,1.2200003
1.13,1.2200003
1.24,1.2200003
1.54,1.2200003
1.71,1.2200003
1.8,1.2200003
1.8,1.2200003
1.8,1.2200003
1.76,1.2200003
1.73,1.2200003
1.8,1.2200003
1.27,1.2600002
1.3,1.2600002
1.43,1.2600002
1.59,1.2600002
1.56,1.2600002
1.36,1.2600002
1.49,1.2600002
1.34,1.2600002
1.08,1.2600002
0.86,1.2600002
0.97,1.2600002
1.23,1.2600002
1.25,1.2600002
1.13,1.2600002
1.24,1.2600002
1.54,1.2600002
1.71,1.2600002
1.8,1.2600002
1.8,1.2600002
1.8,1.2600002
1.76,1.2600002
1.73,1.2600002
1.8,1.2600002
1.8,1.2600002
1.3,1.2699995
1.43,1.2699995
1.59,1.2699995
1.56,1.2699995
1.36,1.2699995
1.49,1.2699995
1.34,1.2699995
1.08,1.2699995
0.86,1.2699995
0.97,1.2699995
1.23,1.2699995
1.25,1.2699995
1.13,1.2699995
1.24,1.2699995
1.54,1.2699995
1.71,1.2699995
1.8,1.2699995
1.8,1.2699995
1.8,1.2699995
1.76,1.2699995
1.73,1.2699995
1.8,1.2699995
1.8,1.2699995
1.8,1.2699995
1.43,1.3000002
1.59,1.3000002
1.56,1.3000002
1.36,1.3000002
1.49,1.3000002
1.34,1.3000002
1.08,1.3000002
0.86,1.3000002
0.97,1.3000002
1.23,1.3000002
1.25,1.3000002
1.13,1.3000002
1.24,1.3000002
1.54,1.3000002
1.71,1.3000002
1.8,1.3000002
1.8,1.3000002
1.8,1.3000002
1.76,1.3000002
1.73,1.3000002
1.8,1.3000002
1.8,1.3000002
1.8,1.3000002
1.81,1.3000002
1.59,1.4300003
1.56,1.4300003
1.36,1.4300003
1.49,1.4300003
1.34,1.4300003
1.08,1.4300003
0.86,1.4300003
0.97,1.4300003
1.23,1.4300003
1.25,1.4300003
1.13,1.4300003
1.24,1.4300003
1.54,1.4300003
1.71,1.4300003
1.8,1.4300003
1.8,1.4300003
1.8,1.4300003
1.76,1.4300003
1.73,1.4300003
1.8,1.4300003
1.8,1.4300003
1.8,1.4300003
1.81,1.4300003
1.85,1.4300003
1.56,1.5900002
1.36,1.5900002
1.49,1.5900002
1.34,1.5900002
1.08,1.5900002
0.86,1.5900002
0.97,1.5900002
1.23,1.5900002
1.25,1.5900002
1.13,1.5900002
1.24,1.5900002
1.54,1.5900002
1.71,1.5900002
1.8,1.5900002
1.8,1.5900002
1.8,1.5900002
1.76,1.5900002
1.73,1.5900002
1.8,1.5900002
1.8,1.5900002
1.8,1.5900002
1.81,1.5900002
1.85,1.5900002
1.79,1.5900002
1.36,1.5600004
1.49,1.5600004
1.34,1.5600004
1.08,1.5600004
0.86,1.5600004
0.97,1.5600004
1.23,1.5600004
1.25,1.5600004
1.13,1.5600004
1.24,1.5600004
1.54,1.5600004
1.71,1.5600004
1.8,1.5600004
1.8,1.5600004
1.8,1.5600004
1.76,1.5600004
1.73,1.5600004
1.8,1.5600004
1.8,1.5600004
1.8,1.5600004
1.81,1.5600004
1.85,1.5600004
1.79,1.5600004
1.69,1.5600004
1.49,1.3599997
1.34,1.3599997
1.08,1.3599997
0.86,1.3599997
0.97,1.3599997
1.23,1.3599997
1.25,1.3599997
1.13,1.3599997
1.24,1.3599997
1.54,1.3599997
1.71,1.3599997
1.8,1.3599997
1.8,1.3599997
1.8,1.3599997
1.76,1.3599997
1.73,1.3599997
1.8,1.3599997
1.8,1.3599997
1.8,1.3599997
1.81,1.3599997
1.85,1.3599997
1.79,1.3599997
1.69,1.3599997
1.53,1.3599997
1.34,1.4899998
1.08,1.4899998
0.86,1.4899998
0.97,1.4899998
1.23,1.4899998
1.25,1.4899998
1.13,1.4899998
1.24,1.4899998
1.54,1.4899998
1.71,1.4899998
1.8,1.4899998
1.8,1.4899998
1.8,1.4899998
1.76,1.4899998
1.73,1.4899998
1.8,1.4899998
1.8,1.4899998
1.8,1.4899998
1.81,1.4899998
1.85,1.4899998
1.79,1.4899998
1.69,1.4899998
1.53,1.4899998
1.32,1.4899998
1.08,1.3400002
0.86,1.3400002
0.97,1.3400002
1.23,1.3400002
1.25,1.3400002
1.13,1.3400002
1.24,1.3400002
1.54,1.3400002
1.71,1.3400002
1.8,1.3400002
1.8,1.3400002
1.8,1.3400002
1.76,1.3400002
1.73,1.3400002
1.8,1.3400002
1.8,1.3400002
1.8,1.3400002
1.81,1.3400002
1.85,1.3400002
1.79,1.3400002
1.69,1.3400002
1.53,1.3400002
1.32,1.3400002
1.19,1.3400002
0.86,1.0799999
0.97,1.0799999
1.23,1.0799999
1.25,1.0799999
1.13,1.0799999
1.24,1.0799999
1.54,1.0799999
1.71,1.0799999
1.8,1.0799999
1.8,1.0799999
1.8,1.0799999
1.76,1.0799999
1.73,1.0799999
1.8,1.0799999
1.8,1.0799999
1.8,1.0799999
1.81,1.0799999
1.85,1.0799999
1.79,1.0799999
1.69,1.0799999
1.53,1.0799999
1.32,1.0799999
1.19,1.0799999
1.24,1.0799999
0.97,0.85999966
1.23,0.85999966
1.25,0.85999966
1.13,0.85999966
1.24,0.85999966
1.54,0.85999966
1.71,0.85999966
1.8,0.85999966
1.8,0.85999966
1.8,0.85999966
1.76,0.85999966
1.73,0.85999966
1.8,0.85999966
1.8,0.85999966
1.8,0.85999966
1.81,0.85999966
1.85,0.85999966
1.79,0.85999966
1.69,0.85999966
1.53,0.85999966
1.32,0.85999966
1.19,0.85999966
1.24,0.85999966
1.43,0.85999966
1.23,0.97000027
1.25,0.97000027
1.13,0.97000027
1.24,0.97000027
1.54,0.97000027
1.71,0.97000027
1.8,0.97000027
1.8,0.97000027
1.8,0.97000027
1.76,0.97000027
1.73,0.97000027
1.8,0.97000027
1.8,0.97000027
1.8,0.97000027
1.81,0.97000027
1.85,0.97000027
1.79,0.97000027
1.69,0.97000027
1.53,0.97000027
1.32,0.97000027
1.19,0.97000027
1.24,0.97000027
1.43,0.97000027
1.28,0.97000027
1.25,1.2300005
1.13,1.2300005
1.24,1.2300005
1.54,1.2300005
1.71,1.2300005
1.8,1.2300005
1.8,1.2300005
1.8,1.2300005
1.76,1.2300005
1.73,1.2300005
1.8,1.2300005
1.8,1.2300005
1.8,1.2300005
1.81,1.2300005
1.85,1.2300005
1.79,1.2300005
1.69,1.2300005
1.53,1.2300005
1.32,1.2300005
1.19,1.2300005
1.24,1.2300005
1.43,1.2300005
1.28,1.2300005
1.24,1.2300005
1.13,1.25
1.24,1.25
1.54,1.25
1.71,1.25
1.8,1.25
1.8,1.25
1.8,1.25
1.76,1.25
1.73,1.25
1.8,1.25
1.8,1.25
1.8,1.25
1.81,1.25
1.85,1.25
1.79,1.25
1.69,1.25
1.53,1.25
1.32,1.25
1.19,1.25
1.24,1.25
1.43,1.25
1.28,1.25
1.24,1.25
1.22,1.25
1.24,1.1300001
1.54,1.1300001
1.71,1.1300001
1.8,1.1300001
1.8,1.1300001
1.8,1.1300001
1.76,1.1300001
1.73,1.1300001
1.8,1.1300001
1.8,1.1300001
1.8,1.1300001
1.81,1.1300001
1.85,1.1300001
1.79,1.1300001
1.69,1.1300001
1.53,1.1300001
1.32,1.1300001
1.19,1.1300001
1.24,1.1300001
1.43,1.1300001
1.28,1.1300001
1.24,1.1300001
1.22,1.1300001
1.45,1.1300001
1.54,1.2399998
1.71,1.2399998
1.8,1.2399998
1.8,1.2399998
1.8,1.2399998
1.76,1.2399998
1.73,1.2399998
1.8,1.2399998
1.8,1.2399998
1.8,1.2399998
1.81,1.2399998
1.85,1.2399998
1.79,1.2399998
1.69,1.2399998
1.53,1.2399998
1.32,1.2399998
1.19,1.2399998
1.24,1.2399998
1.43,1.2399998
1.28,1.2399998
1.24,1.2399998
1.22,1.2399998
1.45,1.2399998
1.38,1.2399998
1.71,1.54
1.8,1.54
1.8,1.54
1.8,1.54
1.76,1.54
1.73,1.54
1.8,1.54
1.8,1.54
1.8,1.54
1.81,1.54
1.85,1.54
1.79,1.54
1.69,1.54
1.53,1.54
1.32,1.54
1.19,1.54
1.24,1.54
1.43,1.54
1.28,1.54
1.24,1.54
1.22,1.54
1.45,1.54
1.38,1.54
1.25,1.54
1.8,1.71
1.8,1.71
1.8,1.71
1.76,1.71
1.73,1.71
1.8,1.71
1.8,1.71
1.8,1.71
1.81,1.71
1.85,1.71
1.79,1.71
1.69,1.71
1.53,1.71
1.32,1.71
1.19,1.71
1.24,1.71
1.43,1.71
1.28,1.71
1.24,1.71
1.22,1.71
1.45,1.71
1.38,1.71
1.25,1.71
1.23,1.71
1.8,1.8000002
1.8,1.8000002
1.76,1.8000002
1.73,1.8000002
1.8,1.8000002
1.8,1.8000002
1.8,1.8000002
1.81,1.8000002
1.85,1.8000002
1.79,1.8000002
1.69,1.8000002
1.53,1.8000002
1.32,1.8000002
1.19,1.8000002
1.24,1.8000002
1.43,1.8000002
1.28,1.8000002
1.24,1.8000002
1.22,1.8000002
1.45,1.8000002
1.38,1.8000002
1.25,1.8000002
1.23,1.8000002
1.19,1.8000002
1.8,1.8000002
1.76,1.8000002
1.73,1.8000002
1.8,1.8000002
1.8,1.8000002
1.8,1.8000002
1.81,1.8000002
1.85,1.8000002
1.79,1.8000002
1.69,1.8000002
1.53,1.8000002
1.32,1.8000002
1.19,1.8000002
1.24,1.8000002
1.43,1.8000002
1.28,1.8000002
1.24,1.8000002
1.22,1.8000002
1.45,1.8000002
1.38,1.8000002
1.25,1.8000002
1.23,1.8000002
1.19,1.8000002
1.31,1.8000002
1.76,1.8000002
1.73,1.8000002
1.8,1.8000002
1.8,1.8000002
1.8,1.8000002
1.81,1.8000002
1.85,1.8000002
1.79,1.8000002
1.69,1.8000002
1.53,1.8000002
1.32,1.8000002
1.19,1.8000002
1.24,1.8000002
1.43,1.8000002
1.28,1.8000002
1.24,1.8000002
1.22,1.8000002
1.45,1.8000002
1.38,1.8000002
1.25,1.8000002
1.23,1.8000002
1.19,1.8000002
1.31,1.8000002
1.34,1.8000002
1.73,1.7600002
1.8,1.7600002
1.8,1.7600002
1.8,1.7600002
1.81,1.7600002
1.85,1.7600002
1.79,1.7600002
1.69,1.7600002
1.53,1.7600002
1.32,1.7600002
1.19,1.7600002
1.24,1.7600002
1.43,1.7600002
1.28,1.7600002
1.24,1.7600002
1.22,1.7600002
1.45,1.7600002
1.38,1.7600002
1.25,1.7600002
1.23,1.7600002
1.19,1.7600002
1.31,1.7600002
1.34,1.7600002
1.43,1.7600002
1.8,1.7300005
1.8,1.7300005
1.8,1.7300005
1.81,1.7300005
1.85,1.7300005
1.79,1.7300005
1.69,1.7300005
1.53,1.7300005
1.32,1.7300005
1.19,1.7300005
1.24,1.7300005
1.43,1.7300005
1.28,1.7300005
1.24,1.7300005
1.22,1.7300005
1.45,1.7300005
1.38,1.7300005
1.25,1.7300005
1.23,1.7300005
1.19,1.7300005
1.31,1.7300005
1.34,1.7300005
1.43,1.7300005
1.49,1.7300005
1.8,1.8000002
1.8,1.8000002
1.81,1.8000002
1.85,1.8000002
1.79,1.8000002
1.69,1.8000002
1.53,1.8000002
1.32,1.8000002
1.19,1.8000002
1.24,1.8000002
1.43,1.8000002
1.28,1.8000002
1.24,1.8000002
1.22,1.8000002
1.45,1.8000002
1.38,1.8000002
1.25,1.8000002
1.23,1.8000002
1.19,1.8000002
1.31,1.8000002
1.34,1.8000002
1.43,1.8000002
1.49,1.8000002
1.66,1.8000002
1.8,1.8000002
1.81,1.8000002
1.85,1.8000002
1.79,1.8000002
1.69,1.8000002
1.53,1.8000002
1.32,1.8000002
1.19,1.8000002
1.24,1.8000002
1.43,1.8000002
1.28,1.8000002
1.24,1.8000002
1.22,1.8000002
1.45,1.8000002
1.38,1.8000002
1.25,1.8000002
1.23,1.8000002
1.19,1.8000002
1.31,1.8000002
1.34,1.8000002
1.43,1.8000002
1.49,1.8000002
1.66,1.8000002
1.85,1.8000002
1.81,1.8000002
1.85,1.8000002
1.79,1.8000002
1.69,1.8000002
1.53,1.8000002
1.32,1.8000002
1.19,1.8000002
1.24,1.8000002
1.43,1.8000002
1.28,1.8000002
1.24,1.8000002
1.22,1.8000002
1.45,1.8000002
1.38,1.8000002
1.25,1.8000002
1.23,1.8000002
1.19,1.8000002
1.31,1.8000002
1.34,1.8000002
1.43,1.8000002
1.49,1.8000002
1.66,1.8000002
1.85,1.8000002
1.61,1.8000002
1.85,1.8100004
1.79,1.8100004
1.69,1.8100004
1.53,1.8100004
1.32,1.8100004
1.19,1.8100004
1.24,1.8100004
1.43,1.8100004
1.28,1.8100004
1.24,1.8100004
1.22,1.8100004
1.45,1.8100004
1.38,1.8100004
1.25,1.8100004
1.23,1.8100004
1.19,1.8100004
1.31,1.8100004
1.34,1.8100004
1.43,1.8100004
1.49,1.8100004
1.66,1.8100004
1.85,1.8100004
1.61,1.8100004
1.63,1.8100004
1.79,1.8500004
1.69,1.8500004
1.53,1.8500004
1.32,1.8500004
1.19,1.8500004
1.24,1.8500004
1.43,1.8500004
1.28,1.8500004
1.24,1.8500004
1.22,1.8500004
1.45,1.8500004
1.38,1.8500004
1.25,1.8500004
1.23,1.8500004
1.19,1.8500004
1.31,1.8500004
1.34,1.8500004
1.43,1.8500004
1.49,1.8500004
1.66,1.8500004
1.85,1.8500004
1.61,1.8500004
1.63,1.8500004
1.85,1.8500004
1.69,1.79
1.53,1.79
1.32,1.79
1.19,1.79
1.24,1.79
1.43,1.79
1.28,1.79
1.24,1.79
1.22,1.79
1.45,1.79
1.38,1.79
1.25,1.79
1.23,1.79
1.19,1.79
1.31,1.79
1.34,1.79
1.43,1.79
1.49,1.79
1.66,1.79
1.85,1.79
1.61,1.79
1.63,1.79
1.85,1.79
2.01,1.79
1.53,1.6899996
1.32,1.6899996
1.19,1.6899996
1.24,1.6899996
1.43,1.6899996
1.28,1.6899996
1.24,1.6899996
1.22,1.6899996
1.45,1.6899996
1.38,1.6899996
1.25,1.6899996
1.23,1.6899996
1.19,1.6899996
1.31,1.6899996
1.34,1.6899996
1.43,1.6899996
1.49,1.6899996
1.66,1.6899996
1.85,1.6899996
1.61,1.6899996
1.63,1.6899996
1.85,1.6899996
2.01,1.6899996
2.17,1.6899996
1.32,1.5299997
1.19,1.5299997
1.24,1.5299997
1.43,1.5299997
1.28,1.5299997
1.24,1.5299997
1.22,1.5299997
1.45,1.5299997
1.38,1.5299997
1.25,1.5299997
1.23,1.5299997
1.19,1.5299997
1.31,1.5299997
1.34,1.5299997
1.43,1.5299997
1.49,1.5299997
1.66,1.5299997
1.85,1.5299997
1.61,1.5299997
1.63,1.5299997
1.85,1.5299997
2.01,1.5299997
2.17,1.5299997
2.56,1.5299997
1.19,1.3199997
1.24,1.3199997
1.43,1.3199997
1.28,1.3199997
1.24,1.3199997
1.22,1.3199997
1.45,1.3199997
1.38,1.3199997
1.25,1.3199997
1.23,1.3199997
1.19,1.3199997
1.31,1.3199997
1.34,1.3199997
1.43,1.3199997
1.49,1.3199997
1.66,1.3199997
1.85,1.3199997
1.61,1.3199997
1.63,1.3199997
1.85,1.3199997
2.01,1.3199997
2.17,1.3199997
2.56,1.3199997
2.77,1.3199997
1.24,1.1899996
1.43,1.1899996
1.28,1.1899996
1.24,1.1899996
1.22,1.1899996
1.45,1.1899996
1.38,1.1899996
1.25,1.1899996
1.23,1.1899996
1.19,1.1899996
1.31,1.1899996
1.34,1.1899996
1.43,1.1899996
1.49,1.1899996
1.66,1.1899996
1.85,1.1899996
1.61,1.1899996
1.63,1.1899996
1.85,1.1899996
2.01,1.1899996
2.17,1.1899996
2.56,1.1899996
2.77,1.1899996
3.46,1.1899996
1.43,1.2399998
1.28,1.2399998
1.24,1.2399998
1.22,1.2399998
1.45,1.2399998
1.38,1.2399998
1.25,1.2399998
1.23,1.2399998
1.19,1.2399998
1.31,1.2399998
1.34,1.2399998
1.43,1.2399998
1.49,1.2399998
1.66,1.2399998
1.85,1.2399998
1.61,1.2399998
1.63,1.2399998
1.85,1.2399998
2.01,1.2399998
2.17,1.2399998
2.56,1.2399998
2.77,1.2399998
3.46,1.2399998
4.32,1.2399998
1.28,1.4300003
1.24,1.4300003
1.22,1.4300003
1.45,1.4300003
1.38,1.4300003
1.25,1.4300003
1.23,1.4300003
1.19,1.4300003
1.31,1.4300003
1.34,1.4300003
1.43,1.4300003
1.49,1.4300003
1.66,1.4300003
1.85,1.4300003
1.61,1.4300003
1.63,1.4300003
1.85,1.4300003
2.01,1.4300003
2.17,1.4300003
2.56,1.4300003
2.77,1.4300003
3.46,1.4300003
4.32,1.4300003
4.75,1.4300003
1.24,1.2799997
1.22,1.2799997
1.45,1.2799997
1.38,1.2799997
1.25,1.2799997
1.23,1.2799997
1.19,1.2799997
1.31,1.2799997
1.34,1.2799997
1.43,1.2799997
1.49,1.2799997
1.66,1.2799997
1.85,1.2799997
1.61,1.2799997
1.63,1.2799997
1.85,1.2799997
2.01,1.2799997
2.17,1.2799997
2.56,1.2799997
2.77,1.2799997
3.46,1.2799997
4.32,1.2799997
4.75,1.2799997
4.85,1.2799997
1.22,1.2399998
1.45,1.2399998
1.38,1.2399998
1.25,1.2399998
1.23,1.2399998
1.19,1.2399998
1.31,1.2399998
1.34,1.2399998
1.43,1.2399998
1.49,1.2399998
1.66,1.2399998
1.85,1.2399998
1.61,1.2399998
1.63,1.2399998
1.85,1.2399998
2.01,1.2399998
2.17,1.2399998
2.56,1.2399998
2.77,1.2399998
3.46,1.2399998
4.32,1.2399998
4.75,1.2399998
4.85,1.2399998
4.76,1.2399998
1.45,1.2200003
1.38,1.2200003
1.25,1.2200003
1.23,1.2200003
1.19,1.2200003
1.31,1.2200003
1.34,1.2200003
1.43,1.2200003
1.49,1.2200003
1.66,1.2200003
1.85,1.2200003
1.61,1.2200003
1.63,1.2200003
1.85,1.2200003
2.01,1.2200003
2.17,1.2200003
2.56,1.2200003
2.77,1.2200003
3.46,1.2200003
4.32,1.2200003
4.75,1.2200003
4.85,1.2200003
4.76,1.2200003
4.73,1.2200003
1.38,1.4499998
1.25,1.4499998
1.23,1.4499998
1.19,1.4499998
1.31,1.4499998
1.34,1.4499998
1.43,1.4499998
1.49,1.4499998
1.66,1.4499998
1.85,1.4499998
1.61,1.4499998
1.63,1.4499998
1.85,1.4499998
2.01,1.4499998
2.17,1.4499998
2.56,1.4499998
2.77,1.4499998
3.46,1.4499998
4.32,1.4499998
4.75,1.4499998
4.85,1.4499998
4.76,1.4499998
4.73,1.4499998
4.78,1.4499998
1.25,1.3800001
1.23,1.3800001
1.19,1.3800001
1.31,1.3800001
1.34,1.3800001
1.43,1.3800001
1.49,1.3800001
1.66,1.3800001
1.85,1.3800001
1.61,1.3800001
1.63,1.3800001
1.85,1.3800001
2.01,1.3800001
2.17,1.3800001
2.56,1.3800001
2.77,1.3800001
3.46,1.3800001
4.32,1.3800001
4.75,1.3800001
4.85,1.3800001
4.76,1.3800001
4.73,1.3800001
4.78,1.3800001
4.81,1.3800001
1.23,1.25
1.19,1.25
1.31,1.25
1.34,1.25
1.43,1.25
1.49,1.25
1.66,1.25
1.85,1.25
1.61,1.25
1.63,1.25
1.85,1.25
2.01,1.25
2.17,1.25
2.56,1.25
2.77,1.25
3.46,1.25
4.32,1.25
4.75,1.25
4.85,1.25
4.76,1.25
4.73,1.25
4.78,1.25
4.81,1.25
4.82,1.25
1.19,1.2300005
1.31,1.2300005
1.34,1.2300005
1.43,1.2300005
1.49,1.2300005
1.66,1.2300005
1.85,1.2300005
1.61,1.2300005
1.63,1.2300005
1.85,1.2300005
2.01,1.2300005
2.17,1.2300005
2.56,1.2300005
2.77,1.2300005
3.46,1.2300005
4.32,1.2300005
4.75,1.2300005
4.85,1.2300005
4.76,1.2300005
4.73,1.2300005
4.78,1.2300005
4.81,1.2300005
4.82,1.2300005
4.92,1.2300005
1.31,1.1899996
1.34,1.1899996
1.43,1.1899996
1.49,1.1899996
1.66,1.1899996
1.85,1.1899996
1.61,1.1899996
1.63,1.1899996
1.85,1.1899996
2.01,1.1899996
2.17,1.1899996
2.56,1.1899996
2.77,1.1899996
3.46,1.1899996
4.32,1.1899996
4.75,1.1899996
4.85,1.1899996
4.76,1.1899996
4.73,1.1899996
4.78,1.1899996
4.81,1.1899996
4.82,1.1899996
4.92,1.1899996
5.02,1.1899996
1.34,1.3100004
1.43,1.3100004
1.49,1.3100004
1.66,1.3100004
1.85,1.3100004
1.61,1.3100004
1.63,1.3100004
1.85,1.3100004
2.01,1.3100004
2.17,1.3100004
2.56,1.3100004
2.77,1.3100004
3.46,1.3100004
4.32,1.3100004
4.75,1.3100004
4.85,1.3100004
4.76,1.3100004
4.73,1.3100004
4.78,1.3100004
4.81,1.3100004
4.82,1.3100004
4.92,1.3100004
5.02,1.3100004
5.03,1.3100004
1.43,1.3400002
1.49,1.3400002
1.66,1.3400002
1.85,1.3400002
1.61,1.3400002
1.63,1.3400002
1.85,1.3400002
2.01,1.3400002
2.17,1.3400002
2.56,1.3400002
2.77,1.3400002
3.46,1.3400002
4.32,1.3400002
4.75,1.3400002
4.85,1.3400002
4.76,1.3400002
4.73,1.3400002
4.78,1.3400002
4.81,1.3400002
4.82,1.3400002
4.92,1.3400002
5.02,1.3400002
5.03,1.3400002
5.07,1.3400002
1.49,1.4300003
1.66,1.4300003
1.85,1.4300003
1.61,1.4300003
1.63,1.4300003
1.85,1.4300003
2.01,1.4300003
2.17,1.4300003
2.56,1.4300003
2.77,1.4300003
3.46,1.4300003
4.32,1.4300003
4.75,1.4300003
4.85,1.4300003
4.76,1.4300003
4.73,1.4300003
4.78,1.4300003
4.81,1.4300003
4.82,1.4300003
4.92,1.4300003
5.02,1.4300003
5.03,1.4300003
5.07,1.4300003
4.89,1.4300003
1.66,1.4899998
1.85,1.4899998
1.61,1.4899998
1.63,1.4899998
1.85,1.4899998
2.01,1.4899998
2.17,1.4899998
2.56,1.4899998
2.77,1.4899998
3.46,1.4899998
4.32,1.4899998
4.75,1.4899998
4.85,1.4899998
4.76,1.4899998
4.73,1.4899998
4.78,1.4899998
4.81,1.4899998
4.82,1.4899998
4.92,1.4899998
5.02,1.4899998
5.03,1.4899998
5.07,1.4899998
4.89,1.4899998
4.74,1.4899998
1.85,1.6599998
1.61,1.6599998
1.63,1.6599998
1.85,1.6599998
2.01,1.6599998
2.17,1.6599998
2.56,1.6599998
2.77,1.6599998
3.46,1.6599998
4.32,1.6599998
4.75,1.6599998
4.85,1.6599998
4.76,1.6599998
4.73,1.6599998
4.78,1.6599998
4.81,1.6599998
4.82,1.6599998
4.92,1.6599998
5.02,1.6599998
5.03,1.6599998
5.07,1.6599998
4.89,1.6599998
4.74,1.6599998
4.67,1.6599998
1.61,1.8500004
1.63,1.8500004
1.85,1.8500004
2.01,1.8500004
2.17,1.8500004
2.56,1.8500004
2.77,1.8500004
3.46,1.8500004
4.32,1.8500004
4.75,1.8500004
4.85,1.8500004
4.76,1.8500004
4.73,1.8500004
4.78,1.8500004
4.81,1.8500004
4.82,1.8500004
4.92,1.8500004
5.02,1.8500004
5.03,1.8500004
5.07,1.8500004
4.89,1.8500004
4.74,1.8500004
4.67,1.8500004
4.67,1.8500004
1.63,1.6099997
1.85,1.6099997
2.01,1.6099997
2.17,1.6099997
2.56,1.6099997
2.77,1.6099997
3.46,1.6099997
4.32,1.6099997
4.75,1.6099997
4.85,1.6099997
4.76,1.6099997
4.73,1.6099997
4.78,1.6099997
4.81,1.6099997
4.82,1.6099997
4.92,1.6099997
5.02,1.6099997
5.03,1.6099997
5.07,1.6099997
4.89,1.6099997
4.74,1.6099997
4.67,1.6099997
4.67,1.6099997
4.62,1.6099997
1.85,1.6300001
2.01,1.6300001
2.17,1.6300001
2.56,1.6300001
2.77,1.6300001
3.46,1.6300001
4.32,1.6300001
4.75,1.6300001
4.85,1.6300001
4.76,1.6300001
4.73,1.6300001
4.78,1.6300001
4.81,1.6300001
4.82,1.6300001
4.92,1.6300001
5.02,1.6300001
5.03,1.6300001
5.07,1.6300001
4.89,1.6300001
4.74,1.6300001
4.67,1.6300001
4.67,1.6300001
4.62,1.6300001
4.6,1.6300001
2.01,1.8500004
2.17,1.8500004
2.56,1.8500004
2.77,1.8500004
3.46,1.8500004
4.32,1.8500004
4.75,1.8500004
4.85,1.8500004
4.76,1.8500004
4.73,1.8500004
4.78,1.8500004
4.81,1.8500004
4.82,1.8500004
4.92,1.8500004
5.02,1.8500004
5.03,1.8500004
5.07,1.8500004
4.89,1.8500004
4.74,1.8500004
4.67,1.8500004
4.67,1.8500004
4.62,1.8500004
4.6,1.8500004
4.54,1.8500004
2.17,2.0100002
2.56,2.0100002
2.77,2.0100002
3.46,2.0100002
4.32,2.0100002
4.75,2.0100002
4.85,2.0100002
4.76,2.0100002
4.73,2.0100002
4.78,2.0100002
4.81,2.0100002
4.82,2.0100002
4.92,2.0100002
5.02,2.0100002
5.03,2.0100002
5.07,2.0100002
4.89,2.0100002
4.74,2.0100002
4.67,2.0100002
4.67,2.0100002
4.62,2.0100002
4.6,2.0100002
4.54,2.0100002
4.44,2.0100002
2.56,2.17
2.77,2.17
3.46,2.17
4.32,2.17
4.75,2.17
4.85,2.17
4.76,2.17
4.73,2.17
4.78,2.17
4.81,2.17
4.82,2.17
4.92,2.17
5.02,2.17
5.03,2.17
5.07,2.17
4.89,2.17
4.74,2.17
4.67,2.17
4.67,2.17
4.62,2.17
4.6,2.17
4.54,2.17
4.44,2.17
4.3,2.17
2.77,2.5600004
3.46,2.5600004
4.32,2.5600004
4.75,2.5600004
4.85,2.5600004
4.76,2.5600004
4.73,2.5600004
4.78,2.5600004
4.81,2.5600004
4.82,2.5600004
4.92,2.5600004
5.02,2.5600004
5.03,2.5600004
5.07,2.5600004
4.89,2.5600004
4.74,2.5600004
4.67,2.5600004
4.67,2.5600004
4.62,2.5600004
4.6,2.5600004
4.54,2.5600004
4.44,2.5600004
4.3,2.5600004
4.27,2.5600004
3.46,2.7699995
4.32,2.7699995
4.75,2.7699995
4.85,2.7699995
4.76,2.7699995
4.73,2.7699995
4.78,2.7699995
4.81,2.7699995
4.82,2.7699995
4.92,2.7699995
5.02,2.7699995
5.03,2.7699995
5.07,2.7699995
4.89,2.7699995
4.74,2.7699995
4.67,2.7699995
4.67,2.7699995
4.62,2.7699995
4.6,2.7699995
4.54,2.7699995
4.44,2.7699995
4.3,2.7699995
4.27,2.7699995
4.27,2.7699995
4.32,3.46
4.75,3.46
4.85,3.46
4.76,3.46
4.73,3.46
4.78,3.46
4.81,3.46
4.82,3.46
4.92,3.46
5.02,3.46
5.03,3.46
5.07,3.46
4.89,3.46
4.74,3.46
4.67,3.46
4.67,3.46
4.62,3.46
4.6,3.46
4.54,3.46
4.44,3.46
4.3,3.46
4.27,3.46
4.27,3.46
4.27,3.46
4.75,4.3200006
4.85,4.3200006
4.76,4.3200006
4.73,4.3200006
4.78,4.3200006
4.81,4.3200006
4.82,4.3200006
4.92,4.3200006
5.02,4.3200006
5.03,4.3200006
5.07,4.3200006
4.89,4.3200006
4.74,4.3200006
4.67,4.3200006
4.67,4.3200006
4.62,4.3200006
4.6,4.3200006
4.54,4.3200006
4.44,4.3200006
4.3,4.3200006
4.27,4.3200006
4.27,4.3200006
4.27,4.3200006
4.27,4.3200006
4.85,4.75
4.76,4.75
4.73,4.75
4.78,4.75
4.81,4.75
4.82,4.75
4.92,4.75
5.02,4.75
5.03,4.75
5.07,4.75
4.89,4.75
4.74,4.75
4.67,4.75
4.67,4.75
4.62,4.75
4.6,4.75
4.54,4.75
4.44,4.75
4.3,4.75
4.27,4.75
4.27,4.75
4.27,4.75
4.27,4.75
4.28,4.75
4.76,4.8500004
4.73,4.8500004
4.78,4.8500004
4.81,4.8500004
4.82,4.8500004
4.92,4.8500004
5.02,4.8500004
5.03,4.8500004
5.07,4.8500004
4.89,4.8500004
4.74,4.8500004
4.67,4.8500004
4.67,4.8500004
4.62,4.8500004
4.6,4.8500004
4.54,4.8500004
4.44,4.8500004
4.3,4.8500004
4.27,4.8500004
4.27,4.8500004
4.27,4.8500004
4.27,4.8500004
4.28,4.8500004
4.27,4.8500004
4.73,4.76
4.78,4.76
4.81,4.76
4.82,4.76
4.92,4.76
5.02,4.76
5.03,4.76
5.07,4.76
4.89,4.76
4.74,4.76
4.67,4.76
4.67,4.76
4.62,4.76
4.6,4.76
4.54,4.76
4.44,4.76
4.3,4.76
4.27,4.76
4.27,4.76
4.27,4.76
4.27,4.76
4.28,4.76
4.27,4.76
4.27,4.76
4.78,4.73
4.81,4.73
4.82,4.73
4.92,4.73
5.02,4.73
5.03,4.73
5.07,4.73
4.89,4.73
4.74,4.73
4.67,4.73
4.67,4.73
4.62,4.73
4.6,4.73
4.54,4.73
4.44,4.73
4.3,4.73
4.27,4.73
4.27,4.73
4.27,4.73
4.27,4.73
4.28,4.73
4.27,4.73
4.27,4.73
4.27,4.73
4.81,4.78
4.82,4.78
4.92,4.78
5.02,4.78
5.03,4.78
5.07,4.78
4.89,4.78
4.74,4.78
4.67,4.78
4.67,4.78
4.62,4.78
4.6,4.78
4.54,4.78
4.44,4.78
4.3,4.78
4.27,4.78
4.27,4.78
4.27,4.78
4.27,4.78
4.28,4.78
4.27,4.78
4.27,4.78
4.27,4.78
4.24,4.78
4.82,4.81
4.92,4.81
5.02,4.81
5.03,4.81
5.07,4.81
4.89,4.81
4.74,4.81
4.67,4.81
4.67,4.81
4.62,4.81
4.6,4.81
4.54,4.81
4.44,4.81
4.3,4.81
4.27,4.81
4.27,4.81
4.27,4.81
4.27,4.81
4.28,4.81
4.27,4.81
4.27,4.81
4.27,4.81
4.24,4.81
4.13,4.81
4.92,4.8200006
5.02,4.8200006
5.03,4.8200006
5.07,4.8200006
4.89,4.8200006
4.74,4.8200006
4.67,4.8200006
4.67,4.8200006
4.62,4.8200006
4.6,4.8200006
4.54,4.8200006
4.44,4.8200006
4.3,4.8200006
4.27,4.8200006
4.27,4.8200006
4.27,4.8200006
4.27,4.8200006
4.28,4.8200006
4.27,4.8200006
4.27,4.8200006
4.27,4.8200006
4.24,4.8200006
4.13,4.8200006
4.07,4.8200006
5.02,4.92
5.03,4.92
5.07,4.92
4.89,4.92
4.74,4.92
4.67,4.92
4.67,4.92
4.62,4.92
4.6,4.92
4.54,4.92
4.44,4.92
4.3,4.92
4.27,4.92
4.27,4.92
4.27,4.92
4.27,4.92
4.28,4.92
4.27,4.92
4.27,4.92
4.27,4.92
4.24,4.92
4.13,4.92
4.07,4.92
4.03,4.92
5.03,5.0200005
5.07,5.0200005
4.89,5.0200005
4.74,5.0200005
4.67,5.0200005
4.67,5.0200005
4.62,5.0200005
4.6,5.0200005
4.54,5.0200005
4.44,5.0200005
4.3,5.0200005
4.27,5.0200005
4.27,5.0200005
4.27,5.0200005
4.27,5.0200005
4.28,5.0200005
4.27,5.0200005
4.27,5.0200005
4.27,5.0200005
4.24,5.0200005
4.13,5.0200005
4.07,5.0200005
4.03,5.0200005
4.0,5.0200005
5.07,5.03
4.89,5.03
4.74,5.03
4.67,5.03
4.67,5.03
4.62,5.03
4.6,5.03
4.54,5.03
4.44,5.03
4.3,5.03
4.27,5.03
4.27,5.03
4.27,5.03
4.27,5.03
4.28,5.03
4.27,5.03
4.27,5.03
4.27,5.03
4.24,5.03
4.13,5.03
4.07,5.03
4.03,5.03
4.0,5.03
3.9,5.03
4.89,5.07
4.74,5.07
4.67,5.07
4.67,5.07
4.62,5.07
4.6,5.07
4.54,5.07
4.44,5.07
4.3,5.07
4.27,5.07
4.27,5.07
4.27,5.07
4.27,5.07
4.28,5.07
4.27,5.07
4.27,5.07
4.27,5.07
4.24,5.07
4.13,5.07
4.07,5.07
4.03,5.07
4.0,5.07
3.9,5.07
3.82,5.07
4.74,4.8899994
4.67,4.8899994
4.67,4.8899994
4.62,4.8899994
4.6,4.8899994
4.54,4.8899994
4.44,4.8899994
4.3,4.8899994
4.27,4.8899994
4.27,4.8899994
4.27,4.8899994
4.27,4.8899994
4.28,4.8899994
4.27,4.8899994
4.27,4.8899994
4.27,4.8899994
4.24,4.8899994
4.13,4.8899994
4.07,4.8899994
4.03,4.8899994
4.0,4.8899994
3.9,4.8899994
3.82,4.8899994
3.8,4.8899994
4.67,4.7399993
4.67,4.7399993
4.62,4.7399993
4.6,4.7399993
4.54,4.7399993
4.44,4.7399993
4.3,4.7399993
4.27,4.7399993
4.27,4.7399993
4.27,4.7399993
4.27,4.7399993
4.28,4.7399993
4.27,4.7399993
4.27,4.7399993
4.27,4.7399993
4.24,4.7399993
4.13,4.7399993
4.07,4.7399993
4.03,4.7399993
4.0,4.7399993
3.9,4.7399993
3.82,4.7399993
3.8,4.7399993
3.79,4.7399993
4.67,4.67
4.62,4.67
4.6,4.67
4.54,4.67
4.44,4.67
4.3,4.67
4.27,4.67
4.27,4.67
4.27,4.67
4.27,4.67
4.28,4.67
4.27,4.67
4.27,4.67
4.27,4.67
4.24,4.67
4.13,4.67
4.07,4.67
4.03,4.67
4.0,4.67
3.9,4.67
3.82,4.67
3.8,4.67
3.79,4.67
3.8,4.67
4.62,4.67
4.6,4.67
4.54,4.67
4.44,4.67
4.3,4.67
4.27,4.67
4.27,4.67
4.27,4.67
4.27,4.67
4.28,4.67
4.27,4.67
4.27,4.67
4.27,4.67
4.24,4.67
4.13,4.67
4.07,4.67
4.03,4.67
4.0,4.67
3.9,4.67
3.82,4.67
3.8,4.67
3.79,4.67
3.8,4.67
3.76,4.67
4.6,4.62
4.54,4.62
4.44,4.62
4.3,4.62
4.27,4.62
4.27,4.62
4.27,4.62
4.27,4.62
4.28,4.62
4.27,4.62
4.27,4.62
4.27,4.62
4.24,4.62
4.13,4.62
4.07,4.62
4.03,4.62
4.0,4.62
3.9,4.62
3.82,4.62
3.8,4.62
3.79,4.62
3.8,4.62
3.76,4.62
3.75,4.62
4.54,4.5999994
4.44,4.5999994
4.3,4.5999994
4.27,4.5999994
4.27,4.5999994
4.27,4.5999994
4.27,4.5999994
4.28,4.5999994
4.27,4.5999994
4.27,4.5999994
4.27,4.5999994
4.24,4.5999994
4.13,4.5999994
4.07,4.5999994
4.03,4.5999994
4.0,4.5999994
3.9,4.5999994
3.82,4.5999994
3.8,4.5999994
3.79,4.5999994
3.8,4.5999994
3.76,4.5999994
3.75,4.5999994
3.76,4.5999994
4.44,4.54
4.3,4.54
4.27,4.54
4.27,4.54
4.27,4.54
4.27,4.54
4.28,4.54
4.27,4.54
4.27,4.54
4.27,4.54
4.24,4.54
4.13,4.54
4.07,4.54
4.03,4.54
4.0,4.54
3.9,4.54
3.82,4.54
3.8,4.54
3.79,4.54
3.8,4.54
3.76,4.54
3.75,4.54
3.76,4.54
3.73,4.54
4.3,4.4399996
4.27,4.4399996
4.27,4.4399996
4.27,4.4399996
4.27,4.4399996
4.28,4.4399996
4.27,4.4399996
4.27,4.4399996
4.27,4.4399996
4.24,4.4399996
4.13,4.4399996
4.07,4.4399996
4.03,4.4399996
4.0,4.4399996
3.9,4.4399996
3.82,4.4399996
3.8,4.4399996
3.79,4.4399996
3.8,4.4399996
3.76,4.4399996
3.75,4.4399996
3.76,4.4399996
3.73,4.4399996
3.72,4.4399996
4.27,4.3
4.27,4.3
4.27,4.3
4.27,4.3
4.28,4.3
4.27,4.3
4.27,4.3
4.27,4.3
4.24,4.3
4.13,4.3
4.07,4.3
4.03,4.3
4.0,4.3
3.9,4.3
3.82,4.3
3.8,4.3
3.79,4.3
3.8,4.3
3.76,4.3
3.75,4.3
3.76,4.3
3.73,4.3
3.72,4.3
3.67,4.3
4.27,4.2699995
4.27,4.2699995
4.27,4.2699995
4.28,4.2699995
4.27,4.2699995
4.27,4.2699995
4.27,4.2699995
4.24,4.2699995
4.13,4.2699995
4.07,4.2699995
4.03,4.2699995
4.0,4.2699995
3.9,4.2699995
3.82,4.2699995
3.8,4.2699995
3.79,4.2699995
3.8,4.2699995
3.76,4.2699995
3.75,4.2699995
3.76,4.2699995
3.73,4.2699995
3.72,4.2699995
3.67,4.2699995
3.67,4.2699995
4.27,4.2699995
4.27,4.2699995
4.28,4.2699995
4.27,4.2699995
4.27,4.2699995
4.27,4.2699995
4.24,4.2699995
4.13,4.2699995
4.07,4.2699995
4.03,4.2699995
4.0,4.2699995
3.9,4.2699995
3.82,4.2699995
3.8,4.2699995
3.79,4.2699995
3.8,4.2699995
3.76,4.2699995
3.75,4.2699995
3.76,4.2699995
3.73,4.2699995
3.72,4.2699995
3.67,4.2699995
3.67,4.2699995
3.63,4.2699995
4.27,4.2699995
4.28,4.2699995
4.27,4.2699995
4.27,4.2699995
4.27,4.2699995
4.24,4.2699995
4.13,4.2699995
4.07,4.2699995
4.03,4.2699995
4.0,4.2699995
3.9,4.2699995
3.82,4.2699995
3.8,4.2699995
3.79,4.2699995
3.8,4.2699995
3.76,4.2699995
3.75,4.2699995
3.76,4.2699995
3.73,4.2699995
3.72,4.2699995
3.67,4.2699995
3.67,4.2699995
3.63,4.2699995
3.55,4.2699995
4.28,4.2699995
4.27,4.2699995
4.27,4.2699995
4.27,4.2699995
4.24,4.2699995
4.13,4.2699995
4.07,4.2699995
4.03,4.2699995
4.0,4.2699995
3.9,4.2699995
3.82,4.2699995
3.8,4.2699995
3.79,4.2699995
3.8,4.2699995
3.76,4.2699995
3.75,4.2699995
3.76,4.2699995
3.73,4.2699995
3.72,4.2699995
3.67,4.2699995
3.67,4.2699995
3.63,4.2699995
3.55,4.2699995
3.47,4.2699995
4.27,4.2799997
4.27,4.2799997
4.27,4.2799997
4.24,4.2799997
4.13,4.2799997
4.07,4.2799997
4.03,4.2799997
4.0,4.2799997
3.9,4.2799997
3.82,4.2799997
3.8,4.2799997
3.79,4.2799997
3.8,4.2799997
3.76,4.2799997
3.75,4.2799997
3.76,4.2799997
3.73,4.2799997
3.72,4.2799997
3.67,4.2799997
3.67,4.2799997
3.63,4.2799997
3.55,4.2799997
3.47,4.2799997
3.49,4.2799997
4.27,4.2699995
4.27,4.2699995
4.24,4.2699995
4.13,4.2699995
4.07,4.2699995
4.03,4.2699995
4.0,4.2699995
3.9,4.2699995
3.82,4.2699995
3.8,4.2699995
3.79,4.2699995
3.8,4.2699995
3.76,4.2699995
3.75,4.2699995
3.76,4.2699995
3.73,4.2699995
3.72,4.2699995
3.67,4.2699995
3.67,4.2699995
3.63,4.2699995
3.55,4.2699995
3.47,4.2699995
3.49,4.2699995
3.56,4.2699995
4.27,4.2699995
4.24,4.2699995
4.13,4.2699995
4.07,4.2699995
4.03,4.2699995
4.0,4.2699995
3.9,4.2699995
3.82,4.2699995
3.8,4.2699995
3.79,4.2699995
3.8,4.2699995
3.76,4.2699995
3.75,4.2699995
3.76,4.2699995
3.73,4.2699995
3.72,4.2699995
3.67,4.2699995
3.67,4.2699995
3.63,4.2699995
3.55,4.2699995
3.47,4.2699995
3.49,4.2699995
3.56,4.2699995
3.66,4.2699995
4.24,4.2699995
4.13,4.2699995
4.07,4.2699995
4.03,4.2699995
4.0,4.2699995
3.9,4.2699995
3.82,4.2699995
3.8,4.2699995
3.79,4.2699995
3.8,4.2699995
3.76,4.2699995
3.75,4.2699995
3.76,4.2699995
3.73,4.2699995
3.72,4.2699995
3.67,4.2699995
3.67,4.2699995
3.63,4.2699995
3.55,4.2699995
3.47,4.2699995
3.49,4.2699995
3.56,4.2699995
3.66,4.2699995
3.64,4.2699995
4.13,4.24
4.07,4.24
4.03,4.24
4.0,4.24
3.9,4.24
3.82,4.24
3.8,4.24
3.79,4.24
3.8,4.24
3.76,4.24
3.75,4.24
3.76,4.24
3.73,4.24
3.72,4.24
3.67,4.24
3.67,4.24
3.63,4.24
3.55,4.24
3.47,4.24
3.49,4.24
3.56,4.24
3.66,4.24
3.64,4.24
3.6,4.24
4.07,4.13
4.03,4.13
4.0,4.13
3.9,4.13
3.82,4.13
3.8,4.13
3.79,4.13
3.8,4.13
3.76,4.13
3.75,4.13
3.76,4.13
3.73,4.13
3.72,4.13
3.67,4.13
3.67,4.13
3.63,4.13
3.55,4.13
3.47,4.13
3.49,4.13
3.56,4.13
3.66,4.13
3.64,4.13
3.6,4.13
3.6,4.13
4.03,4.0700006
4.0,4.0700006
3.9,4.0700006
3.82,4.0700006
3.8,4.0700006
3.79,4.0700006
3.8,4.0700006
3.76,4.0700006
3.75,4.0700006
3.76,4.0700006
3.73,4.0700006
3.72,4.0700006
3.67,4.0700006
3.67,4.0700006
3.63,4.0700006
3.55,4.0700006
3.47,4.0700006
3.49,4.0700006
3.56,4.0700006
3.66,4.0700006
3.64,4.0700006
3.6,4.0700006
3.6,4.0700006
3.53,4.0700006
4.0,4.0299997
3.9,4.0299997
3.82,4.0299997
3.8,4.0299997
3.79,4.0299997
3.8,4.0299997
3.76,4.0299997
3.75,4.0299997
3.76,4.0299997
3.73,4.0299997
3.72,4.0299997
3.67,4.0299997
3.67,4.0299997
3.63,4.0299997
3.55,4.0299997
3.47,4.0299997
3.49,4.0299997
3.56,4.0299997
3.66,4.0299997
3.64,4.0299997
3.6,4.0299997
3.6,4.0299997
3.53,4.0299997
3.58,4.0299997
3.9,4.0
3.82,4.0
3.8,4.0
3.79,4.0
3.8,4.0
3.76,4.0
3.75,4.0
3.76,4.0
3.73,4.0
3.72,4.0
3.67,4.0
3.67,4.0
3.63,4.0
3.55,4.0
3.47,4.0
3.49,4.0
3.56,4.0
3.66,4.0
3.64,4.0
3.6,4.0
3.6,4.0
3.53,4.0
3.58,4.0
3.57,4.0
3.82,3.9000006
3.8,3.9000006
3.79,3.9000006
3.8,3.9000006
3.76,3.9000006
3.75,3.9000006
3.76,3.9000006
3.73,3.9000006
3.72,3.9000006
3.67,3.9000006
3.67,3.9000006
3.63,3.9000006
3.55,3.9000006
3.47,3.9000006
3.49,3.9000006
3.56,3.9000006
3.66,3.9000006
3.64,3.9000006
3.6,3.9000006
3.6,3.9000006
3.53,3.9000006
3.58,3.9000006
3.57,3.9000006
3.53,3.9000006
3.8,3.8199997
3.79,3.8199997
3.8,3.8199997
3.76,3.8199997
3.75,3.8199997
3.76,3.8199997
3.73,3.8199997
3.72,3.8199997
3.67,3.8199997
3.67,3.8199997
3.63,3.8199997
3.55,3.8199997
3.47,3.8199997
3.49,3.8199997
3.56,3.8199997
3.66,3.8199997
3.64,3.8199997
3.6,3.8199997
3.6,3.8199997
3.53,3.8199997
3.58,3.8199997
3.57,3.8199997
3.53,3.8199997
3.53,3.8199997
3.79,3.8000002
3.8,3.8000002
3.76,3.8000002
3.75,3.8000002
3.76,3.8000002
3.73,3.8000002
3.72,3.8000002
3.67,3.8000002
3.67,3.8000002
3.63,3.8000002
3.55,3.8000002
3.47,3.8000002
3.49,3.8000002
3.56,3.8000002
3.66,3.8000002
3.64,3.8000002
3.6,3.8000002
3.6,3.8000002
3.53,3.8000002
3.58,3.8000002
3.57,3.8000002
3.53,3.8000002
3.53,3.8000002
3.59,3.8000002
3.8,3.79
3.76,3.79
3.75,3.79
3.76,3.79
3.73,3.79
3.72,3.79
3.67,3.79
3.67,3.79
3.63,3.79
3.55,3.79
3.47,3.79
3.49,3.79
3.56,3.79
3.66,3.79
3.64,3.79
3.6,3.79
3.6,3.79
3.53,3.79
3.58,3.79
3.57,3.79
3.53,3.79
3.53,3.79
3.59,3.79
3.61,3.79
3.76,3.8000002
3.75,3.8000002
3.76,3.8000002
3.73,3.8000002
3.72,3.8000002
3.67,3.8000002
3.67,3.8000002
3.63,3.8000002
3.55,3.8000002
3.47,3.8000002
3.49,3.8000002
3.56,3.8000002
3.66,3.8000002
3.64,3.8000002
3.6,3.8000002
3.6,3.8000002
3.53,3.8000002
3.58,3.8000002
3.57,3.8000002
3.53,3.8000002
3.53,3.8000002
3.59,3.8000002
3.61,3.8000002
3.57,3.8000002
3.75,3.7600002
3.76,3.7600002
3.73,3.7600002
3.72,3.7600002
3.67,3.7600002
3.67,3.7600002
3.63,3.7600002
3.55,3.7600002
3.47,3.7600002
3.49,3.7600002
3.56,3.7600002
3.66,3.7600002
3.64,3.7600002
3.6,3.7600002
3.6,3.7600002
3.53,3.7600002
3.58,3.7600002
3.57,3.7600002
3.53,3.7600002
3.53,3.7600002
3.59,3.7600002
3.61,3.7600002
3.57,3.7600002
3.55,3.7600002
3.76,3.75
3.73,3.75
3.72,3.75
3.67,3.75
3.67,3.75
3.63,3.75
3.55,3.75
3.47,3.75
3.49,3.75
3.56,3.75
3.66,3.75
3.64,3.75
3.6,3.75
3.6,3.75
3.53,3.75
3.58,3.75
3.57,3.75
3.53,3.75
3.53,3.75
3.59,3.75
3.61,3.75
3.57,3.75
3.55,3.75
3.54,3.75
3.73,3.7600002
3.72,3.7600002
3.67,3.7600002
3.67,3.7600002
3.63,3.7600002
3.55,3.7600002
3.47,3.7600002
3.49,3.7600002
3.56,3.7600002
3.66,3.7600002
3.64,3.7600002
3.6,3.7600002
3.6,3.7600002
3.53,3.7600002
3.58,3.7600002
3.57,3.7600002
3.53,3.7600002
3.53,3.7600002
3.59,3.7600002
3.61,3.7600002
3.57,3.7600002
3.55,3.7600002
3.54,3.7600002
3.61,3.7600002
3.72,3.7300005
3.67,3.7300005
3.67,3.7300005
3.63,3.7300005
3.55,3.7300005
3.47,3.7300005
3.49,3.7300005
3.56,3.7300005
3.66,3.7300005
3.64,3.7300005
3.6,3.7300005
3.6,3.7300005
3.53,3.7300005
3.58,3.7300005
3.57,3.7300005
3.53,3.7300005
3.53,3.7300005
3.59,3.7300005
3.61,3.7300005
3.57,3.7300005
3.55,3.7300005
3.54,3.7300005
3.61,3.7300005
3.67,3.7300005
3.67,3.7200003
3.67,3.7200003
3.63,3.7200003
3.55,3.7200003
3.47,3.7200003
3.49,3.7200003
3.56,3.7200003
3.66,3.7200003
3.64,3.7200003
3.6,3.7200003
3.6,3.7200003
3.53,3.7200003
3.58,3.7200003
3.57,3.7200003
3.53,3.7200003
3.53,3.7200003
3.59,3.7200003
3.61,3.7200003
3.57,3.7200003
3.55,3.7200003
3.54,3.7200003
3.61,3.7200003
3.67,3.7200003
3.58,3.7200003
3.67,3.67
3.63,3.67
3.55,3.67
3.47,3.67
3.49,3.67
3.56,3.67
3.66,3.67
3.64,3.67
3.6,3.67
3.6,3.67
3.53,3.67
3.58,3.67
3.57,3.67
3.53,3.67
3.53,3.67
3.59,3.67
3.61,3.67
3.57,3.67
3.55,3.67
3.54,3.67
3.61,3.67
3.67,3.67
3.58,3.67
3.43,3.67
3.63,3.67
3.55,3.67
3.47,3.67
3.49,3.67
3.56,3.67
3.66,3.67
3.64,3.67
3.6,3.67
3.6,3.67
3.53,3.67
3.58,3.67
3.57,3.67
3.53,3.67
3.53,3.67
3.59,3.67
3.61,3.67
3.57,3.67
3.55,3.67
3.54,3.67
3.61,3.67
3.67,3.67
3.58,3.67
3.43,3.67
3.56,3.67
3.55,3.63
3.47,3.63
3.49,3.63
3.56,3.63
3.66,3.63
3.64,3.63
3.6,3.63
3.6,3.63
3.53,3.63
3.58,3.63
3.57,3.63
3.53,3.63
3.53,3.63
3.59,3.63
3.61,3.63
3.57,3.63
3.55,3.63
3.54,3.63
3.61,3.63
3.67,3.63
3.58,3.63
3.43,3.63
3.56,3.63
3.51,3.63
3.47,3.5500002
3.49,3.5500002
3.56,3.5500002
3.66,3.5500002
3.64,3.5500002
3.6,3.5500002
3.6,3.5500002
3.53,3.5500002
3.58,3.5500002
3.57,3.5500002
3.53,3.5500002
3.53,3.5500002
3.59,3.5500002
3.61,3.5500002
3.57,3.5500002
3.55,3.5500002
3.54,3.5500002
3.61,3.5500002
3.67,3.5500002
3.58,3.5500002
3.43,3.5500002
3.56,3.5500002
3.51,3.5500002
3.45,3.5500002
3.49,3.4700003
3.56,3.4700003
3.66,3.4700003
3.64,3.4700003
3.6,3.4700003
3.6,3.4700003
3.53,3.4700003
3.58,3.4700003
3.57,3.4700003
3.53,3.4700003
3.53,3.4700003
3.59,3.4700003
3.61,3.4700003
3.57,3.4700003
3.55,3.4700003
3.54,3.4700003
3.61,3.4700003
3.67,3.4700003
3.58,3.4700003
3.43,3.4700003
3.56,3.4700003
3.51,3.4700003
3.45,3.4700003
3.29,3.4700003
3.56,3.4899998
3.66,3.4899998
3.64,3.4899998
3.6,3.4899998
3.6,3.4899998
3.53,3.4899998
3.58,3.4899998
3.57,3.4899998
3.53,3.4899998
3.53,3.4899998
3.59,3.4899998
3.61,3.4899998
3.57,3.4899998
3.55,3.4899998
3.54,3.4899998
3.61,3.4899998
3.67,3.4899998
3.58,3.4899998
3.43,3.4899998
3.56,3.4899998
3.51,3.4899998
3.45,3.4899998
3.29,3.4899998
3.3,3.4899998
3.66,3.5600004
3.64,3.5600004
3.6,3.5600004
3.6,3.5600004
3.53,3.5600004
3.58,3.5600004
3.57,3.5600004
3.53,3.5600004
3.53,3.5600004
3.59,3.5600004
3.61,3.5600004
3.57,3.5600004
3.55,3.5600004
3.54,3.5600004
3.61,3.5600004
3.67,3.5600004
3.58,3.5600004
3.43,3.5600004
3.56,3.5600004
3.51,3.5600004
3.45,3.5600004
3.29,3.5600004
3.3,3.5600004
3.27,3.5600004
3.64,3.6599998
3.6,3.6599998
3.6,3.6599998
3.53,3.6599998
3.58,3.6599998
3.57,3.6599998
3.53,3.6599998
3.53,3.6599998
3.59,3.6599998
3.61,3.6599998
3.57,3.6599998
3.55,3.6599998
3.54,3.6599998
3.61,3.6599998
3.67,3.6599998
3.58,3.6599998
3.43,3.6599998
3.56,3.6599998
3.51,3.6599998
3.45,3.6599998
3.29,3.6599998
3.3,3.6599998
3.27,3.6599998
3.26,3.6599998
3.6,3.6400003
3.6,3.6400003
3.53,3.6400003
3.58,3.6400003
3.57,3.6400003
3.53,3.6400003
3.53,3.6400003
3.59,3.6400003
3.61,3.6400003
3.57,3.6400003
3.55,3.6400003
3.54,3.6400003
3.61,3.6400003
3.67,3.6400003
3.58,3.6400003
3.43,3.6400003
3.56,3.6400003
3.51,3.6400003
3.45,3.6400003
3.29,3.6400003
3.3,3.6400003
3.27,3.6400003
3.26,3.6400003
3.34,3.6400003
3.6,3.5999994
3.53,3.5999994
3.58,3.5999994
3.57,3.5999994
3.53,3.5999994
3.53,3.5999994
3.59,3.5999994
3.61,3.5999994
3.57,3.5999994
3.55,3.5999994
3.54,3.5999994
3.61,3.5999994
3.67,3.5999994
3.58,3.5999994
3.43,3.5999994
3.56,3.5999994
3.51,3.5999994
3.45,3.5999994
3.29,3.5999994
3.3,3.5999994
3.27,3.5999994
3.26,3.5999994
3.34,3.5999994
3.28,3.5999994
3.53,3.5999994
3.58,3.5999994
3.57,3.5999994
3.53,3.5999994
3.53,3.5999994
3.59,3.5999994
3.61,3.5999994
3.57,3.5999994
3.55,3.5999994
3.54,3.5999994
3.61,3.5999994
3.67,3.5999994
3.58,3.5999994
3.43,3.5999994
3.56,3.5999994
3.51,3.5999994
3.45,3.5999994
3.29,3.5999994
3.3,3.5999994
3.27,3.5999994
3.26,3.5999994
3.34,3.5999994
3.28,3.5999994
3.23,3.5999994
3.58,3.5299997
3.57,3.5299997
3.53,3.5299997
3.53,3.5299997
3.59,3.5299997
3.61,3.5299997
3.57,3.5299997
3.55,3.5299997
3.54,3.5299997
3.61,3.5299997
3.67,3.5299997
3.58,3.5299997
3.43,3.5299997
3.56,3.5299997
3.51,3.5299997
3.45,3.5299997
3.29,3.5299997
3.3,3.5299997
3.27,3.5299997
3.26,3.5299997
3.34,3.5299997
3.28,3.5299997
3.23,3.5299997
3.16,3.5299997
3.57,3.58
3.53,3.58
3.53,3.58
3.59,3.58
3.61,3.58
3.57,3.58
3.55,3.58
3.54,3.58
3.61,3.58
3.67,3.58
3.58,3.58
3.43,3.58
3.56,3.58
3.51,3.58
3.45,3.58
3.29,3.58
3.3,3.58
3.27,3.58
3.26,3.58
3.34,3.58
3.28,3.58
3.23,3.58
3.16,3.58
3.23,3.58
3.53,3.5699997
3.53,3.5699997
3.59,3.5699997
3.61,3.5699997
3.57,3.5699997
3.55,3.5699997
3.54,3.5699997
3.61,3.5699997
3.67,3.5699997
3.58,3.5699997
3.43,3.5699997
3.56,3.5699997
3.51,3.5699997
3.45,3.5699997
3.29,3.5699997
3.3,3.5699997
3.27,3.5699997
3.26,3.5699997
3.34,3.5699997
3.28,3.5699997
3.23,3.5699997
3.16,3.5699997
3.23,3.5699997
3.16,3.5699997
3.53,3.5299997
3.59,3.5299997
3.61,3.5299997
3.57,3.5299997
3.55,3.5299997
3.54,3.5299997
3.61,3.5299997
3.67,3.5299997
3.58,3.5299997
3.43,3.5299997
3.56,3.5299997
3.51,3.5299997
3.45,3.5299997
3.29,3.5299997
3.3,3.5299997
3.27,3.5299997
3.26,3.5299997
3.34,3.5299997
3.28,3.5299997
3.23,3.5299997
3.16,3.5299997
3.23,3.5299997
3.16,3.5299997
3.32,3.5299997
3.59,3.5299997
3.61,3.5299997
3.57,3.5299997
3.55,3.5299997
3.54,3.5299997
3.61,3.5299997
3.67,3.5299997
3.58,3.5299997
3.43,3.5299997
3.56,3.5299997
3.51,3.5299997
3.45,3.5299997
3.29,3.5299997
3.3,3.5299997
3.27,3.5299997
3.26,3.5299997
3.34,3.5299997
3.28,3.5299997
3.23,3.5299997
3.16,3.5299997
3.23,3.5299997
3.16,3.5299997
3.32,3.5299997
3.12,3.5299997
3.61,3.5900002
3.57,3.5900002
3.55,3.5900002
3.54,3.5900002
3.61,3.5900002
3.67,3.5900002
3.58,3.5900002
3.43,3.5900002
3.56,3.5900002
3.51,3.5900002
3.45,3.5900002
3.29,3.5900002
3.3,3.5900002
3.27,3.5900002
3.26,3.5900002
3.34,3.5900002
3.28,3.5900002
3.23,3.5900002
3.16,3.5900002
3.23,3.5900002
3.16,3.5900002
3.32,3.5900002
3.12,3.5900002
3.04,3.5900002
3.57,3.6099997
3.55,3.6099997
3.54,3.6099997
3.61,3.6099997
3.67,3.6099997
3.58,3.6099997
3.43,3.6099997
3.56,3.6099997
3.51,3.6099997
3.45,3.6099997
3.29,3.6099997
3.3,3.6099997
3.27,3.6099997
3.26,3.6099997
3.34,3.6099997
3.28,3.6099997
3.23,3.6099997
3.16,3.6099997
3.23,3.6099997
3.16,3.6099997
3.32,3.6099997
3.12,3.6099997
3.04,3.6099997
3.12,3.6099997
3.55,3.5699997
3.54,3.5699997
3.61,3.5699997
3.67,3.5699997
3.58,3.5699997
3.43,3.5699997
3.56,3.5699997
3.51,3.5699997
3.45,3.5699997
3.29,3.5699997
3.3,3.5699997
3.27,3.5699997
3.26,3.5699997
3.34,3.5699997
3.28,3.5699997
3.23,3.5699997
3.16,3.5699997
3.23,3.5699997
3.16,3.5699997
3.32,3.5699997
3.12,3.5699997
3.04,3.5699997
3.12,3.5699997
2.97,3.5699997
3.54,3.5500002
3.61,3.5500002
3.67,3.5500002
3.58,3.5500002
3.43,3.5500002
3.56,3.5500002
3.51,3.5500002
3.45,3.5500002
3.29,3.5500002
3.3,3.5500002
3.27,3.5500002
3.26,3.5500002
3.34,3.5500002
3.28,3.5500002
3.23,3.5500002
3.16,3.5500002
3.23,3.5500002
3.16,3.5500002
3.32,3.5500002
3.12,3.5500002
3.04,3.5500002
3.12,3.5500002
2.97,3.5500002
2.93,3.5500002
3.61,3.54
3.67,3.54
3.58,3.54
3.43,3.54
3.56,3.54
3.51,3.54
3.45,3.54
3.29,3.54
3.3,3.54
3.27,3.54
3.26,3.54
3.34,3.54
3.28,3.54
3.23,3.54
3.16,3.54
3.23,3.54
3.16,3.54
3.32,3.54
3.12,3.54
3.04,3.54
3.12,3.54
2.97,3.54
2.93,3.54
2.82,3.54
3.67,3.6099997
3.58,3.6099997
3.43,3.6099997
3.56,3.6099997
3.51,3.6099997
3.45,3.6099997
3.29,3.6099997
3.3,3.6099997
3.27,3.6099997
3.26,3.6099997
3.34,3.6099997
3.28,3.6099997
3.23,3.6099997
3.16,3.6099997
3.23,3.6099997
3.16,3.6099997
3.32,3.6099997
3.12,3.6099997
3.04,3.6099997
3.12,3.6099997
2.97,3.6099997
2.93,3.6099997
2.82,3.6099997
2.9,3.6099997
3.58,3.67
3.43,3.67
3.56,3.67
3.51,3.67
3.45,3.67
3.29,3.67
3.3,3.67
3.27,3.67
3.26,3.67
3.34,3.67
3.28,3.67
3.23,3.67
3.16,3.67
3.23,3.67
3.16,3.67
3.32,3.67
3.12,3.67
3.04,3.67
3.12,3.67
2.97,3.67
2.93,3.67
2.82,3.67
2.9,3.67
2.81,3.67
3.43,3.58
3.56,3.58
3.51,3.58
3.45,3.58
3.29,3.58
3.3,3.58
3.27,3.58
3.26,3.58
3.34,3.58
3.28,3.58
3.23,3.58
3.16,3.58
3.23,3.58
3.16,3.58
3.32,3.58
3.12,3.58
3.04,3.58
3.12,3.58
2.97,3.58
2.93,3.58
2.82,3.58
2.9,3.58
2.81,3.58
2.81,3.58
3.56,3.4300003
3.51,3.4300003
3.45,3.4300003
3.29,3.4300003
3.3,3.4300003
3.27,3.4300003
3.26,3.4300003
3.34,3.4300003
3.28,3.4300003
3.23,3.4300003
3.16,3.4300003
3.23,3.4300003
3.16,3.4300003
3.32,3.4300003
3.12,3.4300003
3.04,3.4300003
3.12,3.4300003
2.97,3.4300003
2.93,3.4300003
2.82,3.4300003
2.9,3.4300003
2.81,3.4300003
2.81,3.4300003
2.97,3.4300003
3.51,3.5600004
3.45,3.5600004
3.29,3.5600004
3.3,3.5600004
3.27,3.5600004
3.26,3.5600004
3.34,3.5600004
3.28,3.5600004
3.23,3.5600004
3.16,3.5600004
3.23,3.5600004
3.16,3.5600004
3.32,3.5600004
3.12,3.5600004
3.04,3.5600004
3.12,3.5600004
2.97,3.5600004
2.93,3.5600004
2.82,3.5600004
2.9,3.5600004
2.81,3.5600004
2.81,3.5600004
2.97,3.5600004
2.97,3.5600004
3.45,3.5100002
3.29,3.5100002
3.3,3.5100002
3.27,3.5100002
3.26,3.5100002
3.34,3.5100002
3.28,3.5100002
3.23,3.5100002
3.16,3.5100002
3.23,3.5100002
3.16,3.5100002
3.32,3.5100002
3.12,3.5100002
3.04,3.5100002
3.12,3.5100002
2.97,3.5100002
2.93,3.5100002
2.82,3.5100002
2.9,3.5100002
2.81,3.5100002
2.81,3.5100002
2.97,3.5100002
2.97,3.5100002
2.89,3.5100002
3.29,3.4499998
3.3,3.4499998
3.27,3.4499998
3.26,3.4499998
3.34,3.4499998
3.28,3.4499998
3.23,3.4499998
3.16,3.4499998
3.23,3.4499998
3.16,3.4499998
3.32,3.4499998
3.12,3.4499998
3.04,3.4499998
3.12,3.4499998
2.97,3.4499998
2.93,3.4499998
2.82,3.4499998
2.9,3.4499998
2.81,3.4499998
2.81,3.4499998
2.97,3.4499998
2.97,3.4499998
2.89,3.4499998
2.88,3.4499998
3.3,3.29
3.27,3.29
3.26,3.29
3.34,3.29
3.28,3.29
3.23,3.29
3.16,3.29
3.23,3.29
3.16,3.29
3.32,3.29
3.12,3.29
3.04,3.29
3.12,3.29
2.97,3.29
2.93,3.29
2.82,3.29
2.9,3.29
2.81,3.29
2.81,3.29
2.97,3.29
2.97,3.29
2.89,3.29
2.88,3.29
2.93,3.29
3.27,3.3000002
3.26,3.3000002
3.34,3.3000002
3.28,3.3000002
3.23,3.3000002
3.16,3.3000002
3.23,3.3000002
3.16,3.3000002
3.32,3.3000002
3.12,3.3000002
3.04,3.3000002
3.12,3.3000002
2.97,3.3000002
2.93,3.3000002
2.82,3.3000002
2.9,3.3000002
2.81,3.3000002
2.81,3.3000002
2.97,3.3000002
2.97,3.3000002
2.89,3.3000002
2.88,3.3000002
2.93,3.3000002
2.93,3.3000002
3.26,3.2699995
3.34,3.2699995
3.28,3.2699995
3.23,3.2699995
3.16,3.2699995
3.23,3.2699995
3.16,3.2699995
3.32,3.2699995
3.12,3.2699995
3.04,3.2699995
3.12,3.2699995
2.97,3.2699995
2.93,3.2699995
2.82,3.2699995
2.9,3.2699995
2.81,3.2699995
2.81,3.2699995
2.97,3.2699995
2.97,3.2699995
2.89,3.2699995
2.88,3.2699995
2.93,3.2699995
2.93,3.2699995
2.82,3.2699995
3.34,3.2600002
3.28,3.2600002
3.23,3.2600002
3.16,3.2600002
3.23,3.2600002
3.16,3.2600002
3.32,3.2600002
3.12,3.2600002
3.04,3.2600002
3.12,3.2600002
2.97,3.2600002
2.93,3.2600002
2.82,3.2600002
2.9,3.2600002
2.81,3.2600002
2.81,3.2600002
2.97,3.2600002
2.97,3.2600002
2.89,3.2600002
2.88,3.2600002
2.93,3.2600002
2.93,3.2600002
2.82,3.2600002
2.9,3.2600002
3.28,3.3400002
3.23,3.3400002
3.16,3.3400002
3.23,3.3400002
3.16,3.3400002
3.32,3.3400002
3.12,3.3400002
3.04,3.3400002
3.12,3.3400002
2.97,3.3400002
2.93,3.3400002
2.82,3.3400002
2.9,3.3400002
2.81,3.3400002
2.81,3.3400002
2.97,3.3400002
2.97,3.3400002
2.89,3.3400002
2.88,3.3400002
2.93,3.3400002
2.93,3.3400002
2.82,3.3400002
2.9,3.3400002
2.83,3.3400002
3.23,3.2799997
3.16,3.2799997
3.23,3.2799997
3.16,3.2799997
3.32,3.2799997
3.12,3.2799997
3.04,3.2799997
3.12,3.2799997
2.97,3.2799997
2.93,3.2799997
2.82,3.2799997
2.9,3.2799997
2.81,3.2799997
2.81,3.2799997
2.97,3.2799997
2.97,3.2799997
2.89,3.2799997
2.88,3.2799997
2.93,3.2799997
2.93,3.2799997
2.82,3.2799997
2.9,3.2799997
2.83,3.2799997
2.8,3.2799997
3.16,3.2300005
3.23,3.2300005
3.16,3.2300005
3.32,3.2300005
3.12,3.2300005
3.04,3.2300005
3.12,3.2300005
2.97,3.2300005
2.93,3.2300005
2.82,3.2300005
2.9,3.2300005
2.81,3.2300005
2.81,3.2300005
2.97,3.2300005
2.97,3.2300005
2.89,3.2300005
2.88,3.2300005
2.93,3.2300005
2.93,3.2300005
2.82,3.2300005
2.9,3.2300005
2.83,3.2300005
2.8,3.2300005
2.74,3.2300005
3.23,3.1599998
3.16,3.1599998
3.32,3.1599998
3.12,3.1599998
3.04,3.1599998
3.12,3.1599998
2.97,3.1599998
2.93,3.1599998
2.82,3.1599998
2.9,3.1599998
2.81,3.1599998
2.81,3.1599998
2.97,3.1599998
2.97,3.1599998
2.89,3.1599998
2.88,3.1599998
2.93,3.1599998
2.93,3.1599998
2.82,3.1599998
2.9,3.1599998
2.83,3.1599998
2.8,3.1599998
2.74,3.1599998
2.65,3.1599998
3.16,3.2300005
3.32,3.2300005
3.12,3.2300005
3.04,3.2300005
3.12,3.2300005
2.97,3.2300005
2.93,3.2300005
2.82,3.2300005
2.9,3.2300005
2.81,3.2300005
2.81,3.2300005
2.97,3.2300005
2.97,3.2300005
2.89,3.2300005
2.88,3.2300005
2.93,3.2300005
2.93,3.2300005
2.82,3.2300005
2.9,3.2300005
2.83,3.2300005
2.8,3.2300005
2.74,3.2300005
2.65,3.2300005
2.64,3.2300005
3.32,3.1599998
3.12,3.1599998
3.04,3.1599998
3.12,3.1599998
2.97,3.1599998
2.93,3.1599998
2.82,3.1599998
2.9,3.1599998
2.81,3.1599998
2.81,3.1599998
2.97,3.1599998
2.97,3.1599998
2.89,3.1599998
2.88,3.1599998
2.93,3.1599998
2.93,3.1599998
2.82,3.1599998
2.9,3.1599998
2.83,3.1599998
2.8,3.1599998
2.74,3.1599998
2.65,3.1599998
2.64,3.1599998
2.68,3.1599998
3.12,3.3199997
3.04,3.3199997
3.12,3.3199997
2.97,3.3199997
2.93,3.3199997
2.82,3.3199997
2.9,3.3199997
2.81,3.3199997
2.81,3.3199997
2.97,3.3199997
2.97,3.3199997
2.89,3.3199997
2.88,3.3199997
2.93,3.3199997
2.93,3.3199997
2.82,3.3199997
2.9,3.3199997
2.83,3.3199997
2.8,3.3199997
2.74,3.3199997
2.65,3.3199997
2.64,3.3199997
2.68,3.3199997
2.67,3.3199997
3.04,3.12
3.12,3.12
2.97,3.12
2.93,3.12
2.82,3.12
2.9,3.12
2.81,3.12
2.81,3.12
2.97,3.12
2.97,3.12
2.89,3.12
2.88,3.12
2.93,3.12
2.93,3.12
2.82,3.12
2.9,3.12
2.83,3.12
2.8,3.12
2.74,3.12
2.65,3.12
2.64,3.12
2.68,3.12
2.67,3.12
2.67,3.12
3.12,3.04
2.97,3.04
2.93,3.04
2.82,3.04
2.9,3.04
2.81,3.04
2.81,3.04
2.97,3.04
2.97,3.04
2.89,3.04
2.88,3.04
2.93,3.04
2.93,3.04
2.82,3.04
2.9,3.04
2.83,3.04
2.8,3.04
2.74,3.04
2.65,3.04
2.64,3.04
2.68,3.04
2.67,3.04
2.67,3.04
2.7,3.04
2.97,3.12
2.93,3.12
2.82,3.12
2.9,3.12
2.81,3.12
2.81,3.12
2.97,3.12
2.97,3.12
2.89,3.12
2.88,3.12
2.93,3.12
2.93,3.12
2.82,3.12
2.9,3.12
2.83,3.12
2.8,3.12
2.74,3.12
2.65,3.12
2.64,3.12
2.68,3.12
2.67,3.12
2.67,3.12
2.7,3.12
2.7,3.12
2.93,2.9700003
2.82,2.9700003
2.9,2.9700003
2.81,2.9700003
2.81,2.9700003
2.97,2.9700003
2.97,2.9700003
2.89,2.9700003
2.88,2.9700003
2.93,2.9700003
2.93,2.9700003
2.82,2.9700003
2.9,2.9700003
2.83,2.9700003
2.8,2.9700003
2.74,2.9700003
2.65,2.9700003
2.64,2.9700003
2.68,2.9700003
2.67,2.9700003
2.67,2.9700003
2.7,2.9700003
2.7,2.9700003
2.64,2.9700003
2.82,2.9300003
2.9,2.9300003
2.81,2.9300003
2.81,2.9300003
2.97,2.9300003
2.97,2.9300003
2.89,2.9300003
2.88,2.9300003
2.93,2.9300003
2.93,2.9300003
2.82,2.9300003
2.9,2.9300003
2.83,2.9300003
2.8,2.9300003
2.74,2.9300003
2.65,2.9300003
2.64,2.9300003
2.68,2.9300003
2.67,2.9300003
2.67,2.9300003
2.7,2.9300003
2.7,2.9300003
2.64,2.9300003
2.67,2.9300003
2.9,2.8199997
2.81,2.8199997
2.81,2.8199997
2.97,2.8199997
2.97,2.8199997
2.89,2.8199997
2.88,2.8199997
2.93,2.8199997
2.93,2.8199997
2.82,2.8199997
2.9,2.8199997
2.83,2.8199997
2.8,2.8199997
2.74,2.8199997
2.65,2.8199997
2.64,2.8199997
2.68,2.8199997
2.67,2.8199997
2.67,2.8199997
2.7,2.8199997
2.7,2.8199997
2.64,2.8199997
2.67,2.8199997
2.69,2.8199997
2.81,2.9000006
2.81,2.9000006
2.97,2.9000006
2.97,2.9000006
2.89,2.9000006
2.88,2.9000006
2.93,2.9000006
2.93,2.9000006
2.82,2.9000006
2.9,2.9000006
2.83,2.9000006
2.8,2.9000006
2.74,2.9000006
2.65,2.9000006
2.64,2.9000006
2.68,2.9000006
2.67,2.9000006
2.67,2.9000006
2.7,2.9000006
2.7,2.9000006
2.64,2.9000006
2.67,2.9000006
2.69,2.9000006
2.83,2.9000006
2.81,2.8100004
2.97,2.8100004
2.97,2.8100004
2.89,2.8100004
2.88,2.8100004
2.93,2.8100004
2.93,2.8100004
2.82,2.8100004
2.9,2.8100004
2.83,2.8100004
2.8,2.8100004
2.74,2.8100004
2.65,2.8100004
2.64,2.8100004
2.68,2.8100004
2.67,2.8100004
2.67,2.8100004
2.7,2.8100004
2.7,2.8100004
2.64,2.8100004
2.67,2.8100004
2.69,2.8100004
2.83,2.8100004
2.76,2.8100004
2.97,2.8100004
2.97,2.8100004
2.89,2.8100004
2.88,2.8100004
2.93,2.8100004
2.93,2.8100004
2.82,2.8100004
2.9,2.8100004
2.83,2.8100004
2.8,2.8100004
2.74,2.8100004
2.65,2.8100004
2.64,2.8100004
2.68,2.8100004
2.67,2.8100004
2.67,2.8100004
2.7,2.8100004
2.7,2.8100004
2.64,2.8100004
2.67,2.8100004
2.69,2.8100004
2.83,2.8100004
2.76,2.8100004
2.71,2.8100004
2.97,2.9700003
2.89,2.9700003
2.88,2.9700003
2.93,2.9700003
2.93,2.9700003
2.82,2.9700003
2.9,2.9700003
2.83,2.9700003
2.8,2.9700003
2.74,2.9700003
2.65,2.9700003
2.64,2.9700003
2.68,2.9700003
2.67,2.9700003
2.67,2.9700003
2.7,2.9700003
2.7,2.9700003
2.64,2.9700003
2.67,2.9700003
2.69,2.9700003
2.83,2.9700003
2.76,2.9700003
2.71,2.9700003
2.69,2.9700003
2.89,2.9700003
2.88,2.9700003
2.93,2.9700003
2.93,2.9700003
2.82,2.9700003
2.9,2.9700003
2.83,2.9700003
2.8,2.9700003
2.74,2.9700003
2.65,2.9700003
2.64,2.9700003
2.68,2.9700003
2.67,2.9700003
2.67,2.9700003
2.7,2.9700003
2.7,2.9700003
2.64,2.9700003
2.67,2.9700003
2.69,2.9700003
2.83,2.9700003
2.76,2.9700003
2.71,2.9700003
2.69,2.9700003
2.76,2.9700003
2.88,2.8900003
2.93,2.8900003
2.93,2.8900003
2.82,2.8900003
2.9,2.8900003
2.83,2.8900003
2.8,2.8900003
2.74,2.8900003
2.65,2.8900003
2.64,2.8900003
2.68,2.8900003
2.67,2.8900003
2.67,2.8900003
2.7,2.8900003
2.7,2.8900003
2.64,2.8900003
2.67,2.8900003
2.69,2.8900003
2.83,2.8900003
2.76,2.8900003
2.71,2.8900003
2.69,2.8900003
2.76,2.8900003
2.77,2.8900003
2.93,2.88
2.93,2.88
2.82,2.88
2.9,2.88
2.83,2.88
2.8,2.88
2.74,2.88
2.65,2.88
2.64,2.88
2.68,2.88
2.67,2.88
2.67,2.88
2.7,2.88
2.7,2.88
2.64,2.88
2.67,2.88
2.69,2.88
2.83,2.88
2.76,2.88
2.71,2.88
2.69,2.88
2.76,2.88
2.77,2.88
2.72,2.88
2.93,2.9300003
2.82,2.9300003
2.9,2.9300003
2.83,2.9300003
2.8,2.9300003
2.74,2.9300003
2.65,2.9300003
2.64,2.9300003
2.68,2.9300003
2.67,2.9300003
2.67,2.9300003
2.7,2.9300003
2.7,2.9300003
2.64,2.9300003
2.67,2.9300003
2.69,2.9300003
2.83,2.9300003
2.76,2.9300003
2.71,2.9300003
2.69,2.9300003
2.76,2.9300003
2.77,2.9300003
2.72,2.9300003
2.71,2.9300003
2.82,2.9300003
2.9,2.9300003
2.83,2.9300003
2.8,2.9300003
2.74,2.9300003
2.65,2.9300003
2.64,2.9300003
2.68,2.9300003
2.67,2.9300003
2.67,2.9300003
2.7,2.9300003
2.7,2.9300003
2.64,2.9300003
2.67,2.9300003
2.69,2.9300003
2.83,2.9300003
2.76,2.9300003
2.71,2.9300003
2.69,2.9300003
2.76,2.9300003
2.77,2.9300003
2.72,2.9300003
2.71,2.9300003
2.67,2.9300003
2.9,2.8199997
2.83,2.8199997
2.8,2.8199997
2.74,2.8199997
2.65,2.8199997
2.64,2.8199997
2.68,2.8199997
2.67,2.8199997
2.67,2.8199997
2.7,2.8199997
2.7,2.8199997
2.64,2.8199997
2.67,2.8199997
2.69,2.8199997
2.83,2.8199997
2.76,2.8199997
2.71,2.8199997
2.69,2.8199997
2.76,2.8199997
2.77,2.8199997
2.72,2.8199997
2.71,2.8199997
2.67,2.8199997
2.7,2.8199997
2.83,2.9000006
2.8,2.9000006
2.74,2.9000006
2.65,2.9000006
2.64,2.9000006
2.68,2.9000006
2.67,2.9000006
2.67,2.9000006
2.7,2.9000006
2.7,2.9000006
2.64,2.9000006
2.67,2.9000006
2.69,2.9000006
2.83,2.9000006
2.76,2.9000006
2.71,2.9000006
2.69,2.9000006
2.76,2.9000006
2.77,2.9000006
2.72,2.9000006
2.71,2.9000006
2.67,2.9000006
2.7,2.9000006
2.77,2.9000006
2.8,2.83
2.74,2.83
2.65,2.83
2.64,2.83
2.68,2.83
2.67,2.83
2.67,2.83
2.7,2.83
2.7,2.83
2.64,2.83
2.67,2.83
2.69,2.83
2.83,2.83
2.76,2.83
2.71,2.83
2.69,2.83
2.76,2.83
2.77,2.83
2.72,2.83
2.71,2.83
2.67,2.83
2.7,2.83
2.77,2.83
2.72,2.83
2.74,2.8000002
2.65,2.8000002
2.64,2.8000002
2.68,2.8000002
2.67,2.8000002
2.67,2.8000002
2.7,2.8000002
2.7,2.8000002
2.64,2.8000002
2.67,2.8000002
2.69,2.8000002
2.83,2.8000002
2.76,2.8000002
2.71,2.8000002
2.69,2.8000002
2.76,2.8000002
2.77,2.8000002
2.72,2.8000002
2.71,2.8000002
2.67,2.8000002
2.7,2.8000002
2.77,2.8000002
2.72,2.8000002
2.75,2.8000002
2.65,2.7399998
2.64,2.7399998
2.68,2.7399998
2.67,2.7399998
2.67,2.7399998
2.7,2.7399998
2.7,2.7399998
2.64,2.7399998
2.67,2.7399998
2.69,2.7399998
2.83,2.7399998
2.76,2.7399998
2.71,2.7399998
2.69,2.7399998
2.76,2.7399998
2.77,2.7399998
2.72,2.7399998
2.71,2.7399998
2.67,2.7399998
2.7,2.7399998
2.77,2.7399998
2.72,2.7399998
2.75,2.7399998
2.68,2.7399998
2.64,2.6500006
2.68,2.6500006
2.67,2.6500006
2.67,2.6500006
2.7,2.6500006
2.7,2.6500006
2.64,2.6500006
2.67,2.6500006
2.69,2.6500006
2.83,2.6500006
2.76,2.6500006
2.71,2.6500006
2.69,2.6500006
2.76,2.6500006
2.77,2.6500006
2.72,2.6500006
2.71,2.6500006
2.67,2.6500006
2.7,2.6500006
2.77,2.6500006
2.72,2.6500006
2.75,2.6500006
2.68,2.6500006
2.73,2.6500006
2.68,2.6400003
2.67,2.6400003
2.67,2.6400003
2.7,2.6400003
2.7,2.6400003
2.64,2.6400003
2.67,2.6400003
2.69,2.6400003
2.83,2.6400003
2.76,2.6400003
2.71,2.6400003
2.69,2.6400003
2.76,2.6400003
2.77,2.6400003
2.72,2.6400003
2.71,2.6400003
2.67,2.6400003
2.7,2.6400003
2.77,2.6400003
2.72,2.6400003
2.75,2.6400003
2.68,2.6400003
2.73,2.6400003
2.75,2.6400003
2.67,2.6800003
2.67,2.6800003
2.7,2.6800003
2.7,2.6800003
2.64,2.6800003
2.67,2.6800003
2.69,2.6800003
2.83,2.6800003
2.76,2.6800003
2.71,2.6800003
2.69,2.6800003
2.76,2.6800003
2.77,2.6800003
2.72,2.6800003
2.71,2.6800003
2.67,2.6800003
2.7,2.6800003
2.77,2.6800003
2.72,2.6800003
2.75,2.6800003
2.68,2.6800003
2.73,2.6800003
2.75,2.6800003
2.74,2.6800003
2.67,2.67
2.7,2.67
2.7,2.67
2.64,2.67
2.67,2.67
2.69,2.67
2.83,2.67
2.76,2.67
2.71,2.67
2.69,2.67
2.76,2.67
2.77,2.67
2.72,2.67
2.71,2.67
2.67,2.67
2.7,2.67
2.77,2.67
2.72,2.67
2.75,2.67
2.68,2.67
2.73,2.67
2.75,2.67
2.74,2.67
2.65,2.67
2.7,2.67
2.7,2.67
2.64,2.67
2.67,2.67
2.69,2.67
2.83,2.67
2.76,2.67
2.71,2.67
2.69,2.67
2.76,2.67
2.77,2.67
2.72,2.67
2.71,2.67
2.67,2.67
2.7,2.67
2.77,2.67
2.72,2.67
2.75,2.67
2.68,2.67
2.73,2.67
2.75,2.67
2.74,2.67
2.65,2.67
2.71,2.67
2.7,2.6999998
2.64,2.6999998
2.67,2.6999998
2.69,2.6999998
2.83,2.6999998
2.76,2.6999998
2.71,2.6999998
2.69,2.6999998
2.76,2.6999998
2.77,2.6999998
2.72,2.6999998
2.71,2.6999998
2.67,2.6999998
2.7,2.6999998
2.77,2.6999998
2.72,2.6999998
2.75,2.6999998
2.68,2.6999998
2.73,2.6999998
2.75,2.6999998
2.74,2.6999998
2.65,2.6999998
2.71,2.6999998
2.77,2.6999998
2.64,2.6999998
2.67,2.6999998
2.69,2.6999998
2.83,2.6999998
2.76,2.6999998
2.71,2.6999998
2.69,2.6999998
2.76,2.6999998
2.77,2.6999998
2.72,2.6999998
2.71,2.6999998
2.67,2.6999998
2.7,2.6999998
2.77,2.6999998
2.72,2.6999998
2.75,2.6999998
2.68,2.6999998
2.73,2.6999998
2.75,2.6999998
2.74,2.6999998
2.65,2.6999998
2.71,2.6999998
2.77,2.6999998
2.83,2.6999998
2.67,2.6400003
2.69,2.6400003
2.83,2.6400003
2.76,2.6400003
2.71,2.6400003
2.69,2.6400003
2.76,2.6400003
2.77,2.6400003
2.72,2.6400003
2.71,2.6400003
2.67,2.6400003
2.7,2.6400003
2.77,2.6400003
2.72,2.6400003
2.75,2.6400003
2.68,2.6400003
2.73,2.6400003
2.75,2.6400003
2.74,2.6400003
2.65,2.6400003
2.71,2.6400003
2.77,2.6400003
2.83,2.6400003
2.84,2.6400003
2.69,2.67
2.83,2.67
2.76,2.67
2.71,2.67
2.69,2.67
2.76,2.67
2.77,2.67
2.72,2.67
2.71,2.67
2.67,2.67
2.7,2.67
2.77,2.67
2.72,2.67
2.75,2.67
2.68,2.67
2.73,2.67
2.75,2.67
2.74,2.67
2.65,2.67
2.71,2.67
2.77,2.67
2.83,2.67
2.84,2.67
3.12,2.67
2.83,2.6899996
2.76,2.6899996
2.71,2.6899996
2.69,2.6899996
2.76,2.6899996
2.77,2.6899996
2.72,2.6899996
2.71,2.6899996
2.67,2.6899996
2.7,2.6899996
2.77,2.6899996
2.72,2.6899996
2.75,2.6899996
2.68,2.6899996
2.73,2.6899996
2.75,2.6899996
2.74,2.6899996
2.65,2.6899996
2.71,2.6899996
2.77,2.6899996
2.83,2.6899996
2.84,2.6899996
3.12,2.6899996
3.13,2.6899996
2.76,2.83
2.71,2.83
2.69,2.83
2.76,2.83
2.77,2.83
2.72,2.83
2.71,2.83
2.67,2.83
2.7,2.83
2.77,2.83
2.72,2.83
2.75,2.83
2.68,2.83
2.73,2.83
2.75,2.83
2.74,2.83
2.65,2.83
2.71,2.83
2.77,2.83
2.83,2.83
2.84,2.83
3.12,2.83
3.13,2.83
3.07,2.83
2.71,2.7600002
2.69,2.7600002
2.76,2.7600002
2.77,2.7600002
2.72,2.7600002
2.71,2.7600002
2.67,2.7600002
2.7,2.7600002
2.77,2.7600002
2.72,2.7600002
2.75,2.7600002
2.68,2.7600002
2.73,2.7600002
2.75,2.7600002
2.74,2.7600002
2.65,2.7600002
2.71,2.7600002
2.77,2.7600002
2.83,2.7600002
2.84,2.7600002
3.12,2.7600002
3.13,2.7600002
3.07,2.7600002
3.23,2.7600002
2.69,2.71
2.76,2.71
2.77,2.71
2.72,2.71
2.71,2.71
2.67,2.71
2.7,2.71
2.77,2.71
2.72,2.71
2.75,2.71
2.68,2.71
2.73,2.71
2.75,2.71
2.74,2.71
2.65,2.71
2.71,2.71
2.77,2.71
2.83,2.71
2.84,2.71
3.12,2.71
3.13,2.71
3.07,2.71
3.23,2.71
3.21,2.71
2.76,2.6899996
2.77,2.6899996
2.72,2.6899996
2.71,2.6899996
2.67,2.6899996
2.7,2.6899996
2.77,2.6899996
2.72,2.6899996
2.75,2.6899996
2.68,2.6899996
2.73,2.6899996
2.75,2.6899996
2.74,2.6899996
2.65,2.6899996
2.71,2.6899996
2.77,2.6899996
2.83,2.6899996
2.84,2.6899996
3.12,2.6899996
3.13,2.6899996
3.07,2.6899996
3.23,2.6899996
3.21,2.6899996
3.23,2.6899996
2.77,2.7600002
2.72,2.7600002
2.71,2.7600002
2.67,2.7600002
2.7,2.7600002
2.77,2.7600002
2.72,2.7600002
2.75,2.7600002
2.68,2.7600002
2.73,2.7600002
2.75,2.7600002
2.74,2.7600002
2.65,2.7600002
2.71,2.7600002
2.77,2.7600002
2.83,2.7600002
2.84,2.7600002
3.12,2.7600002
3.13,2.7600002
3.07,2.7600002
3.23,2.7600002
3.21,2.7600002
3.23,2.7600002
3.42,2.7600002
2.72,2.7699995
2.71,2.7699995
2.67,2.7699995
2.7,2.7699995
2.77,2.7699995
2.72,2.7699995
2.75,2.7699995
2.68,2.7699995
2.73,2.7699995
2.75,2.7699995
2.74,2.7699995
2.65,2.7699995
2.71,2.7699995
2.77,2.7699995
2.83,2.7699995
2.84,2.7699995
3.12,2.7699995
3.13,2.7699995
3.07,2.7699995
3.23,2.7699995
3.21,2.7699995
3.23,2.7699995
3.42,2.7699995
3.31,2.7699995
2.71,2.7200003
2.67,2.7200003
2.7,2.7200003
2.77,2.7200003
2.72,2.7200003
2.75,2.7200003
2.68,2.7200003
2.73,2.7200003
2.75,2.7200003
2.74,2.7200003
2.65,2.7200003
2.71,2.7200003
2.77,2.7200003
2.83,2.7200003
2.84,2.7200003
3.12,2.7200003
3.13,2.7200003
3.07,2.7200003
3.23,2.7200003
3.21,2.7200003
3.23,2.7200003
3.42,2.7200003
3.31,2.7200003
3.27,2.7200003
2.67,2.71
2.7,2.71
2.77,2.71
2.72,2.71
2.75,2.71
2.68,2.71
2.73,2.71
2.75,2.71
2.74,2.71
2.65,2.71
2.71,2.71
2.77,2.71
2.83,2.71
2.84,2.71
3.12,2.71
3.13,2.71
3.07,2.71
3.23,2.71
3.21,2.71
3.23,2.71
3.42,2.71
3.31,2.71
3.27,2.71
3.28,2.71
2.7,2.67
2.77,2.67
2.72,2.67
2.75,2.67
2.68,2.67
2.73,2.67
2.75,2.67
2.74,2.67
2.65,2.67
2.71,2.67
2.77,2.67
2.83,2.67
2.84,2.67
3.12,2.67
3.13,2.67
3.07,2.67
3.23,2.67
3.21,2.67
3.23,2.67
3.42,2.67
3.31,2.67
3.27,2.67
3.28,2.67
3.29,2.67
2.77,2.6999998
2.72,2.6999998
2.75,2.6999998
2.68,2.6999998
2.73,2.6999998
2.75,2.6999998
2.74,2.6999998
2.65,2.6999998
2.71,2.6999998
2.77,2.6999998
2.83,2.6999998
2.84,2.6999998
3.12,2.6999998
3.13,2.6999998
3.07,2.6999998
3.23,2.6999998
3.21,2.6999998
3.23,2.6999998
3.42,2.6999998
3.31,2.6999998
3.27,2.6999998
3.28,2.6999998
3.29,2.6999998
3.31,2.6999998
2.72,2.7699995
2.75,2.7699995
2.68,2.7699995
2.73,2.7699995
2.75,2.7699995
2.74,2.7699995
2.65,2.7699995
2.71,2.7699995
2.77,2.7699995
2.83,2.7699995
2.84,2.7699995
3.12,2.7699995
3.13,2.7699995
3.07,2.7699995
3.23,2.7699995
3.21,2.7699995
3.23,2.7699995
3.42,2.7699995
3.31,2.7699995
3.27,2.7699995
3.28,2.7699995
3.29,2.7699995
3.31,2.7699995
3.22,2.7699995
2.75,2.7200003
2.68,2.7200003
2.73,2.7200003
2.75,2.7200003
2.74,2.7200003
2.65,2.7200003
2.71,2.7200003
2.77,2.7200003
2.83,2.7200003
2.84,2.7200003
3.12,2.7200003
3.13,2.7200003
3.07,2.7200003
3.23,2.7200003
3.21,2.7200003
3.23,2.7200003
3.42,2.7200003
3.31,2.7200003
3.27,2.7200003
3.28,2.7200003
3.29,2.7200003
3.31,2.7200003
3.22,2.7200003
3.19,2.7200003
2.68,2.75
2.73,2.75
2.75,2.75
2.74,2.75
2.65,2.75
2.71,2.75
2.77,2.75
2.83,2.75
2.84,2.75
3.12,2.75
3.13,2.75
3.07,2.75
3.23,2.75
3.21,2.75
3.23,2.75
3.42,2.75
3.31,2.75
3.27,2.75
3.28,2.75
3.29,2.75
3.31,2.75
3.22,2.75
3.19,2.75
3.22,2.75
2.73,2.6800003
2.75,2.6800003
2.74,2.6800003
2.65,2.6800003
2.71,2.6800003
2.77,2.6800003
2.83,2.6800003
2.84,2.6800003
3.12,2.6800003
3.13,2.6800003
3.07,2.6800003
3.23,2.6800003
3.21,2.6800003
3.23,2.6800003
3.42,2.6800003
3.31,2.6800003
3.27,2.6800003
3.28,2.6800003
3.29,2.6800003
3.31,2.6800003
3.22,2.6800003
3.19,2.6800003
3.22,2.6800003
3.19,2.6800003
2.75,2.7300005
2.74,2.7300005
2.65,2.7300005
2.71,2.7300005
2.77,2.7300005
2.83,2.7300005
2.84,2.7300005
3.12,2.7300005
3.13,2.7300005
3.07,2.7300005
3.23,2.7300005
3.21,2.7300005
3.23,2.7300005
3.42,2.7300005
3.31,2.7300005
3.27,2.7300005
3.28,2.7300005
3.29,2.7300005
3.31,2.7300005
3.22,2.7300005
3.19,2.7300005
3.22,2.7300005
3.19,2.7300005
3.12,2.7300005
2.74,2.75
2.65,2.75
2.71,2.75
2.77,2.75
2.83,2.75
2.84,2.75
3.12,2.75
3.13,2.75
3.07,2.75
3.23,2.75
3.21,2.75
3.23,2.75
3.42,2.75
3.31,2.75
3.27,2.75
3.28,2.75
3.29,2.75
3.31,2.75
3.22,2.75
3.19,2.75
3.22,2.75
3.19,2.75
3.12,2.75
3.06,2.75
2.65,2.7399998
2.71,2.7399998
2.77,2.7399998
2.83,2.7399998
2.84,2.7399998
3.12,2.7399998
3.13,2.7399998
3.07,2.7399998
3.23,2.7399998
3.21,2.7399998
3.23,2.7399998
3.42,2.7399998
3.31,2.7399998
3.27,2.7399998
3.28,2.7399998
3.29,2.7399998
3.31,2.7399998
3.22,2.7399998
3.19,2.7399998
3.22,2.7399998
3.19,2.7399998
3.12,2.7399998
3.06,2.7399998
3.1,2.7399998
2.71,2.6500006
2.77,2.6500006
2.83,2.6500006
2.84,2.6500006
3.12,2.6500006
3.13,2.6500006
3.07,2.6500006
3.23,2.6500006
3.21,2.6500006
3.23,2.6500006
3.42,2.6500006
3.31,2.6500006
3.27,2.6500006
3.28,2.6500006
3.29,2.6500006
3.31,2.6500006
3.22,2.6500006
3.19,2.6500006
3.22,2.6500006
3.19,2.6500006
3.12,2.6500006
3.06,2.6500006
3.1,2.6500006
3.18,2.6500006
2.77,2.71
2.83,2.71
2.84,2.71
3.12,2.71
3.13,2.71
3.07,2.71
3.23,2.71
3.21,2.71
3.23,2.71
3.42,2.71
3.31,2.71
3.27,2.71
3.28,2.71
3.29,2.71
3.31,2.71
3.22,2.71
3.19,2.71
3.22,2.71
3.19,2.71
3.12,2.71
3.06,2.71
3.1,2.71
3.18,2.71
3.14,2.71
2.83,2.7699995
2.84,2.7699995
3.12,2.7699995
3.13,2.7699995
3.07,2.7699995
3.23,2.7699995
3.21,2.7699995
3.23,2.7699995
3.42,2.7699995
3.31,2.7699995
3.27,2.7699995
3.28,2.7699995
3.29,2.7699995
3.31,2.7699995
3.22,2.7699995
3.19,2.7699995
3.22,2.7699995
3.19,2.7699995
3.12,2.7699995
3.06,2.7699995
3.1,2.7699995
3.18,2.7699995
3.14,2.7699995
3.16,2.7699995
2.84,2.83
3.12,2.83
3.13,2.83
3.07,2.83
3.23,2.83
3.21,2.83
3.23,2.83
3.42,2.83
3.31,2.83
3.27,2.83
3.28,2.83
3.29,2.83
3.31,2.83
3.22,2.83
3.19,2.83
3.22,2.83
3.19,2.83
3.12,2.83
3.06,2.83
3.1,2.83
3.18,2.83
3.14,2.83
3.16,2.83
3.17,2.83
3.12,2.8400002
3.13,2.8400002
3.07,2.8400002
3.23,2.8400002
3.21,2.8400002
3.23,2.8400002
3.42,2.8400002
3.31,2.8400002
3.27,2.8400002
3.28,2.8400002
3.29,2.8400002
3.31,2.8400002
3.22,2.8400002
3.19,2.8400002
3.22,2.8400002
3.19,2.8400002
3.12,2.8400002
3.06,2.8400002
3.1,2.8400002
3.18,2.8400002
3.14,2.8400002
3.16,2.8400002
3.17,2.8400002
3.24,2.8400002
3.13,3.12
3.07,3.12
3.23,3.12
3.21,3.12
3.23,3.12
3.42,3.12
3.31,3.12
3.27,3.12
3.28,3.12
3.29,3.12
3.31,3.12
3.22,3.12
3.19,3.12
3.22,3.12
3.19,3.12
3.12,3.12
3.06,3.12
3.1,3.12
3.18,3.12
3.14,3.12
3.16,3.12
3.17,3.12
3.24,3.12
3.22,3.12
3.07,3.13
3.23,3.13
3.21,3.13
3.23,3.13
3.42,3.13
3.31,3.13
3.27,3.13
3.28,3.13
3.29,3.13
3.31,3.13
3.22,3.13
3.19,3.13
3.22,3.13
3.19,3.13
3.12,3.13
3.06,3.13
3.1,3.13
3.18,3.13
3.14,3.13
3.16,3.13
3.17,3.13
3.24,3.13
3.22,3.13
3.14,3.13
3.23,3.0699997
3.21,3.0699997
3.23,3.0699997
3.42,3.0699997
3.31,3.0699997
3.27,3.0699997
3.28,3.0699997
3.29,3.0699997
3.31,3.0699997
3.22,3.0699997
3.19,3.0699997
3.22,3.0699997
3.19,3.0699997
3.12,3.0699997
3.06,3.0699997
3.1,3.0699997
3.18,3.0699997
3.14,3.0699997
3.16,3.0699997
3.17,3.0699997
3.24,3.0699997
3.22,3.0699997
3.14,3.0699997
3.17,3.0699997
3.21,3.2300005
3.23,3.2300005
3.42,3.2300005
3.31,3.2300005
3.27,3.2300005
3.28,3.2300005
3.29,3.2300005
3.31,3.2300005
3.22,3.2300005
3.19,3.2300005
3.22,3.2300005
3.19,3.2300005
3.12,3.2300005
3.06,3.2300005
3.1,3.2300005
3.18,3.2300005
3.14,3.2300005
3.16,3.2300005
3.17,3.2300005
3.24,3.2300005
3.22,3.2300005
3.14,3.2300005
3.17,3.2300005
3.17,3.2300005
3.23,3.21
3.42,3.21
3.31,3.21
3.27,3.21
3.28,3.21
3.29,3.21
3.31,3.21
3.22,3.21
3.19,3.21
3.22,3.21
3.19,3.21
3.12,3.21
3.06,3.21
3.1,3.21
3.18,3.21
3.14,3.21
3.16,3.21
3.17,3.21
3.24,3.21
3.22,3.21
3.14,3.21
3.17,3.21
3.17,3.21
3.14,3.21
3.42,3.2300005
3.31,3.2300005
3.27,3.2300005
3.28,3.2300005
3.29,3.2300005
3.31,3.2300005
3.22,3.2300005
3.19,3.2300005
3.22,3.2300005
3.19,3.2300005
3.12,3.2300005
3.06,3.2300005
3.1,3.2300005
3.18,3.2300005
3.14,3.2300005
3.16,3.2300005
3.17,3.2300005
3.24,3.2300005
3.22,3.2300005
3.14,3.2300005
3.17,3.2300005
3.17,3.2300005
3.14,3.2300005
3.08,3.2300005
3.31,3.42
3.27,3.42
3.28,3.42
3.29,3.42
3.31,3.42
3.22,3.42
3.19,3.42
3.22,3.42
3.19,3.42
3.12,3.42
3.06,3.42
3.1,3.42
3.18,3.42
3.14,3.42
3.16,3.42
3.17,3.42
3.24,3.42
3.22,3.42
3.14,3.42
3.17,3.42
3.17,3.42
3.14,3.42
3.08,3.42
3.07,3.42
3.27,3.3100004
3.28,3.3100004
3.29,3.3100004
3.31,3.3100004
3.22,3.3100004
3.19,3.3100004
3.22,3.3100004
3.19,3.3100004
3.12,3.3100004
3.06,3.3100004
3.1,3.3100004
3.18,3.3100004
3.14,3.3100004
3.16,3.3100004
3.17,3.3100004
3.24,3.3100004
3.22,3.3100004
3.14,3.3100004
3.17,3.3100004
3.17,3.3100004
3.14,3.3100004
3.08,3.3100004
3.07,3.3100004
3.13,3.3100004
3.28,3.2699995
3.29,3.2699995
3.31,3.2699995
3.22,3.2699995
3.19,3.2699995
3.22,3.2699995
3.19,3.2699995
3.12,3.2699995
3.06,3.2699995
3.1,3.2699995
3.18,3.2699995
3.14,3.2699995
3.16,3.2699995
3.17,3.2699995
3.24,3.2699995
3.22,3.2699995
3.14,3.2699995
3.17,3.2699995
3.17,3.2699995
3.14,3.2699995
3.08,3.2699995
3.07,3.2699995
3.13,3.2699995
3.12,3.2699995
3.29,3.2799997
3.31,3.2799997
3.22,3.2799997
3.19,3.2799997
3.22,3.2799997
3.19,3.2799997
3.12,3.2799997
3.06,3.2799997
3.1,3.2799997
3.18,3.2799997
3.14,3.2799997
3.16,3.2799997
3.17,3.2799997
3.24,3.2799997
3.22,3.2799997
3.14,3.2799997
3.17,3.2799997
3.17,3.2799997
3.14,3.2799997
3.08,3.2799997
3.07,3.2799997
3.13,3.2799997
3.12,3.2799997
3.07,3.2799997
3.31,3.29
3.22,3.29
3.19,3.29
3.22,3.29
3.19,3.29
3.12,3.29
3.06,3.29
3.1,3.29
3.18,3.29
3.14,3.29
3.16,3.29
3.17,3.29
3.24,3.29
3.22,3.29
3.14,3.29
3.17,3.29
3.17,3.29
3.14,3.29
3.08,3.29
3.07,3.29
3.13,3.29
3.12,3.29
3.07,3.29
3.03,3.29
3.22,3.3100004
3.19,3.3100004
3.22,3.3100004
3.19,3.3100004
3.12,3.3100004
3.06,3.3100004
3.1,3.3100004
3.18,3.3100004
3.14,3.3100004
3.16,3.3100004
3.17,3.3100004
3.24,3.3100004
3.22,3.3100004
3.14,3.3100004
3.17,3.3100004
3.17,3.3100004
3.14,3.3100004
3.08,3.3100004
3.07,3.3100004
3.13,3.3100004
3.12,3.3100004
3.07,3.3100004
3.03,3.3100004
2.95,3.3100004
3.19,3.2200003
3.22,3.2200003
3.19,3.2200003
3.12,3.2200003
3.06,3.2200003
3.1,3.2200003
3.18,3.2200003
3.14,3.2200003
3.16,3.2200003
3.17,3.2200003
3.24,3.2200003
3.22,3.2200003
3.14,3.2200003
3.17,3.2200003
3.17,3.2200003
3.14,3.2200003
3.08,3.2200003
3.07,3.2200003
3.13,3.2200003
3.12,3.2200003
3.07,3.2200003
3.03,3.2200003
2.95,3.2200003
3.0,3.2200003
3.22,3.1899996
3.19,3.1899996
3.12,3.1899996
3.06,3.1899996
3.1,3.1899996
3.18,3.1899996
3.14,3.1899996
3.16,3.1899996
3.17,3.1899996
3.24,3.1899996
3.22,3.1899996
3.14,3.1899996
3.17,3.1899996
3.17,3.1899996
3.14,3.1899996
3.08,3.1899996
3.07,3.1899996
3.13,3.1899996
3.12,3.1899996
3.07,3.1899996
3.03,3.1899996
2.95,3.1899996
3.0,3.1899996
3.0,3.1899996
3.19,3.2200003
3.12,3.2200003
3.06,3.2200003
3.1,3.2200003
3.18,3.2200003
3.14,3.2200003
3.16,3.2200003
3.17,3.2200003
3.24,3.2200003
3.22,3.2200003
3.14,3.2200003
3.17,3.2200003
3.17,3.2200003
3.14,3.2200003
3.08,3.2200003
3.07,3.2200003
3.13,3.2200003
3.12,3.2200003
3.07,3.2200003
3.03,3.2200003
2.95,3.2200003
3.0,3.2200003
3.0,3.2200003
3.0,3.2200003
3.12,3.1899996
3.06,3.1899996
3.1,3.1899996
3.18,3.1899996
3.14,3.1899996
3.16,3.1899996
3.17,3.1899996
3.24,3.1899996
3.22,3.1899996
3.14,3.1899996
3.17,3.1899996
3.17,3.1899996
3.14,3.1899996
3.08,3.1899996
3.07,3.1899996
3.13,3.1899996
3.12,3.1899996
3.07,3.1899996
3.03,3.1899996
2.95,3.1899996
3.0,3.1899996
3.0,3.1899996
3.0,3.1899996
3.0,3.1899996
3.06,3.12
3.1,3.12
3.18,3.12
3.14,3.12
3.16,3.12
3.17,3.12
3.24,3.12
3.22,3.12
3.14,3.12
3.17,3.12
3.17,3.12
3.14,3.12
3.08,3.12
3.07,3.12
3.13,3.12
3.12,3.12
3.07,3.12
3.03,3.12
2.95,3.12
3.0,3.12
3.0,3.12
3.0,3.12
3.0,3.12
3.05,3.12
3.1,3.0600004
3.18,3.0600004
3.14,3.0600004
3.16,3.0600004
3.17,3.0600004
3.24,3.0600004
3.22,3.0600004
3.14,3.0600004
3.17,3.0600004
3.17,3.0600004
3.14,3.0600004
3.08,3.0600004
3.07,3.0600004
3.13,3.0600004
3.12,3.0600004
3.07,3.0600004
3.03,3.0600004
2.95,3.0600004
3.0,3.0600004
3.0,3.0600004
3.0,3.0600004
3.0,3.0600004
3.05,3.0600004
3.07,3.0600004
3.18,3.0999994
3.14,3.0999994
3.16,3.0999994
3.17,3.0999994
3.24,3.0999994
3.22,3.0999994
3.14,3.0999994
3.17,3.0999994
3.17,3.0999994
3.14,3.0999994
3.08,3.0999994
3.07,3.0999994
3.13,3.0999994
3.12,3.0999994
3.07,3.0999994
3.03,3.0999994
2.95,3.0999994
3.0,3.0999994
3.0,3.0999994
3.0,3.0999994
3.0,3.0999994
3.05,3.0999994
3.07,3.0999994
3.02,3.0999994
3.14,3.1800003
3.16,3.1800003
3.17,3.1800003
3.24,3.1800003
3.22,3.1800003
3.14,3.1800003
3.17,3.1800003
3.17,3.1800003
3.14,3.1800003
3.08,3.1800003
3.07,3.1800003
3.13,3.1800003
3.12,3.1800003
3.07,3.1800003
3.03,3.1800003
2.95,3.1800003
3.0,3.1800003
3.0,3.1800003
3.0,3.1800003
3.0,3.1800003
3.05,3.1800003
3.07,3.1800003
3.02,3.1800003
2.93,3.1800003
3.16,3.1400003
3.17,3.1400003
3.24,3.1400003
3.22,3.1400003
3.14,3.1400003
3.17,3.1400003
3.17,3.1400003
3.14,3.1400003
3.08,3.1400003
3.07,3.1400003
3.13,3.1400003
3.12,3.1400003
3.07,3.1400003
3.03,3.1400003
2.95,3.1400003
3.0,3.1400003
3.0,3.1400003
3.0,3.1400003
3.0,3.1400003
3.05,3.1400003
3.07,3.1400003
3.02,3.1400003
2.93,3.1400003
2.87,3.1400003
3.17,3.1599998
3.24,3.1599998
3.22,3.1599998
3.14,3.1599998
3.17,3.1599998
3.17,3.1599998
3.14,3.1599998
3.08,3.1599998
3.07,3.1599998
3.13,3.1599998
3.12,3.1599998
3.07,3.1599998
3.03,3.1599998
2.95,3.1599998
3.0,3.1599998
3.0,3.1599998
3.0,3.1599998
3.0,3.1599998
3.05,3.1599998
3.07,3.1599998
3.02,3.1599998
2.93,3.1599998
2.87,3.1599998
2.87,3.1599998
3.24,3.17
3.22,3.17
3.14,3.17
3.17,3.17
3.17,3.17
3.14,3.17
3.08,3.17
3.07,3.17
3.13,3.17
3.12,3.17
3.07,3.17
3.03,3.17
2.95,3.17
3.0,3.17
3.0,3.17
3.0,3.17
3.0,3.17
3.05,3.17
3.07,3.17
3.02,3.17
2.93,3.17
2.87,3.17
2.87,3.17
2.87,3.17
3.22,3.2399998
3.14,3.2399998
3.17,3.2399998
3.17,3.2399998
3.14,3.2399998
3.08,3.2399998
3.07,3.2399998
3.13,3.2399998
3.12,3.2399998
3.07,3.2399998
3.03,3.2399998
2.95,3.2399998
3.0,3.2399998
3.0,3.2399998
3.0,3.2399998
3.0,3.2399998
3.05,3.2399998
3.07,3.2399998
3.02,3.2399998
2.93,3.2399998
2.87,3.2399998
2.87,3.2399998
2.87,3.2399998
2.91,3.2399998
3.14,3.2200003
3.17,3.2200003
3.17,3.2200003
3.14,3.2200003
3.08,3.2200003
3.07,3.2200003
3.13,3.2200003
3.12,3.2200003
3.07,3.2200003
3.03,3.2200003
2.95,3.2200003
3.0,3.2200003
3.0,3.2200003
3.0,3.2200003
3.0,3.2200003
3.05,3.2200003
3.07,3.2200003
3.02,3.2200003
2.93,3.2200003
2.87,3.2200003
2.87,3.2200003
2.87,3.2200003
2.91,3.2200003
2.9,3.2200003
3.17,3.1400003
3.17,3.1400003
3.14,3.1400003
3.08,3.1400003
3.07,3.1400003
3.13,3.1400003
3.12,3.1400003
3.07,3.1400003
3.03,3.1400003
2.95,3.1400003
3.0,3.1400003
3.0,3.1400003
3.0,3.1400003
3.0,3.1400003
3.05,3.1400003
3.07,3.1400003
3.02,3.1400003
2.93,3.1400003
2.87,3.1400003
2.87,3.1400003
2.87,3.1400003
2.91,3.1400003
2.9,3.1400003
2.88,3.1400003
3.17,3.17
3.14,3.17
3.08,3.17
3.07,3.17
3.13,3.17
3.12,3.17
3.07,3.17
3.03,3.17
2.95,3.17
3.0,3.17
3.0,3.17
3.0,3.17
3.0,3.17
3.05,3.17
3.07,3.17
3.02,3.17
2.93,3.17
2.87,3.17
2.87,3.17
2.87,3.17
2.91,3.17
2.9,3.17
2.88,3.17
2.95,3.17
3.14,3.17
3.08,3.17
3.07,3.17
3.13,3.17
3.12,3.17
3.07,3.17
3.03,3.17
2.95,3.17
3.0,3.17
3.0,3.17
3.0,3.17
3.0,3.17
3.05,3.17
3.07,3.17
3.02,3.17
2.93,3.17
2.87,3.17
2.87,3.17
2.87,3.17
2.91,3.17
2.9,3.17
2.88,3.17
2.95,3.17
2.72,3.17
3.08,3.1400003
3.07,3.1400003
3.13,3.1400003
3.12,3.1400003
3.07,3.1400003
3.03,3.1400003
2.95,3.1400003
3.0,3.1400003
3.0,3.1400003
3.0,3.1400003
3.0,3.1400003
3.05,3.1400003
3.07,3.1400003
3.02,3.1400003
2.93,3.1400003
2.87,3.1400003
2.87,3.1400003
2.87,3.1400003
2.91,3.1400003
2.9,3.1400003
2.88,3.1400003
2.95,3.1400003
2.72,3.1400003
2.61,3.1400003
3.07,3.08
3.13,3.08
3.12,3.08
3.07,3.08
3.03,3.08
2.95,3.08
3.0,3.08
3.0,3.08
3.0,3.08
3.0,3.08
3.05,3.08
3.07,3.08
3.02,3.08
2.93,3.08
2.87,3.08
2.87,3.08
2.87,3.08
2.91,3.08
2.9,3.08
2.88,3.08
2.95,3.08
2.72,3.08
2.61,3.08
2.5,3.08
3.13,3.0699997
3.12,3.0699997
3.07,3.0699997
3.03,3.0699997
2.95,3.0699997
3.0,3.0699997
3.0,3.0699997
3.0,3.0699997
3.0,3.0699997
3.05,3.0699997
3.07,3.0699997
3.02,3.0699997
2.93,3.0699997
2.87,3.0699997
2.87,3.0699997
2.87,3.0699997
2.91,3.0699997
2.9,3.0699997
2.88,3.0699997
2.95,3.0699997
2.72,3.0699997
2.61,3.0699997
2.5,3.0699997
2.4,3.0699997
3.12,3.13
3.07,3.13
3.03,3.13
2.95,3.13
3.0,3.13
3.0,3.13
3.0,3.13
3.0,3.13
3.05,3.13
3.07,3.13
3.02,3.13
2.93,3.13
2.87,3.13
2.87,3.13
2.87,3.13
2.91,3.13
2.9,3.13
2.88,3.13
2.95,3.13
2.72,3.13
2.61,3.13
2.5,3.13
2.4,3.13
2.32,3.13
3.07,3.12
3.03,3.12
2.95,3.12
3.0,3.12
3.0,3.12
3.0,3.12
3.0,3.12
3.05,3.12
3.07,3.12
3.02,3.12
2.93,3.12
2.87,3.12
2.87,3.12
2.87,3.12
2.91,3.12
2.9,3.12
2.88,3.12
2.95,3.12
2.72,3.12
2.61,3.12
2.5,3.12
2.4,3.12
2.32,3.12
2.25,3.12
3.03,3.0699997
2.95,3.0699997
3.0,3.0699997
3.0,3.0699997
3.0,3.0699997
3.0,3.0699997
3.05,3.0699997
3.07,3.0699997
3.02,3.0699997
2.93,3.0699997
2.87,3.0699997
2.87,3.0699997
2.87,3.0699997
2.91,3.0699997
2.9,3.0699997
2.88,3.0699997
2.95,3.0699997
2.72,3.0699997
2.61,3.0699997
2.5,3.0699997
2.4,3.0699997
2.32,3.0699997
2.25,3.0699997
2.17,3.0699997
2.95,3.0299997
3.0,3.0299997
3.0,3.0299997
3.0,3.0299997
3.0,3.0299997
3.05,3.0299997
3.07,3.0299997
3.02,3.0299997
2.93,3.0299997
2.87,3.0299997
2.87,3.0299997
2.87,3.0299997
2.91,3.0299997
2.9,3.0299997
2.88,3.0299997
2.95,3.0299997
2.72,3.0299997
2.61,3.0299997
2.5,3.0299997
2.4,3.0299997
2.32,3.0299997
2.25,3.0299997
2.17,3.0299997
2.04,3.0299997
3.0,2.9499998
3.0,2.9499998
3.0,2.9499998
3.0,2.9499998
3.05,2.9499998
3.07,2.9499998
3.02,2.9499998
2.93,2.9499998
2.87,2.9499998
2.87,2.9499998
2.87,2.9499998
2.91,2.9499998
2.9,2.9499998
2.88,2.9499998
2.95,2.9499998
2.72,2.9499998
2.61,2.9499998
2.5,2.9499998
2.4,2.9499998
2.32,2.9499998
2.25,2.9499998
2.17,2.9499998
2.04,2.9499998
1.92,2.9499998
3.0,3.0
3.0,3.0
3.0,3.0
3.05,3.0
3.07,3.0
3.02,3.0
2.93,3.0
2.87,3.0
2.87,3.0
2.87,3.0
2.91,3.0
2.9,3.0
2.88,3.0
2.95,3.0
2.72,3.0
2.61,3.0
2.5,3.0
2.4,3.0
2.32,3.0
2.25,3.0
2.17,3.0
2.04,3.0
1.92,3.0
1.82,3.0
3.0,3.0
3.0,3.0
3.05,3.0
3.07,3.0
3.02,3.0
2.93,3.0
2.87,3.0
2.87,3.0
2.87,3.0
2.91,3.0
2.9,3.0
2.88,3.0
2.95,3.0
2.72,3.0
2.61,3.0
2.5,3.0
2.4,3.0
2.32,3.0
2.25,3.0
2.17,3.0
2.04,3.0
1.92,3.0
1.82,3.0
1.77,3.0
3.0,3.0
3.05,3.0
3.07,3.0
3.02,3.0
2.93,3.0
2.87,3.0
2.87,3.0
2.87,3.0
2.91,3.0
2.9,3.0
2.88,3.0
2.95,3.0
2.72,3.0
2.61,3.0
2.5,3.0
2.4,3.0
2.32,3.0
2.25,3.0
2.17,3.0
2.04,3.0
1.92,3.0
1.82,3.0
1.77,3.0
1.68,3.0
3.05,3.0
3.07,3.0
3.02,3.0
2.93,3.0
2.87,3.0
2.87,3.0
2.87,3.0
2.91,3.0
2.9,3.0
2.88,3.0
2.95,3.0
2.72,3.0
2.61,3.0
2.5,3.0
2.4,3.0
2.32,3.0
2.25,3.0
2.17,3.0
2.04,3.0
1.92,3.0
1.82,3.0
1.77,3.0
1.68,3.0
1.56,3.0
3.07,3.0500002
3.02,3.0500002
2.93,3.0500002
2.87,3.0500002
2.87,3.0500002
2.87,3.0500002
2.91,3.0500002
2.9,3.0500002
2.88,3.0500002
2.95,3.0500002
2.72,3.0500002
2.61,3.0500002
2.5,3.0500002
2.4,3.0500002
2.32,3.0500002
2.25,3.0500002
2.17,3.0500002
2.04,3.0500002
1.92,3.0500002
1.82,3.0500002
1.77,3.0500002
1.68,3.0500002
1.56,3.0500002
1.48,3.0500002
3.02,3.0699997
2.93,3.0699997
2.87,3.0699997
2.87,3.0699997
2.87,3.0699997
2.91,3.0699997
2.9,3.0699997
2.88,3.0699997
2.95,3.0699997
2.72,3.0699997
2.61,3.0699997
2.5,3.0699997
2.4,3.0699997
2.32,3.0699997
2.25,3.0699997
2.17,3.0699997
2.04,3.0699997
1.92,3.0699997
1.82,3.0699997
1.77,3.0699997
1.68,3.0699997
1.56,3.0699997
1.48,3.0699997
1.31,3.0699997
2.93,3.0199995
2.87,3.0199995
2.87,3.0199995
2.87,3.0199995
2.91,3.0199995
2.9,3.0199995
2.88,3.0199995
2.95,3.0199995
2.72,3.0199995
2.61,3.0199995
2.5,3.0199995
2.4,3.0199995
2.32,3.0199995
2.25,3.0199995
2.17,3.0199995
2.04,3.0199995
1.92,3.0199995
1.82,3.0199995
1.77,3.0199995
1.68,3.0199995
1.56,3.0199995
1.48,3.0199995
1.31,3.0199995
1.17,3.0199995
2.87,2.9300003
2.87,2.9300003
2.87,2.9300003
2.91,2.9300003
2.9,2.9300003
2.88,2.9300003
2.95,2.9300003
2.72,2.9300003
2.61,2.9300003
2.5,2.9300003
2.4,2.9300003
2.32,2.9300003
2.25,2.9300003
2.17,2.9300003
2.04,2.9300003
1.92,2.9300003
1.82,2.9300003
1.77,2.9300003
1.68,2.9300003
1.56,2.9300003
1.48,2.9300003
1.31,2.9300003
1.17,2.9300003
1.02,2.9300003
2.87,2.87
2.87,2.87
2.91,2.87
2.9,2.87
2.88,2.87
2.95,2.87
2.72,2.87
2.61,2.87
2.5,2.87
2.4,2.87
2.32,2.87
2.25,2.87
2.17,2.87
2.04,2.87
1.92,2.87
1.82,2.87
1.77,2.87
1.68,2.87
1.56,2.87
1.48,2.87
1.31,2.87
1.17,2.87
1.02,2.87
0.84,2.87
2.87,2.87
2.91,2.87
2.9,2.87
2.88,2.87
2.95,2.87
2.72,2.87
2.61,2.87
2.5,2.87
2.4,2.87
2.32,2.87
2.25,2.87
2.17,2.87
2.04,2.87
1.92,2.87
1.82,2.87
1.77,2.87
1.68,2.87
1.56,2.87
1.48,2.87
1.31,2.87
1.17,2.87
1.02,2.87
0.84,2.87
0.7,2.87
2.91,2.87
2.9,2.87
2.88,2.87
2.95,2.87
2.72,2.87
2.61,2.87
2.5,2.87
2.4,2.87
2.32,2.87
2.25,2.87
2.17,2.87
2.04,2.87
1.92,2.87
1.82,2.87
1.77,2.87
1.68,2.87
1.56,2.87
1.48,2.87
1.31,2.87
1.17,2.87
1.02,2.87
0.84,2.87
0.7,2.87
0.6,2.87
2.9,2.9099998
2.88,2.9099998
2.95,2.9099998
2.72,2.9099998
2.61,2.9099998
2.5,2.9099998
2.4,2.9099998
2.32,2.9099998
2.25,2.9099998
2.17,2.9099998
2.04,2.9099998
1.92,2.9099998
1.82,2.9099998
1.77,2.9099998
1.68,2.9099998
1.56,2.9099998
1.48,2.9099998
1.31,2.9099998
1.17,2.9099998
1.02,2.9099998
0.84,2.9099998
0.7,2.9099998
0.6,2.9099998
0.55,2.9099998
2.88,2.9000006
2.95,2.9000006
2.72,2.9000006
2.61,2.9000006
2.5,2.9000006
2.4,2.9000006
2.32,2.9000006
2.25,2.9000006
2.17,2.9000006
2.04,2.9000006
1.92,2.9000006
1.82,2.9000006
1.77,2.9000006
1.68,2.9000006
1.56,2.9000006
1.48,2.9000006
1.31,2.9000006
1.17,2.9000006
1.02,2.9000006
0.84,2.9000006
0.7,2.9000006
0.6,2.9000006
0.55,2.9000006
0.28,2.9000006
2.95,2.88
2.72,2.88
2.61,2.88
2.5,2.88
2.4,2.88
2.32,2.88
2.25,2.88
2.17,2.88
2.04,2.88
1.92,2.88
1.82,2.88
1.77,2.88
1.68,2.88
1.56,2.88
1.48,2.88
1.31,2.88
1.17,2.88
1.02,2.88
0.84,2.88
0.7,2.88
0.6,2.88
0.55,2.88
0.28,2.88
-0.04,2.88
2.72,2.9499998
2.61,2.9499998
2.5,2.9499998
2.4,2.9499998
2.32,2.9499998
2.25,2.9499998
2.17,2.9499998
2.04,2.9499998
1.92,2.9499998
1.82,2.9499998
1.77,2.9499998
1.68,2.9499998
1.56,2.9499998
1.48,2.9499998
1.31,2.9499998
1.17,2.9499998
1.02,2.9499998
0.84,2.9499998
0.7,2.9499998
0.6,2.9499998
0.55,2.9499998
0.28,2.9499998
-0.04,2.9499998
-0.13,2.9499998
2.61,2.7200003
2.5,2.7200003
2.4,2.7200003
2.32,2.7200003
2.25,2.7200003
2.17,2.7200003
2.04,2.7200003
1.92,2.7200003
1.82,2.7200003
1.77,2.7200003
1.68,2.7200003
1.56,2.7200003
1.48,2.7200003
1.31,2.7200003
1.17,2.7200003
1.02,2.7200003
0.84,2.7200003
0.7,2.7200003
0.6,2.7200003
0.55,2.7200003
0.28,2.7200003
-0.04,2.7200003
-0.13,2.7200003
0.0,2.7200003
2.5,2.6099997
2.4,2.6099997
2.32,2.6099997
2.25,2.6099997
2.17,2.6099997
2.04,2.6099997
1.92,2.6099997
1.82,2.6099997
1.77,2.6099997
1.68,2.6099997
1.56,2.6099997
1.48,2.6099997
1.31,2.6099997
1.17,2.6099997
1.02,2.6099997
0.84,2.6099997
0.7,2.6099997
0.6,2.6099997
0.55,2.6099997
0.28,2.6099997
-0.04,2.6099997
-0.13,2.6099997
0.0,2.6099997
0.0,2.6099997
2.4,2.5
2.32,2.5
2.25,2.5
2.17,2.5
2.04,2.5
1.92,2.5
1.82,2.5
1.77,2.5
1.68,2.5
1.56,2.5
1.48,2.5
1.31,2.5
1.17,2.5
1.02,2.5
0.84,2.5
0.7,2.5
0.6,2.5
0.55,2.5
0.28,2.5
-0.04,2.5
-0.13,2.5
0.0,2.5
0.0,2.5
-0.4,2.5
2.32,2.4000006
2.25,2.4000006
2.17,2.4000006
2.04,2.4000006
1.92,2.4000006
1.82,2.4000006
1.77,2.4000006
1.68,2.4000006
1.56,2.4000006
1.48,2.4000006
1.31,2.4000006
1.17,2.4000006
1.02,2.4000006
0.84,2.4000006
0.7,2.4000006
0.6,2.4000006
0.55,2.4000006
0.28,2.4000006
-0.04,2.4000006
-0.13,2.4000006
0.0,2.4000006
0.0,2.4000006
-0.4,2.4000006
-0.68,2.4000006
2.25,2.3199997
2.17,2.3199997
2.04,2.3199997
1.92,2.3199997
1.82,2.3199997
1.77,2.3199997
1.68,2.3199997
1.56,2.3199997
1.48,2.3199997
1.31,2.3199997
1.17,2.3199997
1.02,2.3199997
0.84,2.3199997
0.7,2.3199997
0.6,2.3199997
0.55,2.3199997
0.28,2.3199997
-0.04,2.3199997
-0.13,2.3199997
0.0,2.3199997
0.0,2.3199997
-0.4,2.3199997
-0.68,2.3199997
-0.66,2.3199997
2.17,2.25
2.04,2.25
1.92,2.25
1.82,2.25
1.77,2.25
1.68,2.25
1.56,2.25
1.48,2.25
1.31,2.25
1.17,2.25
1.02,2.25
0.84,2.25
0.7,2.25
0.6,2.25
0.55,2.25
0.28,2.25
-0.04,2.25
-0.13,2.25
0.0,2.25
0.0,2.25
-0.4,2.25
-0.68,2.25
-0.66,2.25
-0.67,2.25
2.04,2.17
1.92,2.17
1.82,2.17
1.77,2.17
1.68,2.17
1.56,2.17
1.48,2.17
1.31,2.17
1.17,2.17
1.02,2.17
0.84,2.17
0.7,2.17
0.6,2.17
0.55,2.17
0.28,2.17
-0.04,2.17
-0.13,2.17
0.0,2.17
0.0,2.17
-0.4,2.17
-0.68,2.17
-0.66,2.17
-0.67,2.17
-1.02,2.17
1.92,2.04
1.82,2.04
1.77,2.04
1.68,2.04
1.56,2.04
1.48,2.04
1.31,2.04
1.17,2.04
1.02,2.04
0.84,2.04
0.7,2.04
0.6,2.04
0.55,2.04
0.28,2.04
-0.04,2.04
-0.13,2.04
0.0,2.04
0.0,2.04
-0.4,2.04
-0.68,2.04
-0.66,2.04
-0.67,2.04
-1.02,2.04
-1.13,2.04
1.82,1.9200001
1.77,1.9200001
1.68,1.9200001
1.56,1.9200001
1.48,1.9200001
1.31,1.9200001
1.17,1.9200001
1.02,1.9200001
0.84,1.9200001
0.7,1.9200001
0.6,1.9200001
0.55,1.9200001
0.28,1.9200001
-0.04,1.9200001
-0.13,1.9200001
0.0,1.9200001
0.0,1.9200001
-0.4,1.9200001
-0.68,1.9200001
-0.66,1.9200001
-0.67,1.9200001
-1.02,1.9200001
-1.13,1.9200001
-1.4,1.9200001
1.77,1.8199997
1.68,1.8199997
1.56,1.8199997
1.48,1.8199997
1.31,1.8199997
1.17,1.8199997
1.02,1.8199997
0.84,1.8199997
0.7,1.8199997
0.6,1.8199997
0.55,1.8199997
0.28,1.8199997
-0.04,1.8199997
-0.13,1.8199997
0.0,1.8199997
0.0,1.8199997
-0.4,1.8199997
-0.68,1.8199997
-0.66,1.8199997
-0.67,1.8199997
-1.02,1.8199997
-1.13,1.8199997
-1.4,1.8199997
-1.24,1.8199997
1.68,1.7699995
1.56,1.7699995
1.48,1.7699995
1.31,1.7699995
1.17,1.7699995
1.02,1.7699995
0.84,1.7699995
0.7,1.7699995
0.6,1.7699995
0.55,1.7699995
0.28,1.7699995
-0.04,1.7699995
-0.13,1.7699995
0.0,1.7699995
0.0,1.7699995
-0.4,1.7699995
-0.68,1.7699995
-0.66,1.7699995
-0.67,1.7699995
-1.02,1.7699995
-1.13,1.7699995
-1.4,1.7699995
-1.24,1.7699995
-1.24,1.7699995
1.56,1.6800003
1.48,1.6800003
1.31,1.6800003
1.17,1.6800003
1.02,1.6800003
0.84,1.6800003
0.7,1.6800003
0.6,1.6800003
0.55,1.6800003
0.28,1.6800003
-0.04,1.6800003
-0.13,1.6800003
0.0,1.6800003
0.0,1.6800003
-0.4,1.6800003
-0.68,1.6800003
-0.66,1.6800003
-0.67,1.6800003
-1.02,1.6800003
-1.13,1.6800003
-1.4,1.6800003
-1.24,1.6800003
-1.24,1.6800003
-1.42,1.6800003
1.48,1.5600004
1.31,1.5600004
1.17,1.5600004
1.02,1.5600004
0.84,1.5600004
0.7,1.5600004
0.6,1.5600004
0.55,1.5600004
0.28,1.5600004
-0.04,1.5600004
-0.13,1.5600004
0.0,1.5600004
0.0,1.5600004
-0.4,1.5600004
-0.68,1.5600004
-0.66,1.5600004
-0.67,1.5600004
-1.02,1.5600004
-1.13,1.5600004
-1.4,1.5600004
-1.24,1.5600004
-1.24,1.5600004
-1.42,1.5600004
-1.51,1.5600004
1.31,1.4800005
1.17,1.4800005
1.02,1.4800005
0.84,1.4800005
0.7,1.4800005
0.6,1.4800005
0.55,1.4800005
0.28,1.4800005
-0.04,1.4800005
-0.13,1.4800005
0.0,1.4800005
0.0,1.4800005
-0.4,1.4800005
-0.68,1.4800005
-0.66,1.4800005
-0.67,1.4800005
-1.02,1.4800005
-1.13,1.4800005
-1.4,1.4800005
-1.24,1.4800005
-1.24,1.4800005
-1.42,1.4800005
-1.51,1.4800005
-1.58,1.4800005
1.17,1.3100004
1.02,1.3100004
0.84,1.3100004
0.7,1.3100004
0.6,1.3100004
0.55,1.3100004
0.28,1.3100004
-0.04,1.3100004
-0.13,1.3100004
0.0,1.3100004
0.0,1.3100004
-0.4,1.3100004
-0.68,1.3100004
-0.66,1.3100004
-0.67,1.3100004
-1.02,1.3100004
-1.13,1.3100004
-1.4,1.3100004
-1.24,1.3100004
-1.24,1.3100004
-1.42,1.3100004
-1.51,1.3100004
-1.58,1.3100004
-1.66,1.3100004
1.02,1.1700001
0.84,1.1700001
0.7,1.1700001
0.6,1.1700001
0.55,1.1700001
0.28,1.1700001
-0.04,1.1700001
-0.13,1.1700001
0.0,1.1700001
0.0,1.1700001
-0.4,1.1700001
-0.68,1.1700001
-0.66,1.1700001
-0.67,1.1700001
-1.02,1.1700001
-1.13,1.1700001
-1.4,1.1700001
-1.24,1.1700001
-1.24,1.1700001
-1.42,1.1700001
-1.51,1.1700001
-1.58,1.1700001
-1.66,1.1700001
-1.64,1.1700001
0.84,1.0199995
0.7,1.0199995
0.6,1.0199995
0.55,1.0199995
0.28,1.0199995
-0.04,1.0199995
-0.13,1.0199995
0.0,1.0199995
0.0,1.0199995
-0.4,1.0199995
-0.68,1.0199995
-0.66,1.0199995
-0.67,1.0199995
-1.02,1.0199995
-1.13,1.0199995
-1.4,1.0199995
-1.24,1.0199995
-1.24,1.0199995
-1.42,1.0199995
-1.51,1.0199995
-1.58,1.0199995
-1.66,1.0199995
-1.64,1.0199995
-1.86,1.0199995
0.7,0.84000015
0.6,0.84000015
0.55,0.84000015
0.28,0.84000015
-0.04,0.84000015
-0.13,0.84000015
0.0,0.84000015
0.0,0.84000015
-0.4,0.84000015
-0.68,0.84000015
-0.66,0.84000015
-0.67,0.84000015
-1.02,0.84000015
-1.13,0.84000015
-1.4,0.84000015
-1.24,0.84000015
-1.24,0.84000015
-1.42,0.84000015
-1.51,0.84000015
-1.58,0.84000015
-1.66,0.84000015
-1.64,0.84000015
-1.86,0.84000015
-1.97,0.84000015
0.6,0.6999998
0.55,0.6999998
0.28,0.6999998
-0.04,0.6999998
-0.13,0.6999998
0.0,0.6999998
0.0,0.6999998
-0.4,0.6999998
-0.68,0.6999998
-0.66,0.6999998
-0.67,0.6999998
-1.02,0.6999998
-1.13,0.6999998
-1.4,0.6999998
-1.24,0.6999998
-1.24,0.6999998
-1.42,0.6999998
-1.51,0.6999998
-1.58,0.6999998
-1.66,0.6999998
-1.64,0.6999998
-1.86,0.6999998
-1.97,0.6999998
-2.0,0.6999998
0.55,0.6000004
0.28,0.6000004
-0.04,0.6000004
-0.13,0.6000004
0.0,0.6000004
0.0,0.6000004
-0.4,0.6000004
-0.68,0.6000004
-0.66,0.6000004
-0.67,0.6000004
-1.02,0.6000004
-1.13,0.6000004
-1.4,0.6000004
-1.24,0.6000004
-1.24,0.6000004
-1.42,0.6000004
-1.51,0.6000004
-1.58,0.6000004
-1.66,0.6000004
-1.64,0.6000004
-1.86,0.6000004
-1.97,0.6000004
-2.0,0.6000004
-1.89,0.6000004
0.28,0.5500002
-0.04,0.5500002
-0.13,0.5500002
0.0,0.5500002
0.0,0.5500002
-0.4,0.5500002
-0.68,0.5500002
-0.66,0.5500002
-0.67,0.5500002
-1.02,0.5500002
-1.13,0.5500002
-1.4,0.5500002
-1.24,0.5500002
-1.24,0.5500002
-1.42,0.5500002
-1.51,0.5500002
-1.58,0.5500002
-1.66,0.5500002
-1.64,0.5500002
-1.86,0.5500002
-1.97,0.5500002
-2.0,0.5500002
-1.89,0.5500002
-1.95,0.5500002
-0.04,0.27999973
-0.13,0.27999973
0.0,0.27999973
0.0,0.27999973
-0.4,0.27999973
-0.68,0.27999973
-0.66,0.27999973
-0.67,0.27999973
-1.02,0.27999973
-1.13,0.27999973
-1.4,0.27999973
-1.24,0.27999973
-1.24,0.27999973
-1.42,0.27999973
-1.51,0.27999973
-1.58,0.27999973
-1.66,0.27999973
-1.64,0.27999973
-1.86,0.27999973
-1.97,0.27999973
-2.0,0.27999973
-1.89,0.27999973
-1.95,0.27999973
-1.95,0.27999973
-0.13,-0.03999996
0.0,-0.03999996
0.0,-0.03999996
-0.4,-0.03999996
-0.68,-0.03999996
-0.66,-0.03999996
-0.67,-0.03999996
-1.02,-0.03999996
-1.13,-0.03999996
-1.4,-0.03999996
-1.24,-0.03999996
-1.24,-0.03999996
-1.42,-0.03999996
-1.51,-0.03999996
-1.58,-0.03999996
-1.66,-0.03999996
-1.64,-0.03999996
-1.86,-0.03999996
-1.97,-0.03999996
-2.0,-0.03999996
-1.89,-0.03999996
-1.95,-0.03999996
-1.95,-0.03999996
-1.99,-0.03999996
0.0,-0.13000011
0.0,-0.13000011
-0.4,-0.13000011
-0.68,-0.13000011
-0.66,-0.13000011
-0.67,-0.13000011
-1.02,-0.13000011
-1.13,-0.13000011
-1.4,-0.13000011
-1.24,-0.13000011
-1.24,-0.13000011
-1.42,-0.13000011
-1.51,-0.13000011
-1.58,-0.13000011
-1.66,-0.13000011
-1.64,-0.13000011
-1.86,-0.13000011
-1.97,-0.13000011
-2.0,-0.13000011
-1.89,-0.13000011
-1.95,-0.13000011
-1.95,-0.13000011
-1.99,-0.13000011
-2.19,-0.13000011
0.0,0.0
-0.4,0.0
-0.68,0.0
-0.66,0.0
-0.67,0.0
-1.02,0.0
-1.13,0.0
-1.4,0.0
-1.24,0.0
-1.24,0.0
-1.42,0.0
-1.51,0.0
-1.58,0.0
-1.66,0.0
-1.64,0.0
-1.86,0.0
-1.97,0.0
-2.0,0.0
-1.89,0.0
-1.95,0.0
-1.95,0.0
-1.99,0.0
-2.19,0.0
-2.37,0.0
-0.4,0.0
-0.68,0.0
-0.66,0.0
-0.67,0.0
-1.02,0.0
-1.13,0.0
-1.4,0.0
-1.24,0.0
-1.24,0.0
-1.42,0.0
-1.51,0.0
-1.58,0.0
-1.66,0.0
-1.64,0.0
-1.86,0.0
-1.97,0.0
-2.0,0.0
-1.89,0.0
-1.95,0.0
-1.95,0.0
-1.99,0.0
-2.19,0.0
-2.37,0.0
-2.19,0.0
-0.68,-0.39999962
-0.66,-0.39999962
-0.67,-0.39999962
-1.02,-0.39999962
-1.13,-0.39999962
-1.4,-0.39999962
-1.24,-0.39999962
-1.24,-0.39999962
-1.42,-0.39999962
-1.51,-0.39999962
-1.58,-0.39999962
-1.66,-0.39999962
-1.64,-0.39999962
-1.86,-0.39999962
-1.97,-0.39999962
-2.0,-0.39999962
-1.89,-0.39999962
-1.95,-0.39999962
-1.95,-0.39999962
-1.99,-0.39999962
-2.19,-0.39999962
-2.37,-0.39999962
-2.19,-0.39999962
-2.01,-0.39999962
-0.66,-0.6800003
-0.67,-0.6800003
-1.02,-0.6800003
-1.13,-0.6800003
-1.4,-0.6800003
-1.24,-0.6800003
-1.24,-0.6800003
-1.42,-0.6800003
-1.51,-0.6800003
-1.58,-0.6800003
-1.66,-0.6800003
-1.64,-0.6800003
-1.86,-0.6800003
-1.97,-0.6800003
-2.0,-0.6800003
-1.89,-0.6800003
-1.95,-0.6800003
-1.95,-0.6800003
-1.99,-0.6800003
-2.19,-0.6800003
-2.37,-0.6800003
-2.19,-0.6800003
-2.01,-0.6800003
-2.11,-0.6800003
-0.67,-0.65999985
-1.02,-0.65999985
-1.13,-0.65999985
-1.4,-0.65999985
-1.24,-0.65999985
-1.24,-0.65999985
-1.42,-0.65999985
-1.51,-0.65999985
-1.58,-0.65999985
-1.66,-0.65999985
-1.64,-0.65999985
-1.86,-0.65999985
-1.97,-0.65999985
-2.0,-0.65999985
-1.89,-0.65999985
-1.95,-0.65999985
-1.95,-0.65999985
-1.99,-0.65999985
-2.19,-0.65999985
-2.37,-0.65999985
-2.19,-0.65999985
-2.01,-0.65999985
-2.11,-0.65999985
-2.44,-0.65999985
-1.02,-0.6700001
-1.13,-0.6700001
-1.4,-0.6700001
-1.24,-0.6700001
-1.24,-0.6700001
-1.42,-0.6700001
-1.51,-0.6700001
-1.58,-0.6700001
-1.66,-0.6700001
-1.64,-0.6700001
-1.86,-0.6700001
-1.97,-0.6700001
-2.0,-0.6700001
-1.89,-0.6700001
-1.95,-0.6700001
-1.95,-0.6700001
-1.99,-0.6700001
-2.19,-0.6700001
-2.37,-0.6700001
-2.19,-0.6700001
-2.01,-0.6700001
-2.11,-0.6700001
-2.44,-0.6700001
-2.64,-0.6700001
-1.13,-1.0199995
-1.4,-1.0199995
-1.24,-1.0199995
-1.24,-1.0199995
-1.42,-1.0199995
-1.51,-1.0199995
-1.58,-1.0199995
-1.66,-1.0199995
-1.64,-1.0199995
-1.86,-1.0199995
-1.97,-1.0199995
-2.0,-1.0199995
-1.89,-1.0199995
-1.95,-1.0199995
-1.95,-1.0199995
-1.99,-1.0199995
-2.19,-1.0199995
-2.37,-1.0199995
-2.19,-1.0199995
-2.01,-1.0199995
-2.11,-1.0199995
-2.44,-1.0199995
-2.64,-1.0199995
-2.44,-1.0199995
-1.4,-1.1300001
-1.24,-1.1300001
-1.24,-1.1300001
-1.42,-1.1300001
-1.51,-1.1300001
-1.58,-1.1300001
-1.66,-1.1300001
-1.64,-1.1300001
-1.86,-1.1300001
-1.97,-1.1300001
-2.0,-1.1300001
-1.89,-1.1300001
-1.95,-1.1300001
-1.95,-1.1300001
-1.99,-1.1300001
-2.19,-1.1300001
-2.37,-1.1300001
-2.19,-1.1300001
-2.01,-1.1300001
-2.11,-1.1300001
-2.44,-1.1300001
-2.64,-1.1300001
-2.44,-1.1300001
-2.12,-1.1300001
-1.24,-1.3999996
-1.24,-1.3999996
-1.42,-1.3999996
-1.51,-1.3999996
-1.58,-1.3999996
-1.66,-1.3999996
-1.64,-1.3999996
-1.86,-1.3999996
-1.97,-1.3999996
-2.0,-1.3999996
-1.89,-1.3999996
-1.95,-1.3999996
-1.95,-1.3999996
-1.99,-1.3999996
-2.19,-1.3999996
-2.37,-1.3999996
-2.19,-1.3999996
-2.01,-1.3999996
-2.11,-1.3999996
-2.44,-1.3999996
-2.64,-1.3999996
-2.44,-1.3999996
-2.12,-1.3999996
-2.01,-1.3999996
-1.24,-1.2399998
-1.42,-1.2399998
-1.51,-1.2399998
-1.58,-1.2399998
-1.66,-1.2399998
-1.64,-1.2399998
-1.86,-1.2399998
-1.97,-1.2399998
-2.0,-1.2399998
-1.89,-1.2399998
-1.95,-1.2399998
-1.95,-1.2399998
-1.99,-1.2399998
-2.19,-1.2399998
-2.37,-1.2399998
-2.19,-1.2399998
-2.01,-1.2399998
-2.11,-1.2399998
-2.44,-1.2399998
-2.64,-1.2399998
-2.44,-1.2399998
-2.12,-1.2399998
-2.01,-1.2399998
-2.0,-1.2399998
-1.42,-1.2399998
-1.51,-1.2399998
-1.58,-1.2399998
-1.66,-1.2399998
-1.64,-1.2399998
-1.86,-1.2399998
-1.97,-1.2399998
-2.0,-1.2399998
-1.89,-1.2399998
-1.95,-1.2399998
-1.95,-1.2399998
-1.99,-1.2399998
-2.19,-1.2399998
-2.37,-1.2399998
-2.19,-1.2399998
-2.01,-1.2399998
-2.11,-1.2399998
-2.44,-1.2399998
-2.64,-1.2399998
-2.44,-1.2399998
-2.12,-1.2399998
-2.01,-1.2399998
-2.0,-1.2399998
-2.02,-1.2399998
-1.51,-1.4200001
-1.58,-1.4200001
-1.66,-1.4200001
-1.64,-1.4200001
-1.86,-1.4200001
-1.97,-1.4200001
-2.0,-1.4200001
-1.89,-1.4200001
-1.95,-1.4200001
-1.95,-1.4200001
-1.99,-1.4200001
-2.19,-1.4200001
-2.37,-1.4200001
-2.19,-1.4200001
-2.01,-1.4200001
-2.11,-1.4200001
-2.44,-1.4200001
-2.64,-1.4200001
-2.44,-1.4200001
-2.12,-1.4200001
-2.01,-1.4200001
-2.0,-1.4200001
-2.02,-1.4200001
-1.96,-1.4200001
-1.58,-1.5100002
-1.66,-1.5100002
-1.64,-1.5100002
-1.86,-1.5100002
-1.97,-1.5100002
-2.0,-1.5100002
-1.89,-1.5100002
-1.95,-1.5100002
-1.95,-1.5100002
-1.99,-1.5100002
-2.19,-1.5100002
-2.37,-1.5100002
-2.19,-1.5100002
-2.01,-1.5100002
-2.11,-1.5100002
-2.44,-1.5100002
-2.64,-1.5100002
-2.44,-1.5100002
-2.12,-1.5100002
-2.01,-1.5100002
-2.0,-1.5100002
-2.02,-1.5100002
-1.96,-1.5100002
-1.87,-1.5100002
-1.66,-1.5799999
-1.64,-1.5799999
-1.86,-1.5799999
-1.97,-1.5799999
-2.0,-1.5799999
-1.89,-1.5799999
-1.95,-1.5799999
-1.95,-1.5799999
-1.99,-1.5799999
-2.19,-1.5799999
-2.37,-1.5799999
-2.19,-1.5799999
-2.01,-1.5799999
-2.11,-1.5799999
-2.44,-1.5799999
-2.64,-1.5799999
-2.44,-1.5799999
-2.12,-1.5799999
-2.01,-1.5799999
-2.0,-1.5799999
-2.02,-1.5799999
-1.96,-1.5799999
-1.87,-1.5799999
-1.79,-1.5799999
-1.64,-1.6599998
-1.86,-1.6599998
-1.97,-1.6599998
-2.0,-1.6599998
-1.89,-1.6599998
-1.95,-1.6599998
-1.95,-1.6599998
-1.99,-1.6599998
-2.19,-1.6599998
-2.37,-1.6599998
-2.19,-1.6599998
-2.01,-1.6599998
-2.11,-1.6599998
-2.44,-1.6599998
-2.64,-1.6599998
-2.44,-1.6599998
-2.12,-1.6599998
-2.01,-1.6599998
-2.0,-1.6599998
-2.02,-1.6599998
-1.96,-1.6599998
-1.87,-1.6599998
-1.79,-1.6599998
-1.68,-1.6599998
-1.86,-1.6400003
-1.97,-1.6400003
-2.0,-1.6400003
-1.89,-1.6400003
-1.95,-1.6400003
-1.95,-1.6400003
-1.99,-1.6400003
-2.19,-1.6400003
-2.37,-1.6400003
-2.19,-1.6400003
-2.01,-1.6400003
-2.11,-1.6400003
-2.44,-1.6400003
-2.64,-1.6400003
-2.44,-1.6400003
-2.12,-1.6400003
-2.01,-1.6400003
-2.0,-1.6400003
-2.02,-1.6400003
-1.96,-1.6400003
-1.87,-1.6400003
-1.79,-1.6400003
-1.68,-1.6400003
-1.75,-1.6400003
-1.97,-1.8599997
-2.0,-1.8599997
-1.89,-1.8599997
-1.95,-1.8599997
-1.95,-1.8599997
-1.99,-1.8599997
-2.19,-1.8599997
-2.37,-1.8599997
-2.19,-1.8599997
-2.01,-1.8599997
-2.11,-1.8599997
-2.44,-1.8599997
-2.64,-1.8599997
-2.44,-1.8599997
-2.12,-1.8599997
-2.01,-1.8599997
-2.0,-1.8599997
-2.02,-1.8599997
-1.96,-1.8599997
-1.87,-1.8599997
-1.79,-1.8599997
-1.68,-1.8599997
-1.75,-1.8599997
-1.49,-1.8599997
-2.0,-1.9700003
-1.89,-1.9700003
-1.95,-1.9700003
-1.95,-1.9700003
-1.99,-1.9700003
-2.19,-1.9700003
-2.37,-1.9700003
-2.19,-1.9700003
-2.01,-1.9700003
-2.11,-1.9700003
-2.44,-1.9700003
-2.64,-1.9700003
-2.44,-1.9700003
-2.12,-1.9700003
-2.01,-1.9700003
-2.0,-1.9700003
-2.02,-1.9700003
-1.96,-1.9700003
-1.87,-1.9700003
-1.79,-1.9700003
-1.68,-1.9700003
-1.75,-1.9700003
-1.49,-1.9700003
-1.43,-1.9700003
-1.89,-2.0
-1.95,-2.0
-1.95,-2.0
-1.99,-2.0
-2.19,-2.0
-2.37,-2.0
-2.19,-2.0
-2.01,-2.0
-2.11,-2.0
-2.44,-2.0
-2.64,-2.0
-2.44,-2.0
-2.12,-2.0
-2.01,-2.0
-2.0,-2.0
-2.02,-2.0
-1.96,-2.0
-1.87,-2.0
-1.79,-2.0
-1.68,-2.0
-1.75,-2.0
-1.49,-2.0
-1.43,-2.0
-1.31,-2.0
-1.95,-1.8900003
-1.95,-1.8900003
-1.99,-1.8900003
-2.19,-1.8900003
-2.37,-1.8900003
-2.19,-1.8900003
-2.01,-1.8900003
-2.11,-1.8900003
-2.44,-1.8900003
-2.64,-1.8900003
-2.44,-1.8900003
-2.12,-1.8900003
-2.01,-1.8900003
-2.0,-1.8900003
-2.02,-1.8900003
-1.96,-1.8900003
-1.87,-1.8900003
-1.79,-1.8900003
-1.68,-1.8900003
-1.75,-1.8900003
-1.49,-1.8900003
-1.43,-1.8900003
-1.31,-1.8900003
-1.24,-1.8900003
-1.95,-1.9499998
-1.99,-1.9499998
-2.19,-1.9499998
-2.37,-1.9499998
-2.19,-1.9499998
-2.01,-1.9499998
-2.11,-1.9499998
-2.44,-1.9499998
-2.64,-1.9499998
-2.44,-1.9499998
-2.12,-1.9499998
-2.01,-1.9499998
-2.0,-1.9499998
-2.02,-1.9499998
-1.96,-1.9499998
-1.87,-1.9499998
-1.79,-1.9499998
-1.68,-1.9499998
-1.75,-1.9499998
-1.49,-1.9499998
-1.43,-1.9499998
-1.31,-1.9499998
-1.24,-1.9499998
-1.14,-1.9499998
-1.99,-1.9499998
-2.19,-1.9499998
-2.37,-1.9499998
-2.19,-1.9499998
-2.01,-1.9499998
-2.11,-1.9499998
-2.44,-1.9499998
-2.64,-1.9499998
-2.44,-1.9499998
-2.12,-1.9499998
-2.01,-1.9499998
-2.0,-1.9499998
-2.02,-1.9499998
-1.96,-1.9499998
-1.87,-1.9499998
-1.79,-1.9499998
-1.68,-1.9499998
-1.75,-1.9499998
-1.49,-1.9499998
-1.43,-1.9499998
-1.31,-1.9499998
-1.24,-1.9499998
-1.14,-1.9499998
-1.09,-1.9499998
-2.19,-1.9899998
-2.37,-1.9899998
-2.19,-1.9899998
-2.01,-1.9899998
-2.11,-1.9899998
-2.44,-1.9899998
-2.64,-1.9899998
-2.44,-1.9899998
-2.12,-1.9899998
-2.01,-1.9899998
-2.0,-1.9899998
-2.02,-1.9899998
-1.96,-1.9899998
-1.87,-1.9899998
-1.79,-1.9899998
-1.68,-1.9899998
-1.75,-1.9899998
-1.49,-1.9899998
-1.43,-1.9899998
-1.31,-1.9899998
-1.24,-1.9899998
-1.14,-1.9899998
-1.09,-1.9899998
-0.96,-1.9899998
-2.37,-2.1899996
-2.19,-2.1899996
-2.01,-2.1899996
-2.11,-2.1899996
-2.44,-2.1899996
-2.64,-2.1899996
-2.44,-2.1899996
-2.12,-2.1899996
-2.01,-2.1899996
-2.0,-2.1899996
-2.02,-2.1899996
-1.96,-2.1899996
-1.87,-2.1899996
-1.79,-2.1899996
-1.68,-2.1899996
-1.75,-2.1899996
-1.49,-2.1899996
-1.43,-2.1899996
-1.31,-2.1899996
-1.24,-2.1899996
-1.14,-2.1899996
-1.09,-2.1899996
-0.96,-2.1899996
-0.91,-2.1899996
-2.19,-2.37
-2.01,-2.37
-2.11,-2.37
-2.44,-2.37
-2.64,-2.37
-2.44,-2.37
-2.12,-2.37
-2.01,-2.37
-2.0,-2.37
-2.02,-2.37
-1.96,-2.37
-1.87,-2.37
-1.79,-2.37
-1.68,-2.37
-1.75,-2.37
-1.49,-2.37
-1.43,-2.37
-1.31,-2.37
-1.24,-2.37
-1.14,-2.37
-1.09,-2.37
-0.96,-2.37
-0.91,-2.37
-1.0,-2.37
-2.01,-2.1899996
-2.11,-2.1899996
-2.44,-2.1899996
-2.64,-2.1899996
-2.44,-2.1899996
-2.12,-2.1899996
-2.01,-2.1899996
-2.0,-2.1899996
-2.02,-2.1899996
-1.96,-2.1899996
-1.87,-2.1899996
-1.79,-2.1899996
-1.68,-2.1899996
-1.75,-2.1899996
-1.49,-2.1899996
-1.43,-2.1899996
-1.31,-2.1899996
-1.24,-2.1899996
-1.14,-2.1899996
-1.09,-2.1899996
-0.96,-2.1899996
-0.91,-2.1899996
-1.0,-2.1899996
-0.93,-2.1899996
-2.11,-2.0100002
-2.44,-2.0100002
-2.64,-2.0100002
-2.44,-2.0100002
-2.12,-2.0100002
-2.01,-2.0100002
-2.0,-2.0100002
-2.02,-2.0100002
-1.96,-2.0100002
-1.87,-2.0100002
-1.79,-2.0100002
-1.68,-2.0100002
-1.75,-2.0100002
-1.49,-2.0100002
-1.43,-2.0100002
-1.31,-2.0100002
-1.24,-2.0100002
-1.14,-2.0100002
-1.09,-2.0100002
-0.96,-2.0100002
-0.91,-2.0100002
-1.0,-2.0100002
-0.93,-2.0100002
-0.8,-2.0100002
-2.44,-2.1099997
-2.64,-2.1099997
-2.44,-2.1099997
-2.12,-2.1099997
-2.01,-2.1099997
-2.0,-2.1099997
-2.02,-2.1099997
-1.96,-2.1099997
-1.87,-2.1099997
-1.79,-2.1099997
-1.68,-2.1099997
-1.75,-2.1099997
-1.49,-2.1099997
-1.43,-2.1099997
-1.31,-2.1099997
-1.24,-2.1099997
-1.14,-2.1099997
-1.09,-2.1099997
-0.96,-2.1099997
-0.91,-2.1099997
-1.0,-2.1099997
-0.93,-2.1099997
-0.8,-2.1099997
-0.92,-2.1099997
-2.64,-2.4399986
-2.44,-2.4399986
-2.12,-2.4399986
-2.01,-2.4399986
-2.0,-2.4399986
-2.02,-2.4399986
-1.96,-2.4399986
-1.87,-2.4399986
-1.79,-2.4399986
-1.68,-2.4399986
-1.75,-2.4399986
-1.49,-2.4399986
-1.43,-2.4399986
-1.31,-2.4399986
-1.24,-2.4399986
-1.14,-2.4399986
-1.09,-2.4399986
-0.96,-2.4399986
-0.91,-2.4399986
-1.0,-2.4399986
-0.93,-2.4399986
-0.8,-2.4399986
-0.92,-2.4399986
-0.87,-2.4399986
-2.44,-2.6400013
-2.12,-2.6400013
-2.01,-2.6400013
-2.0,-2.6400013
-2.02,-2.6400013
-1.96,-2.6400013
-1.87,-2.6400013
-1.79,-2.6400013
-1.68,-2.6400013
-1.75,-2.6400013
-1.49,-2.6400013
-1.43,-2.6400013
-1.31,-2.6400013
-1.24,-2.6400013
-1.14,-2.6400013
-1.09,-2.6400013
-0.96,-2.6400013
-0.91,-2.6400013
-1.0,-2.6400013
-0.93,-2.6400013
-0.8,-2.6400013
-0.92,-2.6400013
-0.87,-2.6400013
-0.74,-2.6400013
-2.12,-2.4399986
-2.01,-2.4399986
-2.0,-2.4399986
-2.02,-2.4399986
-1.96,-2.4399986
-1.87,-2.4399986
-1.79,-2.4399986
-1.68,-2.4399986
-1.75,-2.4399986
-1.49,-2.4399986
-1.43,-2.4399986
-1.31,-2.4399986
-1.24,-2.4399986
-1.14,-2.4399986
-1.09,-2.4399986
-0.96,-2.4399986
-0.91,-2.4399986
-1.0,-2.4399986
-0.93,-2.4399986
-0.8,-2.4399986
-0.92,-2.4399986
-0.87,-2.4399986
-0.74,-2.4399986
-0.79,-2.4399986
-2.01,-2.12
-2.0,-2.12
-2.02,-2.12
-1.96,-2.12
-1.87,-2.12
-1.79,-2.12
-1.68,-2.12
-1.75,-2.12
-1.49,-2.12
-1.43,-2.12
-1.31,-2.12
-1.24,-2.12
-1.14,-2.12
-1.09,-2.12
-0.96,-2.12
-0.91,-2.12
-1.0,-2.12
-0.93,-2.12
-0.8,-2.12
-0.92,-2.12
-0.87,-2.12
-0.74,-2.12
-0.79,-2.12
-0.72,-2.12
-2.0,-2.0100002
-2.02,-2.0100002
-1.96,-2.0100002
-1.87,-2.0100002
-1.79,-2.0100002
-1.68,-2.0100002
-1.75,-2.0100002
-1.49,-2.0100002
-1.43,-2.0100002
-1.31,-2.0100002
-1.24,-2.0100002
-1.14,-2.0100002
-1.09,-2.0100002
-0.96,-2.0100002
-0.91,-2.0100002
-1.0,-2.0100002
-0.93,-2.0100002
-0.8,-2.0100002
-0.92,-2.0100002
-0.87,-2.0100002
-0.74,-2.0100002
-0.79,-2.0100002
-0.72,-2.0100002
-0.57,-2.0100002
-2.02,-2.0
-1.96,-2.0
-1.87,-2.0
-1.79,-2.0
-1.68,-2.0
-1.75,-2.0
-1.49,-2.0
-1.43,-2.0
-1.31,-2.0
-1.24,-2.0
-1.14,-2.0
-1.09,-2.0
-0.96,-2.0
-0.91,-2.0
-1.0,-2.0
-0.93,-2.0
-0.8,-2.0
-0.92,-2.0
-0.87,-2.0
-0.74,-2.0
-0.79,-2.0
-0.72,-2.0
-0.57,-2.0
-0.59,-2.0
-1.96,-2.0199995
-1.87,-2.0199995
-1.79,-2.0199995
-1.68,-2.0199995
-1.75,-2.0199995
-1.49,-2.0199995
-1.43,-2.0199995
-1.31,-2.0199995
-1.24,-2.0199995
-1.14,-2.0199995
-1.09,-2.0199995
-0.96,-2.0199995
-0.91,-2.0199995
-1.0,-2.0199995
-0.93,-2.0199995
-0.8,-2.0199995
-0.92,-2.0199995
-0.87,-2.0199995
-0.74,-2.0199995
-0.79,-2.0199995
-0.72,-2.0199995
-0.57,-2.0199995
-0.59,-2.0199995
-0.53,-2.0199995
-1.87,-1.96
-1.79,-1.96
-1.68,-1.96
-1.75,-1.96
-1.49,-1.96
-1.43,-1.96
-1.31,-1.96
-1.24,-1.96
-1.14,-1.96
-1.09,-1.96
-0.96,-1.96
-0.91,-1.96
-1.0,-1.96
-0.93,-1.96
-0.8,-1.96
-0.92,-1.96
-0.87,-1.96
-0.74,-1.96
-0.79,-1.96
-0.72,-1.96
-0.57,-1.96
-0.59,-1.96
-0.53,-1.96
-0.45,-1.96
-1.79,-1.8699999
-1.68,-1.8699999
-1.75,-1.8699999
-1.49,-1.8699999
-1.43,-1.8699999
-1.31,-1.8699999
-1.24,-1.8699999
-1.14,-1.8699999
-1.09,-1.8699999
-0.96,-1.8699999
-0.91,-1.8699999
-1.0,-1.8699999
-0.93,-1.8699999
-0.8,-1.8699999
-0.92,-1.8699999
-0.87,-1.8699999
-0.74,-1.8699999
-0.79,-1.8699999
-0.72,-1.8699999
-0.57,-1.8699999
-0.59,-1.8699999
-0.53,-1.8699999
-0.45,-1.8699999
-0.42,-1.8699999
-1.68,-1.79
-1.75,-1.79
-1.49,-1.79
-1.43,-1.79
-1.31,-1.79
-1.24,-1.79
-1.14,-1.79
-1.09,-1.79
-0.96,-1.79
-0.91,-1.79
-1.0,-1.79
-0.93,-1.79
-0.8,-1.79
-0.92,-1.79
-0.87,-1.79
-0.74,-1.79
-0.79,-1.79
-0.72,-1.79
-0.57,-1.79
-0.59,-1.79
-0.53,-1.79
-0.45,-1.79
-0.42,-1.79
-0.31,-1.79
-1.75,-1.6800003
-1.49,-1.6800003
-1.43,-1.6800003
-1.31,-1.6800003
-1.24,-1.6800003
-1.14,-1.6800003
-1.09,-1.6800003
-0.96,-1.6800003
-0.91,-1.6800003
-1.0,-1.6800003
-0.93,-1.6800003
-0.8,-1.6800003
-0.92,-1.6800003
-0.87,-1.6800003
-0.74,-1.6800003
-0.79,-1.6800003
-0.72,-1.6800003
-0.57,-1.6800003
-0.59,-1.6800003
-0.53,-1.6800003
-0.45,-1.6800003
-0.42,-1.6800003
-0.31,-1.6800003
-0.4,-1.6800003
-1.49,-1.75
-1.43,-1.75
-1.31,-1.75
-1.24,-1.75
-1.14,-1.75
-1.09,-1.75
-0.96,-1.75
-0.91,-1.75
-1.0,-1.75
-0.93,-1.75
-0.8,-1.75
-0.92,-1.75
-0.87,-1.75
-0.74,-1.75
-0.79,-1.75
-0.72,-1.75
-0.57,-1.75
-0.59,-1.75
-0.53,-1.75
-0.45,-1.75
-0.42,-1.75
-0.31,-1.75
-0.4,-1.75
-0.27,-1.75
-1.43,-1.4899998
-1.31,-1.4899998
-1.24,-1.4899998
-1.14,-1.4899998
-1.09,-1.4899998
-0.96,-1.4899998
-0.91,-1.4899998
-1.0,-1.4899998
-0.93,-1.4899998
-0.8,-1.4899998
-0.92,-1.4899998
-0.87,-1.4899998
-0.74,-1.4899998
-0.79,-1.4899998
-0.72,-1.4899998
-0.57,-1.4899998
-0.59,-1.4899998
-0.53,-1.4899998
-0.45,-1.4899998
-0.42,-1.4899998
-0.31,-1.4899998
-0.4,-1.4899998
-0.27,-1.4899998
-0.2,-1.4899998
-1.31,-1.4300003
-1.24,-1.4300003
-1.14,-1.4300003
-1.09,-1.4300003
-0.96,-1.4300003
-0.91,-1.4300003
-1.0,-1.4300003
-0.93,-1.4300003
-0.8,-1.4300003
-0.92,-1.4300003
-0.87,-1.4300003
-0.74,-1.4300003
-0.79,-1.4300003
-0.72,-1.4300003
-0.57,-1.4300003
-0.59,-1.4300003
-0.53,-1.4300003
-0.45,-1.4300003
-0.42,-1.4300003
-0.31,-1.4300003
-0.4,-1.4300003
-0.27,-1.4300003
-0.2,-1.4300003
-0.17,-1.4300003
-1.24,-1.3100004
-1.14,-1.3100004
-1.09,-1.3100004
-0.96,-1.3100004
-0.91,-1.3100004
-1.0,-1.3100004
-0.93,-1.3100004
-0.8,-1.3100004
-0.92,-1.3100004
-0.87,-1.3100004
-0.74,-1.3100004
-0.79,-1.3100004
-0.72,-1.3100004
-0.57,-1.3100004
-0.59,-1.3100004
-0.53,-1.3100004
-0.45,-1.3100004
-0.42,-1.3100004
-0.31,-1.3100004
-0.4,-1.3100004
-0.27,-1.3100004
-0.2,-1.3100004
-0.17,-1.3100004
0.14,-1.3100004
-1.14,-1.2399998
-1.09,-1.2399998
-0.96,-1.2399998
-0.91,-1.2399998
-1.0,-1.2399998
-0.93,-1.2399998
-0.8,-1.2399998
-0.92,-1.2399998
-0.87,-1.2399998
-0.74,-1.2399998
-0.79,-1.2399998
-0.72,-1.2399998
-0.57,-1.2399998
-0.59,-1.2399998
-0.53,-1.2399998
-0.45,-1.2399998
-0.42,-1.2399998
-0.31,-1.2399998
-0.4,-1.2399998
-0.27,-1.2399998
-0.2,-1.2399998
-0.17,-1.2399998
0.14,-1.2399998
0.43,-1.2399998
-1.09,-1.1400003
-0.96,-1.1400003
-0.91,-1.1400003
-1.0,-1.1400003
-0.93,-1.1400003
-0.8,-1.1400003
-0.92,-1.1400003
-0.87,-1.1400003
-0.74,-1.1400003
-0.79,-1.1400003
-0.72,-1.1400003
-0.57,-1.1400003
-0.59,-1.1400003
-0.53,-1.1400003
-0.45,-1.1400003
-0.42,-1.1400003
-0.31,-1.1400003
-0.4,-1.1400003
-0.27,-1.1400003
-0.2,-1.1400003
-0.17,-1.1400003
0.14,-1.1400003
0.43,-1.1400003
0.27,-1.1400003
-0.96,-1.0900002
-0.91,-1.0900002
-1.0,-1.0900002
-0.93,-1.0900002
-0.8,-1.0900002
-0.92,-1.0900002
-0.87,-1.0900002
-0.74,-1.0900002
-0.79,-1.0900002
-0.72,-1.0900002
-0.57,-1.0900002
-0.59,-1.0900002
-0.53,-1.0900002
-0.45,-1.0900002
-0.42,-1.0900002
-0.31,-1.0900002
-0.4,-1.0900002
-0.27,-1.0900002
-0.2,-1.0900002
-0.17,-1.0900002
0.14,-1.0900002
0.43,-1.0900002
0.27,-1.0900002
0.08,-1.0900002
-0.91,-0.96000004
-1.0,-0.96000004
-0.93,-0.96000004
-0.8,-0.96000004
-0.92,-0.96000004
-0.87,-0.96000004
-0.74,-0.96000004
-0.79,-0.96000004
-0.72,-0.96000004
-0.57,-0.96000004
-0.59,-0.96000004
-0.53,-0.96000004
-0.45,-0.96000004
-0.42,-0.96000004
-0.31,-0.96000004
-0.4,-0.96000004
-0.27,-0.96000004
-0.2,-0.96000004
-0.17,-0.96000004
0.14,-0.96000004
0.43,-0.96000004
0.27,-0.96000004
0.08,-0.96000004
0.28,-0.96000004
-1.0,-0.90999985
-0.93,-0.90999985
-0.8,-0.90999985
-0.92,-0.90999985
-0.87,-0.90999985
-0.74,-0.90999985
-0.79,-0.90999985
-0.72,-0.90999985
-0.57,-0.90999985
-0.59,-0.90999985
-0.53,-0.90999985
-0.45,-0.90999985
-0.42,-0.90999985
-0.31,-0.90999985
-0.4,-0.90999985
-0.27,-0.90999985
-0.2,-0.90999985
-0.17,-0.90999985
0.14,-0.90999985
0.43,-0.90999985
0.27,-0.90999985
0.08,-0.90999985
0.28,-0.90999985
0.57,-0.90999985
-0.93,-1.0
-0.8,-1.0
-0.92,-1.0
-0.87,-1.0
-0.74,-1.0
-0.79,-1.0
-0.72,-1.0
-0.57,-1.0
-0.59,-1.0
-0.53,-1.0
-0.45,-1.0
-0.42,-1.0
-0.31,-1.0
-0.4,-1.0
-0.27,-1.0
-0.2,-1.0
-0.17,-1.0
0.14,-1.0
0.43,-1.0
0.27,-1.0
0.08,-1.0
0.28,-1.0
0.57,-1.0
0.5,-1.0
-0.8,-0.9300003
-0.92,-0.9300003
-0.87,-0.9300003
-0.74,-0.9300003
-0.79,-0.9300003
-0.72,-0.9300003
-0.57,-0.9300003
-0.59,-0.9300003
-0.53,-0.9300003
-0.45,-0.9300003
-0.42,-0.9300003
-0.31,-0.9300003
-0.4,-0.9300003
-0.27,-0.9300003
-0.2,-0.9300003
-0.17,-0.9300003
0.14,-0.9300003
0.43,-0.9300003
0.27,-0.9300003
0.08,-0.9300003
0.28,-0.9300003
0.57,-0.9300003
0.5,-0.9300003
0.28,-0.9300003
-0.92,-0.8000002
-0.87,-0.8000002
-0.74,-0.8000002
-0.79,-0.8000002
-0.72,-0.8000002
-0.57,-0.8000002
-0.59,-0.8000002
-0.53,-0.8000002
-0.45,-0.8000002
-0.42,-0.8000002
-0.31,-0.8000002
-0.4,-0.8000002
-0.27,-0.8000002
-0.2,-0.8000002
-0.17,-0.8000002
0.14,-0.8000002
0.43,-0.8000002
0.27,-0.8000002
0.08,-0.8000002
0.28,-0.8000002
0.57,-0.8000002
0.5,-0.8000002
0.28,-0.8000002
0.32,-0.8000002
-0.87,-0.9200001
-0.74,-0.9200001
-0.79,-0.9200001
-0.72,-0.9200001
-0.57,-0.9200001
-0.59,-0.9200001
-0.53,-0.9200001
-0.45,-0.9200001
-0.42,-0.9200001
-0.31,-0.9200001
-0.4,-0.9200001
-0.27,-0.9200001
-0.2,-0.9200001
-0.17,-0.9200001
0.14,-0.9200001
0.43,-0.9200001
0.27,-0.9200001
0.08,-0.9200001
0.28,-0.9200001
0.57,-0.9200001
0.5,-0.9200001
0.28,-0.9200001
0.32,-0.9200001
0.44,-0.9200001
-0.74,-0.8699999
-0.79,-0.8699999
-0.72,-0.8699999
-0.57,-0.8699999
-0.59,-0.8699999
-0.53,-0.8699999
-0.45,-0.8699999
-0.42,-0.8699999
-0.31,-0.8699999
-0.4,-0.8699999
-0.27,-0.8699999
-0.2,-0.8699999
-0.17,-0.8699999
0.14,-0.8699999
0.43,-0.8699999
0.27,-0.8699999
0.08,-0.8699999
0.28,-0.8699999
0.57,-0.8699999
0.5,-0.8699999
0.28,-0.8699999
0.32,-0.8699999
0.44,-0.8699999
0.9,-0.8699999
-0.79,-0.7399998
-0.72,-0.7399998
-0.57,-0.7399998
-0.59,-0.7399998
-0.53,-0.7399998
-0.45,-0.7399998
-0.42,-0.7399998
-0.31,-0.7399998
-0.4,-0.7399998
-0.27,-0.7399998
-0.2,-0.7399998
-0.17,-0.7399998
0.14,-0.7399998
0.43,-0.7399998
0.27,-0.7399998
0.08,-0.7399998
0.28,-0.7399998
0.57,-0.7399998
0.5,-0.7399998
0.28,-0.7399998
0.32,-0.7399998
0.44,-0.7399998
0.9,-0.7399998
1.35,-0.7399998
-0.72,-0.78999996
-0.57,-0.78999996
-0.59,-0.78999996
-0.53,-0.78999996
-0.45,-0.78999996
-0.42,-0.78999996
-0.31,-0.78999996
-0.4,-0.78999996
-0.27,-0.78999996
-0.2,-0.78999996
-0.17,-0.78999996
0.14,-0.78999996
0.43,-0.78999996
0.27,-0.78999996
0.08,-0.78999996
0.28,-0.78999996
0.57,-0.78999996
0.5,-0.78999996
0.28,-0.78999996
0.32,-0.78999996
0.44,-0.78999996
0.9,-0.78999996
1.35,-0.78999996
1.26,-0.78999996
-0.57,-0.72000027
-0.59,-0.72000027
-0.53,-0.72000027
-0.45,-0.72000027
-0.42,-0.72000027
-0.31,-0.72000027
-0.4,-0.72000027
-0.27,-0.72000027
-0.2,-0.72000027
-0.17,-0.72000027
0.14,-0.72000027
0.43,-0.72000027
0.27,-0.72000027
0.08,-0.72000027
0.28,-0.72000027
0.57,-0.72000027
0.5,-0.72000027
0.28,-0.72000027
0.32,-0.72000027
0.44,-0.72000027
0.9,-0.72000027
1.35,-0.72000027
1.26,-0.72000027
1.35,-0.72000027
-0.59,-0.5699997
-0.53,-0.5699997
-0.45,-0.5699997
-0.42,-0.5699997
-0.31,-0.5699997
-0.4,-0.5699997
-0.27,-0.5699997
-0.2,-0.5699997
-0.17,-0.5699997
0.14,-0.5699997
0.43,-0.5699997
0.27,-0.5699997
0.08,-0.5699997
0.28,-0.5699997
0.57,-0.5699997
0.5,-0.5699997
0.28,-0.5699997
0.32,-0.5699997
0.44,-0.5699997
0.9,-0.5699997
1.35,-0.5699997
1.26,-0.5699997
1.35,-0.5699997
1.33,-0.5699997
-0.53,-0.59000015
-0.45,-0.59000015
-0.42,-0.59000015
-0.31,-0.59000015
-0.4,-0.59000015
-0.27,-0.59000015
-0.2,-0.59000015
-0.17,-0.59000015
0.14,-0.59000015
0.43,-0.59000015
0.27,-0.59000015
0.08,-0.59000015
0.28,-0.59000015
0.57,-0.59000015
0.5,-0.59000015
0.28,-0.59000015
0.32,-0.59000015
0.44,-0.59000015
0.9,-0.59000015
1.35,-0.59000015
1.26,-0.59000015
1.35,-0.59000015
1.33,-0.59000015
1.43,-0.59000015
-0.45,-0.52999973
-0.42,-0.52999973
-0.31,-0.52999973
-0.4,-0.52999973
-0.27,-0.52999973
-0.2,-0.52999973
-0.17,-0.52999973
0.14,-0.52999973
0.43,-0.52999973
0.27,-0.52999973
0.08,-0.52999973
0.28,-0.52999973
0.57,-0.52999973
0.5,-0.52999973
0.28,-0.52999973
0.32,-0.52999973
0.44,-0.52999973
0.9,-0.52999973
1.35,-0.52999973
1.26,-0.52999973
1.35,-0.52999973
1.33,-0.52999973
1.43,-0.52999973
1.55,-0.52999973
-0.42,-0.4499998
-0.31,-0.4499998
-0.4,-0.4499998
-0.27,-0.4499998
-0.2,-0.4499998
-0.17,-0.4499998
0.14,-0.4499998
0.43,-0.4499998
0.27,-0.4499998
0.08,-0.4499998
0.28,-0.4499998
0.57,-0.4499998
0.5,-0.4499998
0.28,-0.4499998
0.32,-0.4499998
0.44,-0.4499998
0.9,-0.4499998
1.35,-0.4499998
1.26,-0.4499998
1.35,-0.4499998
1.33,-0.4499998
1.43,-0.4499998
1.55,-0.4499998
1.73,-0.4499998
-0.31,-0.42000008
-0.4,-0.42000008
-0.27,-0.42000008
-0.2,-0.42000008
-0.17,-0.42000008
0.14,-0.42000008
0.43,-0.42000008
0.27,-0.42000008
0.08,-0.42000008
0.28,-0.42000008
0.57,-0.42000008
0.5,-0.42000008
0.28,-0.42000008
0.32,-0.42000008
0.44,-0.42000008
0.9,-0.42000008
1.35,-0.42000008
1.26,-0.42000008
1.35,-0.42000008
1.33,-0.42000008
1.43,-0.42000008
1.55,-0.42000008
1.73,-0.42000008
2.0,-0.42000008
-0.4,-0.31000042
-0.27,-0.31000042
-0.2,-0.31000042
-0.17,-0.31000042
0.14,-0.31000042
0.43,-0.31000042
0.27,-0.31000042
0.08,-0.31000042
0.28,-0.31000042
0.57,-0.31000042
0.5,-0.31000042
0.28,-0.31000042
0.32,-0.31000042
0.44,-0.31000042
0.9,-0.31000042
1.35,-0.31000042
1.26,-0.31000042
1.35,-0.31000042
1.33,-0.31000042
1.43,-0.31000042
1.55,-0.31000042
1.73,-0.31000042
2.0,-0.31000042
2.59,-0.31000042
-0.27,-0.39999962
-0.2,-0.39999962
-0.17,-0.39999962
0.14,-0.39999962
0.43,-0.39999962
0.27,-0.39999962
0.08,-0.39999962
0.28,-0.39999962
0.57,-0.39999962
0.5,-0.39999962
0.28,-0.39999962
0.32,-0.39999962
0.44,-0.39999962
0.9,-0.39999962
1.35,-0.39999962
1.26,-0.39999962
1.35,-0.39999962
1.33,-0.39999962
1.43,-0.39999962
1.55,-0.39999962
1.73,-0.39999962
2.0,-0.39999962
2.59,-0.39999962
2.79,-0.39999962
-0.2,-0.27000046
-0.17,-0.27000046
0.14,-0.27000046
0.43,-0.27000046
0.27,-0.27000046
0.08,-0.27000046
0.28,-0.27000046
0.57,-0.27000046
0.5,-0.27000046
0.28,-0.27000046
0.32,-0.27000046
0.44,-0.27000046
0.9,-0.27000046
1.35,-0.27000046
1.26,-0.27000046
1.35,-0.27000046
1.33,-0.27000046
1.43,-0.27000046
1.55,-0.27000046
1.73,-0.27000046
2.0,-0.27000046
2.59,-0.27000046
2.79,-0.27000046
3.18,-0.27000046
-0.17,-0.19999981
0.14,-0.19999981
0.43,-0.19999981
0.27,-0.19999981
0.08,-0.19999981
0.28,-0.19999981
0.57,-0.19999981
0.5,-0.19999981
0.28,-0.19999981
0.32,-0.19999981
0.44,-0.19999981
0.9,-0.19999981
1.35,-0.19999981
1.26,-0.19999981
1.35,-0.19999981
1.33,-0.19999981
1.43,-0.19999981
1.55,-0.19999981
1.73,-0.19999981
2.0,-0.19999981
2.59,-0.19999981
2.79,-0.19999981
3.18,-0.19999981
3.51,-0.19999981
0.14,-0.17000008
0.43,-0.17000008
0.27,-0.17000008
0.08,-0.17000008
0.28,-0.17000008
0.57,-0.17000008
0.5,-0.17000008
0.28,-0.17000008
0.32,-0.17000008
0.44,-0.17000008
0.9,-0.17000008
1.35,-0.17000008
1.26,-0.17000008
1.35,-0.17000008
1.33,-0.17000008
1.43,-0.17000008
1.55,-0.17000008
1.73,-0.17000008
2.0,-0.17000008
2.59,-0.17000008
2.79,-0.17000008
3.18,-0.17000008
3.51,-0.17000008
3.28,-0.17000008
0.43,0.14000034
0.27,0.14000034
0.08,0.14000034
0.28,0.14000034
0.57,0.14000034
0.5,0.14000034
0.28,0.14000034
0.32,0.14000034
0.44,0.14000034
0.9,0.14000034
1.35,0.14000034
1.26,0.14000034
1.35,0.14000034
1.33,0.14000034
1.43,0.14000034
1.55,0.14000034
1.73,0.14000034
2.0,0.14000034
2.59,0.14000034
2.79,0.14000034
3.18,0.14000034
3.51,0.14000034
3.28,0.14000034
3.46,0.14000034
0.27,0.4300003
0.08,0.4300003
0.28,0.4300003
0.57,0.4300003
0.5,0.4300003
0.28,0.4300003
0.32,0.4300003
0.44,0.4300003
0.9,0.4300003
1.35,0.4300003
1.26,0.4300003
1.35,0.4300003
1.33,0.4300003
1.43,0.4300003
1.55,0.4300003
1.73,0.4300003
2.0,0.4300003
2.59,0.4300003
2.79,0.4300003
3.18,0.4300003
3.51,0.4300003
3.28,0.4300003
3.46,0.4300003
3.99,0.4300003
0.08,0.27000046
0.28,0.27000046
0.57,0.27000046
0.5,0.27000046
0.28,0.27000046
0.32,0.27000046
0.44,0.27000046
0.9,0.27000046
1.35,0.27000046
1.26,0.27000046
1.35,0.27000046
1.33,0.27000046
1.43,0.27000046
1.55,0.27000046
1.73,0.27000046
2.0,0.27000046
2.59,0.27000046
2.79,0.27000046
3.18,0.27000046
3.51,0.27000046
3.28,0.27000046
3.46,0.27000046
3.99,0.27000046
3.52,0.27000046
0.28,0.07999992
0.57,0.07999992
0.5,0.07999992
0.28,0.07999992
0.32,0.07999992
0.44,0.07999992
0.9,0.07999992
1.35,0.07999992
1.26,0.07999992
1.35,0.07999992
1.33,0.07999992
1.43,0.07999992
1.55,0.07999992
1.73,0.07999992
2.0,0.07999992
2.59,0.07999992
2.79,0.07999992
3.18,0.07999992
3.51,0.07999992
3.28,0.07999992
3.46,0.07999992
3.99,0.07999992
3.52,0.07999992
2.91,0.07999992
0.57,0.27999973
0.5,0.27999973
0.28,0.27999973
0.32,0.27999973
0.44,0.27999973
0.9,0.27999973
1.35,0.27999973
1.26,0.27999973
1.35,0.27999973
1.33,0.27999973
1.43,0.27999973
1.55,0.27999973
1.73,0.27999973
2.0,0.27999973
2.59,0.27999973
2.79,0.27999973
3.18,0.27999973
3.51,0.27999973
3.28,0.27999973
3.46,0.27999973
3.99,0.27999973
3.52,0.27999973
2.91,0.27999973
2.92,0.27999973
0.5,0.5699997
0.28,0.5699997
0.32,0.5699997
0.44,0.5699997
0.9,0.5699997
1.35,0.5699997
1.26,0.5699997
1.35,0.5699997
1.33,0.5699997
1.43,0.5699997
1.55,0.5699997
1.73,0.5699997
2.0,0.5699997
2.59,0.5699997
2.79,0.5699997
3.18,0.5699997
3.51,0.5699997
3.28,0.5699997
3.46,0.5699997
3.99,0.5699997
3.52,0.5699997
2.91,0.5699997
2.92,0.5699997
2.69,0.5699997
0.28,0.5
0.32,0.5
0.44,0.5
0.9,0.5
1.35,0.5
1.26,0.5
1.35,0.5
1.33,0.5
1.43,0.5
1.55,0.5
1.73,0.5
2.0,0.5
2.59,0.5
2.79,0.5
3.18,0.5
3.51,0.5
3.28,0.5
3.46,0.5
3.99,0.5
3.52,0.5
2.91,0.5
2.92,0.5
2.69,0.5
2.62,0.5
0.32,0.27999973
0.44,0.27999973
0.9,0.27999973
1.35,0.27999973
1.26,0.27999973
1.35,0.27999973
1.33,0.27999973
1.43,0.27999973
1.55,0.27999973
1.73,0.27999973
2.0,0.27999973
2.59,0.27999973
2.79,0.27999973
3.18,0.27999973
3.51,0.27999973
3.28,0.27999973
3.46,0.27999973
3.99,0.27999973
3.52,0.27999973
2.91,0.27999973
2.92,0.27999973
2.69,0.27999973
2.62,0.27999973
2.56,0.27999973
0.44,0.3199997
0.9,0.3199997
1.35,0.3199997
1.26,0.3199997
1.35,0.3199997
1.33,0.3199997
1.43,0.3199997
1.55,0.3199997
1.73,0.3199997
2.0,0.3199997
2.59,0.3199997
2.79,0.3199997
3.18,0.3199997
3.51,0.3199997
3.28,0.3199997
3.46,0.3199997
3.99,0.3199997
3.52,0.3199997
2.91,0.3199997
2.92,0.3199997
2.69,0.3199997
2.62,0.3199997
2.56,0.3199997
2.28,0.3199997
0.9,0.43999958
1.35,0.43999958
1.26,0.43999958
1.35,0.43999958
1.33,0.43999958
1.43,0.43999958
1.55,0.43999958
1.73,0.43999958
2.0,0.43999958
2.59,0.43999958
2.79,0.43999958
3.18,0.43999958
3.51,0.43999958
3.28,0.43999958
3.46,0.43999958
3.99,0.43999958
3.52,0.43999958
2.91,0.43999958
2.92,0.43999958
2.69,0.43999958
2.62,0.43999958
2.56,0.43999958
2.28,0.43999958
1.83,0.43999958
1.35,0.8999996
1.26,0.8999996
1.35,0.8999996
1.33,0.8999996
1.43,0.8999996
1.55,0.8999996
1.73,0.8999996
2.0,0.8999996
2.59,0.8999996
2.79,0.8999996
3.18,0.8999996
3.51,0.8999996
3.28,0.8999996
3.46,0.8999996
3.99,0.8999996
3.52,0.8999996
2.91,0.8999996
2.92,0.8999996
2.69,0.8999996
2.62,0.8999996
2.56,0.8999996
2.28,0.8999996
1.83,0.8999996
1.48,0.8999996
1.26,1.3500004
1.35,1.3500004
1.33,1.3500004
1.43,1.3500004
1.55,1.3500004
1.73,1.3500004
2.0,1.3500004
2.59,1.3500004
2.79,1.3500004
3.18,1.3500004
3.51,1.3500004
3.28,1.3500004
3.46,1.3500004
3.99,1.3500004
3.52,1.3500004
2.91,1.3500004
2.92,1.3500004
2.69,1.3500004
2.62,1.3500004
2.56,1.3500004
2.28,1.3500004
1.83,1.3500004
1.48,1.3500004
1.21,1.3500004
1.35,1.2600002
1.33,1.2600002
1.43,1.2600002
1.55,1.2600002
1.73,1.2600002
2.0,1.2600002
2.59,1.2600002
2.79,1.2600002
3.18,1.2600002
3.51,1.2600002
3.28,1.2600002
3.46,1.2600002
3.99,1.2600002
3.52,1.2600002
2.91,1.2600002
2.92,1.2600002
2.69,1.2600002
2.62,1.2600002
2.56,1.2600002
2.28,1.2600002
1.83,1.2600002
1.48,1.2600002
1.21,1.2600002
1.03,1.2600002
1.33,1.3500004
1.43,1.3500004
1.55,1.3500004
1.73,1.3500004
2.0,1.3500004
2.59,1.3500004
2.79,1.3500004
3.18,1.3500004
3.51,1.3500004
3.28,1.3500004
3.46,1.3500004
3.99,1.3500004
3.52,1.3500004
2.91,1.3500004
2.92,1.3500004
2.69,1.3500004
2.62,1.3500004
2.56,1.3500004
2.28,1.3500004
1.83,1.3500004
1.48,1.3500004
1.21,1.3500004
1.03,1.3500004
0.69,1.3500004
1.43,1.3299999
1.55,1.3299999
1.73,1.3299999
2.0,1.3299999
2.59,1.3299999
2.79,1.3299999
3.18,1.3299999
3.51,1.3299999
3.28,1.3299999
3.46,1.3299999
3.99,1.3299999
3.52,1.3299999
2.91,1.3299999
2.92,1.3299999
2.69,1.3299999
2.62,1.3299999
2.56,1.3299999
2.28,1.3299999
1.83,1.3299999
1.48,1.3299999
1.21,1.3299999
1.03,1.3299999
0.69,1.3299999
0.26,1.3299999
1.55,1.4300003
1.73,1.4300003
2.0,1.4300003
2.59,1.4300003
2.79,1.4300003
3.18,1.4300003
3.51,1.4300003
3.28,1.4300003
3.46,1.4300003
3.99,1.4300003
3.52,1.4300003
2.91,1.4300003
2.92,1.4300003
2.69,1.4300003
2.62,1.4300003
2.56,1.4300003
2.28,1.4300003
1.83,1.4300003
1.48,1.4300003
1.21,1.4300003
1.03,1.4300003
0.69,1.4300003
0.26,1.4300003
-0.17,1.4300003
1.73,1.5500002
2.0,1.5500002
2.59,1.5500002
2.79,1.5500002
3.18,1.5500002
3.51,1.5500002
3.28,1.5500002
3.46,1.5500002
3.99,1.5500002
3.52,1.5500002
2.91,1.5500002
2.92,1.5500002
2.69,1.5500002
2.62,1.5500002
2.56,1.5500002
2.28,1.5500002
1.83,1.5500002
1.48,1.5500002
1.21,1.5500002
1.03,1.5500002
0.69,1.5500002
0.26,1.5500002
-0.17,1.5500002
-0.5,1.5500002
2.0,1.7300005
2.59,1.7300005
2.79,1.7300005
3.18,1.7300005
3.51,1.7300005
3.28,1.7300005
3.46,1.7300005
3.99,1.7300005
3.52,1.7300005
2.91,1.7300005
2.92,1.7300005
2.69,1.7300005
2.62,1.7300005
2.56,1.7300005
2.28,1.7300005
1.83,1.7300005
1.48,1.7300005
1.21,1.7300005
1.03,1.7300005
0.69,1.7300005
0.26,1.7300005
-0.17,1.7300005
-0.5,1.7300005
-0.75,1.7300005
2.59,2.0
2.79,2.0
3.18,2.0
3.51,2.0
3.28,2.0
3.46,2.0
3.99,2.0
3.52,2.0
2.91,2.0
2.92,2.0
2.69,2.0
2.62,2.0
2.56,2.0
2.28,2.0
1.83,2.0
1.48,2.0
1.21,2.0
1.03,2.0
0.69,2.0
0.26,2.0
-0.17,2.0
-0.5,2.0
-0.75,2.0
-0.84,2.0
2.79,2.5900002
3.18,2.5900002
3.51,2.5900002
3.28,2.5900002
3.46,2.5900002
3.99,2.5900002
3.52,2.5900002
2.91,2.5900002
2.92,2.5900002
2.69,2.5900002
2.62,2.5900002
2.56,2.5900002
2.28,2.5900002
1.83,2.5900002
1.48,2.5900002
1.21,2.5900002
1.03,2.5900002
0.69,2.5900002
0.26,2.5900002
-0.17,2.5900002
-0.5,2.5900002
-0.75,2.5900002
-0.84,2.5900002
-0.68,2.5900002
3.18,2.79
3.51,2.79
3.28,2.79
3.46,2.79
3.99,2.79
3.52,2.79
2.91,2.79
2.92,2.79
2.69,2.79
2.62,2.79
2.56,2.79
2.28,2.79
1.83,2.79
1.48,2.79
1.21,2.79
1.03,2.79
0.69,2.79
0.26,2.79
-0.17,2.79
-0.5,2.79
-0.75,2.79
-0.84,2.79
-0.68,2.79
-0.64,2.79
3.51,3.1800003
3.28,3.1800003
3.46,3.1800003
3.99,3.1800003
3.52,3.1800003
2.91,3.1800003
2.92,3.1800003
2.69,3.1800003
2.62,3.1800003
2.56,3.1800003
2.28,3.1800003
1.83,3.1800003
1.48,3.1800003
1.21,3.1800003
1.03,3.1800003
0.69,3.1800003
0.26,3.1800003
-0.17,3.1800003
-0.5,3.1800003
-0.75,3.1800003
-0.84,3.1800003
-0.68,3.1800003
-0.64,3.1800003
-0.56,3.1800003
3.28,3.5100002
3.46,3.5100002
3.99,3.5100002
3.52,3.5100002
2.91,3.5100002
2.92,3.5100002
2.69,3.5100002
2.62,3.5100002
2.56,3.5100002
2.28,3.5100002
1.83,3.5100002
1.48,3.5100002
1.21,3.5100002
1.03,3.5100002
0.69,3.5100002
0.26,3.5100002
-0.17,3.5100002
-0.5,3.5100002
-0.75,3.5100002
-0.84,3.5100002
-0.68,3.5100002
-0.64,3.5100002
-0.56,3.5100002
-0.87,3.5100002
3.46,3.2799997
3.99,3.2799997
3.52,3.2799997
2.91,3.2799997
2.92,3.2799997
2.69,3.2799997
2.62,3.2799997
2.56,3.2799997
2.28,3.2799997
1.83,3.2799997
1.48,3.2799997
1.21,3.2799997
1.03,3.2799997
0.69,3.2799997
0.26,3.2799997
-0.17,3.2799997
-0.5,3.2799997
-0.75,3.2799997
-0.84,3.2799997
-0.68,3.2799997
-0.64,3.2799997
-0.56,3.2799997
-0.87,3.2799997
-0.86,3.2799997
3.99,3.46
3.52,3.46
2.91,3.46
2.92,3.46
2.69,3.46
2.62,3.46
2.56,3.46
2.28,3.46
1.83,3.46
1.48,3.46
1.21,3.46
1.03,3.46
0.69,3.46
0.26,3.46
-0.17,3.46
-0.5,3.46
-0.75,3.46
-0.84,3.46
-0.68,3.46
-0.64,3.46
-0.56,3.46
-0.87,3.46
-0.86,3.46
-0.76,3.46
3.52,3.9899998
2.91,3.9899998
2.92,3.9899998
2.69,3.9899998
2.62,3.9899998
2.56,3.9899998
2.28,3.9899998
1.83,3.9899998
1.48,3.9899998
1.21,3.9899998
1.03,3.9899998
0.69,3.9899998
0.26,3.9899998
-0.17,3.9899998
-0.5,3.9899998
-0.75,3.9899998
-0.84,3.9899998
-0.68,3.9899998
-0.64,3.9899998
-0.56,3.9899998
-0.87,3.9899998
-0.86,3.9899998
-0.76,3.9899998
-0.75,3.9899998
2.91,3.5199995
2.92,3.5199995
2.69,3.5199995
2.62,3.5199995
2.56,3.5199995
2.28,3.5199995
1.83,3.5199995
1.48,3.5199995
1.21,3.5199995
1.03,3.5199995
0.69,3.5199995
0.26,3.5199995
-0.17,3.5199995
-0.5,3.5199995
-0.75,3.5199995
-0.84,3.5199995
-0.68,3.5199995
-0.64,3.5199995
-0.56,3.5199995
-0.87,3.5199995
-0.86,3.5199995
-0.76,3.5199995
-0.75,3.5199995
-0.74,3.5199995
2.92,2.9099998
2.69,2.9099998
2.62,2.9099998
2.56,2.9099998
2.28,2.9099998
1.83,2.9099998
1.48,2.9099998
1.21,2.9099998
1.03,2.9099998
0.69,2.9099998
0.26,2.9099998
-0.17,2.9099998
-0.5,2.9099998
-0.75,2.9099998
-0.84,2.9099998
-0.68,2.9099998
-0.64,2.9099998
-0.56,2.9099998
-0.87,2.9099998
-0.86,2.9099998
-0.76,2.9099998
-0.75,2.9099998
-0.74,2.9099998
-0.73,2.9099998
2.69,2.92
2.62,2.92
2.56,2.92
2.28,2.92
1.83,2.92
1.48,2.92
1.21,2.92
1.03,2.92
0.69,2.92
0.26,2.92
-0.17,2.92
-0.5,2.92
-0.75,2.92
-0.84,2.92
-0.68,2.92
-0.64,2.92
-0.56,2.92
-0.87,2.92
-0.86,2.92
-0.76,2.92
-0.75,2.92
-0.74,2.92
-0.73,2.92
-0.73,2.92
2.62,2.6899996
2.56,2.6899996
2.28,2.6899996
1.83,2.6899996
1.48,2.6899996
1.21,2.6899996
1.03,2.6899996
0.69,2.6899996
0.26,2.6899996
-0.17,2.6899996
-0.5,2.6899996
-0.75,2.6899996
-0.84,2.6899996
-0.68,2.6899996
-0.64,2.6899996
-0.56,2.6899996
-0.87,2.6899996
-0.86,2.6899996
-0.76,2.6899996
-0.75,2.6899996
-0.74,2.6899996
-0.73,2.6899996
-0.73,2.6899996
-0.82,2.6899996
2.56,2.62
2.28,2.62
1.83,2.62
1.48,2.62
1.21,2.62
1.03,2.62
0.69,2.62
0.26,2.62
-0.17,2.62
-0.5,2.62
-0.75,2.62
-0.84,2.62
-0.68,2.62
-0.64,2.62
-0.56,2.62
-0.87,2.62
-0.86,2.62
-0.76,2.62
-0.75,2.62
-0.74,2.62
-0.73,2.62
-0.73,2.62
-0.82,2.62
-1.04,2.62
2.28,2.5600004
1.83,2.5600004
1.48,2.5600004
1.21,2.5600004
1.03,2.5600004
0.69,2.5600004
0.26,2.5600004
-0.17,2.5600004
-0.5,2.5600004
-0.75,2.5600004
-0.84,2.5600004
-0.68,2.5600004
-0.64,2.5600004
-0.56,2.5600004
-0.87,2.5600004
-0.86,2.5600004
-0.76,2.5600004
-0.75,2.5600004
-0.74,2.5600004
-0.73,2.5600004
-0.73,2.5600004
-0.82,2.5600004
-1.04,2.5600004
-1.11,2.5600004
1.83,2.2799997
1.48,2.2799997
1.21,2.2799997
1.03,2.2799997
0.69,2.2799997
0.26,2.2799997
-0.17,2.2799997
-0.5,2.2799997
-0.75,2.2799997
-0.84,2.2799997
-0.68,2.2799997
-0.64,2.2799997
-0.56,2.2799997
-0.87,2.2799997
-0.86,2.2799997
-0.76,2.2799997
-0.75,2.2799997
-0.74,2.2799997
-0.73,2.2799997
-0.73,2.2799997
-0.82,2.2799997
-1.04,2.2799997
-1.11,2.2799997
-1.08,2.2799997
1.48,1.8299999
1.21,1.8299999
1.03,1.8299999
0.69,1.8299999
0.26,1.8299999
-0.17,1.8299999
-0.5,1.8299999
-0.75,1.8299999
-0.84,1.8299999
-0.68,1.8299999
-0.64,1.8299999
-0.56,1.8299999
-0.87,1.8299999
-0.86,1.8299999
-0.76,1.8299999
-0.75,1.8299999
-0.74,1.8299999
-0.73,1.8299999
-0.73,1.8299999
-0.82,1.8299999
-1.04,1.8299999
-1.11,1.8299999
-1.08,1.8299999
-1.15,1.8299999
1.21,1.4800005
1.03,1.4800005
0.69,1.4800005
0.26,1.4800005
-0.17,1.4800005
-0.5,1.4800005
-0.75,1.4800005
-0.84,1.4800005
-0.68,1.4800005
-0.64,1.4800005
-0.56,1.4800005
-0.87,1.4800005
-0.86,1.4800005
-0.76,1.4800005
-0.75,1.4800005
-0.74,1.4800005
-0.73,1.4800005
-0.73,1.4800005
-0.82,1.4800005
-1.04,1.4800005
-1.11,1.4800005
-1.08,1.4800005
-1.15,1.4800005
-1.22,1.4800005
1.03,1.21
0.69,1.21
0.26,1.21
-0.17,1.21
-0.5,1.21
-0.75,1.21
-0.84,1.21
-0.68,1.21
-0.64,1.21
-0.56,1.21
-0.87,1.21
-0.86,1.21
-0.76,1.21
-0.75,1.21
-0.74,1.21
-0.73,1.21
-0.73,1.21
-0.82,1.21
-1.04,1.21
-1.11,1.21
-1.08,1.21
-1.15,1.21
-1.22,1.21
-1.21,1.21
0.69,1.0299997
0.26,1.0299997
-0.17,1.0299997
-0.5,1.0299997
-0.75,1.0299997
-0.84,1.0299997
-0.68,1.0299997
-0.64,1.0299997
-0.56,1.0299997
-0.87,1.0299997
-0.86,1.0299997
-0.76,1.0299997
-0.75,1.0299997
-0.74,1.0299997
-0.73,1.0299997
-0.73,1.0299997
-0.82,1.0299997
-1.04,1.0299997
-1.11,1.0299997
-1.08,1.0299997
-1.15,1.0299997
-1.22,1.0299997
-1.21,1.0299997
-1.26,1.0299997
0.26,0.6899996
-0.17,0.6899996
-0.5,0.6899996
-0.75,0.6899996
-0.84,0.6899996
-0.68,0.6899996
-0.64,0.6899996
-0.56,0.6899996
-0.87,0.6899996
-0.86,0.6899996
-0.76,0.6899996
-0.75,0.6899996
-0.74,0.6899996
-0.73,0.6899996
-0.73,0.6899996
-0.82,0.6899996
-1.04,0.6899996
-1.11,0.6899996
-1.08,0.6899996
-1.15,0.6899996
-1.22,0.6899996
-1.21,0.6899996
-1.26,0.6899996
-1.4,0.6899996
-0.17,0.26000023
-0.5,0.26000023
-0.75,0.26000023
-0.84,0.26000023
-0.68,0.26000023
-0.64,0.26000023
-0.56,0.26000023
-0.87,0.26000023
-0.86,0.26000023
-0.76,0.26000023
-0.75,0.26000023
-0.74,0.26000023
-0.73,0.26000023
-0.73,0.26000023
-0.82,0.26000023
-1.04,0.26000023
-1.11,0.26000023
-1.08,0.26000023
-1.15,0.26000023
-1.22,0.26000023
-1.21,0.26000023
-1.26,0.26000023
-1.4,0.26000023
-1.58,0.26000023
-0.5,-0.17000008
-0.75,-0.17000008
-0.84,-0.17000008
-0.68,-0.17000008
-0.64,-0.17000008
-0.56,-0.17000008
-0.87,-0.17000008
-0.86,-0.17000008
-0.76,-0.17000008
-0.75,-0.17000008
-0.74,-0.17000008
-0.73,-0.17000008
-0.73,-0.17000008
-0.82,-0.17000008
-1.04,-0.17000008
-1.11,-0.17000008
-1.08,-0.17000008
-1.15,-0.17000008
-1.22,-0.17000008
-1.21,-0.17000008
-1.26,-0.17000008
-1.4,-0.17000008
-1.58,-0.17000008
-1.81,-0.17000008
-0.75,-0.5
-0.84,-0.5
-0.68,-0.5
-0.64,-0.5
-0.56,-0.5
-0.87,-0.5
-0.86,-0.5
-0.76,-0.5
-0.75,-0.5
-0.74,-0.5
-0.73,-0.5
-0.73,-0.5
-0.82,-0.5
-1.04,-0.5
-1.11,-0.5
-1.08,-0.5
-1.15,-0.5
-1.22,-0.5
-1.21,-0.5
-1.26,-0.5
-1.4,-0.5
-1.58,-0.5
-1.81,-0.5
-2.02,-0.5
-0.84,-0.75
-0.68,-0.75
-0.64,-0.75
-0.56,-0.75
-0.87,-0.75
-0.86,-0.75
-0.76,-0.75
-0.75,-0.75
-0.74,-0.75
-0.73,-0.75
-0.73,-0.75
-0.82,-0.75
-1.04,-0.75
-1.11,-0.75
-1.08,-0.75
-1.15,-0.75
-1.22,-0.75
-1.21,-0.75
-1.26,-0.75
-1.4,-0.75
-1.58,-0.75
-1.81,-0.75
-2.02,-0.75
-2.0,-0.75
-0.68,-0.84000015
-0.64,-0.84000015
-0.56,-0.84000015
-0.87,-0.84000015
-0.86,-0.84000015
-0.76,-0.84000015
-0.75,-0.84000015
-0.74,-0.84000015
-0.73,-0.84000015
-0.73,-0.84000015
-0.82,-0.84000015
-1.04,-0.84000015
-1.11,-0.84000015
-1.08,-0.84000015
-1.15,-0.84000015
-1.22,-0.84000015
-1.21,-0.84000015
-1.26,-0.84000015
-1.4,-0.84000015
-1.58,-0.84000015
-1.81,-0.84000015
-2.02,-0.84000015
-2.0,-0.84000015
-1.83,-0.84000015
-0.64,-0.6800003
-0.56,-0.6800003
-0.87,-0.6800003
-0.86,-0.6800003
-0.76,-0.6800003
-0.75,-0.6800003
-0.74,-0.6800003
-0.73,-0.6800003
-0.73,-0.6800003
-0.82,-0.6800003
-1.04,-0.6800003
-1.11,-0.6800003
-1.08,-0.6800003
-1.15,-0.6800003
-1.22,-0.6800003
-1.21,-0.6800003
-1.26,-0.6800003
-1.4,-0.6800003
-1.58,-0.6800003
-1.81,-0.6800003
-2.02,-0.6800003
-2.0,-0.6800003
-1.83,-0.6800003
-1.8,-0.6800003
-0.56,-0.64000034
-0.87,-0.64000034
-0.86,-0.64000034
-0.76,-0.64000034
-0.75,-0.64000034
-0.74,-0.64000034
-0.73,-0.64000034
-0.73,-0.64000034
-0.82,-0.64000034
-1.04,-0.64000034
-1.11,-0.64000034
-1.08,-0.64000034
-1.15,-0.64000034
-1.22,-0.64000034
-1.21,-0.64000034
-1.26,-0.64000034
-1.4,-0.64000034
-1.58,-0.64000034
-1.81,-0.64000034
-2.02,-0.64000034
-2.0,-0.64000034
-1.83,-0.64000034
-1.8,-0.64000034
-1.89,-0.64000034
-0.87,-0.5600004
-0.86,-0.5600004
-0.76,-0.5600004
-0.75,-0.5600004
-0.74,-0.5600004
-0.73,-0.5600004
-0.73,-0.5600004
-0.82,-0.5600004
-1.04,-0.5600004
-1.11,-0.5600004
-1.08,-0.5600004
-1.15,-0.5600004
-1.22,-0.5600004
-1.21,-0.5600004
-1.26,-0.5600004
-1.4,-0.5600004
-1.58,-0.5600004
-1.81,-0.5600004
-2.02,-0.5600004
-2.0,-0.5600004
-1.83,-0.5600004
-1.8,-0.5600004
-1.89,-0.5600004
-1.99,-0.5600004
-0.86,-0.8699999
-0.76,-0.8699999
-0.75,-0.8699999
-0.74,-0.8699999
-0.73,-0.8699999
-0.73,-0.8699999
-0.82,-0.8699999
-1.04,-0.8699999
-1.11,-0.8699999
-1.08,-0.8699999
-1.15,-0.8699999
-1.22,-0.8699999
-1.21,-0.8699999
-1.26,-0.8699999
-1.4,-0.8699999
-1.58,-0.8699999
-1.81,-0.8699999
-2.02,-0.8699999
-2.0,-0.8699999
-1.83,-0.8699999
-1.8,-0.8699999
-1.89,-0.8699999
-1.99,-0.8699999
-2.03,-0.8699999
-0.76,-0.85999966
-0.75,-0.85999966
-0.74,-0.85999966
-0.73,-0.85999966
-0.73,-0.85999966
-0.82,-0.85999966
-1.04,-0.85999966
-1.11,-0.85999966
-1.08,-0.85999966
-1.15,-0.85999966
-1.22,-0.85999966
-1.21,-0.85999966
-1.26,-0.85999966
-1.4,-0.85999966
-1.58,-0.85999966
-1.81,-0.85999966
-2.02,-0.85999966
-2.0,-0.85999966
-1.83,-0.85999966
-1.8,-0.85999966
-1.89,-0.85999966
-1.99,-0.85999966
-2.03,-0.85999966
-2.02,-0.85999966
-0.75,-0.7600002
-0.74,-0.7600002
-0.73,-0.7600002
-0.73,-0.7600002
-0.82,-0.7600002
-1.04,-0.7600002
-1.11,-0.7600002
-1.08,-0.7600002
-1.15,-0.7600002
-1.22,-0.7600002
-1.21,-0.7600002
-1.26,-0.7600002
-1.4,-0.7600002
-1.58,-0.7600002
-1.81,-0.7600002
-2.02,-0.7600002
-2.0,-0.7600002
-1.83,-0.7600002
-1.8,-0.7600002
-1.89,-0.7600002
-1.99,-0.7600002
-2.03,-0.7600002
-2.02,-0.7600002
-2.0,-0.7600002
-0.74,-0.75
-0.73,-0.75
-0.73,-0.75
-0.82,-0.75
-1.04,-0.75
-1.11,-0.75
-1.08,-0.75
-1.15,-0.75
-1.22,-0.75
-1.21,-0.75
-1.26,-0.75
-1.4,-0.75
-1.58,-0.75
-1.81,-0.75
-2.02,-0.75
-2.0,-0.75
-1.83,-0.75
-1.8,-0.75
-1.89,-0.75
-1.99,-0.75
-2.03,-0.75
-2.02,-0.75
-2.0,-0.75
-2.0,-0.75
-0.73,-0.7399998
-0.73,-0.7399998
-0.82,-0.7399998
-1.04,-0.7399998
-1.11,-0.7399998
-1.08,-0.7399998
-1.15,-0.7399998
-1.22,-0.7399998
-1.21,-0.7399998
-1.26,-0.7399998
-1.4,-0.7399998
-1.58,-0.7399998
-1.81,-0.7399998
-2.02,-0.7399998
-2.0,-0.7399998
-1.83,-0.7399998
-1.8,-0.7399998
-1.89,-0.7399998
-1.99,-0.7399998
-2.03,-0.7399998
-2.02,-0.7399998
-2.0,-0.7399998
-2.0,-0.7399998
-2.0,-0.7399998
-0.73,-0.7300005
-0.82,-0.7300005
-1.04,-0.7300005
-1.11,-0.7300005
-1.08,-0.7300005
-1.15,-0.7300005
-1.22,-0.7300005
-1.21,-0.7300005
-1.26,-0.7300005
-1.4,-0.7300005
-1.58,-0.7300005
-1.81,-0.7300005
-2.02,-0.7300005
-2.0,-0.7300005
-1.83,-0.7300005
-1.8,-0.7300005
-1.89,-0.7300005
-1.99,-0.7300005
-2.03,-0.7300005
-2.02,-0.7300005
-2.0,-0.7300005
-2.0,-0.7300005
-2.0,-0.7300005
-2.1,-0.7300005
-0.82,-0.7300005
-1.04,-0.7300005
-1.11,-0.7300005
-1.08,-0.7300005
-1.15,-0.7300005
-1.22,-0.7300005
-1.21,-0.7300005
-1.26,-0.7300005
-1.4,-0.7300005
-1.58,-0.7300005
-1.81,-0.7300005
-2.02,-0.7300005
-2.0,-0.7300005
-1.83,-0.7300005
-1.8,-0.7300005
-1.89,-0.7300005
-1.99,-0.7300005
-2.03,-0.7300005
-2.02,-0.7300005
-2.0,-0.7300005
-2.0,-0.7300005
-2.0,-0.7300005
-2.1,-0.7300005
-2.17,-0.7300005
-1.04,-0.8199997
-1.11,-0.8199997
-1.08,-0.8199997
-1.15,-0.8199997
-1.22,-0.8199997
-1.21,-0.8199997
-1.26,-0.8199997
-1.4,-0.8199997
-1.58,-0.8199997
-1.81,-0.8199997
-2.02,-0.8199997
-2.0,-0.8199997
-1.83,-0.8199997
-1.8,-0.8199997
-1.89,-0.8199997
-1.99,-0.8199997
-2.03,-0.8199997
-2.02,-0.8199997
-2.0,-0.8199997
-2.0,-0.8199997
-2.0,-0.8199997
-2.1,-0.8199997
-2.17,-0.8199997
-2.33,-0.8199997
-1.11,-1.04
-1.08,-1.04
-1.15,-1.04
-1.22,-1.04
-1.21,-1.04
-1.26,-1.04
-1.4,-1.04
-1.58,-1.04
-1.81,-1.04
-2.02,-1.04
-2.0,-1.04
-1.83,-1.04
-1.8,-1.04
-1.89,-1.04
-1.99,-1.04
-2.03,-1.04
-2.02,-1.04
-2.0,-1.04
-2.0,-1.04
-2.0,-1.04
-2.1,-1.04
-2.17,-1.04
-2.33,-1.04
-2.4,-1.04
-1.08,-1.1099997
-1.15,-1.1099997
-1.22,-1.1099997
-1.21,-1.1099997
-1.26,-1.1099997
-1.4,-1.1099997
-1.58,-1.1099997
-1.81,-1.1099997
-2.02,-1.1099997
-2.0,-1.1099997
-1.83,-1.1099997
-1.8,-1.1099997
-1.89,-1.1099997
-1.99,-1.1099997
-2.03,-1.1099997
-2.02,-1.1099997
-2.0,-1.1099997
-2.0,-1.1099997
-2.0,-1.1099997
-2.1,-1.1099997
-2.17,-1.1099997
-2.33,-1.1099997
-2.4,-1.1099997
-2.47,-1.1099997
-1.15,-1.0799999
-1.22,-1.0799999
-1.21,-1.0799999
-1.26,-1.0799999
-1.4,-1.0799999
-1.58,-1.0799999
-1.81,-1.0799999
-2.02,-1.0799999
-2.0,-1.0799999
-1.83,-1.0799999
-1.8,-1.0799999
-1.89,-1.0799999
-1.99,-1.0799999
-2.03,-1.0799999
-2.02,-1.0799999
-2.0,-1.0799999
-2.0,-1.0799999
-2.0,-1.0799999
-2.1,-1.0799999
-2.17,-1.0799999
-2.33,-1.0799999
-2.4,-1.0799999
-2.47,-1.0799999
-2.53,-1.0799999
-1.22,-1.1499996
-1.21,-1.1499996
-1.26,-1.1499996
-1.4,-1.1499996
-1.58,-1.1499996
-1.81,-1.1499996
-2.02,-1.1499996
-2.0,-1.1499996
-1.83,-1.1499996
-1.8,-1.1499996
-1.89,-1.1499996
-1.99,-1.1499996
-2.03,-1.1499996
-2.02,-1.1499996
-2.0,-1.1499996
-2.0,-1.1499996
-2.0,-1.1499996
-2.1,-1.1499996
-2.17,-1.1499996
-2.33,-1.1499996
-2.4,-1.1499996
-2.47,-1.1499996
-2.53,-1.1499996
-2.53,-1.1499996
-1.21,-1.2200003
-1.26,-1.2200003
-1.4,-1.2200003
-1.58,-1.2200003
-1.81,-1.2200003
-2.02,-1.2200003
-2.0,-1.2200003
-1.83,-1.2200003
-1.8,-1.2200003
-1.89,-1.2200003
-1.99,-1.2200003
-2.03,-1.2200003
-2.02,-1.2200003
-2.0,-1.2200003
-2.0,-1.2200003
-2.0,-1.2200003
-2.1,-1.2200003
-2.17,-1.2200003
-2.33,-1.2200003
-2.4,-1.2200003
-2.47,-1.2200003
-2.53,-1.2200003
-2.53,-1.2200003
-2.47,-1.2200003
-1.26,-1.21
-1.4,-1.21
-1.58,-1.21
-1.81,-1.21
-2.02,-1.21
-2.0,-1.21
-1.83,-1.21
-1.8,-1.21
-1.89,-1.21
-1.99,-1.21
-2.03,-1.21
-2.02,-1.21
-2.0,-1.21
-2.0,-1.21
-2.0,-1.21
-2.1,-1.21
-2.17,-1.21
-2.33,-1.21
-2.4,-1.21
-2.47,-1.21
-2.53,-1.21
-2.53,-1.21
-2.47,-1.21
-2.47,-1.21
-1.4,-1.2600002
-1.58,-1.2600002
-1.81,-1.2600002
-2.02,-1.2600002
-2.0,-1.2600002
-1.83,-1.2600002
-1.8,-1.2600002
-1.89,-1.2600002
-1.99,-1.2600002
-2.03,-1.2600002
-2.02,-1.2600002
-2.0,-1.2600002
-2.0,-1.2600002
-2.0,-1.2600002
-2.1,-1.2600002
-2.17,-1.2600002
-2.33,-1.2600002
-2.4,-1.2600002
-2.47,-1.2600002
-2.53,-1.2600002
-2.53,-1.2600002
-2.47,-1.2600002
-2.47,-1.2600002
-2.56,-1.2600002
-1.58,-1.3999996
-1.81,-1.3999996
-2.02,-1.3999996
-2.0,-1.3999996
-1.83,-1.3999996
-1.8,-1.3999996
-1.89,-1.3999996
-1.99,-1.3999996
-2.03,-1.3999996
-2.02,-1.3999996
-2.0,-1.3999996
-2.0,-1.3999996
-2.0,-1.3999996
-2.1,-1.3999996
-2.17,-1.3999996
-2.33,-1.3999996
-2.4,-1.3999996
-2.47,-1.3999996
-2.53,-1.3999996
-2.53,-1.3999996
-2.47,-1.3999996
-2.47,-1.3999996
-2.56,-1.3999996
-2.67,-1.3999996
-1.81,-1.5799999
-2.02,-1.5799999
-2.0,-1.5799999
-1.83,-1.5799999
-1.8,-1.5799999
-1.89,-1.5799999
-1.99,-1.5799999
-2.03,-1.5799999
-2.02,-1.5799999
-2.0,-1.5799999
-2.0,-1.5799999
-2.0,-1.5799999
-2.1,-1.5799999
-2.17,-1.5799999
-2.33,-1.5799999
-2.4,-1.5799999
-2.47,-1.5799999
-2.53,-1.5799999
-2.53,-1.5799999
-2.47,-1.5799999
-2.47,-1.5799999
-2.56,-1.5799999
-2.67,-1.5799999
-2.64,-1.5799999
-2.02,-1.8100004
-2.0,-1.8100004
-1.83,-1.8100004
-1.8,-1.8100004
-1.89,-1.8100004
-1.99,-1.8100004
-2.03,-1.8100004
-2.02,-1.8100004
-2.0,-1.8100004
-2.0,-1.8100004
-2.0,-1.8100004
-2.1,-1.8100004
-2.17,-1.8100004
-2.33,-1.8100004
-2.4,-1.8100004
-2.47,-1.8100004
-2.53,-1.8100004
-2.53,-1.8100004
-2.47,-1.8100004
-2.47,-1.8100004
-2.56,-1.8100004
-2.67,-1.8100004
-2.64,-1.8100004
-2.5,-1.8100004
-2.0,-2.0199995
-1.83,-2.0199995
-1.8,-2.0199995
-1.89,-2.0199995
-1.99,-2.0199995
-2.03,-2.0199995
-2.02,-2.0199995
-2.0,-2.0199995
-2.0,-2.0199995
-2.0,-2.0199995
-2.1,-2.0199995
-2.17,-2.0199995
-2.33,-2.0199995
-2.4,-2.0199995
-2.47,-2.0199995
-2.53,-2.0199995
-2.53,-2.0199995
-2.47,-2.0199995
-2.47,-2.0199995
-2.56,-2.0199995
-2.67,-2.0199995
-2.64,-2.0199995
-2.5,-2.0199995
-2.56,-2.0199995
-1.83,-2.0
-1.8,-2.0
-1.89,-2.0
-1.99,-2.0
-2.03,-2.0
-2.02,-2.0
-2.0,-2.0
-2.0,-2.0
-2.0,-2.0
-2.1,-2.0
-2.17,-2.0
-2.33,-2.0
-2.4,-2.0
-2.47,-2.0
-2.53,-2.0
-2.53,-2.0
-2.47,-2.0
-2.47,-2.0
-2.56,-2.0
-2.67,-2.0
-2.64,-2.0
-2.5,-2.0
-2.56,-2.0
-2.61,-2.0
-1.8,-1.8299999
-1.89,-1.8299999
-1.99,-1.8299999
-2.03,-1.8299999
-2.02,-1.8299999
-2.0,-1.8299999
-2.0,-1.8299999
-2.0,-1.8299999
-2.1,-1.8299999
-2.17,-1.8299999
-2.33,-1.8299999
-2.4,-1.8299999
-2.47,-1.8299999
-2.53,-1.8299999
-2.53,-1.8299999
-2.47,-1.8299999
-2.47,-1.8299999
-2.56,-1.8299999
-2.67,-1.8299999
-2.64,-1.8299999
-2.5,-1.8299999
-2.56,-1.8299999
-2.61,-1.8299999
-2.62,-1.8299999
-1.89,-1.8000002
-1.99,-1.8000002
-2.03,-1.8000002
-2.02,-1.8000002
-2.0,-1.8000002
-2.0,-1.8000002
-2.0,-1.8000002
-2.1,-1.8000002
-2.17,-1.8000002
-2.33,-1.8000002
-2.4,-1.8000002
-2.47,-1.8000002
-2.53,-1.8000002
-2.53,-1.8000002
-2.47,-1.8000002
-2.47,-1.8000002
-2.56,-1.8000002
-2.67,-1.8000002
-2.64,-1.8000002
-2.5,-1.8000002
-2.56,-1.8000002
-2.61,-1.8000002
-2.62,-1.8000002
-2.78,-1.8000002
-1.99,-1.8900003
-2.03,-1.8900003
-2.02,-1.8900003
-2.0,-1.8900003
-2.0,-1.8900003
-2.0,-1.8900003
-2.1,-1.8900003
-2.17,-1.8900003
-2.33,-1.8900003
-2.4,-1.8900003
-2.47,-1.8900003
-2.53,-1.8900003
-2.53,-1.8900003
-2.47,-1.8900003
-2.47,-1.8900003
-2.56,-1.8900003
-2.67,-1.8900003
-2.64,-1.8900003
-2.5,-1.8900003
-2.56,-1.8900003
-2.61,-1.8900003
-2.62,-1.8900003
-2.78,-1.8900003
-3.07,-1.8900003
-2.03,-1.9899998
-2.02,-1.9899998
-2.0,-1.9899998
-2.0,-1.9899998
-2.0,-1.9899998
-2.1,-1.9899998
-2.17,-1.9899998
-2.33,-1.9899998
-2.4,-1.9899998
-2.47,-1.9899998
-2.53,-1.9899998
-2.53,-1.9899998
-2.47,-1.9899998
-2.47,-1.9899998
-2.56,-1.9899998
-2.67,-1.9899998
-2.64,-1.9899998
-2.5,-1.9899998
-2.56,-1.9899998
-2.61,-1.9899998
-2.62,-1.9899998
-2.78,-1.9899998
-3.07,-1.9899998
-3.15,-1.9899998
-2.02,-2.0299997
-2.0,-2.0299997
-2.0,-2.0299997
-2.0,-2.0299997
-2.1,-2.0299997
-2.17,-2.0299997
-2.33,-2.0299997
-2.4,-2.0299997
-2.47,-2.0299997
-2.53,-2.0299997
-2.53,-2.0299997
-2.47,-2.0299997
-2.47,-2.0299997
-2.56,-2.0299997
-2.67,-2.0299997
-2.64,-2.0299997
-2.5,-2.0299997
-2.56,-2.0299997
-2.61,-2.0299997
-2.62,-2.0299997
-2.78,-2.0299997
-3.07,-2.0299997
-3.15,-2.0299997
-3.11,-2.0299997
-2.0,-2.0199995
-2.0,-2.0199995
-2.0,-2.0199995
-2.1,-2.0199995
-2.17,-2.0199995
-2.33,-2.0199995
-2.4,-2.0199995
-2.47,-2.0199995
-2.53,-2.0199995
-2.53,-2.0199995
-2.47,-2.0199995
-2.47,-2.0199995
-2.56,-2.0199995
-2.67,-2.0199995
-2.64,-2.0199995
-2.5,-2.0199995
-2.56,-2.0199995
-2.61,-2.0199995
-2.62,-2.0199995
-2.78,-2.0199995
-3.07,-2.0199995
-3.15,-2.0199995
-3.11,-2.0199995
-2.94,-2.0199995
-2.0,-2.0
-2.0,-2.0
-2.1,-2.0
-2.17,-2.0
-2.33,-2.0
-2.4,-2.0
-2.47,-2.0
-2.53,-2.0
-2.53,-2.0
-2.47,-2.0
-2.47,-2.0
-2.56,-2.0
-2.67,-2.0
-2.64,-2.0
-2.5,-2.0
-2.56,-2.0
-2.61,-2.0
-2.62,-2.0
-2.78,-2.0
-3.07,-2.0
-3.15,-2.0
-3.11,-2.0
-2.94,-2.0
-2.98,-2.0
-2.0,-2.0
-2.1,-2.0
-2.17,-2.0
-2.33,-2.0
-2.4,-2.0
-2.47,-2.0
-2.53,-2.0
-2.53,-2.0
-2.47,-2.0
-2.47,-2.0
-2.56,-2.0
-2.67,-2.0
-2.64,-2.0
-2.5,-2.0
-2.56,-2.0
-2.61,-2.0
-2.62,-2.0
-2.78,-2.0
-3.07,-2.0
-3.15,-2.0
-3.11,-2.0
-2.94,-2.0
-2.98,-2.0
-3.17,-2.0
-2.1,-2.0
-2.17,-2.0
-2.33,-2.0
-2.4,-2.0
-2.47,-2.0
-2.53,-2.0
-2.53,-2.0
-2.47,-2.0
-2.47,-2.0
-2.56,-2.0
-2.67,-2.0
-2.64,-2.0
-2.5,-2.0
-2.56,-2.0
-2.61,-2.0
-2.62,-2.0
-2.78,-2.0
-3.07,-2.0
-3.15,-2.0
-3.11,-2.0
-2.94,-2.0
-2.98,-2.0
-3.17,-2.0
-3.19,-2.0
-2.17,-2.0999994
-2.33,-2.0999994
-2.4,-2.0999994
-2.47,-2.0999994
-2.53,-2.0999994
-2.53,-2.0999994
-2.47,-2.0999994
-2.47,-2.0999994
-2.56,-2.0999994
-2.67,-2.0999994
-2.64,-2.0999994
-2.5,-2.0999994
-2.56,-2.0999994
-2.61,-2.0999994
-2.62,-2.0999994
-2.78,-2.0999994
-3.07,-2.0999994
-3.15,-2.0999994
-3.11,-2.0999994
-2.94,-2.0999994
-2.98,-2.0999994
-3.17,-2.0999994
-3.19,-2.0999994
-3.24,-2.0999994
-2.33,-2.17
-2.4,-2.17
-2.47,-2.17
-2.53,-2.17
-2.53,-2.17
-2.47,-2.17
-2.47,-2.17
-2.56,-2.17
-2.67,-2.17
-2.64,-2.17
-2.5,-2.17
-2.56,-2.17
-2.61,-2.17
-2.62,-2.17
-2.78,-2.17
-3.07,-2.17
-3.15,-2.17
-3.11,-2.17
-2.94,-2.17
-2.98,-2.17
-3.17,-2.17
-3.19,-2.17
-3.24,-2.17
-3.97,-2.17
-2.4,-2.33
-2.47,-2.33
-2.53,-2.33
-2.53,-2.33
-2.47,-2.33
-2.47,-2.33
-2.56,-2.33
-2.67,-2.33
-2.64,-2.33
-2.5,-2.33
-2.56,-2.33
-2.61,-2.33
-2.62,-2.33
-2.78,-2.33
-3.07,-2.33
-3.15,-2.33
-3.11,-2.33
-2.94,-2.33
-2.98,-2.33
-3.17,-2.33
-3.19,-2.33
-3.24,-2.33
-3.97,-2.33
-4.18,-2.33
-2.47,-2.4000006
-2.53,-2.4000006
-2.53,-2.4000006
-2.47,-2.4000006
-2.47,-2.4000006
-2.56,-2.4000006
-2.67,-2.4000006
-2.64,-2.4000006
-2.5,-2.4000006
-2.56,-2.4000006
-2.61,-2.4000006
-2.62,-2.4000006
-2.78,-2.4000006
-3.07,-2.4000006
-3.15,-2.4000006
-3.11,-2.4000006
-2.94,-2.4000006
-2.98,-2.4000006
-3.17,-2.4000006
-3.19,-2.4000006
-3.24,-2.4000006
-3.97,-2.4000006
-4.18,-2.4000006
-3.78,-2.4000006
-2.53,-2.4700012
-2.53,-2.4700012
-2.47,-2.4700012
-2.47,-2.4700012
-2.56,-2.4700012
-2.67,-2.4700012
-2.64,-2.4700012
-2.5,-2.4700012
-2.56,-2.4700012
-2.61,-2.4700012
-2.62,-2.4700012
-2.78,-2.4700012
-3.07,-2.4700012
-3.15,-2.4700012
-3.11,-2.4700012
-2.94,-2.4700012
-2.98,-2.4700012
-3.17,-2.4700012
-3.19,-2.4700012
-3.24,-2.4700012
-3.97,-2.4700012
-4.18,-2.4700012
-3.78,-2.4700012
-3.36,-2.4700012
-2.53,-2.5300007
-2.47,-2.5300007
-2.47,-2.5300007
-2.56,-2.5300007
-2.67,-2.5300007
-2.64,-2.5300007
-2.5,-2.5300007
-2.56,-2.5300007
-2.61,-2.5300007
-2.62,-2.5300007
-2.78,-2.5300007
-3.07,-2.5300007
-3.15,-2.5300007
-3.11,-2.5300007
-2.94,-2.5300007
-2.98,-2.5300007
-3.17,-2.5300007
-3.19,-2.5300007
-3.24,-2.5300007
-3.97,-2.5300007
-4.18,-2.5300007
-3.78,-2.5300007
-3.36,-2.5300007
-3.46,-2.5300007
-2.47,-2.5300007
-2.47,-2.5300007
-2.56,-2.5300007
-2.67,-2.5300007
-2.64,-2.5300007
-2.5,-2.5300007
-2.56,-2.5300007
-2.61,-2.5300007
-2.62,-2.5300007
-2.78,-2.5300007
-3.07,-2.5300007
-3.15,-2.5300007
-3.11,-2.5300007
-2.94,-2.5300007
-2.98,-2.5300007
-3.17,-2.5300007
-3.19,-2.5300007
-3.24,-2.5300007
-3.97,-2.5300007
-4.18,-2.5300007
-3.78,-2.5300007
-3.36,-2.5300007
-3.46,-2.5300007
-3.7,-2.5300007
-2.47,-2.4700012
-2.56,-2.4700012
-2.67,-2.4700012
-2.64,-2.4700012
-2.5,-2.4700012
-2.56,-2.4700012
-2.61,-2.4700012
-2.62,-2.4700012
-2.78,-2.4700012
-3.07,-2.4700012
-3.15,-2.4700012
-3.11,-2.4700012
-2.94,-2.4700012
-2.98,-2.4700012
-3.17,-2.4700012
-3.19,-2.4700012
-3.24,-2.4700012
-3.97,-2.4700012
-4.18,-2.4700012
-3.78,-2.4700012
-3.36,-2.4700012
-3.46,-2.4700012
-3.7,-2.4700012
-3.85,-2.4700012
-2.56,-2.4700012
-2.67,-2.4700012
-2.64,-2.4700012
-2.5,-2.4700012
-2.56,-2.4700012
-2.61,-2.4700012
-2.62,-2.4700012
-2.78,-2.4700012
-3.07,-2.4700012
-3.15,-2.4700012
-3.11,-2.4700012
-2.94,-2.4700012
-2.98,-2.4700012
-3.17,-2.4700012
-3.19,-2.4700012
-3.24,-2.4700012
-3.97,-2.4700012
-4.18,-2.4700012
-3.78,-2.4700012
-3.36,-2.4700012
-3.46,-2.4700012
-3.7,-2.4700012
-3.85,-2.4700012
-4.13,-2.4700012
-2.67,-2.5600014
-2.64,-2.5600014
-2.5,-2.5600014
-2.56,-2.5600014
-2.61,-2.5600014
-2.62,-2.5600014
-2.78,-2.5600014
-3.07,-2.5600014
-3.15,-2.5600014
-3.11,-2.5600014
-2.94,-2.5600014
-2.98,-2.5600014
-3.17,-2.5600014
-3.19,-2.5600014
-3.24,-2.5600014
-3.97,-2.5600014
-4.18,-2.5600014
-3.78,-2.5600014
-3.36,-2.5600014
-3.46,-2.5600014
-3.7,-2.5600014
-3.85,-2.5600014
-4.13,-2.5600014
-4.13,-2.5600014
-2.64,-2.67
-2.5,-2.67
-2.56,-2.67
-2.61,-2.67
-2.62,-2.67
-2.78,-2.67
-3.07,-2.67
-3.15,-2.67
-3.11,-2.67
-2.94,-2.67
-2.98,-2.67
-3.17,-2.67
-3.19,-2.67
-3.24,-2.67
-3.97,-2.67
-4.18,-2.67
-3.78,-2.67
-3.36,-2.67
-3.46,-2.67
-3.7,-2.67
-3.85,-2.67
-4.13,-2.67
-4.13,-2.67
-4.27,-2.67
-2.5,-2.6400013
-2.56,-2.6400013
-2.61,-2.6400013
-2.62,-2.6400013
-2.78,-2.6400013
-3.07,-2.6400013
-3.15,-2.6400013
-3.11,-2.6400013
-2.94,-2.6400013
-2.98,-2.6400013
-3.17,-2.6400013
-3.19,-2.6400013
-3.24,-2.6400013
-3.97,-2.6400013
-4.18,-2.6400013
-3.78,-2.6400013
-3.36,-2.6400013
-3.46,-2.6400013
-3.7,-2.6400013
-3.85,-2.6400013
-4.13,-2.6400013
-4.13,-2.6400013
-4.27,-2.6400013
-4.61,-2.6400013
-2.56,-2.5
-2.61,-2.5
-2.62,-2.5
-2.78,-2.5
-3.07,-2.5
-3.15,-2.5
-3.11,-2.5
-2.94,-2.5
-2.98,-2.5
-3.17,-2.5
-3.19,-2.5
-3.24,-2.5
-3.97,-2.5
-4.18,-2.5
-3.78,-2.5
-3.36,-2.5
-3.46,-2.5
-3.7,-2.5
-3.85,-2.5
-4.13,-2.5
-4.13,-2.5
-4.27,-2.5
-4.61,-2.5
-4.83,-2.5
-2.61,-2.5600014
-2.62,-2.5600014
-2.78,-2.5600014
-3.07,-2.5600014
-3.15,-2.5600014
-3.11,-2.5600014
-2.94,-2.5600014
-2.98,-2.5600014
-3.17,-2.5600014
-3.19,-2.5600014
-3.24,-2.5600014
-3.97,-2.5600014
-4.18,-2.5600014
-3.78,-2.5600014
-3.36,-2.5600014
-3.46,-2.5600014
-3.7,-2.5600014
-3.85,-2.5600014
-4.13,-2.5600014
-4.13,-2.5600014
-4.27,-2.5600014
-4.61,-2.5600014
-4.83,-2.5600014
-4.87,-2.5600014
-2.62,-2.6099987
-2.78,-2.6099987
-3.07,-2.6099987
-3.15,-2.6099987
-3.11,-2.6099987
-2.94,-2.6099987
-2.98,-2.6099987
-3.17,-2.6099987
-3.19,-2.6099987
-3.24,-2.6099987
-3.97,-2.6099987
-4.18,-2.6099987
-3.78,-2.6099987
-3.36,-2.6099987
-3.46,-2.6099987
-3.7,-2.6099987
-3.85,-2.6099987
-4.13,-2.6099987
-4.13,-2.6099987
-4.27,-2.6099987
-4.61,-2.6099987
-4.83,-2.6099987
-4.87,-2.6099987
-4.62,-2.6099987
-2.78,-2.62
-3.07,-2.62
-3.15,-2.62
-3.11,-2.62
-2.94,-2.62
-2.98,-2.62
-3.17,-2.62
-3.19,-2.62
-3.24,-2.62
-3.97,-2.62
-4.18,-2.62
-3.78,-2.62
-3.36,-2.62
-3.46,-2.62
-3.7,-2.62
-3.85,-2.62
-4.13,-2.62
-4.13,-2.62
-4.27,-2.62
-4.61,-2.62
-4.83,-2.62
-4.87,-2.62
-4.62,-2.62
-4.74,-2.62
-3.07,-2.7799988
-3.15,-2.7799988
-3.11,-2.7799988
-2.94,-2.7799988
-2.98,-2.7799988
-3.17,-2.7799988
-3.19,-2.7799988
-3.24,-2.7799988
-3.97,-2.7799988
-4.18,-2.7799988
-3.78,-2.7799988
-3.36,-2.7799988
-3.46,-2.7799988
-3.7,-2.7799988
-3.85,-2.7799988
-4.13,-2.7799988
-4.13,-2.7799988
-4.27,-2.7799988
-4.61,-2.7799988
-4.83,-2.7799988
-4.87,-2.7799988
-4.62,-2.7799988
-4.74,-2.7799988
-4.78,-2.7799988
-3.15,-3.0699997
-3.11,-3.0699997
-2.94,-3.0699997
-2.98,-3.0699997
-3.17,-3.0699997
-3.19,-3.0699997
-3.24,-3.0699997
-3.97,-3.0699997
-4.18,-3.0699997
-3.78,-3.0699997
-3.36,-3.0699997
-3.46,-3.0699997
-3.7,-3.0699997
-3.85,-3.0699997
-4.13,-3.0699997
-4.13,-3.0699997
-4.27,-3.0699997
-4.61,-3.0699997
-4.83,-3.0699997
-4.87,-3.0699997
-4.62,-3.0699997
-4.74,-3.0699997
-4.78,-3.0699997
-4.82,-3.0699997
-3.11,-3.1499996
-2.94,-3.1499996
-2.98,-3.1499996
-3.17,-3.1499996
-3.19,-3.1499996
-3.24,-3.1499996
-3.97,-3.1499996
-4.18,-3.1499996
-3.78,-3.1499996
-3.36,-3.1499996
-3.46,-3.1499996
-3.7,-3.1499996
-3.85,-3.1499996
-4.13,-3.1499996
-4.13,-3.1499996
-4.27,-3.1499996
-4.61,-3.1499996
-4.83,-3.1499996
-4.87,-3.1499996
-4.62,-3.1499996
-4.74,-3.1499996
-4.78,-3.1499996
-4.82,-3.1499996
-4.83,-3.1499996
-2.94,-3.1099997
-2.98,-3.1099997
-3.17,-3.1099997
-3.19,-3.1099997
-3.24,-3.1099997
-3.97,-3.1099997
-4.18,-3.1099997
-3.78,-3.1099997
-3.36,-3.1099997
-3.46,-3.1099997
-3.7,-3.1099997
-3.85,-3.1099997
-4.13,-3.1099997
-4.13,-3.1099997
-4.27,-3.1099997
-4.61,-3.1099997
-4.83,-3.1099997
-4.87,-3.1099997
-4.62,-3.1099997
-4.74,-3.1099997
-4.78,-3.1099997
-4.82,-3.1099997
-4.83,-3.1099997
-4.79,-3.1099997
-2.98,-2.9399996
-3.17,-2.9399996
-3.19,-2.9399996
-3.24,-2.9399996
-3.97,-2.9399996
-4.18,-2.9399996
-3.78,-2.9399996
-3.36,-2.9399996
-3.46,-2.9399996
-3.7,-2.9399996
-3.85,-2.9399996
-4.13,-2.9399996
-4.13,-2.9399996
-4.27,-2.9399996
-4.61,-2.9399996
-4.83,-2.9399996
-4.87,-2.9399996
-4.62,-2.9399996
-4.74,-2.9399996
-4.78,-2.9399996
-4.82,-2.9399996
-4.83,-2.9399996
-4.79,-2.9399996
-4.77,-2.9399996
-3.17,-2.9799995
-3.19,-2.9799995
-3.24,-2.9799995
-3.97,-2.9799995
-4.18,-2.9799995
-3.78,-2.9799995
-3.36,-2.9799995
-3.46,-2.9799995
-3.7,-2.9799995
-3.85,-2.9799995
-4.13,-2.9799995
-4.13,-2.9799995
-4.27,-2.9799995
-4.61,-2.9799995
-4.83,-2.9799995
-4.87,-2.9799995
-4.62,-2.9799995
-4.74,-2.9799995
-4.78,-2.9799995
-4.82,-2.9799995
-4.83,-2.9799995
-4.79,-2.9799995
-4.77,-2.9799995
-4.74,-2.9799995
-3.19,-3.170001
-3.24,-3.170001
-3.97,-3.170001
-4.18,-3.170001
-3.78,-3.170001
-3.36,-3.170001
-3.46,-3.170001
-3.7,-3.170001
-3.85,-3.170001
-4.13,-3.170001
-4.13,-3.170001
-4.27,-3.170001
-4.61,-3.170001
-4.83,-3.170001
-4.87,-3.170001
-4.62,-3.170001
-4.74,-3.170001
-4.78,-3.170001
-4.82,-3.170001
-4.83,-3.170001
-4.79,-3.170001
-4.77,-3.170001
-4.74,-3.170001
-4.85,-3.170001
-3.24,-3.1899996
-3.97,-3.1899996
-4.18,-3.1899996
-3.78,-3.1899996
-3.36,-3.1899996
-3.46,-3.1899996
-3.7,-3.1899996
-3.85,-3.1899996
-4.13,-3.1899996
-4.13,-3.1899996
-4.27,-3.1899996
-4.61,-3.1899996
-4.83,-3.1899996
-4.87,-3.1899996
-4.62,-3.1899996
-4.74,-3.1899996
-4.78,-3.1899996
-4.82,-3.1899996
-4.83,-3.1899996
-4.79,-3.1899996
-4.77,-3.1899996
-4.74,-3.1899996
-4.85,-3.1899996
-4.76,-3.1899996
-3.97,-3.2399998
-4.18,-3.2399998
-3.78,-3.2399998
-3.36,-3.2399998
-3.46,-3.2399998
-3.7,-3.2399998
-3.85,-3.2399998
-4.13,-3.2399998
-4.13,-3.2399998
-4.27,-3.2399998
-4.61,-3.2399998
-4.83,-3.2399998
-4.87,-3.2399998
-4.62,-3.2399998
-4.74,-3.2399998
-4.78,-3.2399998
-4.82,-3.2399998
-4.83,-3.2399998
-4.79,-3.2399998
-4.77,-3.2399998
-4.74,-3.2399998
-4.85,-3.2399998
-4.76,-3.2399998
-4.81,-3.2399998
-4.18,-3.9700003
-3.78,-3.9700003
-3.36,-3.9700003
-3.46,-3.9700003
-3.7,-3.9700003
-3.85,-3.9700003
-4.13,-3.9700003
-4.13,-3.9700003
-4.27,-3.9700003
-4.61,-3.9700003
-4.83,-3.9700003
-4.87,-3.9700003
-4.62,-3.9700003
-4.74,-3.9700003
-4.78,-3.9700003
-4.82,-3.9700003
-4.83,-3.9700003
-4.79,-3.9700003
-4.77,-3.9700003
-4.74,-3.9700003
-4.85,-3.9700003
-4.76,-3.9700003
-4.81,-3.9700003
-4.93,-3.9700003
-3.78,-4.1799994
-3.36,-4.1799994
-3.46,-4.1799994
-3.7,-4.1799994
-3.85,-4.1799994
-4.13,-4.1799994
-4.13,-4.1799994
-4.27,-4.1799994
-4.61,-4.1799994
-4.83,-4.1799994
-4.87,-4.1799994
-4.62,-4.1799994
-4.74,-4.1799994
-4.78,-4.1799994
-4.82,-4.1799994
-4.83,-4.1799994
-4.79,-4.1799994
-4.77,-4.1799994
-4.74,-4.1799994
-4.85,-4.1799994
-4.76,-4.1799994
-4.81,-4.1799994
-4.93,-4.1799994
-4.87,-4.1799994
-3.36,-3.7799997
-3.46,-3.7799997
-3.7,-3.7799997
-3.85,-3.7799997
-4.13,-3.7799997
-4.13,-3.7799997
-4.27,-3.7799997
-4.61,-3.7799997
-4.83,-3.7799997
-4.87,-3.7799997
-4.62,-3.7799997
-4.74,-3.7799997
-4.78,-3.7799997
-4.82,-3.7799997
-4.83,-3.7799997
-4.79,-3.7799997
-4.77,-3.7799997
-4.74,-3.7799997
-4.85,-3.7799997
-4.76,-3.7799997
-4.81,-3.7799997
-4.93,-3.7799997
-4.87,-3.7799997
-4.83,-3.7799997
-3.46,-3.3599997
-3.7,-3.3599997
-3.85,-3.3599997
-4.13,-3.3599997
-4.13,-3.3599997
-4.27,-3.3599997
-4.61,-3.3599997
-4.83,-3.3599997
-4.87,-3.3599997
-4.62,-3.3599997
-4.74,-3.3599997
-4.78,-3.3599997
-4.82,-3.3599997
-4.83,-3.3599997
-4.79,-3.3599997
-4.77,-3.3599997
-4.74,-3.3599997
-4.85,-3.3599997
-4.76,-3.3599997
-4.81,-3.3599997
-4.93,-3.3599997
-4.87,-3.3599997
-4.83,-3.3599997
-4.62,-3.3599997
-3.7,-3.46
-3.85,-3.46
-4.13,-3.46
-4.13,-3.46
-4.27,-3.46
-4.61,-3.46
-4.83,-3.46
-4.87,-3.46
-4.62,-3.46
-4.74,-3.46
-4.78,-3.46
-4.82,-3.46
-4.83,-3.46
-4.79,-3.46
-4.77,-3.46
-4.74,-3.46
-4.85,-3.46
-4.76,-3.46
-4.81,-3.46
-4.93,-3.46
-4.87,-3.46
-4.83,-3.46
-4.62,-3.46
-4.54,-3.46
-3.85,-3.6999998
-4.13,-3.6999998
-4.13,-3.6999998
-4.27,-3.6999998
-4.61,-3.6999998
-4.83,-3.6999998
-4.87,-3.6999998
-4.62,-3.6999998
-4.74,-3.6999998
-4.78,-3.6999998
-4.82,-3.6999998
-4.83,-3.6999998
-4.79,-3.6999998
-4.77,-3.6999998
-4.74,-3.6999998
-4.85,-3.6999998
-4.76,-3.6999998
-4.81,-3.6999998
-4.93,-3.6999998
-4.87,-3.6999998
-4.83,-3.6999998
-4.62,-3.6999998
-4.54,-3.6999998
-4.51,-3.6999998
-4.13,-3.8499994
-4.13,-3.8499994
-4.27,-3.8499994
-4.61,-3.8499994
-4.83,-3.8499994
-4.87,-3.8499994
-4.62,-3.8499994
-4.74,-3.8499994
-4.78,-3.8499994
-4.82,-3.8499994
-4.83,-3.8499994
-4.79,-3.8499994
-4.77,-3.8499994
-4.74,-3.8499994
-4.85,-3.8499994
-4.76,-3.8499994
-4.81,-3.8499994
-4.93,-3.8499994
-4.87,-3.8499994
-4.83,-3.8499994
-4.62,-3.8499994
-4.54,-3.8499994
-4.51,-3.8499994
-4.48,-3.8499994
-4.13,-4.13
-4.27,-4.13
-4.61,-4.13
-4.83,-4.13
-4.87,-4.13
-4.62,-4.13
-4.74,-4.13
-4.78,-4.13
-4.82,-4.13
-4.83,-4.13
-4.79,-4.13
-4.77,-4.13
-4.74,-4.13
-4.85,-4.13
-4.76,-4.13
-4.81,-4.13
-4.93,-4.13
-4.87,-4.13
-4.83,-4.13
-4.62,-4.13
-4.54,-4.13
-4.51,-4.13
-4.48,-4.13
-4.84,-4.13
-4.27,-4.13
-4.61,-4.13
-4.83,-4.13
-4.87,-4.13
-4.62,-4.13
-4.74,-4.13
-4.78,-4.13
-4.82,-4.13
-4.83,-4.13
-4.79,-4.13
-4.77,-4.13
-4.74,-4.13
-4.85,-4.13
-4.76,-4.13
-4.81,-4.13
-4.93,-4.13
-4.87,-4.13
-4.83,-4.13
-4.62,-4.13
-4.54,-4.13
-4.51,-4.13
-4.48,-4.13
-4.84,-4.13
-4.76,-4.13
-4.61,-4.2699995
-4.83,-4.2699995
-4.87,-4.2699995
-4.62,-4.2699995
-4.74,-4.2699995
-4.78,-4.2699995
-4.82,-4.2699995
-4.83,-4.2699995
-4.79,-4.2699995
-4.77,-4.2699995
-4.74,-4.2699995
-4.85,-4.2699995
-4.76,-4.2699995
-4.81,-4.2699995
-4.93,-4.2699995
-4.87,-4.2699995
-4.83,-4.2699995
-4.62,-4.2699995
-4.54,-4.2699995
-4.51,-4.2699995
-4.48,-4.2699995
-4.84,-4.2699995
-4.76,-4.2699995
-4.22,-4.2699995
-4.83,-4.6099997
-4.87,-4.6099997
-4.62,-4.6099997
-4.74,-4.6099997
-4.78,-4.6099997
-4.82,-4.6099997
-4.83,-4.6099997
-4.79,-4.6099997
-4.77,-4.6099997
-4.74,-4.6099997
-4.85,-4.6099997
-4.76,-4.6099997
-4.81,-4.6099997
-4.93,-4.6099997
-4.87,-4.6099997
-4.83,-4.6099997
-4.62,-4.6099997
-4.54,-4.6099997
-4.51,-4.6099997
-4.48,-4.6099997
-4.84,-4.6099997
-4.76,-4.6099997
-4.22,-4.6099997
-4.25,-4.6099997
-4.87,-4.829999
-4.62,-4.829999
-4.74,-4.829999
-4.78,-4.829999
-4.82,-4.829999
-4.83,-4.829999
-4.79,-4.829999
-4.77,-4.829999
-4.74,-4.829999
-4.85,-4.829999
-4.76,-4.829999
-4.81,-4.829999
-4.93,-4.829999
-4.87,-4.829999
-4.83,-4.829999
-4.62,-4.829999
-4.54,-4.829999
-4.51,-4.829999
-4.48,-4.829999
-4.84,-4.829999
-4.76,-4.829999
-4.22,-4.829999
-4.25,-4.829999
-4.4,-4.829999
-4.62,-4.87
-4.74,-4.87
-4.78,-4.87
-4.82,-4.87
-4.83,-4.87
-4.79,-4.87
-4.77,-4.87
-4.74,-4.87
-4.85,-4.87
-4.76,-4.87
-4.81,-4.87
-4.93,-4.87
-4.87,-4.87
-4.83,-4.87
-4.62,-4.87
-4.54,-4.87
-4.51,-4.87
-4.48,-4.87
-4.84,-4.87
-4.76,-4.87
-4.22,-4.87
-4.25,-4.87
-4.4,-4.87
-4.29,-4.87
-4.74,-4.62
-4.78,-4.62
-4.82,-4.62
-4.83,-4.62
-4.79,-4.62
-4.77,-4.62
-4.74,-4.62
-4.85,-4.62
-4.76,-4.62
-4.81,-4.62
-4.93,-4.62
-4.87,-4.62
-4.83,-4.62
-4.62,-4.62
-4.54,-4.62
-4.51,-4.62
-4.48,-4.62
-4.84,-4.62
-4.76,-4.62
-4.22,-4.62
-4.25,-4.62
-4.4,-4.62
-4.29,-4.62
-4.37,-4.62
-4.78,-4.739999
-4.82,-4.739999
-4.83,-4.739999
-4.79,-4.739999
-4.77,-4.739999
-4.74,-4.739999
-4.85,-4.739999
-4.76,-4.739999
-4.81,-4.739999
-4.93,-4.739999
-4.87,-4.739999
-4.83,-4.739999
-4.62,-4.739999
-4.54,-4.739999
-4.51,-4.739999
-4.48,-4.739999
-4.84,-4.739999
-4.76,-4.739999
-4.22,-4.739999
-4.25,-4.739999
-4.4,-4.739999
-4.29,-4.739999
-4.37,-4.739999
-4.25,-4.739999
-4.82,-4.7799997
-4.83,-4.7799997
-4.79,-4.7799997
-4.77,-4.7799997
-4.74,-4.7799997
-4.85,-4.7799997
-4.76,-4.7799997
-4.81,-4.7799997
-4.93,-4.7799997
-4.87,-4.7799997
-4.83,-4.7799997
-4.62,-4.7799997
-4.54,-4.7799997
-4.51,-4.7799997
-4.48,-4.7799997
-4.84,-4.7799997
-4.76,-4.7799997
-4.22,-4.7799997
-4.25,-4.7799997
-4.4,-4.7799997
-4.29,-4.7799997
-4.37,-4.7799997
-4.25,-4.7799997
-4.33,-4.7799997
-4.83,-4.8200006
-4.79,-4.8200006
-4.77,-4.8200006
-4.74,-4.8200006
-4.85,-4.8200006
-4.76,-4.8200006
-4.81,-4.8200006
-4.93,-4.8200006
-4.87,-4.8200006
-4.83,-4.8200006
-4.62,-4.8200006
-4.54,-4.8200006
-4.51,-4.8200006
-4.48,-4.8200006
-4.84,-4.8200006
-4.76,-4.8200006
-4.22,-4.8200006
-4.25,-4.8200006
-4.4,-4.8200006
-4.29,-4.8200006
-4.37,-4.8200006
-4.25,-4.8200006
-4.33,-4.8200006
-4.73,-4.8200006
-4.79,-4.829999
-4.77,-4.829999
-4.74,-4.829999
-4.85,-4.829999
-4.76,-4.829999
-4.81,-4.829999
-4.93,-4.829999
-4.87,-4.829999
-4.83,-4.829999
-4.62,-4.829999
-4.54,-4.829999
-4.51,-4.829999
-4.48,-4.829999
-4.84,-4.829999
-4.76,-4.829999
-4.22,-4.829999
-4.25,-4.829999
-4.4,-4.829999
-4.29,-4.829999
-4.37,-4.829999
-4.25,-4.829999
-4.33,-4.829999
-4.73,-4.829999
-4.7,-4.829999
-4.77,-4.79
-4.74,-4.79
-4.85,-4.79
-4.76,-4.79
-4.81,-4.79
-4.93,-4.79
-4.87,-4.79
-4.83,-4.79
-4.62,-4.79
-4.54,-4.79
-4.51,-4.79
-4.48,-4.79
-4.84,-4.79
-4.76,-4.79
-4.22,-4.79
-4.25,-4.79
-4.4,-4.79
-4.29,-4.79
-4.37,-4.79
-4.25,-4.79
-4.33,-4.79
-4.73,-4.79
-4.7,-4.79
-4.62,-4.79
-4.74,-4.7699995
-4.85,-4.7699995
-4.76,-4.7699995
-4.81,-4.7699995
-4.93,-4.7699995
-4.87,-4.7699995
-4.83,-4.7699995
-4.62,-4.7699995
-4.54,-4.7699995
-4.51,-4.7699995
-4.48,-4.7699995
-4.84,-4.7699995
-4.76,-4.7699995
-4.22,-4.7699995
-4.25,-4.7699995
-4.4,-4.7699995
-4.29,-4.7699995
-4.37,-4.7699995
-4.25,-4.7699995
-4.33,-4.7699995
-4.73,-4.7699995
-4.7,-4.7699995
-4.62,-4.7699995
-4.27,-4.7699995
-4.85,-4.739999
-4.76,-4.739999
-4.81,-4.739999
-4.93,-4.739999
-4.87,-4.739999
-4.83,-4.739999
-4.62,-4.739999
-4.54,-4.739999
-4.51,-4.739999
-4.48,-4.739999
-4.84,-4.739999
-4.76,-4.739999
-4.22,-4.739999
-4.25,-4.739999
-4.4,-4.739999
-4.29,-4.739999
-4.37,-4.739999
-4.25,-4.739999
-4.33,-4.739999
-4.73,-4.739999
-4.7,-4.739999
-4.62,-4.739999
-4.27,-4.739999
-4.07,-4.739999
-4.76,-4.8499994
-4.81,-4.8499994
-4.93,-4.8499994
-4.87,-4.8499994
-4.83,-4.8499994
-4.62,-4.8499994
-4.54,-4.8499994
-4.51,-4.8499994
-4.48,-4.8499994
-4.84,-4.8499994
-4.76,-4.8499994
-4.22,-4.8499994
-4.25,-4.8499994
-4.4,-4.8499994
-4.29,-4.8499994
-4.37,-4.8499994
-4.25,-4.8499994
-4.33,-4.8499994
-4.73,-4.8499994
-4.7,-4.8499994
-4.62,-4.8499994
-4.27,-4.8499994
-4.07,-4.8499994
-3.72,-4.8499994
-4.81,-4.7599993
-4.93,-4.7599993
-4.87,-4.7599993
-4.83,-4.7599993
-4.62,-4.7599993
-4.54,-4.7599993
-4.51,-4.7599993
-4.48,-4.7599993
-4.84,-4.7599993
-4.76,-4.7599993
-4.22,-4.7599993
-4.25,-4.7599993
-4.4,-4.7599993
-4.29,-4.7599993
-4.37,-4.7599993
-4.25,-4.7599993
-4.33,-4.7599993
-4.73,-4.7599993
-4.7,-4.7599993
-4.62,-4.7599993
-4.27,-4.7599993
-4.07,-4.7599993
-3.72,-4.7599993
-3.31,-4.7599993
-4.93,-4.8100004
-4.87,-4.8100004
-4.83,-4.8100004
-4.62,-4.8100004
-4.54,-4.8100004
-4.51,-4.8100004
-4.48,-4.8100004
-4.84,-4.8100004
-4.76,-4.8100004
-4.22,-4.8100004
-4.25,-4.8100004
-4.4,-4.8100004
-4.29,-4.8100004
-4.37,-4.8100004
-4.25,-4.8100004
-4.33,-4.8100004
-4.73,-4.8100004
-4.7,-4.8100004
-4.62,-4.8100004
-4.27,-4.8100004
-4.07,-4.8100004
-3.72,-4.8100004
-3.31,-4.8100004
-2.87,-4.8100004
-4.87,-4.9299994
-4.83,-4.9299994
-4.62,-4.9299994
-4.54,-4.9299994
-4.51,-4.9299994
-4.48,-4.9299994
-4.84,-4.9299994
-4.76,-4.9299994
-4.22,-4.9299994
-4.25,-4.9299994
-4.4,-4.9299994
-4.29,-4.9299994
-4.37,-4.9299994
-4.25,-4.9299994
-4.33,-4.9299994
-4.73,-4.9299994
-4.7,-4.9299994
-4.62,-4.9299994
-4.27,-4.9299994
-4.07,-4.9299994
-3.72,-4.9299994
-3.31,-4.9299994
-2.87,-4.9299994
-2.68,-4.9299994
-4.83,-4.87
-4.62,-4.87
-4.54,-4.87
-4.51,-4.87
-4.48,-4.87
-4.84,-4.87
-4.76,-4.87
-4.22,-4.87
-4.25,-4.87
-4.4,-4.87
-4.29,-4.87
-4.37,-4.87
-4.25,-4.87
-4.33,-4.87
-4.73,-4.87
-4.7,-4.87
-4.62,-4.87
-4.27,-4.87
-4.07,-4.87
-3.72,-4.87
-3.31,-4.87
-2.87,-4.87
-2.68,-4.87
-2.48,-4.87
-4.62,-4.829999
-4.54,-4.829999
-4.51,-4.829999
-4.48,-4.829999
-4.84,-4.829999
-4.76,-4.829999
-4.22,-4.829999
-4.25,-4.829999
-4.4,-4.829999
-4.29,-4.829999
-4.37,-4.829999
-4.25,-4.829999
-4.33,-4.829999
-4.73,-4.829999
-4.7,-4.829999
-4.62,-4.829999
-4.27,-4.829999
-4.07,-4.829999
-3.72,-4.829999
-3.31,-4.829999
-2.87,-4.829999
-2.68,-4.829999
-2.48,-4.829999
-2.09,-4.829999
-4.54,-4.62
-4.51,-4.62
-4.48,-4.62
-4.84,-4.62
-4.76,-4.62
-4.22,-4.62
-4.25,-4.62
-4.4,-4.62
-4.29,-4.62
-4.37,-4.62
-4.25,-4.62
-4.33,-4.62
-4.73,-4.62
-4.7,-4.62
-4.62,-4.62
-4.27,-4.62
-4.07,-4.62
-3.72,-4.62
-3.31,-4.62
-2.87,-4.62
-2.68,-4.62
-2.48,-4.62
-2.09,-4.62
-1.43,-4.62
-4.51,-4.54
-4.48,-4.54
-4.84,-4.54
-4.76,-4.54
-4.22,-4.54
-4.25,-4.54
-4.4,-4.54
-4.29,-4.54
-4.37,-4.54
-4.25,-4.54
-4.33,-4.54
-4.73,-4.54
-4.7,-4.54
-4.62,-4.54
-4.27,-4.54
-4.07,-4.54
-3.72,-4.54
-3.31,-4.54
-2.87,-4.54
-2.68,-4.54
-2.48,-4.54
-2.09,-4.54
-1.43,-4.54
-1.34,-4.54
-4.48,-4.5099993
-4.84,-4.5099993
-4.76,-4.5099993
-4.22,-4.5099993
-4.25,-4.5099993
-4.4,-4.5099993
-4.29,-4.5099993
-4.37,-4.5099993
-4.25,-4.5099993
-4.33,-4.5099993
-4.73,-4.5099993
-4.7,-4.5099993
-4.62,-4.5099993
-4.27,-4.5099993
-4.07,-4.5099993
-3.72,-4.5099993
-3.31,-4.5099993
-2.87,-4.5099993
-2.68,-4.5099993
-2.48,-4.5099993
-2.09,-4.5099993
-1.43,-4.5099993
-1.34,-4.5099993
-1.41,-4.5099993
-4.84,-4.4800005
-4.76,-4.4800005
-4.22,-4.4800005
-4.25,-4.4800005
-4.4,-4.4800005
-4.29,-4.4800005
-4.37,-4.4800005
-4.25,-4.4800005
-4.33,-4.4800005
-4.73,-4.4800005
-4.7,-4.4800005
-4.62,-4.4800005
-4.27,-4.4800005
-4.07,-4.4800005
-3.72,-4.4800005
-3.31,-4.4800005
-2.87,-4.4800005
-2.68,-4.4800005
-2.48,-4.4800005
-2.09,-4.4800005
-1.43,-4.4800005
-1.34,-4.4800005
-1.41,-4.4800005
-1.16,-4.4800005
-4.76,-4.840001
-4.22,-4.840001
-4.25,-4.840001
-4.4,-4.840001
-4.29,-4.840001
-4.37,-4.840001
-4.25,-4.840001
-4.33,-4.840001
-4.73,-4.840001
-4.7,-4.840001
-4.62,-4.840001
-4.27,-4.840001
-4.07,-4.840001
-3.72,-4.840001
-3.31,-4.840001
-2.87,-4.840001
-2.68,-4.840001
-2.48,-4.840001
-2.09,-4.840001
-1.43,-4.840001
-1.34,-4.840001
-1.41,-4.840001
-1.16,-4.840001
-0.73,-4.840001
-4.22,-4.7599993
-4.25,-4.7599993
-4.4,-4.7599993
-4.29,-4.7599993
-4.37,-4.7599993
-4.25,-4.7599993
-4.33,-4.7599993
-4.73,-4.7599993
-4.7,-4.7599993
-4.62,-4.7599993
-4.27,-4.7599993
-4.07,-4.7599993
-3.72,-4.7599993
-3.31,-4.7599993
-2.87,-4.7599993
-2.68,-4.7599993
-2.48,-4.7599993
-2.09,-4.7599993
-1.43,-4.7599993
-1.34,-4.7599993
-1.41,-4.7599993
-1.16,-4.7599993
-0.73,-4.7599993
-0.86,-4.7599993
-4.25,-4.2200003
-4.4,-4.2200003
-4.29,-4.2200003
-4.37,-4.2200003
-4.25,-4.2200003
-4.33,-4.2200003
-4.73,-4.2200003
-4.7,-4.2200003
-4.62,-4.2200003
-4.27,-4.2200003
-4.07,-4.2200003
-3.72,-4.2200003
-3.31,-4.2200003
-2.87,-4.2200003
-2.68,-4.2200003
-2.48,-4.2200003
-2.09,-4.2200003
-1.43,-4.2200003
-1.34,-4.2200003
-1.41,-4.2200003
-1.16,-4.2200003
-0.73,-4.2200003
-0.86,-4.2200003
-0.79,-4.2200003
-4.4,-4.250001
-4.29,-4.250001
-4.37,-4.250001
-4.25,-4.250001
-4.33,-4.250001
-4.73,-4.250001
-4.7,-4.250001
-4.62,-4.250001
-4.27,-4.250001
-4.07,-4.250001
-3.72,-4.250001
-3.31,-4.250001
-2.87,-4.250001
-2.68,-4.250001
-2.48,-4.250001
-2.09,-4.250001
-1.43,-4.250001
-1.34,-4.250001
-1.41,-4.250001
-1.16,-4.250001
-0.73,-4.250001
-0.86,-4.250001
-0.79,-4.250001
-0.48,-4.250001
-4.29,-4.4000006
-4.37,-4.4000006
-4.25,-4.4000006
-4.33,-4.4000006
-4.73,-4.4000006
-4.7,-4.4000006
-4.62,-4.4000006
-4.27,-4.4000006
-4.07,-4.4000006
-3.72,-4.4000006
-3.31,-4.4000006
-2.87,-4.4000006
-2.68,-4.4000006
-2.48,-4.4000006
-2.09,-4.4000006
-1.43,-4.4000006
-1.34,-4.4000006
-1.41,-4.4000006
-1.16,-4.4000006
-0.73,-4.4000006
-0.86,-4.4000006
-0.79,-4.4000006
-0.48,-4.4000006
-0.05,-4.4000006
-4.37,-4.29
-4.25,-4.29
-4.33,-4.29
-4.73,-4.29
-4.7,-4.29
-4.62,-4.29
-4.27,-4.29
-4.07,-4.29
-3.72,-4.29
-3.31,-4.29
-2.87,-4.29
-2.68,-4.29
-2.48,-4.29
-2.09,-4.29
-1.43,-4.29
-1.34,-4.29
-1.41,-4.29
-1.16,-4.29
-0.73,-4.29
-0.86,-4.29
-0.79,-4.29
-0.48,-4.29
-0.05,-4.29
0.24,-4.29
-4.25,-4.37
-4.33,-4.37
-4.73,-4.37
-4.7,-4.37
-4.62,-4.37
-4.27,-4.37
-4.07,-4.37
-3.72,-4.37
-3.31,-4.37
-2.87,-4.37
-2.68,-4.37
-2.48,-4.37
-2.09,-4.37
-1.43,-4.37
-1.34,-4.37
-1.41,-4.37
-1.16,-4.37
-0.73,-4.37
-0.86,-4.37
-0.79,-4.37
-0.48,-4.37
-0.05,-4.37
0.24,-4.37
1.02,-4.37
-4.33,-4.250001
-4.73,-4.250001
-4.7,-4.250001
-4.62,-4.250001
-4.27,-4.250001
-4.07,-4.250001
-3.72,-4.250001
-3.31,-4.250001
-2.87,-4.250001
-2.68,-4.250001
-2.48,-4.250001
-2.09,-4.250001
-1.43,-4.250001
-1.34,-4.250001
-1.41,-4.250001
-1.16,-4.250001
-0.73,-4.250001
-0.86,-4.250001
-0.79,-4.250001
-0.48,-4.250001
-0.05,-4.250001
0.24,-4.250001
1.02,-4.250001
1.43,-4.250001
-4.73,-4.329999
-4.7,-4.329999
-4.62,-4.329999
-4.27,-4.329999
-4.07,-4.329999
-3.72,-4.329999
-3.31,-4.329999
-2.87,-4.329999
-2.68,-4.329999
-2.48,-4.329999
-2.09,-4.329999
-1.43,-4.329999
-1.34,-4.329999
-1.41,-4.329999
-1.16,-4.329999
-0.73,-4.329999
-0.86,-4.329999
-0.79,-4.329999
-0.48,-4.329999
-0.05,-4.329999
0.24,-4.329999
1.02,-4.329999
1.43,-4.329999
1.84,-4.329999
-4.7,-4.7300005
-4.62,-4.7300005
-4.27,-4.7300005
-4.07,-4.7300005
-3.72,-4.7300005
-3.31,-4.7300005
-2.87,-4.7300005
-2.68,-4.7300005
-2.48,-4.7300005
-2.09,-4.7300005
-1.43,-4.7300005
-1.34,-4.7300005
-1.41,-4.7300005
-1.16,-4.7300005
-0.73,-4.7300005
-0.86,-4.7300005
-0.79,-4.7300005
-0.48,-4.7300005
-0.05,-4.7300005
0.24,-4.7300005
1.02,-4.7300005
1.43,-4.7300005
1.84,-4.7300005
2.35,-4.7300005
-4.62,-4.7
-4.27,-4.7
-4.07,-4.7
-3.72,-4.7
-3.31,-4.7
-2.87,-4.7
-2.68,-4.7
-2.48,-4.7
-2.09,-4.7
-1.43,-4.7
-1.34,-4.7
-1.41,-4.7
-1.16,-4.7
-0.73,-4.7
-0.86,-4.7
-0.79,-4.7
-0.48,-4.7
-0.05,-4.7
0.24,-4.7
1.02,-4.7
1.43,-4.7
1.84,-4.7
2.35,-4.7
2.7,-4.7
-4.27,-4.62
-4.07,-4.62
-3.72,-4.62
-3.31,-4.62
-2.87,-4.62
-2.68,-4.62
-2.48,-4.62
-2.09,-4.62
-1.43,-4.62
-1.34,-4.62
-1.41,-4.62
-1.16,-4.62
-0.73,-4.62
-0.86,-4.62
-0.79,-4.62
-0.48,-4.62
-0.05,-4.62
0.24,-4.62
1.02,-4.62
1.43,-4.62
1.84,-4.62
2.35,-4.62
2.7,-4.62
2.9,-4.62
-4.07,-4.2699995
-3.72,-4.2699995
-3.31,-4.2699995
-2.87,-4.2699995
-2.68,-4.2699995
-2.48,-4.2699995
-2.09,-4.2699995
-1.43,-4.2699995
-1.34,-4.2699995
-1.41,-4.2699995
-1.16,-4.2699995
-0.73,-4.2699995
-0.86,-4.2699995
-0.79,-4.2699995
-0.48,-4.2699995
-0.05,-4.2699995
0.24,-4.2699995
1.02,-4.2699995
1.43,-4.2699995
1.84,-4.2699995
2.35,-4.2699995
2.7,-4.2699995
2.9,-4.2699995
3.12,-4.2699995
-3.72,-4.0700006
-3.31,-4.0700006
-2.87,-4.0700006
-2.68,-4.0700006
-2.48,-4.0700006
-2.09,-4.0700006
-1.43,-4.0700006
-1.34,-4.0700006
-1.41,-4.0700006
-1.16,-4.0700006
-0.73,-4.0700006
-0.86,-4.0700006
-0.79,-4.0700006
-0.48,-4.0700006
-0.05,-4.0700006
0.24,-4.0700006
1.02,-4.0700006
1.43,-4.0700006
1.84,-4.0700006
2.35,-4.0700006
2.7,-4.0700006
2.9,-4.0700006
3.12,-4.0700006
3.35,-4.0700006
-3.31,-3.7200003
-2.87,-3.7200003
-2.68,-3.7200003
-2.48,-3.7200003
-2.09,-3.7200003
-1.43,-3.7200003
-1.34,-3.7200003
-1.41,-3.7200003
-1.16,-3.7200003
-0.73,-3.7200003
-0.86,-3.7200003
-0.79,-3.7200003
-0.48,-3.7200003
-0.05,-3.7200003
0.24,-3.7200003
1.02,-3.7200003
1.43,-3.7200003
1.84,-3.7200003
2.35,-3.7200003
2.7,-3.7200003
2.9,-3.7200003
3.12,-3.7200003
3.35,-3.7200003
3.54,-3.7200003
-2.87,-3.3100004
-2.68,-3.3100004
-2.48,-3.3100004
-2.09,-3.3100004
-1.43,-3.3100004
-1.34,-3.3100004
-1.41,-3.3100004
-1.16,-3.3100004
-0.73,-3.3100004
-0.86,-3.3100004
-0.79,-3.3100004
-0.48,-3.3100004
-0.05,-3.3100004
0.24,-3.3100004
1.02,-3.3100004
1.43,-3.3100004
1.84,-3.3100004
2.35,-3.3100004
2.7,-3.3100004
2.9,-3.3100004
3.12,-3.3100004
3.35,-3.3100004
3.54,-3.3100004
3.6,-3.3100004
-2.68,-2.8700008
-2.48,-2.8700008
-2.09,-2.8700008
-1.43,-2.8700008
-1.34,-2.8700008
-1.41,-2.8700008
-1.16,-2.8700008
-0.73,-2.8700008
-0.86,-2.8700008
-0.79,-2.8700008
-0.48,-2.8700008
-0.05,-2.8700008
0.24,-2.8700008
1.02,-2.8700008
1.43,-2.8700008
1.84,-2.8700008
2.35,-2.8700008
2.7,-2.8700008
2.9,-2.8700008
3.12,-2.8700008
3.35,-2.8700008
3.54,-2.8700008
3.6,-2.8700008
3.55,-2.8700008
-2.48,-2.6799994
-2.09,-2.6799994
-1.43,-2.6799994
-1.34,-2.6799994
-1.41,-2.6799994
-1.16,-2.6799994
-0.73,-2.6799994
-0.86,-2.6799994
-0.79,-2.6799994
-0.48,-2.6799994
-0.05,-2.6799994
0.24,-2.6799994
1.02,-2.6799994
1.43,-2.6799994
1.84,-2.6799994
2.35,-2.6799994
2.7,-2.6799994
2.9,-2.6799994
3.12,-2.6799994
3.35,-2.6799994
3.54,-2.6799994
3.6,-2.6799994
3.55,-2.6799994
3.63,-2.6799994
-2.09,-2.4800005
-1.43,-2.4800005
-1.34,-2.4800005
-1.41,-2.4800005
-1.16,-2.4800005
-0.73,-2.4800005
-0.86,-2.4800005
-0.79,-2.4800005
-0.48,-2.4800005
-0.05,-2.4800005
0.24,-2.4800005
1.02,-2.4800005
1.43,-2.4800005
1.84,-2.4800005
2.35,-2.4800005
2.7,-2.4800005
2.9,-2.4800005
3.12,-2.4800005
3.35,-2.4800005
3.54,-2.4800005
3.6,-2.4800005
3.55,-2.4800005
3.63,-2.4800005
3.96,-2.4800005
-1.43,-2.0900002
-1.34,-2.0900002
-1.41,-2.0900002
-1.16,-2.0900002
-0.73,-2.0900002
-0.86,-2.0900002
-0.79,-2.0900002
-0.48,-2.0900002
-0.05,-2.0900002
0.24,-2.0900002
1.02,-2.0900002
1.43,-2.0900002
1.84,-2.0900002
2.35,-2.0900002
2.7,-2.0900002
2.9,-2.0900002
3.12,-2.0900002
3.35,-2.0900002
3.54,-2.0900002
3.6,-2.0900002
3.55,-2.0900002
3.63,-2.0900002
3.96,-2.0900002
4.12,-2.0900002
-1.34,-1.4300003
-1.41,-1.4300003
-1.16,-1.4300003
-0.73,-1.4300003
-0.86,-1.4300003
-0.79,-1.4300003
-0.48,-1.4300003
-0.05,-1.4300003
0.24,-1.4300003
1.02,-1.4300003
1.43,-1.4300003
1.84,-1.4300003
2.35,-1.4300003
2.7,-1.4300003
2.9,-1.4300003
3.12,-1.4300003
3.35,-1.4300003
3.54,-1.4300003
3.6,-1.4300003
3.55,-1.4300003
3.63,-1.4300003
3.96,-1.4300003
4.12,-1.4300003
4.28,-1.4300003
-1.41,-1.3400002
-1.16,-1.3400002
-0.73,-1.3400002
-0.86,-1.3400002
-0.79,-1.3400002
-0.48,-1.3400002
-0.05,-1.3400002
0.24,-1.3400002
1.02,-1.3400002
1.43,-1.3400002
1.84,-1.3400002
2.35,-1.3400002
2.7,-1.3400002
2.9,-1.3400002
3.12,-1.3400002
3.35,-1.3400002
3.54,-1.3400002
3.6,-1.3400002
3.55,-1.3400002
3.63,-1.3400002
3.96,-1.3400002
4.12,-1.3400002
4.28,-1.3400002
4.17,-1.3400002
-1.16,-1.4099998
-0.73,-1.4099998
-0.86,-1.4099998
-0.79,-1.4099998
-0.48,-1.4099998
-0.05,-1.4099998
0.24,-1.4099998
1.02,-1.4099998
1.43,-1.4099998
1.84,-1.4099998
2.35,-1.4099998
2.7,-1.4099998
2.9,-1.4099998
3.12,-1.4099998
3.35,-1.4099998
3.54,-1.4099998
3.6,-1.4099998
3.55,-1.4099998
3.63,-1.4099998
3.96,-1.4099998
4.12,-1.4099998
4.28,-1.4099998
4.17,-1.4099998
3.95,-1.4099998
-0.73,-1.1599998
-0.86,-1.1599998
-0.79,-1.1599998
-0.48,-1.1599998
-0.05,-1.1599998
0.24,-1.1599998
1.02,-1.1599998
1.43,-1.1599998
1.84,-1.1599998
2.35,-1.1599998
2.7,-1.1599998
2.9,-1.1599998
3.12,-1.1599998
3.35,-1.1599998
3.54,-1.1599998
3.6,-1.1599998
3.55,-1.1599998
3.63,-1.1599998
3.96,-1.1599998
4.12,-1.1599998
4.28,-1.1599998
4.17,-1.1599998
3.95,-1.1599998
3.4,-1.1599998
-0.86,-0.7300005
-0.79,-0.7300005
-0.48,-0.7300005
-0.05,-0.7300005
0.24,-0.7300005
1.02,-0.7300005
1.43,-0.7300005
1.84,-0.7300005
2.35,-0.7300005
2.7,-0.7300005
2.9,-0.7300005
3.12,-0.7300005
3.35,-0.7300005
3.54,-0.7300005
3.6,-0.7300005
3.55,-0.7300005
3.63,-0.7300005
3.96,-0.7300005
4.12,-0.7300005
4.28,-0.7300005
4.17,-0.7300005
3.95,-0.7300005
3.4,-0.7300005
2.96,-0.7300005
-0.79,-0.85999966
-0.48,-0.85999966
-0.05,-0.85999966
0.24,-0.85999966
1.02,-0.85999966
1.43,-0.85999966
1.84,-0.85999966
2.35,-0.85999966
2.7,-0.85999966
2.9,-0.85999966
3.12,-0.85999966
3.35,-0.85999966
3.54,-0.85999966
3.6,-0.85999966
3.55,-0.85999966
3.63,-0.85999966
3.96,-0.85999966
4.12,-0.85999966
4.28,-0.85999966
4.17,-0.85999966
3.95,-0.85999966
3.4,-0.85999966
2.96,-0.85999966
2.76,-0.85999966
-0.48,-0.78999996
-0.05,-0.78999996
0.24,-0.78999996
1.02,-0.78999996
1.43,-0.78999996
1.84,-0.78999996
2.35,-0.78999996
2.7,-0.78999996
2.9,-0.78999996
3.12,-0.78999996
3.35,-0.78999996
3.54,-0.78999996
3.6,-0.78999996
3.55,-0.78999996
3.63,-0.78999996
3.96,-0.78999996
4.12,-0.78999996
4.28,-0.78999996
4.17,-0.78999996
3.95,-0.78999996
3.4,-0.78999996
2.96,-0.78999996
2.76,-0.78999996
2.72,-0.78999996
-0.05,-0.47999954
0.24,-0.47999954
1.02,-0.47999954
1.43,-0.47999954
1.84,-0.47999954
2.35,-0.47999954
2.7,-0.47999954
2.9,-0.47999954
3.12,-0.47999954
3.35,-0.47999954
3.54,-0.47999954
3.6,-0.47999954
3.55,-0.47999954
3.63,-0.47999954
3.96,-0.47999954
4.12,-0.47999954
4.28,-0.47999954
4.17,-0.47999954
3.95,-0.47999954
3.4,-0.47999954
2.96,-0.47999954
2.76,-0.47999954
2.72,-0.47999954
2.24,-0.47999954
0.24,-0.05000019
1.02,-0.05000019
1.43,-0.05000019
1.84,-0.05000019
2.35,-0.05000019
2.7,-0.05000019
2.9,-0.05000019
3.12,-0.05000019
3.35,-0.05000019
3.54,-0.05000019
3.6,-0.05000019
3.55,-0.05000019
3.63,-0.05000019
3.96,-0.05000019
4.12,-0.05000019
4.28,-0.05000019
4.17,-0.05000019
3.95,-0.05000019
3.4,-0.05000019
2.96,-0.05000019
2.76,-0.05000019
2.72,-0.05000019
2.24,-0.05000019
2.05,-0.05000019
1.02,0.23999977
1.43,0.23999977
1.84,0.23999977
2.35,0.23999977
2.7,0.23999977
2.9,0.23999977
3.12,0.23999977
3.35,0.23999977
3.54,0.23999977
3.6,0.23999977
3.55,0.23999977
3.63,0.23999977
3.96,0.23999977
4.12,0.23999977
4.28,0.23999977
4.17,0.23999977
3.95,0.23999977
3.4,0.23999977
2.96,0.23999977
2.76,0.23999977
2.72,0.23999977
2.24,0.23999977
2.05,0.23999977
1.98,0.23999977
1.43,1.0199995
1.84,1.0199995
2.35,1.0199995
2.7,1.0199995
2.9,1.0199995
3.12,1.0199995
3.35,1.0199995
3.54,1.0199995
3.6,1.0199995
3.55,1.0199995
3.63,1.0199995
3.96,1.0199995
4.12,1.0199995
4.28,1.0199995
4.17,1.0199995
3.95,1.0199995
3.4,1.0199995
2.96,1.0199995
2.76,1.0199995
2.72,1.0199995
2.24,1.0199995
2.05,1.0199995
1.98,1.0199995
1.82,1.0199995
1.84,1.4300003
2.35,1.4300003
2.7,1.4300003
2.9,1.4300003
3.12,1.4300003
3.35,1.4300003
3.54,1.4300003
3.6,1.4300003
3.55,1.4300003
3.63,1.4300003
3.96,1.4300003
4.12,1.4300003
4.28,1.4300003
4.17,1.4300003
3.95,1.4300003
3.4,1.4300003
2.96,1.4300003
2.76,1.4300003
2.72,1.4300003
2.24,1.4300003
2.05,1.4300003
1.98,1.4300003
1.82,1.4300003
1.68,1.4300003
2.35,1.8400002
2.7,1.8400002
2.9,1.8400002
3.12,1.8400002
3.35,1.8400002
3.54,1.8400002
3.6,1.8400002
3.55,1.8400002
3.63,1.8400002
3.96,1.8400002
4.12,1.8400002
4.28,1.8400002
4.17,1.8400002
3.95,1.8400002
3.4,1.8400002
2.96,1.8400002
2.76,1.8400002
2.72,1.8400002
2.24,1.8400002
2.05,1.8400002
1.98,1.8400002
1.82,1.8400002
1.68,1.8400002
1.45,1.8400002
2.7,2.3499994
2.9,2.3499994
3.12,2.3499994
3.35,2.3499994
3.54,2.3499994
3.6,2.3499994
3.55,2.3499994
3.63,2.3499994
3.96,2.3499994
4.12,2.3499994
4.28,2.3499994
4.17,2.3499994
3.95,2.3499994
3.4,2.3499994
2.96,2.3499994
2.76,2.3499994
2.72,2.3499994
2.24,2.3499994
2.05,2.3499994
1.98,2.3499994
1.82,2.3499994
1.68,2.3499994
1.45,2.3499994
1.27,2.3499994
2.9,2.6999998
3.12,2.6999998
3.35,2.6999998
3.54,2.6999998
3.6,2.6999998
3.55,2.6999998
3.63,2.6999998
3.96,2.6999998
4.12,2.6999998
4.28,2.6999998
4.17,2.6999998
3.95,2.6999998
3.4,2.6999998
2.96,2.6999998
2.76,2.6999998
2.72,2.6999998
2.24,2.6999998
2.05,2.6999998
1.98,2.6999998
1.82,2.6999998
1.68,2.6999998
1.45,2.6999998
1.27,2.6999998
1.32,2.6999998
3.12,2.9000006
3.35,2.9000006
3.54,2.9000006
3.6,2.9000006
3.55,2.9000006
3.63,2.9000006
3.96,2.9000006
4.12,2.9000006
4.28,2.9000006
4.17,2.9000006
3.95,2.9000006
3.4,2.9000006
2.96,2.9000006
2.76,2.9000006
2.72,2.9000006
2.24,2.9000006
2.05,2.9000006
1.98,2.9000006
1.82,2.9000006
1.68,2.9000006
1.45,2.9000006
1.27,2.9000006
1.32,2.9000006
1.09,2.9000006
3.35,3.12
3.54,3.12
3.6,3.12
3.55,3.12
3.63,3.12
3.96,3.12
4.12,3.12
4.28,3.12
4.17,3.12
3.95,3.12
3.4,3.12
2.96,3.12
2.76,3.12
2.72,3.12
2.24,3.12
2.05,3.12
1.98,3.12
1.82,3.12
1.68,3.12
1.45,3.12
1.27,3.12
1.32,3.12
1.09,3.12
0.81,3.12
3.54,3.3499994
3.6,3.3499994
3.55,3.3499994
3.63,3.3499994
3.96,3.3499994
4.12,3.3499994
4.28,3.3499994
4.17,3.3499994
3.95,3.3499994
3.4,3.3499994
2.96,3.3499994
2.76,3.3499994
2.72,3.3499994
2.24,3.3499994
2.05,3.3499994
1.98,3.3499994
1.82,3.3499994
1.68,3.3499994
1.45,3.3499994
1.27,3.3499994
1.32,3.3499994
1.09,3.3499994
0.81,3.3499994
0.56,3.3499994
3.6,3.54
3.55,3.54
3.63,3.54
3.96,3.54
4.12,3.54
4.28,3.54
4.17,3.54
3.95,3.54
3.4,3.54
2.96,3.54
2.76,3.54
2.72,3.54
2.24,3.54
2.05,3.54
1.98,3.54
1.82,3.54
1.68,3.54
1.45,3.54
1.27,3.54
1.32,3.54
1.09,3.54
0.81,3.54
0.56,3.54
0.47,3.54
3.55,3.5999994
3.63,3.5999994
3.96,3.5999994
4.12,3.5999994
4.28,3.5999994
4.17,3.5999994
3.95,3.5999994
3.4,3.5999994
2.96,3.5999994
2.76,3.5999994
2.72,3.5999994
2.24,3.5999994
2.05,3.5999994
1.98,3.5999994
1.82,3.5999994
1.68,3.5999994
1.45,3.5999994
1.27,3.5999994
1.32,3.5999994
1.09,3.5999994
0.81,3.5999994
0.56,3.5999994
0.47,3.5999994
0.26,3.5999994
3.63,3.5500002
3.96,3.5500002
4.12,3.5500002
4.28,3.5500002
4.17,3.5500002
3.95,3.5500002
3.4,3.5500002
2.96,3.5500002
2.76,3.5500002
2.72,3.5500002
2.24,3.5500002
2.05,3.5500002
1.98,3.5500002
1.82,3.5500002
1.68,3.5500002
1.45,3.5500002
1.27,3.5500002
1.32,3.5500002
1.09,3.5500002
0.81,3.5500002
0.56,3.5500002
0.47,3.5500002
0.26,3.5500002
-0.02,3.5500002
3.96,3.63
4.12,3.63
4.28,3.63
4.17,3.63
3.95,3.63
3.4,3.63
2.96,3.63
2.76,3.63
2.72,3.63
2.24,3.63
2.05,3.63
1.98,3.63
1.82,3.63
1.68,3.63
1.45,3.63
1.27,3.63
1.32,3.63
1.09,3.63
0.81,3.63
0.56,3.63
0.47,3.63
0.26,3.63
-0.02,3.63
-0.21,3.63
4.12,3.96
4.28,3.96
4.17,3.96
3.95,3.96
3.4,3.96
2.96,3.96
2.76,3.96
2.72,3.96
2.24,3.96
2.05,3.96
1.98,3.96
1.82,3.96
1.68,3.96
1.45,3.96
1.27,3.96
1.32,3.96
1.09,3.96
0.81,3.96
0.56,3.96
0.47,3.96
0.26,3.96
-0.02,3.96
-0.21,3.96
-0.36,3.96
4.28,4.12
4.17,4.12
3.95,4.12
3.4,4.12
2.96,4.12
2.76,4.12
2.72,4.12
2.24,4.12
2.05,4.12
1.98,4.12
1.82,4.12
1.68,4.12
1.45,4.12
1.27,4.12
1.32,4.12
1.09,4.12
0.81,4.12
0.56,4.12
0.47,4.12
0.26,4.12
-0.02,4.12
-0.21,4.12
-0.36,4.12
-0.56,4.12
4.17,4.2799997
3.95,4.2799997
3.4,4.2799997
2.96,4.2799997
2.76,4.2799997
2.72,4.2799997
2.24,4.2799997
2.05,4.2799997
1.98,4.2799997
1.82,4.2799997
1.68,4.2799997
1.45,4.2799997
1.27,4.2799997
1.32,4.2799997
1.09,4.2799997
0.81,4.2799997
0.56,4.2799997
0.47,4.2799997
0.26,4.2799997
-0.02,4.2799997
-0.21,4.2799997
-0.36,4.2799997
-0.56,4.2799997
-0.62,4.2799997
3.95,4.17
3.4,4.17
2.96,4.17
2.76,4.17
2.72,4.17
2.24,4.17
2.05,4.17
1.98,4.17
1.82,4.17
1.68,4.17
1.45,4.17
1.27,4.17
1.32,4.17
1.09,4.17
0.81,4.17
0.56,4.17
0.47,4.17
0.26,4.17
-0.02,4.17
-0.21,4.17
-0.36,4.17
-0.56,4.17
-0.62,4.17
-0.6,4.17
3.4,3.9499998
2.96,3.9499998
2.76,3.9499998
2.72,3.9499998
2.24,3.9499998
2.05,3.9499998
1.98,3.9499998
1.82,3.9499998
1.68,3.9499998
1.45,3.9499998
1.27,3.9499998
1.32,3.9499998
1.09,3.9499998
0.81,3.9499998
0.56,3.9499998
0.47,3.9499998
0.26,3.9499998
-0.02,3.9499998
-0.21,3.9499998
-0.36,3.9499998
-0.56,3.9499998
-0.62,3.9499998
-0.6,3.9499998
-0.61,3.9499998
2.96,3.4000006
2.76,3.4000006
2.72,3.4000006
2.24,3.4000006
2.05,3.4000006
1.98,3.4000006
1.82,3.4000006
1.68,3.4000006
1.45,3.4000006
1.27,3.4000006
1.32,3.4000006
1.09,3.4000006
0.81,3.4000006
0.56,3.4000006
0.47,3.4000006
0.26,3.4000006
-0.02,3.4000006
-0.21,3.4000006
-0.36,3.4000006
-0.56,3.4000006
-0.62,3.4000006
-0.6,3.4000006
-0.61,3.4000006
-0.71,3.4000006
2.76,2.96
2.72,2.96
2.24,2.96
2.05,2.96
1.98,2.96
1.82,2.96
1.68,2.96
1.45,2.96
1.27,2.96
1.32,2.96
1.09,2.96
0.81,2.96
0.56,2.96
0.47,2.96
0.26,2.96
-0.02,2.96
-0.21,2.96
-0.36,2.96
-0.56,2.96
-0.62,2.96
-0.6,2.96
-0.61,2.96
-0.71,2.96
-0.92,2.96
2.72,2.7600002
2.24,2.7600002
2.05,2.7600002
1.98,2.7600002
1.82,2.7600002
1.68,2.7600002
1.45,2.7600002
1.27,2.7600002
1.32,2.7600002
1.09,2.7600002
0.81,2.7600002
0.56,2.7600002
0.47,2.7600002
0.26,2.7600002
-0.02,2.7600002
-0.21,2.7600002
-0.36,2.7600002
-0.56,2.7600002
-0.62,2.7600002
-0.6,2.7600002
-0.61,2.7600002
-0.71,2.7600002
-0.92,2.7600002
-1.0,2.7600002
2.24,2.7200003
2.05,2.7200003
1.98,2.7200003
1.82,2.7200003
1.68,2.7200003
1.45,2.7200003
1.27,2.7200003
1.32,2.7200003
1.09,2.7200003
0.81,2.7200003
0.56,2.7200003
0.47,2.7200003
0.26,2.7200003
-0.02,2.7200003
-0.21,2.7200003
-0.36,2.7200003
-0.56,2.7200003
-0.62,2.7200003
-0.6,2.7200003
-0.61,2.7200003
-0.71,2.7200003
-0.92,2.7200003
-1.0,2.7200003
-1.24,2.7200003
2.05,2.2399998
1.98,2.2399998
1.82,2.2399998
1.68,2.2399998
1.45,2.2399998
1.27,2.2399998
1.32,2.2399998
1.09,2.2399998
0.81,2.2399998
0.56,2.2399998
0.47,2.2399998
0.26,2.2399998
-0.02,2.2399998
-0.21,2.2399998
-0.36,2.2399998
-0.56,2.2399998
-0.62,2.2399998
-0.6,2.2399998
-0.61,2.2399998
-0.71,2.2399998
-0.92,2.2399998
-1.0,2.2399998
-1.24,2.2399998
-1.34,2.2399998
1.98,2.0500002
1.82,2.0500002
1.68,2.0500002
1.45,2.0500002
1.27,2.0500002
1.32,2.0500002
1.09,2.0500002
0.81,2.0500002
0.56,2.0500002
0.47,2.0500002
0.26,2.0500002
-0.02,2.0500002
-0.21,2.0500002
-0.36,2.0500002
-0.56,2.0500002
-0.62,2.0500002
-0.6,2.0500002
-0.61,2.0500002
-0.71,2.0500002
-0.92,2.0500002
-1.0,2.0500002
-1.24,2.0500002
-1.34,2.0500002
-1.28,2.0500002
1.82,1.9800005
1.68,1.9800005
1.45,1.9800005
1.27,1.9800005
1.32,1.9800005
1.09,1.9800005
0.81,1.9800005
0.56,1.9800005
0.47,1.9800005
0.26,1.9800005
-0.02,1.9800005
-0.21,1.9800005
-0.36,1.9800005
-0.56,1.9800005
-0.62,1.9800005
-0.6,1.9800005
-0.61,1.9800005
-0.71,1.9800005
-0.92,1.9800005
-1.0,1.9800005
-1.24,1.9800005
-1.34,1.9800005
-1.28,1.9800005
-1.43,1.9800005
1.68,1.8199997
1.45,1.8199997
1.27,1.8199997
1.32,1.8199997
1.09,1.8199997
0.81,1.8199997
0.56,1.8199997
0.47,1.8199997
0.26,1.8199997
-0.02,1.8199997
-0.21,1.8199997
-0.36,1.8199997
-0.56,1.8199997
-0.62,1.8199997
-0.6,1.8199997
-0.61,1.8199997
-0.71,1.8199997
-0.92,1.8199997
-1.0,1.8199997
-1.24,1.8199997
-1.34,1.8199997
-1.28,1.8199997
-1.43,1.8199997
-1.75,1.8199997
1.45,1.6800003
1.27,1.6800003
1.32,1.6800003
1.09,1.6800003
0.81,1.6800003
0.56,1.6800003
0.47,1.6800003
0.26,1.6800003
-0.02,1.6800003
-0.21,1.6800003
-0.36,1.6800003
-0.56,1.6800003
-0.62,1.6800003
-0.6,1.6800003
-0.61,1.6800003
-0.71,1.6800003
-0.92,1.6800003
-1.0,1.6800003
-1.24,1.6800003
-1.34,1.6800003
-1.28,1.6800003
-1.43,1.6800003
-1.75,1.6800003
-1.94,1.6800003
1.27,1.4499998
1.32,1.4499998
1.09,1.4499998
0.81,1.4499998
0.56,1.4499998
0.47,1.4499998
0.26,1.4499998
-0.02,1.4499998
-0.21,1.4499998
-0.36,1.4499998
-0.56,1.4499998
-0.62,1.4499998
-0.6,1.4499998
-0.61,1.4499998
-0.71,1.4499998
-0.92,1.4499998
-1.0,1.4499998
-1.24,1.4499998
-1.34,1.4499998
-1.28,1.4499998
-1.43,1.4499998
-1.75,1.4499998
-1.94,1.4499998
-1.74,1.4499998
1.32,1.2699995
1.09,1.2699995
0.81,1.2699995
0.56,1.2699995
0.47,1.2699995
0.26,1.2699995
-0.02,1.2699995
-0.21,1.2699995
-0.36,1.2699995
-0.56,1.2699995
-0.62,1.2699995
-0.6,1.2699995
-0.61,1.2699995
-0.71,1.2699995
-0.92,1.2699995
-1.0,1.2699995
-1.24,1.2699995
-1.34,1.2699995
-1.28,1.2699995
-1.43,1.2699995
-1.75,1.2699995
-1.94,1.2699995
-1.74,1.2699995
-1.62,1.2699995
1.09,1.3199997
0.81,1.3199997
0.56,1.3199997
0.47,1.3199997
0.26,1.3199997
-0.02,1.3199997
-0.21,1.3199997
-0.36,1.3199997
-0.56,1.3199997
-0.62,1.3199997
-0.6,1.3199997
-0.61,1.3199997
-0.71,1.3199997
-0.92,1.3199997
-1.0,1.3199997
-1.24,1.3199997
-1.34,1.3199997
-1.28,1.3199997
-1.43,1.3199997
-1.75,1.3199997
-1.94,1.3199997
-1.74,1.3199997
-1.62,1.3199997
-1.65,1.3199997
0.81,1.0900002
0.56,1.0900002
0.47,1.0900002
0.26,1.0900002
-0.02,1.0900002
-0.21,1.0900002
-0.36,1.0900002
-0.56,1.0900002
-0.62,1.0900002
-0.6,1.0900002
-0.61,1.0900002
-0.71,1.0900002
-0.92,1.0900002
-1.0,1.0900002
-1.24,1.0900002
-1.34,1.0900002
-1.28,1.0900002
-1.43,1.0900002
-1.75,1.0900002
-1.94,1.0900002
-1.74,1.0900002
-1.62,1.0900002
-1.65,1.0900002
-1.69,1.0900002
0.56,0.8100004
0.47,0.8100004
0.26,0.8100004
-0.02,0.8100004
-0.21,0.8100004
-0.36,0.8100004
-0.56,0.8100004
-0.62,0.8100004
-0.6,0.8100004
-0.61,0.8100004
-0.71,0.8100004
-0.92,0.8100004
-1.0,0.8100004
-1.24,0.8100004
-1.34,0.8100004
-1.28,0.8100004
-1.43,0.8100004
-1.75,0.8100004
-1.94,0.8100004
-1.74,0.8100004
-1.62,0.8100004
-1.65,0.8100004
-1.69,0.8100004
-1.79,0.8100004
0.47,0.5600004
0.26,0.5600004
-0.02,0.5600004
-0.21,0.5600004
-0.36,0.5600004
-0.56,0.5600004
-0.62,0.5600004
-0.6,0.5600004
-0.61,0.5600004
-0.71,0.5600004
-0.92,0.5600004
-1.0,0.5600004
-1.24,0.5600004
-1.34,0.5600004
-1.28,0.5600004
-1.43,0.5600004
-1.75,0.5600004
-1.94,0.5600004
-1.74,0.5600004
-1.62,0.5600004
-1.65,0.5600004
-1.69,0.5600004
-1.79,0.5600004
-1.89,0.5600004
0.26,0.47000027
-0.02,0.47000027
-0.21,0.47000027
-0.36,0.47000027
-0.56,0.47000027
-0.62,0.47000027
-0.6,0.47000027
-0.61,0.47000027
-0.71,0.47000027
-0.92,0.47000027
-1.0,0.47000027
-1.24,0.47000027
-1.34,0.47000027
-1.28,0.47000027
-1.43,0.47000027
-1.75,0.47000027
-1.94,0.47000027
-1.74,0.47000027
-1.62,0.47000027
-1.65,0.47000027
-1.69,0.47000027
-1.79,0.47000027
-1.89,0.47000027
-2.14,0.47000027
-0.02,0.26000023
-0.21,0.26000023
-0.36,0.26000023
-0.56,0.26000023
-0.62,0.26000023
-0.6,0.26000023
-0.61,0.26000023
-0.71,0.26000023
-0.92,0.26000023
-1.0,0.26000023
-1.24,0.26000023
-1.34,0.26000023
-1.28,0.26000023
-1.43,0.26000023
-1.75,0.26000023
-1.94,0.26000023
-1.74,0.26000023
-1.62,0.26000023
-1.65,0.26000023
-1.69,0.26000023
-1.79,0.26000023
-1.89,0.26000023
-2.14,0.26000023
-2.35,0.26000023
-0.21,-0.020000458
-0.36,-0.020000458
-0.56,-0.020000458
-0.62,-0.020000458
-0.6,-0.020000458
-0.61,-0.020000458
-0.71,-0.020000458
-0.92,-0.020000458
-1.0,-0.020000458
-1.24,-0.020000458
-1.34,-0.020000458
-1.28,-0.020000458
-1.43,-0.020000458
-1.75,-0.020000458
-1.94,-0.020000458
-1.74,-0.020000458
-1.62,-0.020000458
-1.65,-0.020000458
-1.69,-0.020000458
-1.79,-0.020000458
-1.89,-0.020000458
-2.14,-0.020000458
-2.35,-0.020000458
-2.36,-0.020000458
-0.36,-0.21000004
-0.56,-0.21000004
-0.62,-0.21000004
-0.6,-0.21000004
-0.61,-0.21000004
-0.71,-0.21000004
-0.92,-0.21000004
-1.0,-0.21000004
-1.24,-0.21000004
-1.34,-0.21000004
-1.28,-0.21000004
-1.43,-0.21000004
-1.75,-0.21000004
-1.94,-0.21000004
-1.74,-0.21000004
-1.62,-0.21000004
-1.65,-0.21000004
-1.69,-0.21000004
-1.79,-0.21000004
-1.89,-0.21000004
-2.14,-0.21000004
-2.35,-0.21000004
-2.36,-0.21000004
-2.4,-0.21000004
-0.56,-0.35999966
-0.62,-0.35999966
-0.6,-0.35999966
-0.61,-0.35999966
-0.71,-0.35999966
-0.92,-0.35999966
-1.0,-0.35999966
-1.24,-0.35999966
-1.34,-0.35999966
-1.28,-0.35999966
-1.43,-0.35999966
-1.75,-0.35999966
-1.94,-0.35999966
-1.74,-0.35999966
-1.62,-0.35999966
-1.65,-0.35999966
-1.69,-0.35999966
-1.79,-0.35999966
-1.89,-0.35999966
-2.14,-0.35999966
-2.35,-0.35999966
-2.36,-0.35999966
-2.4,-0.35999966
-2.43,-0.35999966
-0.62,-0.5600004
-0.6,-0.5600004
-0.61,-0.5600004
-0.71,-0.5600004
-0.92,-0.5600004
-1.0,-0.5600004
-1.24,-0.5600004
-1.34,-0.5600004
-1.28,-0.5600004
-1.43,-0.5600004
-1.75,-0.5600004
-1.94,-0.5600004
-1.74,-0.5600004
-1.62,-0.5600004
-1.65,-0.5600004
-1.69,-0.5600004
-1.79,-0.5600004
-1.89,-0.5600004
-2.14,-0.5600004
-2.35,-0.5600004
-2.36,-0.5600004
-2.4,-0.5600004
-2.43,-0.5600004
-2.42,-0.5600004
-0.6,-0.6199999
-0.61,-0.6199999
-0.71,-0.6199999
-0.92,-0.6199999
-1.0,-0.6199999
-1.24,-0.6199999
-1.34,-0.6199999
-1.28,-0.6199999
-1.43,-0.6199999
-1.75,-0.6199999
-1.94,-0.6199999
-1.74,-0.6199999
-1.62,-0.6199999
-1.65,-0.6199999
-1.69,-0.6199999
-1.79,-0.6199999
-1.89,-0.6199999
-2.14,-0.6199999
-2.35,-0.6199999
-2.36,-0.6199999
-2.4,-0.6199999
-2.43,-0.6199999
-2.42,-0.6199999
-2.35,-0.6199999
-0.61,-0.6000004
-0.71,-0.6000004
-0.92,-0.6000004
-1.0,-0.6000004
-1.24,-0.6000004
-1.34,-0.6000004
-1.28,-0.6000004
-1.43,-0.6000004
-1.75,-0.6000004
-1.94,-0.6000004
-1.74,-0.6000004
-1.62,-0.6000004
-1.65,-0.6000004
-1.69,-0.6000004
-1.79,-0.6000004
-1.89,-0.6000004
-2.14,-0.6000004
-2.35,-0.6000004
-2.36,-0.6000004
-2.4,-0.6000004
-2.43,-0.6000004
-2.42,-0.6000004
-2.35,-0.6000004
-2.41,-0.6000004
-0.71,-0.60999966
-0.92,-0.60999966
-1.0,-0.60999966
-1.24,-0.60999966
-1.34,-0.60999966
-1.28,-0.60999966
-1.43,-0.60999966
-1.75,-0.60999966
-1.94,-0.60999966
-1.74,-0.60999966
-1.62,-0.60999966
-1.65,-0.60999966
-1.69,-0.60999966
-1.79,-0.60999966
-1.89,-0.60999966
-2.14,-0.60999966
-2.35,-0.60999966
-2.36,-0.60999966
-2.4,-0.60999966
-2.43,-0.60999966
-2.42,-0.60999966
-2.35,-0.60999966
-2.41,-0.60999966
-2.46,-0.60999966
-0.92,-0.71000004
-1.0,-0.71000004
-1.24,-0.71000004
-1.34,-0.71000004
-1.28,-0.71000004
-1.43,-0.71000004
-1.75,-0.71000004
-1.94,-0.71000004
-1.74,-0.71000004
-1.62,-0.71000004
-1.65,-0.71000004
-1.69,-0.71000004
-1.79,-0.71000004
-1.89,-0.71000004
-2.14,-0.71000004
-2.35,-0.71000004
-2.36,-0.71000004
-2.4,-0.71000004
-2.43,-0.71000004
-2.42,-0.71000004
-2.35,-0.71000004
-2.41,-0.71000004
-2.46,-0.71000004
-2.42,-0.71000004
-1.0,-0.9200001
-1.24,-0.9200001
-1.34,-0.9200001
-1.28,-0.9200001
-1.43,-0.9200001
-1.75,-0.9200001
-1.94,-0.9200001
-1.74,-0.9200001
-1.62,-0.9200001
-1.65,-0.9200001
-1.69,-0.9200001
-1.79,-0.9200001
-1.89,-0.9200001
-2.14,-0.9200001
-2.35,-0.9200001
-2.36,-0.9200001
-2.4,-0.9200001
-2.43,-0.9200001
-2.42,-0.9200001
-2.35,-0.9200001
-2.41,-0.9200001
-2.46,-0.9200001
-2.42,-0.9200001
-2.4,-0.9200001
-1.24,-1.0
-1.34,-1.0
-1.28,-1.0
-1.43,-1.0
-1.75,-1.0
-1.94,-1.0
-1.74,-1.0
-1.62,-1.0
-1.65,-1.0
-1.69,-1.0
-1.79,-1.0
-1.89,-1.0
-2.14,-1.0
-2.35,-1.0
-2.36,-1.0
-2.4,-1.0
-2.43,-1.0
-2.42,-1.0
-2.35,-1.0
-2.41,-1.0
-2.46,-1.0
-2.42,-1.0
-2.4,-1.0
-2.41,-1.0
-1.34,-1.2399998
-1.28,-1.2399998
-1.43,-1.2399998
-1.75,-1.2399998
-1.94,-1.2399998
-1.74,-1.2399998
-1.62,-1.2399998
-1.65,-1.2399998
-1.69,-1.2399998
-1.79,-1.2399998
-1.89,-1.2399998
-2.14,-1.2399998
-2.35,-1.2399998
-2.36,-1.2399998
-2.4,-1.2399998
-2.43,-1.2399998
-2.42,-1.2399998
-2.35,-1.2399998
-2.41,-1.2399998
-2.46,-1.2399998
-2.42,-1.2399998
-2.4,-1.2399998
-2.41,-1.2399998
-2.49,-1.2399998
-1.28,-1.3400002
-1.43,-1.3400002
-1.75,-1.3400002
-1.94,-1.3400002
-1.74,-1.3400002
-1.62,-1.3400002
-1.65,-1.3400002
-1.69,-1.3400002
-1.79,-1.3400002
-1.89,-1.3400002
-2.14,-1.3400002
-2.35,-1.3400002
-2.36,-1.3400002
-2.4,-1.3400002
-2.43,-1.3400002
-2.42,-1.3400002
-2.35,-1.3400002
-2.41,-1.3400002
-2.46,-1.3400002
-2.42,-1.3400002
-2.4,-1.3400002
-2.41,-1.3400002
-2.49,-1.3400002
-2.57,-1.3400002
-1.43,-1.2799997
-1.75,-1.2799997
-1.94,-1.2799997
-1.74,-1.2799997
-1.62,-1.2799997
-1.65,-1.2799997
-1.69,-1.2799997
-1.79,-1.2799997
-1.89,-1.2799997
-2.14,-1.2799997
-2.35,-1.2799997
-2.36,-1.2799997
-2.4,-1.2799997
-2.43,-1.2799997
-2.42,-1.2799997
-2.35,-1.2799997
-2.41,-1.2799997
-2.46,-1.2799997
-2.42,-1.2799997
-2.4,-1.2799997
-2.41,-1.2799997
-2.49,-1.2799997
-2.57,-1.2799997
-2.65,-1.2799997
-1.75,-1.4300003
-1.94,-1.4300003
-1.74,-1.4300003
-1.62,-1.4300003
-1.65,-1.4300003
-1.69,-1.4300003
-1.79,-1.4300003
-1.89,-1.4300003
-2.14,-1.4300003
-2.35,-1.4300003
-2.36,-1.4300003
-2.4,-1.4300003
-2.43,-1.4300003
-2.42,-1.4300003
-2.35,-1.4300003
-2.41,-1.4300003
-2.46,-1.4300003
-2.42,-1.4300003
-2.4,-1.4300003
-2.41,-1.4300003
-2.49,-1.4300003
-2.57,-1.4300003
-2.65,-1.4300003
-2.61,-1.4300003
-1.94,-1.75
-1.74,-1.75
-1.62,-1.75
-1.65,-1.75
-1.69,-1.75
-1.79,-1.75
-1.89,-1.75
-2.14,-1.75
-2.35,-1.75
-2.36,-1.75
-2.4,-1.75
-2.43,-1.75
-2.42,-1.75
-2.35,-1.75
-2.41,-1.75
-2.46,-1.75
-2.42,-1.75
-2.4,-1.75
-2.41,-1.75
-2.49,-1.75
-2.57,-1.75
-2.65,-1.75
-2.61,-1.75
-2.48,-1.75
-1.74,-1.9399996
-1.62,-1.9399996
-1.65,-1.9399996
-1.69,-1.9399996
-1.79,-1.9399996
-1.89,-1.9399996
-2.14,-1.9399996
-2.35,-1.9399996
-2.36,-1.9399996
-2.4,-1.9399996
-2.43,-1.9399996
-2.42,-1.9399996
-2.35,-1.9399996
-2.41,-1.9399996
-2.46,-1.9399996
-2.42,-1.9399996
-2.4,-1.9399996
-2.41,-1.9399996
-2.49,-1.9399996
-2.57,-1.9399996
-2.65,-1.9399996
-2.61,-1.9399996
-2.48,-1.9399996
-2.4,-1.9399996
-1.62,-1.7399998
-1.65,-1.7399998
-1.69,-1.7399998
-1.79,-1.7399998
-1.89,-1.7399998
-2.14,-1.7399998
-2.35,-1.7399998
-2.36,-1.7399998
-2.4,-1.7399998
-2.43,-1.7399998
-2.42,-1.7399998
-2.35,-1.7399998
-2.41,-1.7399998
-2.46,-1.7399998
-2.42,-1.7399998
-2.4,-1.7399998
-2.41,-1.7399998
-2.49,-1.7399998
-2.57,-1.7399998
-2.65,-1.7399998
-2.61,-1.7399998
-2.48,-1.7399998
-2.4,-1.7399998
-2.33,-1.7399998
-1.65,-1.6199999
-1.69,-1.6199999
-1.79,-1.6199999
-1.89,-1.6199999
-2.14,-1.6199999
-2.35,-1.6199999
-2.36,-1.6199999
-2.4,-1.6199999
-2.43,-1.6199999
-2.42,-1.6199999
-2.35,-1.6199999
-2.41,-1.6199999
-2.46,-1.6199999
-2.42,-1.6199999
-2.4,-1.6199999
-2.41,-1.6199999
-2.49,-1.6199999
-2.57,-1.6199999
-2.65,-1.6199999
-2.61,-1.6199999
-2.48,-1.6199999
-2.4,-1.6199999
-2.33,-1.6199999
-2.33,-1.6199999
-1.69,-1.6499996
-1.79,-1.6499996
-1.89,-1.6499996
-2.14,-1.6499996
-2.35,-1.6499996
-2.36,-1.6499996
-2.4,-1.6499996
-2.43,-1.6499996
-2.42,-1.6499996
-2.35,-1.6499996
-2.41,-1.6499996
-2.46,-1.6499996
-2.42,-1.6499996
-2.4,-1.6499996
-2.41,-1.6499996
-2.49,-1.6499996
-2.57,-1.6499996
-2.65,-1.6499996
-2.61,-1.6499996
-2.48,-1.6499996
-2.4,-1.6499996
-2.33,-1.6499996
-2.33,-1.6499996
-2.41,-1.6499996
-1.79,-1.6899996
-1.89,-1.6899996
-2.14,-1.6899996
-2.35,-1.6899996
-2.36,-1.6899996
-2.4,-1.6899996
-2.43,-1.6899996
-2.42,-1.6899996
-2.35,-1.6899996
-2.41,-1.6899996
-2.46,-1.6899996
-2.42,-1.6899996
-2.4,-1.6899996
-2.41,-1.6899996
-2.49,-1.6899996
-2.57,-1.6899996
-2.65,-1.6899996
-2.61,-1.6899996
-2.48,-1.6899996
-2.4,-1.6899996
-2.33,-1.6899996
-2.33,-1.6899996
-2.41,-1.6899996
-2.35,-1.6899996
-1.89,-1.79
-2.14,-1.79
-2.35,-1.79
-2.36,-1.79
-2.4,-1.79
-2.43,-1.79
-2.42,-1.79
-2.35,-1.79
-2.41,-1.79
-2.46,-1.79
-2.42,-1.79
-2.4,-1.79
-2.41,-1.79
-2.49,-1.79
-2.57,-1.79
-2.65,-1.79
-2.61,-1.79
-2.48,-1.79
-2.4,-1.79
-2.33,-1.79
-2.33,-1.79
-2.41,-1.79
-2.35,-1.79
-2.34,-1.79
-2.14,-1.8900003
-2.35,-1.8900003
-2.36,-1.8900003
-2.4,-1.8900003
-2.43,-1.8900003
-2.42,-1.8900003
-2.35,-1.8900003
-2.41,-1.8900003
-2.46,-1.8900003
-2.42,-1.8900003
-2.4,-1.8900003
-2.41,-1.8900003
-2.49,-1.8900003
-2.57,-1.8900003
-2.65,-1.8900003
-2.61,-1.8900003
-2.48,-1.8900003
-2.4,-1.8900003
-2.33,-1.8900003
-2.33,-1.8900003
-2.41,-1.8900003
-2.35,-1.8900003
-2.34,-1.8900003
-2.3,-1.8900003
-2.35,-2.1400003
-2.36,-2.1400003
-2.4,-2.1400003
-2.43,-2.1400003
-2.42,-2.1400003
-2.35,-2.1400003
-2.41,-2.1400003
-2.46,-2.1400003
-2.42,-2.1400003
-2.4,-2.1400003
-2.41,-2.1400003
-2.49,-2.1400003
-2.57,-2.1400003
-2.65,-2.1400003
-2.61,-2.1400003
-2.48,-2.1400003
-2.4,-2.1400003
-2.33,-2.1400003
-2.33,-2.1400003
-2.41,-2.1400003
-2.35,-2.1400003
-2.34,-2.1400003
-2.3,-2.1400003
-2.28,-2.1400003
-2.36,-2.3499994
-2.4,-2.3499994
-2.43,-2.3499994
-2.42,-2.3499994
-2.35,-2.3499994
-2.41,-2.3499994
-2.46,-2.3499994
-2.42,-2.3499994
-2.4,-2.3499994
-2.41,-2.3499994
-2.49,-2.3499994
-2.57,-2.3499994
-2.65,-2.3499994
-2.61,-2.3499994
-2.48,-2.3499994
-2.4,-2.3499994
-2.33,-2.3499994
-2.33,-2.3499994
-2.41,-2.3499994
-2.35,-2.3499994
-2.34,-2.3499994
-2.3,-2.3499994
-2.28,-2.3499994
-2.31,-2.3499994
-2.4,-2.3599997
-2.43,-2.3599997
-2.42,-2.3599997
-2.35,-2.3599997
-2.41,-2.3599997
-2.46,-2.3599997
-2.42,-2.3599997
-2.4,-2.3599997
-2.41,-2.3599997
-2.49,-2.3599997
-2.57,-2.3599997
-2.65,-2.3599997
-2.61,-2.3599997
-2.48,-2.3599997
-2.4,-2.3599997
-2.33,-2.3599997
-2.33,-2.3599997
-2.41,-2.3599997
-2.35,-2.3599997
-2.34,-2.3599997
-2.3,-2.3599997
-2.28,-2.3599997
-2.31,-2.3599997
-2.37,-2.3599997
-2.43,-2.4000006
-2.42,-2.4000006
-2.35,-2.4000006
-2.41,-2.4000006
-2.46,-2.4000006
-2.42,-2.4000006
-2.4,-2.4000006
-2.41,-2.4000006
-2.49,-2.4000006
-2.57,-2.4000006
-2.65,-2.4000006
-2.61,-2.4000006
-2.48,-2.4000006
-2.4,-2.4000006
-2.33,-2.4000006
-2.33,-2.4000006
-2.41,-2.4000006
-2.35,-2.4000006
-2.34,-2.4000006
-2.3,-2.4000006
-2.28,-2.4000006
-2.31,-2.4000006
-2.37,-2.4000006
-2.39,-2.4000006
-2.42,-2.4300003
-2.35,-2.4300003
-2.41,-2.4300003
-2.46,-2.4300003
-2.42,-2.4300003
-2.4,-2.4300003
-2.41,-2.4300003
-2.49,-2.4300003
-2.57,-2.4300003
-2.65,-2.4300003
-2.61,-2.4300003
-2.48,-2.4300003
-2.4,-2.4300003
-2.33,-2.4300003
-2.33,-2.4300003
-2.41,-2.4300003
-2.35,-2.4300003
-2.34,-2.4300003
-2.3,-2.4300003
-2.28,-2.4300003
-2.31,-2.4300003
-2.37,-2.4300003
-2.39,-2.4300003
-2.37,-2.4300003
-2.35,-2.42
-2.41,-2.42
-2.46,-2.42
-2.42,-2.42
-2.4,-2.42
-2.41,-2.42
-2.49,-2.42
-2.57,-2.42
-2.65,-2.42
-2.61,-2.42
-2.48,-2.42
-2.4,-2.42
-2.33,-2.42
-2.33,-2.42
-2.41,-2.42
-2.35,-2.42
-2.34,-2.42
-2.3,-2.42
-2.28,-2.42
-2.31,-2.42
-2.37,-2.42
-2.39,-2.42
-2.37,-2.42
-2.33,-2.42
-2.41,-2.3499994
-2.46,-2.3499994
-2.42,-2.3499994
-2.4,-2.3499994
-2.41,-2.3499994
-2.49,-2.3499994
-2.57,-2.3499994
-2.65,-2.3499994
-2.61,-2.3499994
-2.48,-2.3499994
-2.4,-2.3499994
-2.33,-2.3499994
-2.33,-2.3499994
-2.41,-2.3499994
-2.35,-2.3499994
-2.34,-2.3499994
-2.3,-2.3499994
-2.28,-2.3499994
-2.31,-2.3499994
-2.37,-2.3499994
-2.39,-2.3499994
-2.37,-2.3499994
-2.33,-2.3499994
-2.25,-2.3499994
-2.46,-2.4099998
-2.42,-2.4099998
-2.4,-2.4099998
-2.41,-2.4099998
-2.49,-2.4099998
-2.57,-2.4099998
-2.65,-2.4099998
-2.61,-2.4099998
-2.48,-2.4099998
-2.4,-2.4099998
-2.33,-2.4099998
-2.33,-2.4099998
-2.41,-2.4099998
-2.35,-2.4099998
-2.34,-2.4099998
-2.3,-2.4099998
-2.28,-2.4099998
-2.31,-2.4099998
-2.37,-2.4099998
-2.39,-2.4099998
-2.37,-2.4099998
-2.33,-2.4099998
-2.25,-2.4099998
-2.22,-2.4099998
-2.42,-2.46
-2.4,-2.46
-2.41,-2.46
-2.49,-2.46
-2.57,-2.46
-2.65,-2.46
-2.61,-2.46
-2.48,-2.46
-2.4,-2.46
-2.33,-2.46
-2.33,-2.46
-2.41,-2.46
-2.35,-2.46
-2.34,-2.46
-2.3,-2.46
-2.28,-2.46
-2.31,-2.46
-2.37,-2.46
-2.39,-2.46
-2.37,-2.46
-2.33,-2.46
-2.25,-2.46
-2.22,-2.46
-2.23,-2.46
-2.4,-2.42
-2.41,-2.42
-2.49,-2.42
-2.57,-2.42
-2.65,-2.42
-2.61,-2.42
-2.48,-2.42
-2.4,-2.42
-2.33,-2.42
-2.33,-2.42
-2.41,-2.42
-2.35,-2.42
-2.34,-2.42
-2.3,-2.42
-2.28,-2.42
-2.31,-2.42
-2.37,-2.42
-2.39,-2.42
-2.37,-2.42
-2.33,-2.42
-2.25,-2.42
-2.22,-2.42
-2.23,-2.42
-2.14,-2.42
-2.41,-2.4000006
-2.49,-2.4000006
-2.57,-2.4000006
-2.65,-2.4000006
-2.61,-2.4000006
-2.48,-2.4000006
-2.4,-2.4000006
-2.33,-2.4000006
-2.33,-2.4000006
-2.41,-2.4000006
-2.35,-2.4000006
-2.34,-2.4000006
-2.3,-2.4000006
-2.28,-2.4000006
-2.31,-2.4000006
-2.37,-2.4000006
-2.39,-2.4000006
-2.37,-2.4000006
-2.33,-2.4000006
-2.25,-2.4000006
-2.22,-2.4000006
-2.23,-2.4000006
-2.14,-2.4000006
-1.95,-2.4000006
-2.49,-2.4099998
-2.57,-2.4099998
-2.65,-2.4099998
-2.61,-2.4099998
-2.48,-2.4099998
-2.4,-2.4099998
-2.33,-2.4099998
-2.33,-2.4099998
-2.41,-2.4099998
-2.35,-2.4099998
-2.34,-2.4099998
-2.3,-2.4099998
-2.28,-2.4099998
-2.31,-2.4099998
-2.37,-2.4099998
-2.39,-2.4099998
-2.37,-2.4099998
-2.33,-2.4099998
-2.25,-2.4099998
-2.22,-2.4099998
-2.23,-2.4099998
-2.14,-2.4099998
-1.95,-2.4099998
-1.83,-2.4099998
-2.57,-2.4899998
-2.65,-2.4899998
-2.61,-2.4899998
-2.48,-2.4899998
-2.4,-2.4899998
-2.33,-2.4899998
-2.33,-2.4899998
-2.41,-2.4899998
-2.35,-2.4899998
-2.34,-2.4899998
-2.3,-2.4899998
-2.28,-2.4899998
-2.31,-2.4899998
-2.37,-2.4899998
-2.39,-2.4899998
-2.37,-2.4899998
-2.33,-2.4899998
-2.25,-2.4899998
-2.22,-2.4899998
-2.23,-2.4899998
-2.14,-2.4899998
-1.95,-2.4899998
-1.83,-2.4899998
-1.96,-2.4899998
-2.65,-2.5700006
-2.61,-2.5700006
-2.48,-2.5700006
-2.4,-2.5700006
-2.33,-2.5700006
-2.33,-2.5700006
-2.41,-2.5700006
-2.35,-2.5700006
-2.34,-2.5700006
-2.3,-2.5700006
-2.28,-2.5700006
-2.31,-2.5700006
-2.37,-2.5700006
-2.39,-2.5700006
-2.37,-2.5700006
-2.33,-2.5700006
-2.25,-2.5700006
-2.22,-2.5700006
-2.23,-2.5700006
-2.14,-2.5700006
-1.95,-2.5700006
-1.83,-2.5700006
-1.96,-2.5700006
-1.87,-2.5700006
-2.61,-2.6500006
-2.48,-2.6500006
-2.4,-2.6500006
-2.33,-2.6500006
-2.33,-2.6500006
-2.41,-2.6500006
-2.35,-2.6500006
-2.34,-2.6500006
-2.3,-2.6500006
-2.28,-2.6500006
-2.31,-2.6500006
-2.37,-2.6500006
-2.39,-2.6500006
-2.37,-2.6500006
-2.33,-2.6500006
-2.25,-2.6500006
-2.22,-2.6500006
-2.23,-2.6500006
-2.14,-2.6500006
-1.95,-2.6500006
-1.83,-2.6500006
-1.96,-2.6500006
-1.87,-2.6500006
-1.63,-2.6500006
-2.48,-2.6099987
-2.4,-2.6099987
-2.33,-2.6099987
-2.33,-2.6099987
-2.41,-2.6099987
-2.35,-2.6099987
-2.34,-2.6099987
-2.3,-2.6099987
-2.28,-2.6099987
-2.31,-2.6099987
-2.37,-2.6099987
-2.39,-2.6099987
-2.37,-2.6099987
-2.33,-2.6099987
-2.25,-2.6099987
-2.22,-2.6099987
-2.23,-2.6099987
-2.14,-2.6099987
-1.95,-2.6099987
-1.83,-2.6099987
-1.96,-2.6099987
-1.87,-2.6099987
-1.63,-2.6099987
-1.65,-2.6099987
-2.4,-2.4800005
-2.33,-2.4800005
-2.33,-2.4800005
-2.41,-2.4800005
-2.35,-2.4800005
-2.34,-2.4800005
-2.3,-2.4800005
-2.28,-2.4800005
-2.31,-2.4800005
-2.37,-2.4800005
-2.39,-2.4800005
-2.37,-2.4800005
-2.33,-2.4800005
-2.25,-2.4800005
-2.22,-2.4800005
-2.23,-2.4800005
-2.14,-2.4800005
-1.95,-2.4800005
-1.83,-2.4800005
-1.96,-2.4800005
-1.87,-2.4800005
-1.63,-2.4800005
-1.65,-2.4800005
-1.71,-2.4800005
-2.33,-2.4000006
-2.33,-2.4000006
-2.41,-2.4000006
-2.35,-2.4000006
-2.34,-2.4000006
-2.3,-2.4000006
-2.28,-2.4000006
-2.31,-2.4000006
-2.37,-2.4000006
-2.39,-2.4000006
-2.37,-2.4000006
-2.33,-2.4000006
-2.25,-2.4000006
-2.22,-2.4000006
-2.23,-2.4000006
-2.14,-2.4000006
-1.95,-2.4000006
-1.83,-2.4000006
-1.96,-2.4000006
-1.87,-2.4000006
-1.63,-2.4000006
-1.65,-2.4000006
-1.71,-2.4000006
-2.16,-2.4000006
-2.33,-2.33
-2.41,-2.33
-2.35,-2.33
-2.34,-2.33
-2.3,-2.33
-2.28,-2.33
-2.31,-2.33
-2.37,-2.33
-2.39,-2.33
-2.37,-2.33
-2.33,-2.33
-2.25,-2.33
-2.22,-2.33
-2.23,-2.33
-2.14,-2.33
-1.95,-2.33
-1.83,-2.33
-1.96,-2.33
-1.87,-2.33
-1.63,-2.33
-1.65,-2.33
-1.71,-2.33
-2.16,-2.33
-2.01,-2.33
-2.41,-2.33
-2.35,-2.33
-2.34,-2.33
-2.3,-2.33
-2.28,-2.33
-2.31,-2.33
-2.37,-2.33
-2.39,-2.33
-2.37,-2.33
-2.33,-2.33
-2.25,-2.33
-2.22,-2.33
-2.23,-2.33
-2.14,-2.33
-1.95,-2.33
-1.83,-2.33
-1.96,-2.33
-1.87,-2.33
-1.63,-2.33
-1.65,-2.33
-1.71,-2.33
-2.16,-2.33
-2.01,-2.33
-2.04,-2.33
-2.35,-2.4099998
-2.34,-2.4099998
-2.3,-2.4099998
-2.28,-2.4099998
-2.31,-2.4099998
-2.37,-2.4099998
-2.39,-2.4099998
-2.37,-2.4099998
-2.33,-2.4099998
-2.25,-2.4099998
-2.22,-2.4099998
-2.23,-2.4099998
-2.14,-2.4099998
-1.95,-2.4099998
-1.83,-2.4099998
-1.96,-2.4099998
-1.87,-2.4099998
-1.63,-2.4099998
-1.65,-2.4099998
-1.71,-2.4099998
-2.16,-2.4099998
-2.01,-2.4099998
-2.04,-2.4099998
-2.36,-2.4099998
-2.34,-2.3499994
-2.3,-2.3499994
-2.28,-2.3499994
-2.31,-2.3499994
-2.37,-2.3499994
-2.39,-2.3499994
-2.37,-2.3499994
-2.33,-2.3499994
-2.25,-2.3499994
-2.22,-2.3499994
-2.23,-2.3499994
-2.14,-2.3499994
-1.95,-2.3499994
-1.83,-2.3499994
-1.96,-2.3499994
-1.87,-2.3499994
-1.63,-2.3499994
-1.65,-2.3499994
-1.71,-2.3499994
-2.16,-2.3499994
-2.01,-2.3499994
-2.04,-2.3499994
-2.36,-2.3499994
-2.51,-2.3499994
-2.3,-2.3400002
-2.28,-2.3400002
-2.31,-2.3400002
-2.37,-2.3400002
-2.39,-2.3400002
-2.37,-2.3400002
-2.33,-2.3400002
-2.25,-2.3400002
-2.22,-2.3400002
-2.23,-2.3400002
-2.14,-2.3400002
-1.95,-2.3400002
-1.83,-2.3400002
-1.96,-2.3400002
-1.87,-2.3400002
-1.63,-2.3400002
-1.65,-2.3400002
-1.71,-2.3400002
-2.16,-2.3400002
-2.01,-2.3400002
-2.04,-2.3400002
-2.36,-2.3400002
-2.51,-2.3400002
-2.36,-2.3400002
-2.28,-2.3000002
-2.31,-2.3000002
-2.37,-2.3000002
-2.39,-2.3000002
-2.37,-2.3000002
-2.33,-2.3000002
-2.25,-2.3000002
-2.22,-2.3000002
-2.23,-2.3000002
-2.14,-2.3000002
-1.95,-2.3000002
-1.83,-2.3000002
-1.96,-2.3000002
-1.87,-2.3000002
-1.63,-2.3000002
-1.65,-2.3000002
-1.71,-2.3000002
-2.16,-2.3000002
-2.01,-2.3000002
-2.04,-2.3000002
-2.36,-2.3000002
-2.51,-2.3000002
-2.36,-2.3000002
-2.06,-2.3000002
-2.31,-2.2799997
-2.37,-2.2799997
-2.39,-2.2799997
-2.37,-2.2799997
-2.33,-2.2799997
-2.25,-2.2799997
-2.22,-2.2799997
-2.23,-2.2799997
-2.14,-2.2799997
-1.95,-2.2799997
-1.83,-2.2799997
-1.96,-2.2799997
-1.87,-2.2799997
-1.63,-2.2799997
-1.65,-2.2799997
-1.71,-2.2799997
-2.16,-2.2799997
-2.01,-2.2799997
-2.04,-2.2799997
-2.36,-2.2799997
-2.51,-2.2799997
-2.36,-2.2799997
-2.06,-2.2799997
-1.91,-2.2799997
-2.37,-2.3100004
-2.39,-2.3100004
-2.37,-2.3100004
-2.33,-2.3100004
-2.25,-2.3100004
-2.22,-2.3100004
-2.23,-2.3100004
-2.14,-2.3100004
-1.95,-2.3100004
-1.83,-2.3100004
-1.96,-2.3100004
-1.87,-2.3100004
-1.63,-2.3100004
-1.65,-2.3100004
-1.71,-2.3100004
-2.16,-2.3100004
-2.01,-2.3100004
-2.04,-2.3100004
-2.36,-2.3100004
-2.51,-2.3100004
-2.36,-2.3100004
-2.06,-2.3100004
-1.91,-2.3100004
-1.96,-2.3100004
-2.39,-2.37
-2.37,-2.37
-2.33,-2.37
-2.25,-2.37
-2.22,-2.37
-2.23,-2.37
-2.14,-2.37
-1.95,-2.37
-1.83,-2.37
-1.96,-2.37
-1.87,-2.37
-1.63,-2.37
-1.65,-2.37
-1.71,-2.37
-2.16,-2.37
-2.01,-2.37
-2.04,-2.37
-2.36,-2.37
-2.51,-2.37
-2.36,-2.37
-2.06,-2.37
-1.91,-2.37
-1.96,-2.37
-2.14,-2.37
-2.37,-2.3900003
-2.33,-2.3900003
-2.25,-2.3900003
-2.22,-2.3900003
-2.23,-2.3900003
-2.14,-2.3900003
-1.95,-2.3900003
-1.83,-2.3900003
-1.96,-2.3900003
-1.87,-2.3900003
-1.63,-2.3900003
-1.65,-2.3900003
-1.71,-2.3900003
-2.16,-2.3900003
-2.01,-2.3900003
-2.04,-2.3900003
-2.36,-2.3900003
-2.51,-2.3900003
-2.36,-2.3900003
-2.06,-2.3900003
-1.91,-2.3900003
-1.96,-2.3900003
-2.14,-2.3900003
-2.27,-2.3900003
-2.33,-2.37
-2.25,-2.37
-2.22,-2.37
-2.23,-2.37
-2.14,-2.37
-1.95,-2.37
-1.83,-2.37
-1.96,-2.37
-1.87,-2.37
-1.63,-2.37
-1.65,-2.37
-1.71,-2.37
-2.16,-2.37
-2.01,-2.37
-2.04,-2.37
-2.36,-2.37
-2.51,-2.37
-2.36,-2.37
-2.06,-2.37
-1.91,-2.37
-1.96,-2.37
-2.14,-2.37
-2.27,-2.37
-2.25,-2.37
-2.25,-2.33
-2.22,-2.33
-2.23,-2.33
-2.14,-2.33
-1.95,-2.33
-1.83,-2.33
-1.96,-2.33
-1.87,-2.33
-1.63,-2.33
-1.65,-2.33
-1.71,-2.33
-2.16,-2.33
-2.01,-2.33
-2.04,-2.33
-2.36,-2.33
-2.51,-2.33
-2.36,-2.33
-2.06,-2.33
-1.91,-2.33
-1.96,-2.33
-2.14,-2.33
-2.27,-2.33
-2.25,-2.33
-2.17,-2.33
-2.22,-2.25
-2.23,-2.25
-2.14,-2.25
-1.95,-2.25
-1.83,-2.25
-1.96,-2.25
-1.87,-2.25
-1.63,-2.25
-1.65,-2.25
-1.71,-2.25
-2.16,-2.25
-2.01,-2.25
-2.04,-2.25
-2.36,-2.25
-2.51,-2.25
-2.36,-2.25
-2.06,-2.25
-1.91,-2.25
-1.96,-2.25
-2.14,-2.25
-2.27,-2.25
-2.25,-2.25
-2.17,-2.25
-2.08,-2.25
-2.23,-2.2200003
-2.14,-2.2200003
-1.95,-2.2200003
-1.83,-2.2200003
-1.96,-2.2200003
-1.87,-2.2200003
-1.63,-2.2200003
-1.65,-2.2200003
-1.71,-2.2200003
-2.16,-2.2200003
-2.01,-2.2200003
-2.04,-2.2200003
-2.36,-2.2200003
-2.51,-2.2200003
-2.36,-2.2200003
-2.06,-2.2200003
-1.91,-2.2200003
-1.96,-2.2200003
-2.14,-2.2200003
-2.27,-2.2200003
-2.25,-2.2200003
-2.17,-2.2200003
-2.08,-2.2200003
-2.09,-2.2200003
-2.14,-2.2300005
-1.95,-2.2300005
-1.83,-2.2300005
-1.96,-2.2300005
-1.87,-2.2300005
-1.63,-2.2300005
-1.65,-2.2300005
-1.71,-2.2300005
-2.16,-2.2300005
-2.01,-2.2300005
-2.04,-2.2300005
-2.36,-2.2300005
-2.51,-2.2300005
-2.36,-2.2300005
-2.06,-2.2300005
-1.91,-2.2300005
-1.96,-2.2300005
-2.14,-2.2300005
-2.27,-2.2300005
-2.25,-2.2300005
-2.17,-2.2300005
-2.08,-2.2300005
-2.09,-2.2300005
-2.41,-2.2300005
-1.95,-2.1400003
-1.83,-2.1400003
-1.96,-2.1400003
-1.87,-2.1400003
-1.63,-2.1400003
-1.65,-2.1400003
-1.71,-2.1400003
-2.16,-2.1400003
-2.01,-2.1400003
-2.04,-2.1400003
-2.36,-2.1400003
-2.51,-2.1400003
-2.36,-2.1400003
-2.06,-2.1400003
-1.91,-2.1400003
-1.96,-2.1400003
-2.14,-2.1400003
-2.27,-2.1400003
-2.25,-2.1400003
-2.17,-2.1400003
-2.08,-2.1400003
-2.09,-2.1400003
-2.41,-2.1400003
-2.6,-2.1400003
-1.83,-1.9499998
-1.96,-1.9499998
-1.87,-1.9499998
-1.63,-1.9499998
-1.65,-1.9499998
-1.71,-1.9499998
-2.16,-1.9499998
-2.01,-1.9499998
-2.04,-1.9499998
-2.36,-1.9499998
-2.51,-1.9499998
-2.36,-1.9499998
-2.06,-1.9499998
-1.91,-1.9499998
-1.96,-1.9499998
-2.14,-1.9499998
-2.27,-1.9499998
-2.25,-1.9499998
-2.17,-1.9499998
-2.08,-1.9499998
-2.09,-1.9499998
-2.41,-1.9499998
-2.6,-1.9499998
-2.6,-1.9499998
-1.96,-1.8299999
-1.87,-1.8299999
-1.63,-1.8299999
-1.65,-1.8299999
-1.71,-1.8299999
-2.16,-1.8299999
-2.01,-1.8299999
-2.04,-1.8299999
-2.36,-1.8299999
-2.51,-1.8299999
-2.36,-1.8299999
-2.06,-1.8299999
-1.91,-1.8299999
-1.96,-1.8299999
-2.14,-1.8299999
-2.27,-1.8299999
-2.25,-1.8299999
-2.17,-1.8299999
-2.08,-1.8299999
-2.09,-1.8299999
-2.41,-1.8299999
-2.6,-1.8299999
-2.6,-1.8299999
-2.62,-1.8299999
-1.87,-1.96
-1.63,-1.96
-1.65,-1.96
-1.71,-1.96
-2.16,-1.96
-2.01,-1.96
-2.04,-1.96
-2.36,-1.96
-2.51,-1.96
-2.36,-1.96
-2.06,-1.96
-1.91,-1.96
-1.96,-1.96
-2.14,-1.96
-2.27,-1.96
-2.25,-1.96
-2.17,-1.96
-2.08,-1.96
-2.09,-1.96
-2.41,-1.96
-2.6,-1.96
-2.6,-1.96
-2.62,-1.96
-2.56,-1.96
-1.63,-1.8699999
-1.65,-1.8699999
-1.71,-1.8699999
-2.16,-1.8699999
-2.01,-1.8699999
-2.04,-1.8699999
-2.36,-1.8699999
-2.51,-1.8699999
-2.36,-1.8699999
-2.06,-1.8699999
-1.91,-1.8699999
-1.96,-1.8699999
-2.14,-1.8699999
-2.27,-1.8699999
-2.25,-1.8699999
-2.17,-1.8699999
-2.08,-1.8699999
-2.09,-1.8699999
-2.41,-1.8699999
-2.6,-1.8699999
-2.6,-1.8699999
-2.62,-1.8699999
-2.56,-1.8699999
-2.42,-1.8699999
-1.65,-1.6300001
-1.71,-1.6300001
-2.16,-1.6300001
-2.01,-1.6300001
-2.04,-1.6300001
-2.36,-1.6300001
-2.51,-1.6300001
-2.36,-1.6300001
-2.06,-1.6300001
-1.91,-1.6300001
-1.96,-1.6300001
-2.14,-1.6300001
-2.27,-1.6300001
-2.25,-1.6300001
-2.17,-1.6300001
-2.08,-1.6300001
-2.09,-1.6300001
-2.41,-1.6300001
-2.6,-1.6300001
-2.6,-1.6300001
-2.62,-1.6300001
-2.56,-1.6300001
-2.42,-1.6300001
-2.31,-1.6300001
-1.71,-1.6499996
-2.16,-1.6499996
-2.01,-1.6499996
-2.04,-1.6499996
-2.36,-1.6499996
-2.51,-1.6499996
-2.36,-1.6499996
-2.06,-1.6499996
-1.91,-1.6499996
-1.96,-1.6499996
-2.14,-1.6499996
-2.27,-1.6499996
-2.25,-1.6499996
-2.17,-1.6499996
-2.08,-1.6499996
-2.09,-1.6499996
-2.41,-1.6499996
-2.6,-1.6499996
-2.6,-1.6499996
-2.62,-1.6499996
-2.56,-1.6499996
-2.42,-1.6499996
-2.31,-1.6499996
-2.35,-1.6499996
-2.16,-1.71
-2.01,-1.71
-2.04,-1.71
-2.36,-1.71
-2.51,-1.71
-2.36,-1.71
-2.06,-1.71
-1.91,-1.71
-1.96,-1.71
-2.14,-1.71
-2.27,-1.71
-2.25,-1.71
-2.17,-1.71
-2.08,-1.71
-2.09,-1.71
-2.41,-1.71
-2.6,-1.71
-2.6,-1.71
-2.62,-1.71
-2.56,-1.71
-2.42,-1.71
-2.31,-1.71
-2.35,-1.71
-2.41,-1.71
-2.01,-2.1599998
-2.04,-2.1599998
-2.36,-2.1599998
-2.51,-2.1599998
-2.36,-2.1599998
-2.06,-2.1599998
-1.91,-2.1599998
-1.96,-2.1599998
-2.14,-2.1599998
-2.27,-2.1599998
-2.25,-2.1599998
-2.17,-2.1599998
-2.08,-2.1599998
-2.09,-2.1599998
-2.41,-2.1599998
-2.6,-2.1599998
-2.6,-2.1599998
-2.62,-2.1599998
-2.56,-2.1599998
-2.42,-2.1599998
-2.31,-2.1599998
-2.35,-2.1599998
-2.41,-2.1599998
-2.42,-2.1599998
-2.04,-2.0100002
-2.36,-2.0100002
-2.51,-2.0100002
-2.36,-2.0100002
-2.06,-2.0100002
-1.91,-2.0100002
-1.96,-2.0100002
-2.14,-2.0100002
-2.27,-2.0100002
-2.25,-2.0100002
-2.17,-2.0100002
-2.08,-2.0100002
-2.09,-2.0100002
-2.41,-2.0100002
-2.6,-2.0100002
-2.6,-2.0100002
-2.62,-2.0100002
-2.56,-2.0100002
-2.42,-2.0100002
-2.31,-2.0100002
-2.35,-2.0100002
-2.41,-2.0100002
-2.42,-2.0100002
-2.16,-2.0100002
-2.36,-2.04
-2.51,-2.04
-2.36,-2.04
-2.06,-2.04
-1.91,-2.04
-1.96,-2.04
-2.14,-2.04
-2.27,-2.04
-2.25,-2.04
-2.17,-2.04
-2.08,-2.04
-2.09,-2.04
-2.41,-2.04
-2.6,-2.04
-2.6,-2.04
-2.62,-2.04
-2.56,-2.04
-2.42,-2.04
-2.31,-2.04
-2.35,-2.04
-2.41,-2.04
-2.42,-2.04
-2.16,-2.04
-2.07,-2.04
-2.51,-2.3599997
-2.36,-2.3599997
-2.06,-2.3599997
-1.91,-2.3599997
-1.96,-2.3599997
-2.14,-2.3599997
-2.27,-2.3599997
-2.25,-2.3599997
-2.17,-2.3599997
-2.08,-2.3599997
-2.09,-2.3599997
-2.41,-2.3599997
-2.6,-2.3599997
-2.6,-2.3599997
-2.62,-2.3599997
-2.56,-2.3599997
-2.42,-2.3599997
-2.31,-2.3599997
-2.35,-2.3599997
-2.41,-2.3599997
-2.42,-2.3599997
-2.16,-2.3599997
-2.07,-2.3599997
-2.14,-2.3599997
-2.36,-2.5099993
-2.06,-2.5099993
-1.91,-2.5099993
-1.96,-2.5099993
-2.14,-2.5099993
-2.27,-2.5099993
-2.25,-2.5099993
-2.17,-2.5099993
-2.08,-2.5099993
-2.09,-2.5099993
-2.41,-2.5099993
-2.6,-2.5099993
-2.6,-2.5099993
-2.62,-2.5099993
-2.56,-2.5099993
-2.42,-2.5099993
-2.31,-2.5099993
-2.35,-2.5099993
-2.41,-2.5099993
-2.42,-2.5099993
-2.16,-2.5099993
-2.07,-2.5099993
-2.14,-2.5099993
-2.0,-2.5099993
-2.06,-2.3599997
-1.91,-2.3599997
-1.96,-2.3599997
-2.14,-2.3599997
-2.27,-2.3599997
-2.25,-2.3599997
-2.17,-2.3599997
-2.08,-2.3599997
-2.09,-2.3599997
-2.41,-2.3599997
-2.6,-2.3599997
-2.6,-2.3599997
-2.62,-2.3599997
-2.56,-2.3599997
-2.42,-2.3599997
-2.31,-2.3599997
-2.35,-2.3599997
-2.41,-2.3599997
-2.42,-2.3599997
-2.16,-2.3599997
-2.07,-2.3599997
-2.14,-2.3599997
-2.0,-2.3599997
-2.03,-2.3599997
-1.91,-2.0600004
-1.96,-2.0600004
-2.14,-2.0600004
-2.27,-2.0600004
-2.25,-2.0600004
-2.17,-2.0600004
-2.08,-2.0600004
-2.09,-2.0600004
-2.41,-2.0600004
-2.6,-2.0600004
-2.6,-2.0600004
-2.62,-2.0600004
-2.56,-2.0600004
-2.42,-2.0600004
-2.31,-2.0600004
-2.35,-2.0600004
-2.41,-2.0600004
-2.42,-2.0600004
-2.16,-2.0600004
-2.07,-2.0600004
-2.14,-2.0600004
-2.0,-2.0600004
-2.03,-2.0600004
-1.94,-2.0600004
-1.96,-1.9099998
-2.14,-1.9099998
-2.27,-1.9099998
-2.25,-1.9099998
-2.17,-1.9099998
-2.08,-1.9099998
-2.09,-1.9099998
-2.41,-1.9099998
-2.6,-1.9099998
-2.6,-1.9099998
-2.62,-1.9099998
-2.56,-1.9099998
-2.42,-1.9099998
-2.31,-1.9099998
-2.35,-1.9099998
-2.41,-1.9099998
-2.42,-1.9099998
-2.16,-1.9099998
-2.07,-1.9099998
-2.14,-1.9099998
-2.0,-1.9099998
-2.03,-1.9099998
-1.94,-1.9099998
-1.82,-1.9099998
-2.14,-1.96
-2.27,-1.96
-2.25,-1.96
-2.17,-1.96
-2.08,-1.96
-2.09,-1.96
-2.41,-1.96
-2.6,-1.96
-2.6,-1.96
-2.62,-1.96
-2.56,-1.96
-2.42,-1.96
-2.31,-1.96
-2.35,-1.96
-2.41,-1.96
-2.42,-1.96
-2.16,-1.96
-2.07,-1.96
-2.14,-1.96
-2.0,-1.96
-2.03,-1.96
-1.94,-1.96
-1.82,-1.96
-1.61,-1.96
-2.27,-2.1400003
-2.25,-2.1400003
-2.17,-2.1400003
-2.08,-2.1400003
-2.09,-2.1400003
-2.41,-2.1400003
-2.6,-2.1400003
-2.6,-2.1400003
-2.62,-2.1400003
-2.56,-2.1400003
-2.42,-2.1400003
-2.31,-2.1400003
-2.35,-2.1400003
-2.41,-2.1400003
-2.42,-2.1400003
-2.16,-2.1400003
-2.07,-2.1400003
-2.14,-2.1400003
-2.0,-2.1400003
-2.03,-2.1400003
-1.94,-2.1400003
-1.82,-2.1400003
-1.61,-2.1400003
-1.34,-2.1400003
-2.25,-2.2699995
-2.17,-2.2699995
-2.08,-2.2699995
-2.09,-2.2699995
-2.41,-2.2699995
-2.6,-2.2699995
-2.6,-2.2699995
-2.62,-2.2699995
-2.56,-2.2699995
-2.42,-2.2699995
-2.31,-2.2699995
-2.35,-2.2699995
-2.41,-2.2699995
-2.42,-2.2699995
-2.16,-2.2699995
-2.07,-2.2699995
-2.14,-2.2699995
-2.0,-2.2699995
-2.03,-2.2699995
-1.94,-2.2699995
-1.82,-2.2699995
-1.61,-2.2699995
-1.34,-2.2699995
-1.03,-2.2699995
-2.17,-2.25
-2.08,-2.25
-2.09,-2.25
-2.41,-2.25
-2.6,-2.25
-2.6,-2.25
-2.62,-2.25
-2.56,-2.25
-2.42,-2.25
-2.31,-2.25
-2.35,-2.25
-2.41,-2.25
-2.42,-2.25
-2.16,-2.25
-2.07,-2.25
-2.14,-2.25
-2.0,-2.25
-2.03,-2.25
-1.94,-2.25
-1.82,-2.25
-1.61,-2.25
-1.34,-2.25
-1.03,-2.25
-0.49,-2.25
-2.08,-2.17
-2.09,-2.17
-2.41,-2.17
-2.6,-2.17
-2.6,-2.17
-2.62,-2.17
-2.56,-2.17
-2.42,-2.17
-2.31,-2.17
-2.35,-2.17
-2.41,-2.17
-2.42,-2.17
-2.16,-2.17
-2.07,-2.17
-2.14,-2.17
-2.0,-2.17
-2.03,-2.17
-1.94,-2.17
-1.82,-2.17
-1.61,-2.17
-1.34,-2.17
-1.03,-2.17
-0.49,-2.17
-0.04,-2.17
-2.09,-2.08
-2.41,-2.08
-2.6,-2.08
-2.6,-2.08
-2.62,-2.08
-2.56,-2.08
-2.42,-2.08
-2.31,-2.08
-2.35,-2.08
-2.41,-2.08
-2.42,-2.08
-2.16,-2.08
-2.07,-2.08
-2.14,-2.08
-2.0,-2.08
-2.03,-2.08
-1.94,-2.08
-1.82,-2.08
-1.61,-2.08
-1.34,-2.08
-1.03,-2.08
-0.49,-2.08
-0.04,-2.08
0.33,-2.08
-2.41,-2.0900002
-2.6,-2.0900002
-2.6,-2.0900002
-2.62,-2.0900002
-2.56,-2.0900002
-2.42,-2.0900002
-2.31,-2.0900002
-2.35,-2.0900002
-2.41,-2.0900002
-2.42,-2.0900002
-2.16,-2.0900002
-2.07,-2.0900002
-2.14,-2.0900002
-2.0,-2.0900002
-2.03,-2.0900002
-1.94,-2.0900002
-1.82,-2.0900002
-1.61,-2.0900002
-1.34,-2.0900002
-1.03,-2.0900002
-0.49,-2.0900002
-0.04,-2.0900002
0.33,-2.0900002
0.75,-2.0900002
-2.6,-2.4099998
-2.6,-2.4099998
-2.62,-2.4099998
-2.56,-2.4099998
-2.42,-2.4099998
-2.31,-2.4099998
-2.35,-2.4099998
-2.41,-2.4099998
-2.42,-2.4099998
-2.16,-2.4099998
-2.07,-2.4099998
-2.14,-2.4099998
-2.0,-2.4099998
-2.03,-2.4099998
-1.94,-2.4099998
-1.82,-2.4099998
-1.61,-2.4099998
-1.34,-2.4099998
-1.03,-2.4099998
-0.49,-2.4099998
-0.04,-2.4099998
0.33,-2.4099998
0.75,-2.4099998
1.18,-2.4099998
-2.6,-2.5999994
-2.62,-2.5999994
-2.56,-2.5999994
-2.42,-2.5999994
-2.31,-2.5999994
-2.35,-2.5999994
-2.41,-2.5999994
-2.42,-2.5999994
-2.16,-2.5999994
-2.07,-2.5999994
-2.14,-2.5999994
-2.0,-2.5999994
-2.03,-2.5999994
-1.94,-2.5999994
-1.82,-2.5999994
-1.61,-2.5999994
-1.34,-2.5999994
-1.03,-2.5999994
-0.49,-2.5999994
-0.04,-2.5999994
0.33,-2.5999994
0.75,-2.5999994
1.18,-2.5999994
1.42,-2.5999994
-2.62,-2.5999994
-2.56,-2.5999994
-2.42,-2.5999994
-2.31,-2.5999994
-2.35,-2.5999994
-2.41,-2.5999994
-2.42,-2.5999994
-2.16,-2.5999994
-2.07,-2.5999994
-2.14,-2.5999994
-2.0,-2.5999994
-2.03,-2.5999994
-1.94,-2.5999994
-1.82,-2.5999994
-1.61,-2.5999994
-1.34,-2.5999994
-1.03,-2.5999994
-0.49,-2.5999994
-0.04,-2.5999994
0.33,-2.5999994
0.75,-2.5999994
1.18,-2.5999994
1.42,-2.5999994
1.73,-2.5999994
-2.56,-2.62
-2.42,-2.62
-2.31,-2.62
-2.35,-2.62
-2.41,-2.62
-2.42,-2.62
-2.16,-2.62
-2.07,-2.62
-2.14,-2.62
-2.0,-2.62
-2.03,-2.62
-1.94,-2.62
-1.82,-2.62
-1.61,-2.62
-1.34,-2.62
-1.03,-2.62
-0.49,-2.62
-0.04,-2.62
0.33,-2.62
0.75,-2.62
1.18,-2.62
1.42,-2.62
1.73,-2.62
1.75,-2.62
-2.42,-2.5600014
-2.31,-2.5600014
-2.35,-2.5600014
-2.41,-2.5600014
-2.42,-2.5600014
-2.16,-2.5600014
-2.07,-2.5600014
-2.14,-2.5600014
-2.0,-2.5600014
-2.03,-2.5600014
-1.94,-2.5600014
-1.82,-2.5600014
-1.61,-2.5600014
-1.34,-2.5600014
-1.03,-2.5600014
-0.49,-2.5600014
-0.04,-2.5600014
0.33,-2.5600014
0.75,-2.5600014
1.18,-2.5600014
1.42,-2.5600014
1.73,-2.5600014
1.75,-2.5600014
1.98,-2.5600014
-2.31,-2.42
-2.35,-2.42
-2.41,-2.42
-2.42,-2.42
-2.16,-2.42
-2.07,-2.42
-2.14,-2.42
-2.0,-2.42
-2.03,-2.42
-1.94,-2.42
-1.82,-2.42
-1.61,-2.42
-1.34,-2.42
-1.03,-2.42
-0.49,-2.42
-0.04,-2.42
0.33,-2.42
0.75,-2.42
1.18,-2.42
1.42,-2.42
1.73,-2.42
1.75,-2.42
1.98,-2.42
2.21,-2.42
-2.35,-2.3100004
-2.41,-2.3100004
-2.42,-2.3100004
-2.16,-2.3100004
-2.07,-2.3100004
-2.14,-2.3100004
-2.0,-2.3100004
-2.03,-2.3100004
-1.94,-2.3100004
-1.82,-2.3100004
-1.61,-2.3100004
-1.34,-2.3100004
-1.03,-2.3100004
-0.49,-2.3100004
-0.04,-2.3100004
0.33,-2.3100004
0.75,-2.3100004
1.18,-2.3100004
1.42,-2.3100004
1.73,-2.3100004
1.75,-2.3100004
1.98,-2.3100004
2.21,-2.3100004
2.36,-2.3100004
-2.41,-2.3499994
-2.42,-2.3499994
-2.16,-2.3499994
-2.07,-2.3499994
-2.14,-2.3499994
-2.0,-2.3499994
-2.03,-2.3499994
-1.94,-2.3499994
-1.82,-2.3499994
-1.61,-2.3499994
-1.34,-2.3499994
-1.03,-2.3499994
-0.49,-2.3499994
-0.04,-2.3499994
0.33,-2.3499994
0.75,-2.3499994
1.18,-2.3499994
1.42,-2.3499994
1.73,-2.3499994
1.75,-2.3499994
1.98,-2.3499994
2.21,-2.3499994
2.36,-2.3499994
2.4,-2.3499994
-2.42,-2.4099998
-2.16,-2.4099998
-2.07,-2.4099998
-2.14,-2.4099998
-2.0,-2.4099998
-2.03,-2.4099998
-1.94,-2.4099998
-1.82,-2.4099998
-1.61,-2.4099998
-1.34,-2.4099998
-1.03,-2.4099998
-0.49,-2.4099998
-0.04,-2.4099998
0.33,-2.4099998
0.75,-2.4099998
1.18,-2.4099998
1.42,-2.4099998
1.73,-2.4099998
1.75,-2.4099998
1.98,-2.4099998
2.21,-2.4099998
2.36,-2.4099998
2.4,-2.4099998
2.75,-2.4099998
-2.16,-2.42
-2.07,-2.42
-2.14,-2.42
-2.0,-2.42
-2.03,-2.42
-1.94,-2.42
-1.82,-2.42
-1.61,-2.42
-1.34,-2.42
-1.03,-2.42
-0.49,-2.42
-0.04,-2.42
0.33,-2.42
0.75,-2.42
1.18,-2.42
1.42,-2.42
1.73,-2.42
1.75,-2.42
1.98,-2.42
2.21,-2.42
2.36,-2.42
2.4,-2.42
2.75,-2.42
2.89,-2.42
-2.07,-2.1599998
-2.14,-2.1599998
-2.0,-2.1599998
-2.03,-2.1599998
-1.94,-2.1599998
-1.82,-2.1599998
-1.61,-2.1599998
-1.34,-2.1599998
-1.03,-2.1599998
-0.49,-2.1599998
-0.04,-2.1599998
0.33,-2.1599998
0.75,-2.1599998
1.18,-2.1599998
1.42,-2.1599998
1.73,-2.1599998
1.75,-2.1599998
1.98,-2.1599998
2.21,-2.1599998
2.36,-2.1599998
2.4,-2.1599998
2.75,-2.1599998
2.89,-2.1599998
3.0,-2.1599998
-2.14,-2.0699997
-2.0,-2.0699997
-2.03,-2.0699997
-1.94,-2.0699997
-1.82,-2.0699997
-1.61,-2.0699997
-1.34,-2.0699997
-1.03,-2.0699997
-0.49,-2.0699997
-0.04,-2.0699997
0.33,-2.0699997
0.75,-2.0699997
1.18,-2.0699997
1.42,-2.0699997
1.73,-2.0699997
1.75,-2.0699997
1.98,-2.0699997
2.21,-2.0699997
2.36,-2.0699997
2.4,-2.0699997
2.75,-2.0699997
2.89,-2.0699997
3.0,-2.0699997
3.11,-2.0699997
-2.0,-2.1400003
-2.03,-2.1400003
-1.94,-2.1400003
-1.82,-2.1400003
-1.61,-2.1400003
-1.34,-2.1400003
-1.03,-2.1400003
-0.49,-2.1400003
-0.04,-2.1400003
0.33,-2.1400003
0.75,-2.1400003
1.18,-2.1400003
1.42,-2.1400003
1.73,-2.1400003
1.75,-2.1400003
1.98,-2.1400003
2.21,-2.1400003
2.36,-2.1400003
2.4,-2.1400003
2.75,-2.1400003
2.89,-2.1400003
3.0,-2.1400003
3.11,-2.1400003
3.17,-2.1400003
-2.03,-2.0
-1.94,-2.0
-1.82,-2.0
-1.61,-2.0
-1.34,-2.0
-1.03,-2.0
-0.49,-2.0
-0.04,-2.0
0.33,-2.0
0.75,-2.0
1.18,-2.0
1.42,-2.0
1.73,-2.0
1.75,-2.0
1.98,-2.0
2.21,-2.0
2.36,-2.0
2.4,-2.0
2.75,-2.0
2.89,-2.0
3.0,-2.0
3.11,-2.0
3.17,-2.0
3.08,-2.0
-1.94,-2.0299997
-1.82,-2.0299997
-1.61,-2.0299997
-1.34,-2.0299997
-1.03,-2.0299997
-0.49,-2.0299997
-0.04,-2.0299997
0.33,-2.0299997
0.75,-2.0299997
1.18,-2.0299997
1.42,-2.0299997
1.73,-2.0299997
1.75,-2.0299997
1.98,-2.0299997
2.21,-2.0299997
2.36,-2.0299997
2.4,-2.0299997
2.75,-2.0299997
2.89,-2.0299997
3.0,-2.0299997
3.11,-2.0299997
3.17,-2.0299997
3.08,-2.0299997
3.06,-2.0299997
-1.82,-1.9399996
-1.61,-1.9399996
-1.34,-1.9399996
-1.03,-1.9399996
-0.49,-1.9399996
-0.04,-1.9399996
0.33,-1.9399996
0.75,-1.9399996
1.18,-1.9399996
1.42,-1.9399996
1.73,-1.9399996
1.75,-1.9399996
1.98,-1.9399996
2.21,-1.9399996
2.36,-1.9399996
2.4,-1.9399996
2.75,-1.9399996
2.89,-1.9399996
3.0,-1.9399996
3.11,-1.9399996
3.17,-1.9399996
3.08,-1.9399996
3.06,-1.9399996
3.18,-1.9399996
-1.61,-1.8199997
-1.34,-1.8199997
-1.03,-1.8199997
-0.49,-1.8199997
-0.04,-1.8199997
0.33,-1.8199997
0.75,-1.8199997
1.18,-1.8199997
1.42,-1.8199997
1.73,-1.8199997
1.75,-1.8199997
1.98,-1.8199997
2.21,-1.8199997
2.36,-1.8199997
2.4,-1.8199997
2.75,-1.8199997
2.89,-1.8199997
3.0,-1.8199997
3.11,-1.8199997
3.17,-1.8199997
3.08,-1.8199997
3.06,-1.8199997
3.18,-1.8199997
3.43,-1.8199997
-1.34,-1.6099997
-1.03,-1.6099997
-0.49,-1.6099997
-0.04,-1.6099997
0.33,-1.6099997
0.75,-1.6099997
1.18,-1.6099997
1.42,-1.6099997
1.73,-1.6099997
1.75,-1.6099997
1.98,-1.6099997
2.21,-1.6099997
2.36,-1.6099997
2.4,-1.6099997
2.75,-1.6099997
2.89,-1.6099997
3.0,-1.6099997
3.11,-1.6099997
3.17,-1.6099997
3.08,-1.6099997
3.06,-1.6099997
3.18,-1.6099997
3.43,-1.6099997
3.36,-1.6099997
-1.03,-1.3400002
-0.49,-1.3400002
-0.04,-1.3400002
0.33,-1.3400002
0.75,-1.3400002
1.18,-1.3400002
1.42,-1.3400002
1.73,-1.3400002
1.75,-1.3400002
1.98,-1.3400002
2.21,-1.3400002
2.36,-1.3400002
2.4,-1.3400002
2.75,-1.3400002
2.89,-1.3400002
3.0,-1.3400002
3.11,-1.3400002
3.17,-1.3400002
3.08,-1.3400002
3.06,-1.3400002
3.18,-1.3400002
3.43,-1.3400002
3.36,-1.3400002
3.3,-1.3400002
-0.49,-1.0299997
-0.04,-1.0299997
0.33,-1.0299997
0.75,-1.0299997
1.18,-1.0299997
1.42,-1.0299997
1.73,-1.0299997
1.75,-1.0299997
1.98,-1.0299997
2.21,-1.0299997
2.36,-1.0299997
2.4,-1.0299997
2.75,-1.0299997
2.89,-1.0299997
3.0,-1.0299997
3.11,-1.0299997
3.17,-1.0299997
3.08,-1.0299997
3.06,-1.0299997
3.18,-1.0299997
3.43,-1.0299997
3.36,-1.0299997
3.3,-1.0299997
3.55,-1.0299997
-0.04,-0.48999977
0.33,-0.48999977
0.75,-0.48999977
1.18,-0.48999977
1.42,-0.48999977
1.73,-0.48999977
1.75,-0.48999977
1.98,-0.48999977
2.21,-0.48999977
2.36,-0.48999977
2.4,-0.48999977
2.75,-0.48999977
2.89,-0.48999977
3.0,-0.48999977
3.11,-0.48999977
3.17,-0.48999977
3.08,-0.48999977
3.06,-0.48999977
3.18,-0.48999977
3.43,-0.48999977
3.36,-0.48999977
3.3,-0.48999977
3.55,-0.48999977
3.71,-0.48999977
0.33,-0.03999996
0.75,-0.03999996
1.18,-0.03999996
1.42,-0.03999996
1.73,-0.03999996
1.75,-0.03999996
1.98,-0.03999996
2.21,-0.03999996
2.36,-0.03999996
2.4,-0.03999996
2.75,-0.03999996
2.89,-0.03999996
3.0,-0.03999996
3.11,-0.03999996
3.17,-0.03999996
3.08,-0.03999996
3.06,-0.03999996
3.18,-0.03999996
3.43,-0.03999996
3.36,-0.03999996
3.3,-0.03999996
3.55,-0.03999996
3.71,-0.03999996
3.72,-0.03999996
0.75,0.32999992
1.18,0.32999992
1.42,0.32999992
1.73,0.32999992
1.75,0.32999992
1.98,0.32999992
2.21,0.32999992
2.36,0.32999992
2.4,0.32999992
2.75,0.32999992
2.89,0.32999992
3.0,0.32999992
3.11,0.32999992
3.17,0.32999992
3.08,0.32999992
3.06,0.32999992
3.18,0.32999992
3.43,0.32999992
3.36,0.32999992
3.3,0.32999992
3.55,0.32999992
3.71,0.32999992
3.72,0.32999992
3.67,0.32999992
1.18,0.75
1.42,0.75
1.73,0.75
1.75,0.75
1.98,0.75
2.21,0.75
2.36,0.75
2.4,0.75
2.75,0.75
2.89,0.75
3.0,0.75
3.11,0.75
3.17,0.75
3.08,0.75
3.06,0.75
3.18,0.75
3.43,0.75
3.36,0.75
3.3,0.75
3.55,0.75
3.71,0.75
3.72,0.75
3.67,0.75
3.14,0.75
1.42,1.1800003
1.73,1.1800003
1.75,1.1800003
1.98,1.1800003
2.21,1.1800003
2.36,1.1800003
2.4,1.1800003
2.75,1.1800003
2.89,1.1800003
3.0,1.1800003
3.11,1.1800003
3.17,1.1800003
3.08,1.1800003
3.06,1.1800003
3.18,1.1800003
3.43,1.1800003
3.36,1.1800003
3.3,1.1800003
3.55,1.1800003
3.71,1.1800003
3.72,1.1800003
3.67,1.1800003
3.14,1.1800003
2.8,1.1800003
1.73,1.4200001
1.75,1.4200001
1.98,1.4200001
2.21,1.4200001
2.36,1.4200001
2.4,1.4200001
2.75,1.4200001
2.89,1.4200001
3.0,1.4200001
3.11,1.4200001
3.17,1.4200001
3.08,1.4200001
3.06,1.4200001
3.18,1.4200001
3.43,1.4200001
3.36,1.4200001
3.3,1.4200001
3.55,1.4200001
3.71,1.4200001
3.72,1.4200001
3.67,1.4200001
3.14,1.4200001
2.8,1.4200001
2.76,1.4200001
1.75,1.7300005
1.98,1.7300005
2.21,1.7300005
2.36,1.7300005
2.4,1.7300005
2.75,1.7300005
2.89,1.7300005
3.0,1.7300005
3.11,1.7300005
3.17,1.7300005
3.08,1.7300005
3.06,1.7300005
3.18,1.7300005
3.43,1.7300005
3.36,1.7300005
3.3,1.7300005
3.55,1.7300005
3.71,1.7300005
3.72,1.7300005
3.67,1.7300005
3.14,1.7300005
2.8,1.7300005
2.76,1.7300005
2.84,1.7300005
1.98,1.75
2.21,1.75
2.36,1.75
2.4,1.75
2.75,1.75
2.89,1.75
3.0,1.75
3.11,1.75
3.17,1.75
3.08,1.75
3.06,1.75
3.18,1.75
3.43,1.75
3.36,1.75
3.3,1.75
3.55,1.75
3.71,1.75
3.72,1.75
3.67,1.75
3.14,1.75
2.8,1.75
2.76,1.75
2.84,1.75
2.8,1.75
2.21,1.9800005
2.36,1.9800005
2.4,1.9800005
2.75,1.9800005
2.89,1.9800005
3.0,1.9800005
3.11,1.9800005
3.17,1.9800005
3.08,1.9800005
3.06,1.9800005
3.18,1.9800005
3.43,1.9800005
3.36,1.9800005
3.3,1.9800005
3.55,1.9800005
3.71,1.9800005
3.72,1.9800005
3.67,1.9800005
3.14,1.9800005
2.8,1.9800005
2.76,1.9800005
2.84,1.9800005
2.8,1.9800005
2.68,1.9800005
2.36,2.21
2.4,2.21
2.75,2.21
2.89,2.21
3.0,2.21
3.11,2.21
3.17,2.21
3.08,2.21
3.06,2.21
3.18,2.21
3.43,2.21
3.36,2.21
3.3,2.21
3.55,2.21
3.71,2.21
3.72,2.21
3.67,2.21
3.14,2.21
2.8,2.21
2.76,2.21
2.84,2.21
2.8,2.21
2.68,2.21
2.54,2.21
2.4,2.3599997
2.75,2.3599997
2.89,2.3599997
3.0,2.3599997
3.11,2.3599997
3.17,2.3599997
3.08,2.3599997
3.06,2.3599997
3.18,2.3599997
3.43,2.3599997
3.36,2.3599997
3.3,2.3599997
3.55,2.3599997
3.71,2.3599997
3.72,2.3599997
3.67,2.3599997
3.14,2.3599997
2.8,2.3599997
2.76,2.3599997
2.84,2.3599997
2.8,2.3599997
2.68,2.3599997
2.54,2.3599997
2.51,2.3599997
2.75,2.4000006
2.89,2.4000006
3.0,2.4000006
3.11,2.4000006
3.17,2.4000006
3.08,2.4000006
3.06,2.4000006
3.18,2.4000006
3.43,2.4000006
3.36,2.4000006
3.3,2.4000006
3.55,2.4000006
3.71,2.4000006
3.72,2.4000006
3.67,2.4000006
3.14,2.4000006
2.8,2.4000006
2.76,2.4000006
2.84,2.4000006
2.8,2.4000006
2.68,2.4000006
2.54,2.4000006
2.51,2.4000006
2.48,2.4000006
2.89,2.75
3.0,2.75
3.11,2.75
3.17,2.75
3.08,2.75
3.06,2.75
3.18,2.75
3.43,2.75
3.36,2.75
3.3,2.75
3.55,2.75
3.71,2.75
3.72,2.75
3.67,2.75
3.14,2.75
2.8,2.75
2.76,2.75
2.84,2.75
2.8,2.75
2.68,2.75
2.54,2.75
2.51,2.75
2.48,2.75
2.45,2.75
3.0,2.8900003
3.11,2.8900003
3.17,2.8900003
3.08,2.8900003
3.06,2.8900003
3.18,2.8900003
3.43,2.8900003
3.36,2.8900003
3.3,2.8900003
3.55,2.8900003
3.71,2.8900003
3.72,2.8900003
3.67,2.8900003
3.14,2.8900003
2.8,2.8900003
2.76,2.8900003
2.84,2.8900003
2.8,2.8900003
2.68,2.8900003
2.54,2.8900003
2.51,2.8900003
2.48,2.8900003
2.45,2.8900003
2.32,2.8900003
3.11,3.0
3.17,3.0
3.08,3.0
3.06,3.0
3.18,3.0
3.43,3.0
3.36,3.0
3.3,3.0
3.55,3.0
3.71,3.0
3.72,3.0
3.67,3.0
3.14,3.0
2.8,3.0
2.76,3.0
2.84,3.0
2.8,3.0
2.68,3.0
2.54,3.0
2.51,3.0
2.48,3.0
2.45,3.0
2.32,3.0
2.35,3.0
3.17,3.1099997
3.08,3.1099997
3.06,3.1099997
3.18,3.1099997
3.43,3.1099997
3.36,3.1099997
3.3,3.1099997
3.55,3.1099997
3.71,3.1099997
3.72,3.1099997
3.67,3.1099997
3.14,3.1099997
2.8,3.1099997
2.76,3.1099997
2.84,3.1099997
2.8,3.1099997
2.68,3.1099997
2.54,3.1099997
2.51,3.1099997
2.48,3.1099997
2.45,3.1099997
2.32,3.1099997
2.35,3.1099997
2.46,3.1099997
3.08,3.17
3.06,3.17
3.18,3.17
3.43,3.17
3.36,3.17
3.3,3.17
3.55,3.17
3.71,3.17
3.72,3.17
3.67,3.17
3.14,3.17
2.8,3.17
2.76,3.17
2.84,3.17
2.8,3.17
2.68,3.17
2.54,3.17
2.51,3.17
2.48,3.17
2.45,3.17
2.32,3.17
2.35,3.17
2.46,3.17
2.54,3.17
3.06,3.08
3.18,3.08
3.43,3.08
3.36,3.08
3.3,3.08
3.55,3.08
3.71,3.08
3.72,3.08
3.67,3.08
3.14,3.08
2.8,3.08
2.76,3.08
2.84,3.08
2.8,3.08
2.68,3.08
2.54,3.08
2.51,3.08
2.48,3.08
2.45,3.08
2.32,3.08
2.35,3.08
2.46,3.08
2.54,3.08
2.4,3.08
3.18,3.0600004
3.43,3.0600004
3.36,3.0600004
3.3,3.0600004
3.55,3.0600004
3.71,3.0600004
3.72,3.0600004
3.67,3.0600004
3.14,3.0600004
2.8,3.0600004
2.76,3.0600004
2.84,3.0600004
2.8,3.0600004
2.68,3.0600004
2.54,3.0600004
2.51,3.0600004
2.48,3.0600004
2.45,3.0600004
2.32,3.0600004
2.35,3.0600004
2.46,3.0600004
2.54,3.0600004
2.4,3.0600004
2.13,3.0600004
3.43,3.1800003
3.36,3.1800003
3.3,3.1800003
3.55,3.1800003
3.71,3.1800003
3.72,3.1800003
3.67,3.1800003
3.14,3.1800003
2.8,3.1800003
2.76,3.1800003
2.84,3.1800003
2.8,3.1800003
2.68,3.1800003
2.54,3.1800003
2.51,3.1800003
2.48,3.1800003
2.45,3.1800003
2.32,3.1800003
2.35,3.1800003
2.46,3.1800003
2.54,3.1800003
2.4,3.1800003
2.13,3.1800003
2.18,3.1800003
3.36,3.4300003
3.3,3.4300003
3.55,3.4300003
3.71,3.4300003
3.72,3.4300003
3.67,3.4300003
3.14,3.4300003
2.8,3.4300003
2.76,3.4300003
2.84,3.4300003
2.8,3.4300003
2.68,3.4300003
2.54,3.4300003
2.51,3.4300003
2.48,3.4300003
2.45,3.4300003
2.32,3.4300003
2.35,3.4300003
2.46,3.4300003
2.54,3.4300003
2.4,3.4300003
2.13,3.4300003
2.18,3.4300003
2.02,3.4300003
3.3,3.3599997
3.55,3.3599997
3.71,3.3599997
3.72,3.3599997
3.67,3.3599997
3.14,3.3599997
2.8,3.3599997
2.76,3.3599997
2.84,3.3599997
2.8,3.3599997
2.68,3.3599997
2.54,3.3599997
2.51,3.3599997
2.48,3.3599997
2.45,3.3599997
2.32,3.3599997
2.35,3.3599997
2.46,3.3599997
2.54,3.3599997
2.4,3.3599997
2.13,3.3599997
2.18,3.3599997
2.02,3.3599997
1.75,3.3599997
3.55,3.3000002
3.71,3.3000002
3.72,3.3000002
3.67,3.3000002
3.14,3.3000002
2.8,3.3000002
2.76,3.3000002
2.84,3.3000002
2.8,3.3000002
2.68,3.3000002
2.54,3.3000002
2.51,3.3000002
2.48,3.3000002
2.45,3.3000002
2.32,3.3000002
2.35,3.3000002
2.46,3.3000002
2.54,3.3000002
2.4,3.3000002
2.13,3.3000002
2.18,3.3000002
2.02,3.3000002
1.75,3.3000002
1.59,3.3000002
3.71,3.5500002
3.72,3.5500002
3.67,3.5500002
3.14,3.5500002
2.8,3.5500002
2.76,3.5500002
2.84,3.5500002
2.8,3.5500002
2.68,3.5500002
2.54,3.5500002
2.51,3.5500002
2.48,3.5500002
2.45,3.5500002
2.32,3.5500002
2.35,3.5500002
2.46,3.5500002
2.54,3.5500002
2.4,3.5500002
2.13,3.5500002
2.18,3.5500002
2.02,3.5500002
1.75,3.5500002
1.59,3.5500002
1.48,3.5500002
3.72,3.71
3.67,3.71
3.14,3.71
2.8,3.71
2.76,3.71
2.84,3.71
2.8,3.71
2.68,3.71
2.54,3.71
2.51,3.71
2.48,3.71
2.45,3.71
2.32,3.71
2.35,3.71
2.46,3.71
2.54,3.71
2.4,3.71
2.13,3.71
2.18,3.71
2.02,3.71
1.75,3.71
1.59,3.71
1.48,3.71
1.39,3.71
3.67,3.7200003
3.14,3.7200003
2.8,3.7200003
2.76,3.7200003
2.84,3.7200003
2.8,3.7200003
2.68,3.7200003
2.54,3.7200003
2.51,3.7200003
2.48,3.7200003
2.45,3.7200003
2.32,3.7200003
2.35,3.7200003
2.46,3.7200003
2.54,3.7200003
2.4,3.7200003
2.13,3.7200003
2.18,3.7200003
2.02,3.7200003
1.75,3.7200003
1.59,3.7200003
1.48,3.7200003
1.39,3.7200003
1.25,3.7200003
3.14,3.67
2.8,3.67
2.76,3.67
2.84,3.67
2.8,3.67
2.68,3.67
2.54,3.67
2.51,3.67
2.48,3.67
2.45,3.67
2.32,3.67
2.35,3.67
2.46,3.67
2.54,3.67
2.4,3.67
2.13,3.67
2.18,3.67
2.02,3.67
1.75,3.67
1.59,3.67
1.48,3.67
1.39,3.67
1.25,3.67
1.13,3.67
2.8,3.1400003
2.76,3.1400003
2.84,3.1400003
2.8,3.1400003
2.68,3.1400003
2.54,3.1400003
2.51,3.1400003
2.48,3.1400003
2.45,3.1400003
2.32,3.1400003
2.35,3.1400003
2.46,3.1400003
2.54,3.1400003
2.4,3.1400003
2.13,3.1400003
2.18,3.1400003
2.02,3.1400003
1.75,3.1400003
1.59,3.1400003
1.48,3.1400003
1.39,3.1400003
1.25,3.1400003
1.13,3.1400003
1.13,3.1400003
2.76,2.8000002
2.84,2.8000002
2.8,2.8000002
2.68,2.8000002
2.54,2.8000002
2.51,2.8000002
2.48,2.8000002
2.45,2.8000002
2.32,2.8000002
2.35,2.8000002
2.46,2.8000002
2.54,2.8000002
2.4,2.8000002
2.13,2.8000002
2.18,2.8000002
2.02,2.8000002
1.75,2.8000002
1.59,2.8000002
1.48,2.8000002
1.39,2.8000002
1.25,2.8000002
1.13,2.8000002
1.13,2.8000002
1.06,2.8000002
2.84,2.7600002
2.8,2.7600002
2.68,2.7600002
2.54,2.7600002
2.51,2.7600002
2.48,2.7600002
2.45,2.7600002
2.32,2.7600002
2.35,2.7600002
2.46,2.7600002
2.54,2.7600002
2.4,2.7600002
2.13,2.7600002
2.18,2.7600002
2.02,2.7600002
1.75,2.7600002
1.59,2.7600002
1.48,2.7600002
1.39,2.7600002
1.25,2.7600002
1.13,2.7600002
1.13,2.7600002
1.06,2.7600002
0.96,2.7600002
2.8,2.8400002
2.68,2.8400002
2.54,2.8400002
2.51,2.8400002
2.48,2.8400002
2.45,2.8400002
2.32,2.8400002
2.35,2.8400002
2.46,2.8400002
2.54,2.8400002
2.4,2.8400002
2.13,2.8400002
2.18,2.8400002
2.02,2.8400002
1.75,2.8400002
1.59,2.8400002
1.48,2.8400002
1.39,2.8400002
1.25,2.8400002
1.13,2.8400002
1.13,2.8400002
1.06,2.8400002
0.96,2.8400002
0.8,2.8400002
2.68,2.8000002
2.54,2.8000002
2.51,2.8000002
2.48,2.8000002
2.45,2.8000002
2.32,2.8000002
2.35,2.8000002
2.46,2.8000002
2.54,2.8000002
2.4,2.8000002
2.13,2.8000002
2.18,2.8000002
2.02,2.8000002
1.75,2.8000002
1.59,2.8000002
1.48,2.8000002
1.39,2.8000002
1.25,2.8000002
1.13,2.8000002
1.13,2.8000002
1.06,2.8000002
0.96,2.8000002
0.8,2.8000002
0.66,2.8000002
2.54,2.6800003
2.51,2.6800003
2.48,2.6800003
2.45,2.6800003
2.32,2.6800003
2.35,2.6800003
2.46,2.6800003
2.54,2.6800003
2.4,2.6800003
2.13,2.6800003
2.18,2.6800003
2.02,2.6800003
1.75,2.6800003
1.59,2.6800003
1.48,2.6800003
1.39,2.6800003
1.25,2.6800003
1.13,2.6800003
1.13,2.6800003
1.06,2.6800003
0.96,2.6800003
0.8,2.6800003
0.66,2.6800003
0.58,2.6800003
2.51,2.54
2.48,2.54
2.45,2.54
2.32,2.54
2.35,2.54
2.46,2.54
2.54,2.54
2.4,2.54
2.13,2.54
2.18,2.54
2.02,2.54
1.75,2.54
1.59,2.54
1.48,2.54
1.39,2.54
1.25,2.54
1.13,2.54
1.13,2.54
1.06,2.54
0.96,2.54
0.8,2.54
0.66,2.54
0.58,2.54
0.56,2.54
2.48,2.5100002
2.45,2.5100002
2.32,2.5100002
2.35,2.5100002
2.46,2.5100002
2.54,2.5100002
2.4,2.5100002
2.13,2.5100002
2.18,2.5100002
2.02,2.5100002
1.75,2.5100002
1.59,2.5100002
1.48,2.5100002
1.39,2.5100002
1.25,2.5100002
1.13,2.5100002
1.13,2.5100002
1.06,2.5100002
0.96,2.5100002
0.8,2.5100002
0.66,2.5100002
0.58,2.5100002
0.56,2.5100002
0.48,2.5100002
2.45,2.4800005
2.32,2.4800005
2.35,2.4800005
2.46,2.4800005
2.54,2.4800005
2.4,2.4800005
2.13,2.4800005
2.18,2.4800005
2.02,2.4800005
1.75,2.4800005
1.59,2.4800005
1.48,2.4800005
1.39,2.4800005
1.25,2.4800005
1.13,2.4800005
1.13,2.4800005
1.06,2.4800005
0.96,2.4800005
0.8,2.4800005
0.66,2.4800005
0.58,2.4800005
0.56,2.4800005
0.48,2.4800005
0.41,2.4800005
2.32,2.4499998
2.35,2.4499998
2.46,2.4499998
2.54,2.4499998
2.4,2.4499998
2.13,2.4499998
2.18,2.4499998
2.02,2.4499998
1.75,2.4499998
1.59,2.4499998
1.48,2.4499998
1.39,2.4499998
1.25,2.4499998
1.13,2.4499998
1.13,2.4499998
1.06,2.4499998
0.96,2.4499998
0.8,2.4499998
0.66,2.4499998
0.58,2.4499998
0.56,2.4499998
0.48,2.4499998
0.41,2.4499998
0.4,2.4499998
2.35,2.3199997
2.46,2.3199997
2.54,2.3199997
2.4,2.3199997
2.13,2.3199997
2.18,2.3199997
2.02,2.3199997
1.75,2.3199997
1.59,2.3199997
1.48,2.3199997
1.39,2.3199997
1.25,2.3199997
1.13,2.3199997
1.13,2.3199997
1.06,2.3199997
0.96,2.3199997
0.8,2.3199997
0.66,2.3199997
0.58,2.3199997
0.56,2.3199997
0.48,2.3199997
0.41,2.3199997
0.4,2.3199997
0.4,2.3199997
2.46,2.3499994
2.54,2.3499994
2.4,2.3499994
2.13,2.3499994
2.18,2.3499994
2.02,2.3499994
1.75,2.3499994
1.59,2.3499994
1.48,2.3499994
1.39,2.3499994
1.25,2.3499994
1.13,2.3499994
1.13,2.3499994
1.06,2.3499994
0.96,2.3499994
0.8,2.3499994
0.66,2.3499994
0.58,2.3499994
0.56,2.3499994
0.48,2.3499994
0.41,2.3499994
0.4,2.3499994
0.4,2.3499994
0.34,2.3499994
2.54,2.46
2.4,2.46
2.13,2.46
2.18,2.46
2.02,2.46
1.75,2.46
1.59,2.46
1.48,2.46
1.39,2.46
1.25,2.46
1.13,2.46
1.13,2.46
1.06,2.46
0.96,2.46
0.8,2.46
0.66,2.46
0.58,2.46
0.56,2.46
0.48,2.46
0.41,2.46
0.4,2.46
0.4,2.46
0.34,2.46
0.39,2.46
2.4,2.54
2.13,2.54
2.18,2.54
2.02,2.54
1.75,2.54
1.59,2.54
1.48,2.54
1.39,2.54
1.25,2.54
1.13,2.54
1.13,2.54
1.06,2.54
0.96,2.54
0.8,2.54
0.66,2.54
0.58,2.54
0.56,2.54
0.48,2.54
0.41,2.54
0.4,2.54
0.4,2.54
0.34,2.54
0.39,2.54
0.39,2.54
2.13,2.4000006
2.18,2.4000006
2.02,2.4000006
1.75,2.4000006
1.59,2.4000006
1.48,2.4000006
1.39,2.4000006
1.25,2.4000006
1.13,2.4000006
1.13,2.4000006
1.06,2.4000006
0.96,2.4000006
0.8,2.4000006
0.66,2.4000006
0.58,2.4000006
0.56,2.4000006
0.48,2.4000006
0.41,2.4000006
0.4,2.4000006
0.4,2.4000006
0.34,2.4000006
0.39,2.4000006
0.39,2.4000006
0.33,2.4000006
2.18,2.13
2.02,2.13
1.75,2.13
1.59,2.13
1.48,2.13
1.39,2.13
1.25,2.13
1.13,2.13
1.13,2.13
1.06,2.13
0.96,2.13
0.8,2.13
0.66,2.13
0.58,2.13
0.56,2.13
0.48,2.13
0.41,2.13
0.4,2.13
0.4,2.13
0.34,2.13
0.39,2.13
0.39,2.13
0.33,2.13
0.27,2.13
2.02,2.1800003
1.75,2.1800003
1.59,2.1800003
1.48,2.1800003
1.39,2.1800003
1.25,2.1800003
1.13,2.1800003
1.13,2.1800003
1.06,2.1800003
0.96,2.1800003
0.8,2.1800003
0.66,2.1800003
0.58,2.1800003
0.56,2.1800003
0.48,2.1800003
0.41,2.1800003
0.4,2.1800003
0.4,2.1800003
0.34,2.1800003
0.39,2.1800003
0.39,2.1800003
0.33,2.1800003
0.27,2.1800003
0.29,2.1800003
1.75,2.0199995
1.59,2.0199995
1.48,2.0199995
1.39,2.0199995
1.25,2.0199995
1.13,2.0199995
1.13,2.0199995
1.06,2.0199995
0.96,2.0199995
0.8,2.0199995
0.66,2.0199995
0.58,2.0199995
0.56,2.0199995
0.48,2.0199995
0.41,2.0199995
0.4,2.0199995
0.4,2.0199995
0.34,2.0199995
0.39,2.0199995
0.39,2.0199995
0.33,2.0199995
0.27,2.0199995
0.29,2.0199995
0.32,2.0199995
1.59,1.75
1.48,1.75
1.39,1.75
1.25,1.75
1.13,1.75
1.13,1.75
1.06,1.75
0.96,1.75
0.8,1.75
0.66,1.75
0.58,1.75
0.56,1.75
0.48,1.75
0.41,1.75
0.4,1.75
0.4,1.75
0.34,1.75
0.39,1.75
0.39,1.75
0.33,1.75
0.27,1.75
0.29,1.75
0.32,1.75
0.35,1.75
1.48,1.5900002
1.39,1.5900002
1.25,1.5900002
1.13,1.5900002
1.13,1.5900002
1.06,1.5900002
0.96,1.5900002
0.8,1.5900002
0.66,1.5900002
0.58,1.5900002
0.56,1.5900002
0.48,1.5900002
0.41,1.5900002
0.4,1.5900002
0.4,1.5900002
0.34,1.5900002
0.39,1.5900002
0.39,1.5900002
0.33,1.5900002
0.27,1.5900002
0.29,1.5900002
0.32,1.5900002
0.35,1.5900002
0.35,1.5900002
1.39,1.4800005
1.25,1.4800005
1.13,1.4800005
1.13,1.4800005
1.06,1.4800005
0.96,1.4800005
0.8,1.4800005
0.66,1.4800005
0.58,1.4800005
0.56,1.4800005
0.48,1.4800005
0.41,1.4800005
0.4,1.4800005
0.4,1.4800005
0.34,1.4800005
0.39,1.4800005
0.39,1.4800005
0.33,1.4800005
0.27,1.4800005
0.29,1.4800005
0.32,1.4800005
0.35,1.4800005
0.35,1.4800005
0.28,1.4800005
1.25,1.3900003
1.13,1.3900003
1.13,1.3900003
1.06,1.3900003
0.96,1.3900003
0.8,1.3900003
0.66,1.3900003
0.58,1.3900003
0.56,1.3900003
0.48,1.3900003
0.41,1.3900003
0.4,1.3900003
0.4,1.3900003
0.34,1.3900003
0.39,1.3900003
0.39,1.3900003
0.33,1.3900003
0.27,1.3900003
0.29,1.3900003
0.32,1.3900003
0.35,1.3900003
0.35,1.3900003
0.28,1.3900003
0.31,1.3900003
1.13,1.25
1.13,1.25
1.06,1.25
0.96,1.25
0.8,1.25
0.66,1.25
0.58,1.25
0.56,1.25
0.48,1.25
0.41,1.25
0.4,1.25
0.4,1.25
0.34,1.25
0.39,1.25
0.39,1.25
0.33,1.25
0.27,1.25
0.29,1.25
0.32,1.25
0.35,1.25
0.35,1.25
0.28,1.25
0.31,1.25
0.37,1.25
1.13,1.1300001
1.06,1.1300001
0.96,1.1300001
0.8,1.1300001
0.66,1.1300001
0.58,1.1300001
0.56,1.1300001
0.48,1.1300001
0.41,1.1300001
0.4,1.1300001
0.4,1.1300001
0.34,1.1300001
0.39,1.1300001
0.39,1.1300001
0.33,1.1300001
0.27,1.1300001
0.29,1.1300001
0.32,1.1300001
0.35,1.1300001
0.35,1.1300001
0.28,1.1300001
0.31,1.1300001
0.37,1.1300001
0.4,1.1300001
1.06,1.1300001
0.96,1.1300001
0.8,1.1300001
0.66,1.1300001
0.58,1.1300001
0.56,1.1300001
0.48,1.1300001
0.41,1.1300001
0.4,1.1300001
0.4,1.1300001
0.34,1.1300001
0.39,1.1300001
0.39,1.1300001
0.33,1.1300001
0.27,1.1300001
0.29,1.1300001
0.32,1.1300001
0.35,1.1300001
0.35,1.1300001
0.28,1.1300001
0.31,1.1300001
0.37,1.1300001
0.4,1.1300001
0.39,1.1300001
0.96,1.0600004
0.8,1.0600004
0.66,1.0600004
0.58,1.0600004
0.56,1.0600004
0.48,1.0600004
0.41,1.0600004
0.4,1.0600004
0.4,1.0600004
0.34,1.0600004
0.39,1.0600004
0.39,1.0600004
0.33,1.0600004
0.27,1.0600004
0.29,1.0600004
0.32,1.0600004
0.35,1.0600004
0.35,1.0600004
0.28,1.0600004
0.31,1.0600004
0.37,1.0600004
0.4,1.0600004
0.39,1.0600004
0.42,1.0600004
0.8,0.96000004
0.66,0.96000004
0.58,0.96000004
0.56,0.96000004
0.48,0.96000004
0.41,0.96000004
0.4,0.96000004
0.4,0.96000004
0.34,0.96000004
0.39,0.96000004
0.39,0.96000004
0.33,0.96000004
0.27,0.96000004
0.29,0.96000004
0.32,0.96000004
0.35,0.96000004
0.35,0.96000004
0.28,0.96000004
0.31,0.96000004
0.37,0.96000004
0.4,0.96000004
0.39,0.96000004
0.42,0.96000004
0.52,0.96000004
0.66,0.8000002
0.58,0.8000002
0.56,0.8000002
0.48,0.8000002
0.41,0.8000002
0.4,0.8000002
0.4,0.8000002
0.34,0.8000002
0.39,0.8000002
0.39,0.8000002
0.33,0.8000002
0.27,0.8000002
0.29,0.8000002
0.32,0.8000002
0.35,0.8000002
0.35,0.8000002
0.28,0.8000002
0.31,0.8000002
0.37,0.8000002
0.4,0.8000002
0.39,0.8000002
0.42,0.8000002
0.52,0.8000002
0.6,0.8000002
0.58,0.65999985
0.56,0.65999985
0.48,0.65999985
0.41,0.65999985
0.4,0.65999985
0.4,0.65999985
0.34,0.65999985
0.39,0.65999985
0.39,0.65999985
0.33,0.65999985
0.27,0.65999985
0.29,0.65999985
0.32,0.65999985
0.35,0.65999985
0.35,0.65999985
0.28,0.65999985
0.31,0.65999985
0.37,0.65999985
0.4,0.65999985
0.39,0.65999985
0.42,0.65999985
0.52,0.65999985
0.6,0.65999985
0.62,0.65999985
0.56,0.5799999
0.48,0.5799999
0.41,0.5799999
0.4,0.5799999
0.4,0.5799999
0.34,0.5799999
0.39,0.5799999
0.39,0.5799999
0.33,0.5799999
0.27,0.5799999
0.29,0.5799999
0.32,0.5799999
0.35,0.5799999
0.35,0.5799999
0.28,0.5799999
0.31,0.5799999
0.37,0.5799999
0.4,0.5799999
0.39,0.5799999
0.42,0.5799999
0.52,0.5799999
0.6,0.5799999
0.62,0.5799999
0.49,0.5799999
0.48,0.5600004
0.41,0.5600004
0.4,0.5600004
0.4,0.5600004
0.34,0.5600004
0.39,0.5600004
0.39,0.5600004
0.33,0.5600004
0.27,0.5600004
0.29,0.5600004
0.32,0.5600004
0.35,0.5600004
0.35,0.5600004
0.28,0.5600004
0.31,0.5600004
0.37,0.5600004
0.4,0.5600004
0.39,0.5600004
0.42,0.5600004
0.52,0.5600004
0.6,0.5600004
0.62,0.5600004
0.49,0.5600004
0.42,0.5600004
0.41,0.47999954
0.4,0.47999954
0.4,0.47999954
0.34,0.47999954
0.39,0.47999954
0.39,0.47999954
0.33,0.47999954
0.27,0.47999954
0.29,0.47999954
0.32,0.47999954
0.35,0.47999954
0.35,0.47999954
0.28,0.47999954
0.31,0.47999954
0.37,0.47999954
0.4,0.47999954
0.39,0.47999954
0.42,0.47999954
0.52,0.47999954
0.6,0.47999954
0.62,0.47999954
0.49,0.47999954
0.42,0.47999954
0.55,0.47999954
0.4,0.40999985
0.4,0.40999985
0.34,0.40999985
0.39,0.40999985
0.39,0.40999985
0.33,0.40999985
0.27,0.40999985
0.29,0.40999985
0.32,0.40999985
0.35,0.40999985
0.35,0.40999985
0.28,0.40999985
0.31,0.40999985
0.37,0.40999985
0.4,0.40999985
0.39,0.40999985
0.42,0.40999985
0.52,0.40999985
0.6,0.40999985
0.62,0.40999985
0.49,0.40999985
0.42,0.40999985
0.55,0.40999985
0.49,0.40999985
0.4,0.39999962
0.34,0.39999962
0.39,0.39999962
0.39,0.39999962
0.33,0.39999962
0.27,0.39999962
0.29,0.39999962
0.32,0.39999962
0.35,0.39999962
0.35,0.39999962
0.28,0.39999962
0.31,0.39999962
0.37,0.39999962
0.4,0.39999962
0.39,0.39999962
0.42,0.39999962
0.52,0.39999962
0.6,0.39999962
0.62,0.39999962
0.49,0.39999962
0.42,0.39999962
0.55,0.39999962
0.49,0.39999962
0.47,0.39999962
0.34,0.39999962
0.39,0.39999962
0.39,0.39999962
0.33,0.39999962
0.27,0.39999962
0.29,0.39999962
0.32,0.39999962
0.35,0.39999962
0.35,0.39999962
0.28,0.39999962
0.31,0.39999962
0.37,0.39999962
0.4,0.39999962
0.39,0.39999962
0.42,0.39999962
0.52,0.39999962
0.6,0.39999962
0.62,0.39999962
0.49,0.39999962
0.42,0.39999962
0.55,0.39999962
0.49,0.39999962
0.47,0.39999962
0.48,0.39999962
0.39,0.34000015
0.39,0.34000015
0.33,0.34000015
0.27,0.34000015
0.29,0.34000015
0.32,0.34000015
0.35,0.34000015
0.35,0.34000015
0.28,0.34000015
0.31,0.34000015
0.37,0.34000015
0.4,0.34000015
0.39,0.34000015
0.42,0.34000015
0.52,0.34000015
0.6,0.34000015
0.62,0.34000015
0.49,0.34000015
0.42,0.34000015
0.55,0.34000015
0.49,0.34000015
0.47,0.34000015
0.48,0.34000015
0.57,0.34000015
0.39,0.39000034
0.33,0.39000034
0.27,0.39000034
0.29,0.39000034
0.32,0.39000034
0.35,0.39000034
0.35,0.39000034
0.28,0.39000034
0.31,0.39000034
0.37,0.39000034
0.4,0.39000034
0.39,0.39000034
0.42,0.39000034
0.52,0.39000034
0.6,0.39000034
0.62,0.39000034
0.49,0.39000034
0.42,0.39000034
0.55,0.39000034
0.49,0.39000034
0.47,0.39000034
0.48,0.39000034
0.57,0.39000034
0.55,0.39000034
0.33,0.39000034
0.27,0.39000034
0.29,0.39000034
0.32,0.39000034
0.35,0.39000034
0.35,0.39000034
0.28,0.39000034
0.31,0.39000034
0.37,0.39000034
0.4,0.39000034
0.39,0.39000034
0.42,0.39000034
0.52,0.39000034
0.6,0.39000034
0.62,0.39000034
0.49,0.39000034
0.42,0.39000034
0.55,0.39000034
0.49,0.39000034
0.47,0.39000034
0.48,0.39000034
0.57,0.39000034
0.55,0.39000034
0.55,0.39000034
0.27,0.32999992
0.29,0.32999992
0.32,0.32999992
0.35,0.32999992
0.35,0.32999992
0.28,0.32999992
0.31,0.32999992
0.37,0.32999992
0.4,0.32999992
0.39,0.32999992
0.42,0.32999992
0.52,0.32999992
0.6,0.32999992
0.62,0.32999992
0.49,0.32999992
0.42,0.32999992
0.55,0.32999992
0.49,0.32999992
0.47,0.32999992
0.48,0.32999992
0.57,0.32999992
0.55,0.32999992
0.55,0.32999992
0.56,0.32999992
0.29,0.27000046
0.32,0.27000046
0.35,0.27000046
0.35,0.27000046
0.28,0.27000046
0.31,0.27000046
0.37,0.27000046
0.4,0.27000046
0.39,0.27000046
0.42,0.27000046
0.52,0.27000046
0.6,0.27000046
0.62,0.27000046
0.49,0.27000046
0.42,0.27000046
0.55,0.27000046
0.49,0.27000046
0.47,0.27000046
0.48,0.27000046
0.57,0.27000046
0.55,0.27000046
0.55,0.27000046
0.56,0.27000046
0.56,0.27000046
0.32,0.28999996
0.35,0.28999996
0.35,0.28999996
0.28,0.28999996
0.31,0.28999996
0.37,0.28999996
0.4,0.28999996
0.39,0.28999996
0.42,0.28999996
0.52,0.28999996
0.6,0.28999996
0.62,0.28999996
0.49,0.28999996
0.42,0.28999996
0.55,0.28999996
0.49,0.28999996
0.47,0.28999996
0.48,0.28999996
0.57,0.28999996
0.55,0.28999996
0.55,0.28999996
0.56,0.28999996
0.56,0.28999996
0.54,0.28999996
0.35,0.3199997
0.35,0.3199997
0.28,0.3199997
0.31,0.3199997
0.37,0.3199997
0.4,0.3199997
0.39,0.3199997
0.42,0.3199997
0.52,0.3199997
0.6,0.3199997
0.62,0.3199997
0.49,0.3199997
0.42,0.3199997
0.55,0.3199997
0.49,0.3199997
0.47,0.3199997
0.48,0.3199997
0.57,0.3199997
0.55,0.3199997
0.55,0.3199997
0.56,0.3199997
0.56,0.3199997
0.54,0.3199997
0.55,0.3199997
0.35,0.35000038
0.28,0.35000038
0.31,0.35000038
0.37,0.35000038
0.4,0.35000038
0.39,0.35000038
0.42,0.35000038
0.52,0.35000038
0.6,0.35000038
0.62,0.35000038
0.49,0.35000038
0.42,0.35000038
0.55,0.35000038
0.49,0.35000038
0.47,0.35000038
0.48,0.35000038
0.57,0.35000038
0.55,0.35000038
0.55,0.35000038
0.56,0.35000038
0.56,0.35000038
0.54,0.35000038
0.55,0.35000038
0.48,0.35000038
0.28,0.35000038
0.31,0.35000038
0.37,0.35000038
0.4,0.35000038
0.39,0.35000038
0.42,0.35000038
0.52,0.35000038
0.6,0.35000038
0.62,0.35000038
0.49,0.35000038
0.42,0.35000038
0.55,0.35000038
0.49,0.35000038
0.47,0.35000038
0.48,0.35000038
0.57,0.35000038
0.55,0.35000038
0.55,0.35000038
0.56,0.35000038
0.56,0.35000038
0.54,0.35000038
0.55,0.35000038
0.48,0.35000038
0.49,0.35000038
0.31,0.27999973
0.37,0.27999973
0.4,0.27999973
0.39,0.27999973
0.42,0.27999973
0.52,0.27999973
0.6,0.27999973
0.62,0.27999973
0.49,0.27999973
0.42,0.27999973
0.55,0.27999973
0.49,0.27999973
0.47,0.27999973
0.48,0.27999973
0.57,0.27999973
0.55,0.27999973
0.55,0.27999973
0.56,0.27999973
0.56,0.27999973
0.54,0.27999973
0.55,0.27999973
0.48,0.27999973
0.49,0.27999973
0.54,0.27999973
0.37,0.31000042
0.4,0.31000042
0.39,0.31000042
0.42,0.31000042
0.52,0.31000042
0.6,0.31000042
0.62,0.31000042
0.49,0.31000042
0.42,0.31000042
0.55,0.31000042
0.49,0.31000042
0.47,0.31000042
0.48,0.31000042
0.57,0.31000042
0.55,0.31000042
0.55,0.31000042
0.56,0.31000042
0.56,0.31000042
0.54,0.31000042
0.55,0.31000042
0.48,0.31000042
0.49,0.31000042
0.54,0.31000042
0.55,0.31000042
0.4,0.3699999
0.39,0.3699999
0.42,0.3699999
0.52,0.3699999
0.6,0.3699999
0.62,0.3699999
0.49,0.3699999
0.42,0.3699999
0.55,0.3699999
0.49,0.3699999
0.47,0.3699999
0.48,0.3699999
0.57,0.3699999
0.55,0.3699999
0.55,0.3699999
0.56,0.3699999
0.56,0.3699999
0.54,0.3699999
0.55,0.3699999
0.48,0.3699999
0.49,0.3699999
0.54,0.3699999
0.55,0.3699999
0.53,0.3699999
0.39,0.39999962
0.42,0.39999962
0.52,0.39999962
0.6,0.39999962
0.62,0.39999962
0.49,0.39999962
0.42,0.39999962
0.55,0.39999962
0.49,0.39999962
0.47,0.39999962
0.48,0.39999962
0.57,0.39999962
0.55,0.39999962
0.55,0.39999962
0.56,0.39999962
0.56,0.39999962
0.54,0.39999962
0.55,0.39999962
0.48,0.39999962
0.49,0.39999962
0.54,0.39999962
0.55,0.39999962
0.53,0.39999962
0.47,0.39999962
0.42,0.39000034
0.52,0.39000034
0.6,0.39000034
0.62,0.39000034
0.49,0.39000034
0.42,0.39000034
0.55,0.39000034
0.49,0.39000034
0.47,0.39000034
0.48,0.39000034
0.57,0.39000034
0.55,0.39000034
0.55,0.39000034
0.56,0.39000034
0.56,0.39000034
0.54,0.39000034
0.55,0.39000034
0.48,0.39000034
0.49,0.39000034
0.54,0.39000034
0.55,0.39000034
0.53,0.39000034
0.47,0.39000034
0.42,0.39000034
0.52,0.42000008
0.6,0.42000008
0.62,0.42000008
0.49,0.42000008
0.42,0.42000008
0.55,0.42000008
0.49,0.42000008
0.47,0.42000008
0.48,0.42000008
0.57,0.42000008
0.55,0.42000008
0.55,0.42000008
0.56,0.42000008
0.56,0.42000008
0.54,0.42000008
0.55,0.42000008
0.48,0.42000008
0.49,0.42000008
0.54,0.42000008
0.55,0.42000008
0.53,0.42000008
0.47,0.42000008
0.42,0.42000008
0.47,0.42000008
0.6,0.5199995
0.62,0.5199995
0.49,0.5199995
0.42,0.5199995
0.55,0.5199995
0.49,0.5199995
0.47,0.5199995
0.48,0.5199995
0.57,0.5199995
0.55,0.5199995
0.55,0.5199995
0.56,0.5199995
0.56,0.5199995
0.54,0.5199995
0.55,0.5199995
0.48,0.5199995
0.49,0.5199995
0.54,0.5199995
0.55,0.5199995
0.53,0.5199995
0.47,0.5199995
0.42,0.5199995
0.47,0.5199995
0.64,0.5199995
0.62,0.6000004
0.49,0.6000004
0.42,0.6000004
0.55,0.6000004
0.49,0.6000004
0.47,0.6000004
0.48,0.6000004
0.57,0.6000004
0.55,0.6000004
0.55,0.6000004
0.56,0.6000004
0.56,0.6000004
0.54,0.6000004
0.55,0.6000004
0.48,0.6000004
0.49,0.6000004
0.54,0.6000004
0.55,0.6000004
0.53,0.6000004
0.47,0.6000004
0.42,0.6000004
0.47,0.6000004
0.64,0.6000004
0.77,0.6000004
0.49,0.6199999
0.42,0.6199999
0.55,0.6199999
0.49,0.6199999
0.47,0.6199999
0.48,0.6199999
0.57,0.6199999
0.55,0.6199999
0.55,0.6199999
0.56,0.6199999
0.56,0.6199999
0.54,0.6199999
0.55,0.6199999
0.48,0.6199999
0.49,0.6199999
0.54,0.6199999
0.55,0.6199999
0.53,0.6199999
0.47,0.6199999
0.42,0.6199999
0.47,0.6199999
0.64,0.6199999
0.77,0.6199999
0.8,0.6199999
0.42,0.48999977
0.55,0.48999977
0.49,0.48999977
0.47,0.48999977
0.48,0.48999977
0.57,0.48999977
0.55,0.48999977
0.55,0.48999977
0.56,0.48999977
0.56,0.48999977
0.54,0.48999977
0.55,0.48999977
0.48,0.48999977
0.49,0.48999977
0.54,0.48999977
0.55,0.48999977
0.53,0.48999977
0.47,0.48999977
0.42,0.48999977
0.47,0.48999977
0.64,0.48999977
0.77,0.48999977
0.8,0.48999977
0.91,0.48999977
0.55,0.42000008
0.49,0.42000008
0.47,0.42000008
0.48,0.42000008
0.57,0.42000008
0.55,0.42000008
0.55,0.42000008
0.56,0.42000008
0.56,0.42000008
0.54,0.42000008
0.55,0.42000008
0.48,0.42000008
0.49,0.42000008
0.54,0.42000008
0.55,0.42000008
0.53,0.42000008
0.47,0.42000008
0.42,0.42000008
0.47,0.42000008
0.64,0.42000008
0.77,0.42000008
0.8,0.42000008
0.91,0.42000008
0.83,0.42000008
0.49,0.5500002
0.47,0.5500002
0.48,0.5500002
0.57,0.5500002
0.55,0.5500002
0.55,0.5500002
0.56,0.5500002
0.56,0.5500002
0.54,0.5500002
0.55,0.5500002
0.48,0.5500002
0.49,0.5500002
0.54,0.5500002
0.55,0.5500002
0.53,0.5500002
0.47,0.5500002
0.42,0.5500002
0.47,0.5500002
0.64,0.5500002
0.77,0.5500002
0.8,0.5500002
0.91,0.5500002
0.83,0.5500002
0.76,0.5500002
0.47,0.48999977
0.48,0.48999977
0.57,0.48999977
0.55,0.48999977
0.55,0.48999977
0.56,0.48999977
0.56,0.48999977
0.54,0.48999977
0.55,0.48999977
0.48,0.48999977
0.49,0.48999977
0.54,0.48999977
0.55,0.48999977
0.53,0.48999977
0.47,0.48999977
0.42,0.48999977
0.47,0.48999977
0.64,0.48999977
0.77,0.48999977
0.8,0.48999977
0.91,0.48999977
0.83,0.48999977
0.76,0.48999977
0.8,0.48999977
0.48,0.47000027
0.57,0.47000027
0.55,0.47000027
0.55,0.47000027
0.56,0.47000027
0.56,0.47000027
0.54,0.47000027
0.55,0.47000027
0.48,0.47000027
0.49,0.47000027
0.54,0.47000027
0.55,0.47000027
0.53,0.47000027
0.47,0.47000027
0.42,0.47000027
0.47,0.47000027
0.64,0.47000027
0.77,0.47000027
0.8,0.47000027
0.91,0.47000027
0.83,0.47000027
0.76,0.47000027
0.8,0.47000027
0.98,0.47000027
0.57,0.47999954
0.55,0.47999954
0.55,0.47999954
0.56,0.47999954
0.56,0.47999954
0.54,0.47999954
0.55,0.47999954
0.48,0.47999954
0.49,0.47999954
0.54,0.47999954
0.55,0.47999954
0.53,0.47999954
0.47,0.47999954
0.42,0.47999954
0.47,0.47999954
0.64,0.47999954
0.77,0.47999954
0.8,0.47999954
0.91,0.47999954
0.83,0.47999954
0.76,0.47999954
0.8,0.47999954
0.98,0.47999954
0.96,0.47999954
0.55,0.5699997
0.55,0.5699997
0.56,0.5699997
0.56,0.5699997
0.54,0.5699997
0.55,0.5699997
0.48,0.5699997
0.49,0.5699997
0.54,0.5699997
0.55,0.5699997
0.53,0.5699997
0.47,0.5699997
0.42,0.5699997
0.47,0.5699997
0.64,0.5699997
0.77,0.5699997
0.8,0.5699997
0.91,0.5699997
0.83,0.5699997
0.76,0.5699997
0.8,0.5699997
0.98,0.5699997
0.96,0.5699997
0.79,0.5699997
0.55,0.5500002
0.56,0.5500002
0.56,0.5500002
0.54,0.5500002
0.55,0.5500002
0.48,0.5500002
0.49,0.5500002
0.54,0.5500002
0.55,0.5500002
0.53,0.5500002
0.47,0.5500002
0.42,0.5500002
0.47,0.5500002
0.64,0.5500002
0.77,0.5500002
0.8,0.5500002
0.91,0.5500002
0.83,0.5500002
0.76,0.5500002
0.8,0.5500002
0.98,0.5500002
0.96,0.5500002
0.79,0.5500002
0.84,0.5500002
0.56,0.5500002
0.56,0.5500002
0.54,0.5500002
0.55,0.5500002
0.48,0.5500002
0.49,0.5500002
0.54,0.5500002
0.55,0.5500002
0.53,0.5500002
0.47,0.5500002
0.42,0.5500002
0.47,0.5500002
0.64,0.5500002
0.77,0.5500002
0.8,0.5500002
0.91,0.5500002
0.83,0.5500002
0.76,0.5500002
0.8,0.5500002
0.98,0.5500002
0.96,0.5500002
0.79,0.5500002
0.84,0.5500002
0.88,0.5500002
0.56,0.5600004
0.54,0.5600004
0.55,0.5600004
0.48,0.5600004
0.49,0.5600004
0.54,0.5600004
0.55,0.5600004
0.53,0.5600004
0.47,0.5600004
0.42,0.5600004
0.47,0.5600004
0.64,0.5600004
0.77,0.5600004
0.8,0.5600004
0.91,0.5600004
0.83,0.5600004
0.76,0.5600004
0.8,0.5600004
0.98,0.5600004
0.96,0.5600004
0.79,0.5600004
0.84,0.5600004
0.88,0.5600004
1.02,0.5600004
0.54,0.5600004
0.55,0.5600004
0.48,0.5600004
0.49,0.5600004
0.54,0.5600004
0.55,0.5600004
0.53,0.5600004
0.47,0.5600004
0.42,0.5600004
0.47,0.5600004
0.64,0.5600004
0.77,0.5600004
0.8,0.5600004
0.91,0.5600004
0.83,0.5600004
0.76,0.5600004
0.8,0.5600004
0.98,0.5600004
0.96,0.5600004
0.79,0.5600004
0.84,0.5600004
0.88,0.5600004
1.02,0.5600004
1.16,0.5600004
0.55,0.53999996
0.48,0.53999996
0.49,0.53999996
0.54,0.53999996
0.55,0.53999996
0.53,0.53999996
0.47,0.53999996
0.42,0.53999996
0.47,0.53999996
0.64,0.53999996
0.77,0.53999996
0.8,0.53999996
0.91,0.53999996
0.83,0.53999996
0.76,0.53999996
0.8,0.53999996
0.98,0.53999996
0.96,0.53999996
0.79,0.53999996
0.84,0.53999996
0.88,0.53999996
1.02,0.53999996
1.16,0.53999996
1.23,0.53999996
0.48,0.5500002
0.49,0.5500002
0.54,0.5500002
0.55,0.5500002
0.53,0.5500002
0.47,0.5500002
0.42,0.5500002
0.47,0.5500002
0.64,0.5500002
0.77,0.5500002
0.8,0.5500002
0.91,0.5500002
0.83,0.5500002
0.76,0.5500002
0.8,0.5500002
0.98,0.5500002
0.96,0.5500002
0.79,0.5500002
0.84,0.5500002
0.88,0.5500002
1.02,0.5500002
1.16,0.5500002
1.23,0.5500002
1.22,0.5500002
0.49,0.47999954
0.54,0.47999954
0.55,0.47999954
0.53,0.47999954
0.47,0.47999954
0.42,0.47999954
0.47,0.47999954
0.64,0.47999954
0.77,0.47999954
0.8,0.47999954
0.91,0.47999954
0.83,0.47999954
0.76,0.47999954
0.8,0.47999954
0.98,0.47999954
0.96,0.47999954
0.79,0.47999954
0.84,0.47999954
0.88,0.47999954
1.02,0.47999954
1.16,0.47999954
1.23,0.47999954
1.22,0.47999954
1.23,0.47999954
0.54,0.48999977
0.55,0.48999977
0.53,0.48999977
0.47,0.48999977
0.42,0.48999977
0.47,0.48999977
0.64,0.48999977
0.77,0.48999977
0.8,0.48999977
0.91,0.48999977
0.83,0.48999977
0.76,0.48999977
0.8,0.48999977
0.98,0.48999977
0.96,0.48999977
0.79,0.48999977
0.84,0.48999977
0.88,0.48999977
1.02,0.48999977
1.16,0.48999977
1.23,0.48999977
1.22,0.48999977
1.23,0.48999977
1.11,0.48999977
0.55,0.53999996
0.53,0.53999996
0.47,0.53999996
0.42,0.53999996
0.47,0.53999996
0.64,0.53999996
0.77,0.53999996
0.8,0.53999996
0.91,0.53999996
0.83,0.53999996
0.76,0.53999996
0.8,0.53999996
0.98,0.53999996
0.96,0.53999996
0.79,0.53999996
0.84,0.53999996
0.88,0.53999996
1.02,0.53999996
1.16,0.53999996
1.23,0.53999996
1.22,0.53999996
1.23,0.53999996
1.11,0.53999996
0.92,0.53999996
0.53,0.5500002
0.47,0.5500002
0.42,0.5500002
0.47,0.5500002
0.64,0.5500002
0.77,0.5500002
0.8,0.5500002
0.91,0.5500002
0.83,0.5500002
0.76,0.5500002
0.8,0.5500002
0.98,0.5500002
0.96,0.5500002
0.79,0.5500002
0.84,0.5500002
0.88,0.5500002
1.02,0.5500002
1.16,0.5500002
1.23,0.5500002
1.22,0.5500002
1.23,0.5500002
1.11,0.5500002
0.92,0.5500002
0.88,0.5500002
0.47,0.52999973
0.42,0.52999973
0.47,0.52999973
0.64,0.52999973
0.77,0.52999973
0.8,0.52999973
0.91,0.52999973
0.83,0.52999973
0.76,0.52999973
0.8,0.52999973
0.98,0.52999973
0.96,0.52999973
0.79,0.52999973
0.84,0.52999973
0.88,0.52999973
1.02,0.52999973
1.16,0.52999973
1.23,0.52999973
1.22,0.52999973
1.23,0.52999973
1.11,0.52999973
0.92,0.52999973
0.88,0.52999973
1.01,0.52999973
0.42,0.47000027
0.47,0.47000027
0.64,0.47000027
0.77,0.47000027
0.8,0.47000027
0.91,0.47000027
0.83,0.47000027
0.76,0.47000027
0.8,0.47000027
0.98,0.47000027
0.96,0.47000027
0.79,0.47000027
0.84,0.47000027
0.88,0.47000027
1.02,0.47000027
1.16,0.47000027
1.23,0.47000027
1.22,0.47000027
1.23,0.47000027
1.11,0.47000027
0.92,0.47000027
0.88,0.47000027
1.01,0.47000027
0.96,0.47000027
0.47,0.42000008
0.64,0.42000008
0.77,0.42000008
0.8,0.42000008
0.91,0.42000008
0.83,0.42000008
0.76,0.42000008
0.8,0.42000008
0.98,0.42000008
0.96,0.42000008
0.79,0.42000008
0.84,0.42000008
0.88,0.42000008
1.02,0.42000008
1.16,0.42000008
1.23,0.42000008
1.22,0.42000008
1.23,0.42000008
1.11,0.42000008
0.92,0.42000008
0.88,0.42000008
1.01,0.42000008
0.96,0.42000008
0.93,0.42000008
0.64,0.47000027
0.77,0.47000027
0.8,0.47000027
0.91,0.47000027
0.83,0.47000027
0.76,0.47000027
0.8,0.47000027
0.98,0.47000027
0.96,0.47000027
0.79,0.47000027
0.84,0.47000027
0.88,0.47000027
1.02,0.47000027
1.16,0.47000027
1.23,0.47000027
1.22,0.47000027
1.23,0.47000027
1.11,0.47000027
0.92,0.47000027
0.88,0.47000027
1.01,0.47000027
0.96,0.47000027
0.93,0.47000027
1.01,0.47000027
0.77,0.64000034
0.8,0.64000034
0.91,0.64000034
0.83,0.64000034
0.76,0.64000034
0.8,0.64000034
0.98,0.64000034
0.96,0.64000034
0.79,0.64000034
0.84,0.64000034
0.88,0.64000034
1.02,0.64000034
1.16,0.64000034
1.23,0.64000034
1.22,0.64000034
1.23,0.64000034
1.11,0.64000034
0.92,0.64000034
0.88,0.64000034
1.01,0.64000034
0.96,0.64000034
0.93,0.64000034
1.01,0.64000034
1.02,0.64000034
0.8,0.7699995
0.91,0.7699995
0.83,0.7699995
0.76,0.7699995
0.8,0.7699995
0.98,0.7699995
0.96,0.7699995
0.79,0.7699995
0.84,0.7699995
0.88,0.7699995
1.02,0.7699995
1.16,0.7699995
1.23,0.7699995
1.22,0.7699995
1.23,0.7699995
1.11,0.7699995
0.92,0.7699995
0.88,0.7699995
1.01,0.7699995
0.96,0.7699995
0.93,0.7699995
1.01,0.7699995
1.02,0.7699995
0.97,0.7699995
0.91,0.8000002
0.83,0.8000002
0.76,0.8000002
0.8,0.8000002
0.98,0.8000002
0.96,0.8000002
0.79,0.8000002
0.84,0.8000002
0.88,0.8000002
1.02,0.8000002
1.16,0.8000002
1.23,0.8000002
1.22,0.8000002
1.23,0.8000002
1.11,0.8000002
0.92,0.8000002
0.88,0.8000002
1.01,0.8000002
0.96,0.8000002
0.93,0.8000002
1.01,0.8000002
1.02,0.8000002
0.97,0.8000002
1.0,0.8000002
0.83,0.90999985
0.76,0.90999985
0.8,0.90999985
0.98,0.90999985
0.96,0.90999985
0.79,0.90999985
0.84,0.90999985
0.88,0.90999985
1.02,0.90999985
1.16,0.90999985
1.23,0.90999985
1.22,0.90999985
1.23,0.90999985
1.11,0.90999985
0.92,0.90999985
0.88,0.90999985
1.01,0.90999985
0.96,0.90999985
0.93,0.90999985
1.01,0.90999985
1.02,0.90999985
0.97,0.90999985
1.0,0.90999985
1.0,0.90999985
0.76,0.8299999
0.8,0.8299999
0.98,0.8299999
0.96,0.8299999
0.79,0.8299999
0.84,0.8299999
0.88,0.8299999
1.02,0.8299999
1.16,0.8299999
1.23,0.8299999
1.22,0.8299999
1.23,0.8299999
1.11,0.8299999
0.92,0.8299999
0.88,0.8299999
1.01,0.8299999
0.96,0.8299999
0.93,0.8299999
1.01,0.8299999
1.02,0.8299999
0.97,0.8299999
1.0,0.8299999
1.0,0.8299999
0.95,0.8299999
0.8,0.7600002
0.98,0.7600002
0.96,0.7600002
0.79,0.7600002
0.84,0.7600002
0.88,0.7600002
1.02,0.7600002
1.16,0.7600002
1.23,0.7600002
1.22,0.7600002
1.23,0.7600002
1.11,0.7600002
0.92,0.7600002
0.88,0.7600002
1.01,0.7600002
0.96,0.7600002
0.93,0.7600002
1.01,0.7600002
1.02,0.7600002
0.97,0.7600002
1.0,0.7600002
1.0,0.7600002
0.95,0.7600002
1.03,0.7600002
0.98,0.8000002
0.96,0.8000002
0.79,0.8000002
0.84,0.8000002
0.88,0.8000002
1.02,0.8000002
1.16,0.8000002
1.23,0.8000002
1.22,0.8000002
1.23,0.8000002
1.11,0.8000002
0.92,0.8000002
0.88,0.8000002
1.01,0.8000002
0.96,0.8000002
0.93,0.8000002
1.01,0.8000002
1.02,0.8000002
0.97,0.8000002
1.0,0.8000002
1.0,0.8000002
0.95,0.8000002
1.03,0.8000002
0.86,0.8000002
0.96,0.9800005
0.79,0.9800005
0.84,0.9800005
0.88,0.9800005
1.02,0.9800005
1.16,0.9800005
1.23,0.9800005
1.22,0.9800005
1.23,0.9800005
1.11,0.9800005
0.92,0.9800005
0.88,0.9800005
1.01,0.9800005
0.96,0.9800005
0.93,0.9800005
1.01,0.9800005
1.02,0.9800005
0.97,0.9800005
1.0,0.9800005
1.0,0.9800005
0.95,0.9800005
1.03,0.9800005
0.86,0.9800005
0.61,0.9800005
0.79,0.96000004
0.84,0.96000004
0.88,0.96000004
1.02,0.96000004
1.16,0.96000004
1.23,0.96000004
1.22,0.96000004
1.23,0.96000004
1.11,0.96000004
0.92,0.96000004
0.88,0.96000004
1.01,0.96000004
0.96,0.96000004
0.93,0.96000004
1.01,0.96000004
1.02,0.96000004
0.97,0.96000004
1.0,0.96000004
1.0,0.96000004
0.95,0.96000004
1.03,0.96000004
0.86,0.96000004
0.61,0.96000004
0.34,0.96000004
0.84,0.78999996
0.88,0.78999996
1.02,0.78999996
1.16,0.78999996
1.23,0.78999996
1.22,0.78999996
1.23,0.78999996
1.11,0.78999996
0.92,0.78999996
0.88,0.78999996
1.01,0.78999996
0.96,0.78999996
0.93,0.78999996
1.01,0.78999996
1.02,0.78999996
0.97,0.78999996
1.0,0.78999996
1.0,0.78999996
0.95,0.78999996
1.03,0.78999996
0.86,0.78999996
0.61,0.78999996
0.34,0.78999996
0.06,0.78999996
0.88,0.84000015
1.02,0.84000015
1.16,0.84000015
1.23,0.84000015
1.22,0.84000015
1.23,0.84000015
1.11,0.84000015
0.92,0.84000015
0.88,0.84000015
1.01,0.84000015
0.96,0.84000015
0.93,0.84000015
1.01,0.84000015
1.02,0.84000015
0.97,0.84000015
1.0,0.84000015
1.0,0.84000015
0.95,0.84000015
1.03,0.84000015
0.86,0.84000015
0.61,0.84000015
0.34,0.84000015
0.06,0.84000015
0.06,0.84000015
1.02,0.8800001
1.16,0.8800001
1.23,0.8800001
1.22,0.8800001
1.23,0.8800001
1.11,0.8800001
0.92,0.8800001
0.88,0.8800001
1.01,0.8800001
0.96,0.8800001
0.93,0.8800001
1.01,0.8800001
1.02,0.8800001
0.97,0.8800001
1.0,0.8800001
1.0,0.8800001
0.95,0.8800001
1.03,0.8800001
0.86,0.8800001
0.61,0.8800001
0.34,0.8800001
0.06,0.8800001
0.06,0.8800001
0.05,0.8800001
1.16,1.0199995
1.23,1.0199995
1.22,1.0199995
1.23,1.0199995
1.11,1.0199995
0.92,1.0199995
0.88,1.0199995
1.01,1.0199995
0.96,1.0199995
0.93,1.0199995
1.01,1.0199995
1.02,1.0199995
0.97,1.0199995
1.0,1.0199995
1.0,1.0199995
0.95,1.0199995
1.03,1.0199995
0.86,1.0199995
0.61,1.0199995
0.34,1.0199995
0.06,1.0199995
0.06,1.0199995
0.05,1.0199995
0.06,1.0199995
1.23,1.1599998
1.22,1.1599998
1.23,1.1599998
1.11,1.1599998
0.92,1.1599998
0.88,1.1599998
1.01,1.1599998
0.96,1.1599998
0.93,1.1599998
1.01,1.1599998
1.02,1.1599998
0.97,1.1599998
1.0,1.1599998
1.0,1.1599998
0.95,1.1599998
1.03,1.1599998
0.86,1.1599998
0.61,1.1599998
0.34,1.1599998
0.06,1.1599998
0.06,1.1599998
0.05,1.1599998
0.06,1.1599998
0.05,1.1599998
1.22,1.2300005
1.23,1.2300005
1.11,1.2300005
0.92,1.2300005
0.88,1.2300005
1.01,1.2300005
0.96,1.2300005
0.93,1.2300005
1.01,1.2300005
1.02,1.2300005
0.97,1.2300005
1.0,1.2300005
1.0,1.2300005
0.95,1.2300005
1.03,1.2300005
0.86,1.2300005
0.61,1.2300005
0.34,1.2300005
0.06,1.2300005
0.06,1.2300005
0.05,1.2300005
0.06,1.2300005
0.05,1.2300005
0.25,1.2300005
1.23,1.2200003
1.11,1.2200003
0.92,1.2200003
0.88,1.2200003
1.01,1.2200003
0.96,1.2200003
0.93,1.2200003
1.01,1.2200003
1.02,1.2200003
0.97,1.2200003
1.0,1.2200003
1.0,1.2200003
0.95,1.2200003
1.03,1.2200003
0.86,1.2200003
0.61,1.2200003
0.34,1.2200003
0.06,1.2200003
0.06,1.2200003
0.05,1.2200003
0.06,1.2200003
0.05,1.2200003
0.25,1.2200003
0.43,1.2200003
1.11,1.2300005
0.92,1.2300005
0.88,1.2300005
1.01,1.2300005
0.96,1.2300005
0.93,1.2300005
1.01,1.2300005
1.02,1.2300005
0.97,1.2300005
1.0,1.2300005
1.0,1.2300005
0.95,1.2300005
1.03,1.2300005
0.86,1.2300005
0.61,1.2300005
0.34,1.2300005
0.06,1.2300005
0.06,1.2300005
0.05,1.2300005
0.06,1.2300005
0.05,1.2300005
0.25,1.2300005
0.43,1.2300005
0.64,1.2300005
0.92,1.1099997
0.88,1.1099997
1.01,1.1099997
0.96,1.1099997
0.93,1.1099997
1.01,1.1099997
1.02,1.1099997
0.97,1.1099997
1.0,1.1099997
1.0,1.1099997
0.95,1.1099997
1.03,1.1099997
0.86,1.1099997
0.61,1.1099997
0.34,1.1099997
0.06,1.1099997
0.06,1.1099997
0.05,1.1099997
0.06,1.1099997
0.05,1.1099997
0.25,1.1099997
0.43,1.1099997
0.64,1.1099997
0.96,1.1099997
0.88,0.9200001
1.01,0.9200001
0.96,0.9200001
0.93,0.9200001
1.01,0.9200001
1.02,0.9200001
0.97,0.9200001
1.0,0.9200001
1.0,0.9200001
0.95,0.9200001
1.03,0.9200001
0.86,0.9200001
0.61,0.9200001
0.34,0.9200001
0.06,0.9200001
0.06,0.9200001
0.05,0.9200001
0.06,0.9200001
0.05,0.9200001
0.25,0.9200001
0.43,0.9200001
0.64,0.9200001
0.96,0.9200001
1.15,0.9200001
1.01,0.8800001
0.96,0.8800001
0.93,0.8800001
1.01,0.8800001
1.02,0.8800001
0.97,0.8800001
1.0,0.8800001
1.0,0.8800001
0.95,0.8800001
1.03,0.8800001
0.86,0.8800001
0.61,0.8800001
0.34,0.8800001
0.06,0.8800001
0.06,0.8800001
0.05,0.8800001
0.06,0.8800001
0.05,0.8800001
0.25,0.8800001
0.43,0.8800001
0.64,0.8800001
0.96,0.8800001
1.15,0.8800001
1.46,0.8800001
0.96,1.0100002
0.93,1.0100002
1.01,1.0100002
1.02,1.0100002
0.97,1.0100002
1.0,1.0100002
1.0,1.0100002
0.95,1.0100002
1.03,1.0100002
0.86,1.0100002
0.61,1.0100002
0.34,1.0100002
0.06,1.0100002
0.06,1.0100002
0.05,1.0100002
0.06,1.0100002
0.05,1.0100002
0.25,1.0100002
0.43,1.0100002
0.64,1.0100002
0.96,1.0100002
1.15,1.0100002
1.46,1.0100002
1.83,1.0100002
0.93,0.96000004
1.01,0.96000004
1.02,0.96000004
0.97,0.96000004
1.0,0.96000004
1.0,0.96000004
0.95,0.96000004
1.03,0.96000004
0.86,0.96000004
0.61,0.96000004
0.34,0.96000004
0.06,0.96000004
0.06,0.96000004
0.05,0.96000004
0.06,0.96000004
0.05,0.96000004
0.25,0.96000004
0.43,0.96000004
0.64,0.96000004
0.96,0.96000004
1.15,0.96000004
1.46,0.96000004
1.83,0.96000004
2.33,0.96000004
1.01,0.9300003
1.02,0.9300003
0.97,0.9300003
1.0,0.9300003
1.0,0.9300003
0.95,0.9300003
1.03,0.9300003
0.86,0.9300003
0.61,0.9300003
0.34,0.9300003
0.06,0.9300003
0.06,0.9300003
0.05,0.9300003
0.06,0.9300003
0.05,0.9300003
0.25,0.9300003
0.43,0.9300003
0.64,0.9300003
0.96,0.9300003
1.15,0.9300003
1.46,0.9300003
1.83,0.9300003
2.33,0.9300003
2.55,0.9300003
1.02,1.0100002
0.97,1.0100002
1.0,1.0100002
1.0,1.0100002
0.95,1.0100002
1.03,1.0100002
0.86,1.0100002
0.61,1.0100002
0.34,1.0100002
0.06,1.0100002
0.06,1.0100002
0.05,1.0100002
0.06,1.0100002
0.05,1.0100002
0.25,1.0100002
0.43,1.0100002
0.64,1.0100002
0.96,1.0100002
1.15,1.0100002
1.46,1.0100002
1.83,1.0100002
2.33,1.0100002
2.55,1.0100002
2.56,1.0100002
0.97,1.0199995
1.0,1.0199995
1.0,1.0199995
0.95,1.0199995
1.03,1.0199995
0.86,1.0199995
0.61,1.0199995
0.34,1.0199995
0.06,1.0199995
0.06,1.0199995
0.05,1.0199995
0.06,1.0199995
0.05,1.0199995
0.25,1.0199995
0.43,1.0199995
0.64,1.0199995
0.96,1.0199995
1.15,1.0199995
1.46,1.0199995
1.83,1.0199995
2.33,1.0199995
2.55,1.0199995
2.56,1.0199995
2.67,1.0199995
1.0,0.97000027
1.0,0.97000027
0.95,0.97000027
1.03,0.97000027
0.86,0.97000027
0.61,0.97000027
0.34,0.97000027
0.06,0.97000027
0.06,0.97000027
0.05,0.97000027
0.06,0.97000027
0.05,0.97000027
0.25,0.97000027
0.43,0.97000027
0.64,0.97000027
0.96,0.97000027
1.15,0.97000027
1.46,0.97000027
1.83,0.97000027
2.33,0.97000027
2.55,0.97000027
2.56,0.97000027
2.67,0.97000027
2.74,0.97000027
1.0,1.0
0.95,1.0
1.03,1.0
0.86,1.0
0.61,1.0
0.34,1.0
0.06,1.0
0.06,1.0
0.05,1.0
0.06,1.0
0.05,1.0
0.25,1.0
0.43,1.0
0.64,1.0
0.96,1.0
1.15,1.0
1.46,1.0
1.83,1.0
2.33,1.0
2.55,1.0
2.56,1.0
2.67,1.0
2.74,1.0
2.79,1.0
0.95,1.0
1.03,1.0
0.86,1.0
0.61,1.0
0.34,1.0
0.06,1.0
0.06,1.0
0.05,1.0
0.06,1.0
0.05,1.0
0.25,1.0
0.43,1.0
0.64,1.0
0.96,1.0
1.15,1.0
1.46,1.0
1.83,1.0
2.33,1.0
2.55,1.0
2.56,1.0
2.67,1.0
2.74,1.0
2.79,1.0
2.91,1.0
1.03,0.9499998
0.86,0.9499998
0.61,0.9499998
0.34,0.9499998
0.06,0.9499998
0.06,0.9499998
0.05,0.9499998
0.06,0.9499998
0.05,0.9499998
0.25,0.9499998
0.43,0.9499998
0.64,0.9499998
0.96,0.9499998
1.15,0.9499998
1.46,0.9499998
1.83,0.9499998
2.33,0.9499998
2.55,0.9499998
2.56,0.9499998
2.67,0.9499998
2.74,0.9499998
2.79,0.9499998
2.91,0.9499998
3.19,0.9499998
0.86,1.0299997
0.61,1.0299997
0.34,1.0299997
0.06,1.0299997
0.06,1.0299997
0.05,1.0299997
0.06,1.0299997
0.05,1.0299997
0.25,1.0299997
0.43,1.0299997
0.64,1.0299997
0.96,1.0299997
1.15,1.0299997
1.46,1.0299997
1.83,1.0299997
2.33,1.0299997
2.55,1.0299997
2.56,1.0299997
2.67,1.0299997
2.74,1.0299997
2.79,1.0299997
2.91,1.0299997
3.19,1.0299997
3.45,1.0299997
0.61,0.85999966
0.34,0.85999966
0.06,0.85999966
0.06,0.85999966
0.05,0.85999966
0.06,0.85999966
0.05,0.85999966
0.25,0.85999966
0.43,0.85999966
0.64,0.85999966
0.96,0.85999966
1.15,0.85999966
1.46,0.85999966
1.83,0.85999966
2.33,0.85999966
2.55,0.85999966
2.56,0.85999966
2.67,0.85999966
2.74,0.85999966
2.79,0.85999966
2.91,0.85999966
3.19,0.85999966
3.45,0.85999966
3.63,0.85999966
0.34,0.60999966
0.06,0.60999966
0.06,0.60999966
0.05,0.60999966
0.06,0.60999966
0.05,0.60999966
0.25,0.60999966
0.43,0.60999966
0.64,0.60999966
0.96,0.60999966
1.15,0.60999966
1.46,0.60999966
1.83,0.60999966
2.33,0.60999966
2.55,0.60999966
2.56,0.60999966
2.67,0.60999966
2.74,0.60999966
2.79,0.60999966
2.91,0.60999966
3.19,0.60999966
3.45,0.60999966
3.63,0.60999966
3.85,0.60999966
0.06,0.34000015
0.06,0.34000015
0.05,0.34000015
0.06,0.34000015
0.05,0.34000015
0.25,0.34000015
0.43,0.34000015
0.64,0.34000015
0.96,0.34000015
1.15,0.34000015
1.46,0.34000015
1.83,0.34000015
2.33,0.34000015
2.55,0.34000015
2.56,0.34000015
2.67,0.34000015
2.74,0.34000015
2.79,0.34000015
2.91,0.34000015
3.19,0.34000015
3.45,0.34000015
3.63,0.34000015
3.85,0.34000015
4.4,0.34000015
0.06,0.06000042
0.05,0.06000042
0.06,0.06000042
0.05,0.06000042
0.25,0.06000042
0.43,0.06000042
0.64,0.06000042
0.96,0.06000042
1.15,0.06000042
1.46,0.06000042
1.83,0.06000042
2.33,0.06000042
2.55,0.06000042
2.56,0.06000042
2.67,0.06000042
2.74,0.06000042
2.79,0.06000042
2.91,0.06000042
3.19,0.06000042
3.45,0.06000042
3.63,0.06000042
3.85,0.06000042
4.4,0.06000042
4.58,0.06000042
0.05,0.06000042
0.06,0.06000042
0.05,0.06000042
0.25,0.06000042
0.43,0.06000042
0.64,0.06000042
0.96,0.06000042
1.15,0.06000042
1.46,0.06000042
1.83,0.06000042
2.33,0.06000042
2.55,0.06000042
2.56,0.06000042
2.67,0.06000042
2.74,0.06000042
2.79,0.06000042
2.91,0.06000042
3.19,0.06000042
3.45,0.06000042
3.63,0.06000042
3.85,0.06000042
4.4,0.06000042
4.58,0.06000042
4.78,0.06000042
0.06,0.05000019
0.05,0.05000019
0.25,0.05000019
0.43,0.05000019
0.64,0.05000019
0.96,0.05000019
1.15,0.05000019
1.46,0.05000019
1.83,0.05000019
2.33,0.05000019
2.55,0.05000019
2.56,0.05000019
2.67,0.05000019
2.74,0.05000019
2.79,0.05000019
2.91,0.05000019
3.19,0.05000019
3.45,0.05000019
3.63,0.05000019
3.85,0.05000019
4.4,0.05000019
4.58,0.05000019
4.78,0.05000019
4.69,0.05000019
0.05,0.06000042
0.25,0.06000042
0.43,0.06000042
0.64,0.06000042
0.96,0.06000042
1.15,0.06000042
1.46,0.06000042
1.83,0.06000042
2.33,0.06000042
2.55,0.06000042
2.56,0.06000042
2.67,0.06000042
2.74,0.06000042
2.79,0.06000042
2.91,0.06000042
3.19,0.06000042
3.45,0.06000042
3.63,0.06000042
3.85,0.06000042
4.4,0.06000042
4.58,0.06000042
4.78,0.06000042
4.69,0.06000042
4.65,0.06000042
0.25,0.05000019
0.43,0.05000019
0.64,0.05000019
0.96,0.05000019
1.15,0.05000019
1.46,0.05000019
1.83,0.05000019
2.33,0.05000019
2.55,0.05000019
2.56,0.05000019
2.67,0.05000019
2.74,0.05000019
2.79,0.05000019
2.91,0.05000019
3.19,0.05000019
3.45,0.05000019
3.63,0.05000019
3.85,0.05000019
4.4,0.05000019
4.58,0.05000019
4.78,0.05000019
4.69,0.05000019
4.65,0.05000019
4.96,0.05000019
0.43,0.25
0.64,0.25
0.96,0.25
1.15,0.25
1.46,0.25
1.83,0.25
2.33,0.25
2.55,0.25
2.56,0.25
2.67,0.25
2.74,0.25
2.79,0.25
2.91,0.25
3.19,0.25
3.45,0.25
3.63,0.25
3.85,0.25
4.4,0.25
4.58,0.25
4.78,0.25
4.69,0.25
4.65,0.25
4.96,0.25
5.3,0.25
0.64,0.4300003
0.96,0.4300003
1.15,0.4300003
1.46,0.4300003
1.83,0.4300003
2.33,0.4300003
2.55,0.4300003
2.56,0.4300003
2.67,0.4300003
2.74,0.4300003
2.79,0.4300003
2.91,0.4300003
3.19,0.4300003
3.45,0.4300003
3.63,0.4300003
3.85,0.4300003
4.4,0.4300003
4.58,0.4300003
4.78,0.4300003
4.69,0.4300003
4.65,0.4300003
4.96,0.4300003
5.3,0.4300003
4.98,0.4300003
0.96,0.64000034
1.15,0.64000034
1.46,0.64000034
1.83,0.64000034
2.33,0.64000034
2.55,0.64000034
2.56,0.64000034
2.67,0.64000034
2.74,0.64000034
2.79,0.64000034
2.91,0.64000034
3.19,0.64000034
3.45,0.64000034
3.63,0.64000034
3.85,0.64000034
4.4,0.64000034
4.58,0.64000034
4.78,0.64000034
4.69,0.64000034
4.65,0.64000034
4.96,0.64000034
5.3,0.64000034
4.98,0.64000034
4.63,0.64000034
1.15,0.96000004
1.46,0.96000004
1.83,0.96000004
2.33,0.96000004
2.55,0.96000004
2.56,0.96000004
2.67,0.96000004
2.74,0.96000004
2.79,0.96000004
2.91,0.96000004
3.19,0.96000004
3.45,0.96000004
3.63,0.96000004
3.85,0.96000004
4.4,0.96000004
4.58,0.96000004
4.78,0.96000004
4.69,0.96000004
4.65,0.96000004
4.96,0.96000004
5.3,0.96000004
4.98,0.96000004
4.63,0.96000004
4.57,0.96000004
1.46,1.1499996
1.83,1.1499996
2.33,1.1499996
2.55,1.1499996
2.56,1.1499996
2.67,1.1499996
2.74,1.1499996
2.79,1.1499996
2.91,1.1499996
3.19,1.1499996
3.45,1.1499996
3.63,1.1499996
3.85,1.1499996
4.4,1.1499996
4.58,1.1499996
4.78,1.1499996
4.69,1.1499996
4.65,1.1499996
4.96,1.1499996
5.3,1.1499996
4.98,1.1499996
4.63,1.1499996
4.57,1.1499996
4.73,1.1499996
1.83,1.46
2.33,1.46
2.55,1.46
2.56,1.46
2.67,1.46
2.74,1.46
2.79,1.46
2.91,1.46
3.19,1.46
3.45,1.46
3.63,1.46
3.85,1.46
4.4,1.46
4.58,1.46
4.78,1.46
4.69,1.46
4.65,1.46
4.96,1.46
5.3,1.46
4.98,1.46
4.63,1.46
4.57,1.46
4.73,1.46
5.18,1.46
2.33,1.8299999
2.55,1.8299999
2.56,1.8299999
2.67,1.8299999
2.74,1.8299999
2.79,1.8299999
2.91,1.8299999
3.19,1.8299999
3.45,1.8299999
3.63,1.8299999
3.85,1.8299999
4.4,1.8299999
4.58,1.8299999
4.78,1.8299999
4.69,1.8299999
4.65,1.8299999
4.96,1.8299999
5.3,1.8299999
4.98,1.8299999
4.63,1.8299999
4.57,1.8299999
4.73,1.8299999
5.18,1.8299999
5.22,1.8299999
2.55,2.33
2.56,2.33
2.67,2.33
2.74,2.33
2.79,2.33
2.91,2.33
3.19,2.33
3.45,2.33
3.63,2.33
3.85,2.33
4.4,2.33
4.58,2.33
4.78,2.33
4.69,2.33
4.65,2.33
4.96,2.33
5.3,2.33
4.98,2.33
4.63,2.33
4.57,2.33
4.73,2.33
5.18,2.33
5.22,2.33
5.14,2.33
2.56,2.5500002
2.67,2.5500002
2.74,2.5500002
2.79,2.5500002
2.91,2.5500002
3.19,2.5500002
3.45,2.5500002
3.63,2.5500002
3.85,2.5500002
4.4,2.5500002
4.58,2.5500002
4.78,2.5500002
4.69,2.5500002
4.65,2.5500002
4.96,2.5500002
5.3,2.5500002
4.98,2.5500002
4.63,2.5500002
4.57,2.5500002
4.73,2.5500002
5.18,2.5500002
5.22,2.5500002
5.14,2.5500002
5.16,2.5500002
2.67,2.5600004
2.74,2.5600004
2.79,2.5600004
2.91,2.5600004
3.19,2.5600004
3.45,2.5600004
3.63,2.5600004
3.85,2.5600004
4.4,2.5600004
4.58,2.5600004
4.78,2.5600004
4.69,2.5600004
4.65,2.5600004
4.96,2.5600004
5.3,2.5600004
4.98,2.5600004
4.63,2.5600004
4.57,2.5600004
4.73,2.5600004
5.18,2.5600004
5.22,2.5600004
5.14,2.5600004
5.16,2.5600004
5.08,2.5600004
2.74,2.67
2.79,2.67
2.91,2.67
3.19,2.67
3.45,2.67
3.63,2.67
3.85,2.67
4.4,2.67
4.58,2.67
4.78,2.67
4.69,2.67
4.65,2.67
4.96,2.67
5.3,2.67
4.98,2.67
4.63,2.67
4.57,2.67
4.73,2.67
5.18,2.67
5.22,2.67
5.14,2.67
5.16,2.67
5.08,2.67
4.59,2.67
2.79,2.7399998
2.91,2.7399998
3.19,2.7399998
3.45,2.7399998
3.63,2.7399998
3.85,2.7399998
4.4,2.7399998
4.58,2.7399998
4.78,2.7399998
4.69,2.7399998
4.65,2.7399998
4.96,2.7399998
5.3,2.7399998
4.98,2.7399998
4.63,2.7399998
4.57,2.7399998
4.73,2.7399998
5.18,2.7399998
5.22,2.7399998
5.14,2.7399998
5.16,2.7399998
5.08,2.7399998
4.59,2.7399998
4.54,2.7399998
2.91,2.79
3.19,2.79
3.45,2.79
3.63,2.79
3.85,2.79
4.4,2.79
4.58,2.79
4.78,2.79
4.69,2.79
4.65,2.79
4.96,2.79
5.3,2.79
4.98,2.79
4.63,2.79
4.57,2.79
4.73,2.79
5.18,2.79
5.22,2.79
5.14,2.79
5.16,2.79
5.08,2.79
4.59,2.79
4.54,2.79
4.25,2.79
3.19,2.9099998
3.45,2.9099998
3.63,2.9099998
3.85,2.9099998
4.4,2.9099998
4.58,2.9099998
4.78,2.9099998
4.69,2.9099998
4.65,2.9099998
4.96,2.9099998
5.3,2.9099998
4.98,2.9099998
4.63,2.9099998
4.57,2.9099998
4.73,2.9099998
5.18,2.9099998
5.22,2.9099998
5.14,2.9099998
5.16,2.9099998
5.08,2.9099998
4.59,2.9099998
4.54,2.9099998
4.25,2.9099998
3.75,2.9099998
3.45,3.1899996
3.63,3.1899996
3.85,3.1899996
4.4,3.1899996
4.58,3.1899996
4.78,3.1899996
4.69,3.1899996
4.65,3.1899996
4.96,3.1899996
5.3,3.1899996
4.98,3.1899996
4.63,3.1899996
4.57,3.1899996
4.73,3.1899996
5.18,3.1899996
5.22,3.1899996
5.14,3.1899996
5.16,3.1899996
5.08,3.1899996
4.59,3.1899996
4.54,3.1899996
4.25,3.1899996
3.75,3.1899996
3.54,3.1899996
3.63,3.4499998
3.85,3.4499998
4.4,3.4499998
4.58,3.4499998
4.78,3.4499998
4.69,3.4499998
4.65,3.4499998
4.96,3.4499998
5.3,3.4499998
4.98,3.4499998
4.63,3.4499998
4.57,3.4499998
4.73,3.4499998
5.18,3.4499998
5.22,3.4499998
5.14,3.4499998
5.16,3.4499998
5.08,3.4499998
4.59,3.4499998
4.54,3.4499998
4.25,3.4499998
3.75,3.4499998
3.54,3.4499998
3.19,3.4499998
3.85,3.63
4.4,3.63
4.58,3.63
4.78,3.63
4.69,3.63
4.65,3.63
4.96,3.63
5.3,3.63
4.98,3.63
4.63,3.63
4.57,3.63
4.73,3.63
5.18,3.63
5.22,3.63
5.14,3.63
5.16,3.63
5.08,3.63
4.59,3.63
4.54,3.63
4.25,3.63
3.75,3.63
3.54,3.63
3.19,3.63
2.86,3.63
4.4,3.8499994
4.58,3.8499994
4.78,3.8499994
4.69,3.8499994
4.65,3.8499994
4.96,3.8499994
5.3,3.8499994
4.98,3.8499994
4.63,3.8499994
4.57,3.8499994
4.73,3.8499994
5.18,3.8499994
5.22,3.8499994
5.14,3.8499994
5.16,3.8499994
5.08,3.8499994
4.59,3.8499994
4.54,3.8499994
4.25,3.8499994
3.75,3.8499994
3.54,3.8499994
3.19,3.8499994
2.86,3.8499994
2.69,3.8499994
4.58,4.4000006
4.78,4.4000006
4.69,4.4000006
4.65,4.4000006
4.96,4.4000006
5.3,4.4000006
4.98,4.4000006
4.63,4.4000006
4.57,4.4000006
4.73,4.4000006
5.18,4.4000006
5.22,4.4000006
5.14,4.4000006
5.16,4.4000006
5.08,4.4000006
4.59,4.4000006
4.54,4.4000006
4.25,4.4000006
3.75,4.4000006
3.54,4.4000006
3.19,4.4000006
2.86,4.4000006
2.69,4.4000006
2.54,4.4000006
4.78,4.58
4.69,4.58
4.65,4.58
4.96,4.58
5.3,4.58
4.98,4.58
4.63,4.58
4.57,4.58
4.73,4.58
5.18,4.58
5.22,4.58
5.14,4.58
5.16,4.58
5.08,4.58
4.59,4.58
4.54,4.58
4.25,4.58
3.75,4.58
3.54,4.58
3.19,4.58
2.86,4.58
2.69,4.58
2.54,4.58
2.41,4.58
4.69,4.78
4.65,4.78
4.96,4.78
5.3,4.78
4.98,4.78
4.63,4.78
4.57,4.78
4.73,4.78
5.18,4.78
5.22,4.78
5.14,4.78
5.16,4.78
5.08,4.78
4.59,4.78
4.54,4.78
4.25,4.78
3.75,4.78
3.54,4.78
3.19,4.78
2.86,4.78
2.69,4.78
2.54,4.78
2.41,4.78
2.21,4.78
4.65,4.6899996
4.96,4.6899996
5.3,4.6899996
4.98,4.6899996
4.63,4.6899996
4.57,4.6899996
4.73,4.6899996
5.18,4.6899996
5.22,4.6899996
5.14,4.6899996
5.16,4.6899996
5.08,4.6899996
4.59,4.6899996
4.54,4.6899996
4.25,4.6899996
3.75,4.6899996
3.54,4.6899996
3.19,4.6899996
2.86,4.6899996
2.69,4.6899996
2.54,4.6899996
2.41,4.6899996
2.21,4.6899996
2.03,4.6899996
4.96,4.6500006
5.3,4.6500006
4.98,4.6500006
4.63,4.6500006
4.57,4.6500006
4.73,4.6500006
5.18,4.6500006
5.22,4.6500006
5.14,4.6500006
5.16,4.6500006
5.08,4.6500006
4.59,4.6500006
4.54,4.6500006
4.25,4.6500006
3.75,4.6500006
3.54,4.6500006
3.19,4.6500006
2.86,4.6500006
2.69,4.6500006
2.54,4.6500006
2.41,4.6500006
2.21,4.6500006
2.03,4.6500006
1.8,4.6500006
5.3,4.96
4.98,4.96
4.63,4.96
4.57,4.96
4.73,4.96
5.18,4.96
5.22,4.96
5.14,4.96
5.16,4.96
5.08,4.96
4.59,4.96
4.54,4.96
4.25,4.96
3.75,4.96
3.54,4.96
3.19,4.96
2.86,4.96
2.69,4.96
2.54,4.96
2.41,4.96
2.21,4.96
2.03,4.96
1.8,4.96
1.58,4.96
4.98,5.3
4.63,5.3
4.57,5.3
4.73,5.3
5.18,5.3
5.22,5.3
5.14,5.3
5.16,5.3
5.08,5.3
4.59,5.3
4.54,5.3
4.25,5.3
3.75,5.3
3.54,5.3
3.19,5.3
2.86,5.3
2.69,5.3
2.54,5.3
2.41,5.3
2.21,5.3
2.03,5.3
1.8,5.3
1.58,5.3
1.26,5.3
4.63,4.98
4.57,4.98
4.73,4.98
5.18,4.98
5.22,4.98
5.14,4.98
5.16,4.98
5.08,4.98
4.59,4.98
4.54,4.98
4.25,4.98
3.75,4.98
3.54,4.98
3.19,4.98
2.86,4.98
2.69,4.98
2.54,4.98
2.41,4.98
2.21,4.98
2.03,4.98
1.8,4.98
1.58,4.98
1.26,4.98
0.95,4.98
4.57,4.63
4.73,4.63
5.18,4.63
5.22,4.63
5.14,4.63
5.16,4.63
5.08,4.63
4.59,4.63
4.54,4.63
4.25,4.63
3.75,4.63
3.54,4.63
3.19,4.63
2.86,4.63
2.69,4.63
2.54,4.63
2.41,4.63
2.21,4.63
2.03,4.63
1.8,4.63
1.58,4.63
1.26,4.63
0.95,4.63
0.57,4.63
4.73,4.5700006
5.18,4.5700006
5.22,4.5700006
5.14,4.5700006
5.16,4.5700006
5.08,4.5700006
4.59,4.5700006
4.54,4.5700006
4.25,4.5700006
3.75,4.5700006
3.54,4.5700006
3.19,4.5700006
2.86,4.5700006
2.69,4.5700006
2.54,4.5700006
2.41,4.5700006
2.21,4.5700006
2.03,4.5700006
1.8,4.5700006
1.58,4.5700006
1.26,4.5700006
0.95,4.5700006
0.57,4.5700006
0.32,4.5700006
5.18,4.73
5.22,4.73
5.14,4.73
5.16,4.73
5.08,4.73
4.59,4.73
4.54,4.73
4.25,4.73
3.75,4.73
3.54,4.73
3.19,4.73
2.86,4.73
2.69,4.73
2.54,4.73
2.41,4.73
2.21,4.73
2.03,4.73
1.8,4.73
1.58,4.73
1.26,4.73
0.95,4.73
0.57,4.73
0.32,4.73
0.2,4.73
5.22,5.18
5.14,5.18
5.16,5.18
5.08,5.18
4.59,5.18
4.54,5.18
4.25,5.18
3.75,5.18
3.54,5.18
3.19,5.18
2.86,5.18
2.69,5.18
2.54,5.18
2.41,5.18
2.21,5.18
2.03,5.18
1.8,5.18
1.58,5.18
1.26,5.18
0.95,5.18
0.57,5.18
0.32,5.18
0.2,5.18
0.03,5.18
5.14,5.22
5.16,5.22
5.08,5.22
4.59,5.22
4.54,5.22
4.25,5.22
3.75,5.22
3.54,5.22
3.19,5.22
2.86,5.22
2.69,5.22
2.54,5.22
2.41,5.22
2.21,5.22
2.03,5.22
1.8,5.22
1.58,5.22
1.26,5.22
0.95,5.22
0.57,5.22
0.32,5.22
0.2,5.22
0.03,5.22
-0.18,5.22
5.16,5.14
5.08,5.14
4.59,5.14
4.54,5.14
4.25,5.14
3.75,5.14
3.54,5.14
3.19,5.14
2.86,5.14
2.69,5.14
2.54,5.14
2.41,5.14
2.21,5.14
2.03,5.14
1.8,5.14
1.58,5.14
1.26,5.14
0.95,5.14
0.57,5.14
0.32,5.14
0.2,5.14
0.03,5.14
-0.18,5.14
-0.15,5.14
5.08,5.16
4.59,5.16
4.54,5.16
4.25,5.16
3.75,5.16
3.54,5.16
3.19,5.16
2.86,5.16
2.69,5.16
2.54,5.16
2.41,5.16
2.21,5.16
2.03,5.16
1.8,5.16
1.58,5.16
1.26,5.16
0.95,5.16
0.57,5.16
0.32,5.16
0.2,5.16
0.03,5.16
-0.18,5.16
-0.15,5.16
-0.09,5.16
4.59,5.08
4.54,5.08
4.25,5.08
3.75,5.08
3.54,5.08
3.19,5.08
2.86,5.08
2.69,5.08
2.54,5.08
2.41,5.08
2.21,5.08
2.03,5.08
1.8,5.08
1.58,5.08
1.26,5.08
0.95,5.08
0.57,5.08
0.32,5.08
0.2,5.08
0.03,5.08
-0.18,5.08
-0.15,5.08
-0.09,5.08
-0.2,5.08
4.54,4.59
4.25,4.59
3.75,4.59
3.54,4.59
3.19,4.59
2.86,4.59
2.69,4.59
2.54,4.59
2.41,4.59
2.21,4.59
2.03,4.59
1.8,4.59
1.58,4.59
1.26,4.59
0.95,4.59
0.57,4.59
0.32,4.59
0.2,4.59
0.03,4.59
-0.18,4.59
-0.15,4.59
-0.09,4.59
-0.2,4.59
-0.31,4.59
4.25,4.54
3.75,4.54
3.54,4.54
3.19,4.54
2.86,4.54
2.69,4.54
2.54,4.54
2.41,4.54
2.21,4.54
2.03,4.54
1.8,4.54
1.58,4.54
1.26,4.54
0.95,4.54
0.57,4.54
0.32,4.54
0.2,4.54
0.03,4.54
-0.18,4.54
-0.15,4.54
-0.09,4.54
-0.2,4.54
-0.31,4.54
-0.35,4.54
3.75,4.25
3.54,4.25
3.19,4.25
2.86,4.25
2.69,4.25
2.54,4.25
2.41,4.25
2.21,4.25
2.03,4.25
1.8,4.25
1.58,4.25
1.26,4.25
0.95,4.25
0.57,4.25
0.32,4.25
0.2,4.25
0.03,4.25
-0.18,4.25
-0.15,4.25
-0.09,4.25
-0.2,4.25
-0.31,4.25
-0.35,4.25
-0.48,4.25
3.54,3.75
3.19,3.75
2.86,3.75
2.69,3.75
2.54,3.75
2.41,3.75
2.21,3.75
2.03,3.75
1.8,3.75
1.58,3.75
1.26,3.75
0.95,3.75
0.57,3.75
0.32,3.75
0.2,3.75
0.03,3.75
-0.18,3.75
-0.15,3.75
-0.09,3.75
-0.2,3.75
-0.31,3.75
-0.35,3.75
-0.48,3.75
-0.6,3.75
3.19,3.54
2.86,3.54
2.69,3.54
2.54,3.54
2.41,3.54
2.21,3.54
2.03,3.54
1.8,3.54
1.58,3.54
1.26,3.54
0.95,3.54
0.57,3.54
0.32,3.54
0.2,3.54
0.03,3.54
-0.18,3.54
-0.15,3.54
-0.09,3.54
-0.2,3.54
-0.31,3.54
-0.35,3.54
-0.48,3.54
-0.6,3.54
-0.66,3.54
2.86,3.1899996
2.69,3.1899996
2.54,3.1899996
2.41,3.1899996
2.21,3.1899996
2.03,3.1899996
1.8,3.1899996
1.58,3.1899996
1.26,3.1899996
0.95,3.1899996
0.57,3.1899996
0.32,3.1899996
0.2,3.1899996
0.03,3.1899996
-0.18,3.1899996
-0.15,3.1899996
-0.09,3.1899996
-0.2,3.1899996
-0.31,3.1899996
-0.35,3.1899996
-0.48,3.1899996
-0.6,3.1899996
-0.66,3.1899996
-0.81,3.1899996
2.69,2.8599997
2.54,2.8599997
2.41,2.8599997
2.21,2.8599997
2.03,2.8599997
1.8,2.8599997
1.58,2.8599997
1.26,2.8599997
0.95,2.8599997
0.57,2.8599997
0.32,2.8599997
0.2,2.8599997
0.03,2.8599997
-0.18,2.8599997
-0.15,2.8599997
-0.09,2.8599997
-0.2,2.8599997
-0.31,2.8599997
-0.35,2.8599997
-0.48,2.8599997
-0.6,2.8599997
-0.66,2.8599997
-0.81,2.8599997
-0.87,2.8599997
2.54,2.6899996
2.41,2.6899996
2.21,2.6899996
2.03,2.6899996
1.8,2.6899996
1.58,2.6899996
1.26,2.6899996
0.95,2.6899996
0.57,2.6899996
0.32,2.6899996
0.2,2.6899996
0.03,2.6899996
-0.18,2.6899996
-0.15,2.6899996
-0.09,2.6899996
-0.2,2.6899996
-0.31,2.6899996
-0.35,2.6899996
-0.48,2.6899996
-0.6,2.6899996
-0.66,2.6899996
-0.81,2.6899996
-0.87,2.6899996
-0.87,2.6899996
2.41,2.54
2.21,2.54
2.03,2.54
1.8,2.54
1.58,2.54
1.26,2.54
0.95,2.54
0.57,2.54
0.32,2.54
0.2,2.54
0.03,2.54
-0.18,2.54
-0.15,2.54
-0.09,2.54
-0.2,2.54
-0.31,2.54
-0.35,2.54
-0.48,2.54
-0.6,2.54
-0.66,2.54
-0.81,2.54
-0.87,2.54
-0.87,2.54
-1.0,2.54
2.21,2.4099998
2.03,2.4099998
1.8,2.4099998
1.58,2.4099998
1.26,2.4099998
0.95,2.4099998
0.57,2.4099998
0.32,2.4099998
0.2,2.4099998
0.03,2.4099998
-0.18,2.4099998
-0.15,2.4099998
-0.09,2.4099998
-0.2,2.4099998
-0.31,2.4099998
-0.35,2.4099998
-0.48,2.4099998
-0.6,2.4099998
-0.66,2.4099998
-0.81,2.4099998
-0.87,2.4099998
-0.87,2.4099998
-1.0,2.4099998
-1.12,2.4099998
2.03,2.21
1.8,2.21
1.58,2.21
1.26,2.21
0.95,2.21
0.57,2.21
0.32,2.21
0.2,2.21
0.03,2.21
-0.18,2.21
-0.15,2.21
-0.09,2.21
-0.2,2.21
-0.31,2.21
-0.35,2.21
-0.48,2.21
-0.6,2.21
-0.66,2.21
-0.81,2.21
-0.87,2.21
-0.87,2.21
-1.0,2.21
-1.12,2.21
-1.13,2.21
1.8,2.0299997
1.58,2.0299997
1.26,2.0299997
0.95,2.0299997
0.57,2.0299997
0.32,2.0299997
0.2,2.0299997
0.03,2.0299997
-0.18,2.0299997
-0.15,2.0299997
-0.09,2.0299997
-0.2,2.0299997
-0.31,2.0299997
-0.35,2.0299997
-0.48,2.0299997
-0.6,2.0299997
-0.66,2.0299997
-0.81,2.0299997
-0.87,2.0299997
-0.87,2.0299997
-1.0,2.0299997
-1.12,2.0299997
-1.13,2.0299997
-1.07,2.0299997
1.58,1.8000002
1.26,1.8000002
0.95,1.8000002
0.57,1.8000002
0.32,1.8000002
0.2,1.8000002
0.03,1.8000002
-0.18,1.8000002
-0.15,1.8000002
-0.09,1.8000002
-0.2,1.8000002
-0.31,1.8000002
-0.35,1.8000002
-0.48,1.8000002
-0.6,1.8000002
-0.66,1.8000002
-0.81,1.8000002
-0.87,1.8000002
-0.87,1.8000002
-1.0,1.8000002
-1.12,1.8000002
-1.13,1.8000002
-1.07,1.8000002
-1.02,1.8000002
1.26,1.5799999
0.95,1.5799999
0.57,1.5799999
0.32,1.5799999
0.2,1.5799999
0.03,1.5799999
-0.18,1.5799999
-0.15,1.5799999
-0.09,1.5799999
-0.2,1.5799999
-0.31,1.5799999
-0.35,1.5799999
-0.48,1.5799999
-0.6,1.5799999
-0.66,1.5799999
-0.81,1.5799999
-0.87,1.5799999
-0.87,1.5799999
-1.0,1.5799999
-1.12,1.5799999
-1.13,1.5799999
-1.07,1.5799999
-1.02,1.5799999
-0.65,1.5799999
0.95,1.2600002
0.57,1.2600002
0.32,1.2600002
0.2,1.2600002
0.03,1.2600002
-0.18,1.2600002
-0.15,1.2600002
-0.09,1.2600002
-0.2,1.2600002
-0.31,1.2600002
-0.35,1.2600002
-0.48,1.2600002
-0.6,1.2600002
-0.66,1.2600002
-0.81,1.2600002
-0.87,1.2600002
-0.87,1.2600002
-1.0,1.2600002
-1.12,1.2600002
-1.13,1.2600002
-1.07,1.2600002
-1.02,1.2600002
-0.65,1.2600002
-0.8,1.2600002
0.57,0.9499998
0.32,0.9499998
0.2,0.9499998
0.03,0.9499998
-0.18,0.9499998
-0.15,0.9499998
-0.09,0.9499998
-0.2,0.9499998
-0.31,0.9499998
-0.35,0.9499998
-0.48,0.9499998
-0.6,0.9499998
-0.66,0.9499998
-0.81,0.9499998
-0.87,0.9499998
-0.87,0.9499998
-1.0,0.9499998
-1.12,0.9499998
-1.13,0.9499998
-1.07,0.9499998
-1.02,0.9499998
-0.65,0.9499998
-0.8,0.9499998
-0.93,0.9499998
0.32,0.5699997
0.2,0.5699997
0.03,0.5699997
-0.18,0.5699997
-0.15,0.5699997
-0.09,0.5699997
-0.2,0.5699997
-0.31,0.5699997
-0.35,0.5699997
-0.48,0.5699997
-0.6,0.5699997
-0.66,0.5699997
-0.81,0.5699997
-0.87,0.5699997
-0.87,0.5699997
-1.0,0.5699997
-1.12,0.5699997
-1.13,0.5699997
-1.07,0.5699997
-1.02,0.5699997
-0.65,0.5699997
-0.8,0.5699997
-0.93,0.5699997
-0.74,0.5699997
0.2,0.3199997
0.03,0.3199997
-0.18,0.3199997
-0.15,0.3199997
-0.09,0.3199997
-0.2,0.3199997
-0.31,0.3199997
-0.35,0.3199997
-0.48,0.3199997
-0.6,0.3199997
-0.66,0.3199997
-0.81,0.3199997
-0.87,0.3199997
-0.87,0.3199997
-1.0,0.3199997
-1.12,0.3199997
-1.13,0.3199997
-1.07,0.3199997
-1.02,0.3199997
-0.65,0.3199997
-0.8,0.3199997
-0.93,0.3199997
-0.74,0.3199997
-0.67,0.3199997
0.03,0.19999981
-0.18,0.19999981
-0.15,0.19999981
-0.09,0.19999981
-0.2,0.19999981
-0.31,0.19999981
-0.35,0.19999981
-0.48,0.19999981
-0.6,0.19999981
-0.66,0.19999981
-0.81,0.19999981
-0.87,0.19999981
-0.87,0.19999981
-1.0,0.19999981
-1.12,0.19999981
-1.13,0.19999981
-1.07,0.19999981
-1.02,0.19999981
-0.65,0.19999981
-0.8,0.19999981
-0.93,0.19999981
-0.74,0.19999981
-0.67,0.19999981
-0.67,0.19999981
-0.18,0.029999733
-0.15,0.029999733
-0.09,0.029999733
-0.2,0.029999733
-0.31,0.029999733
-0.35,0.029999733
-0.48,0.029999733
-0.6,0.029999733
-0.66,0.029999733
-0.81,0.029999733
-0.87,0.029999733
-0.87,0.029999733
-1.0,0.029999733
-1.12,0.029999733
-1.13,0.029999733
-1.07,0.029999733
-1.02,0.029999733
-0.65,0.029999733
-0.8,0.029999733
-0.93,0.029999733
-0.74,0.029999733
-0.67,0.029999733
-0.67,0.029999733
-0.76,0.029999733
-0.15,-0.1800003
-0.09,-0.1800003
-0.2,-0.1800003
-0.31,-0.1800003
-0.35,-0.1800003
-0.48,-0.1800003
-0.6,-0.1800003
-0.66,-0.1800003
-0.81,-0.1800003
-0.87,-0.1800003
-0.87,-0.1800003
-1.0,-0.1800003
-1.12,-0.1800003
-1.13,-0.1800003
-1.07,-0.1800003
-1.02,-0.1800003
-0.65,-0.1800003
-0.8,-0.1800003
-0.93,-0.1800003
-0.74,-0.1800003
-0.67,-0.1800003
-0.67,-0.1800003
-0.76,-0.1800003
-0.96,-0.1800003
-0.09,-0.14999962
-0.2,-0.14999962
-0.31,-0.14999962
-0.35,-0.14999962
-0.48,-0.14999962
-0.6,-0.14999962
-0.66,-0.14999962
-0.81,-0.14999962
-0.87,-0.14999962
-0.87,-0.14999962
-1.0,-0.14999962
-1.12,-0.14999962
-1.13,-0.14999962
-1.07,-0.14999962
-1.02,-0.14999962
-0.65,-0.14999962
-0.8,-0.14999962
-0.93,-0.14999962
-0.74,-0.14999962
-0.67,-0.14999962
-0.67,-0.14999962
-0.76,-0.14999962
-0.96,-0.14999962
-1.09,-0.14999962
-0.2,-0.09000015
-0.31,-0.09000015
-0.35,-0.09000015
-0.48,-0.09000015
-0.6,-0.09000015
-0.66,-0.09000015
-0.81,-0.09000015
-0.87,-0.09000015
-0.87,-0.09000015
-1.0,-0.09000015
-1.12,-0.09000015
-1.13,-0.09000015
-1.07,-0.09000015
-1.02,-0.09000015
-0.65,-0.09000015
-0.8,-0.09000015
-0.93,-0.09000015
-0.74,-0.09000015
-0.67,-0.09000015
-0.67,-0.09000015
-0.76,-0.09000015
-0.96,-0.09000015
-1.09,-0.09000015
-1.13,-0.09000015
-0.31,-0.19999981
-0.35,-0.19999981
-0.48,-0.19999981
-0.6,-0.19999981
-0.66,-0.19999981
-0.81,-0.19999981
-0.87,-0.19999981
-0.87,-0.19999981
-1.0,-0.19999981
-1.12,-0.19999981
-1.13,-0.19999981
-1.07,-0.19999981
-1.02,-0.19999981
-0.65,-0.19999981
-0.8,-0.19999981
-0.93,-0.19999981
-0.74,-0.19999981
-0.67,-0.19999981
-0.67,-0.19999981
-0.76,-0.19999981
-0.96,-0.19999981
-1.09,-0.19999981
-1.13,-0.19999981
-1.0,-0.19999981
-0.35,-0.31000042
-0.48,-0.31000042
-0.6,-0.31000042
-0.66,-0.31000042
-0.81,-0.31000042
-0.87,-0.31000042
-0.87,-0.31000042
-1.0,-0.31000042
-1.12,-0.31000042
-1.13,-0.31000042
-1.07,-0.31000042
-1.02,-0.31000042
-0.65,-0.31000042
-0.8,-0.31000042
-0.93,-0.31000042
-0.74,-0.31000042
-0.67,-0.31000042
-0.67,-0.31000042
-0.76,-0.31000042
-0.96,-0.31000042
-1.09,-0.31000042
-1.13,-0.31000042
-1.0,-0.31000042
-0.86,-0.31000042
-0.48,-0.35000038
-0.6,-0.35000038
-0.66,-0.35000038
-0.81,-0.35000038
-0.87,-0.35000038
-0.87,-0.35000038
-1.0,-0.35000038
-1.12,-0.35000038
-1.13,-0.35000038
-1.07,-0.35000038
-1.02,-0.35000038
-0.65,-0.35000038
-0.8,-0.35000038
-0.93,-0.35000038
-0.74,-0.35000038
-0.67,-0.35000038
-0.67,-0.35000038
-0.76,-0.35000038
-0.96,-0.35000038
-1.09,-0.35000038
-1.13,-0.35000038
-1.0,-0.35000038
-0.86,-0.35000038
-0.83,-0.35000038
-0.6,-0.47999954
-0.66,-0.47999954
-0.81,-0.47999954
-0.87,-0.47999954
-0.87,-0.47999954
-1.0,-0.47999954
-1.12,-0.47999954
-1.13,-0.47999954
-1.07,-0.47999954
-1.02,-0.47999954
-0.65,-0.47999954
-0.8,-0.47999954
-0.93,-0.47999954
-0.74,-0.47999954
-0.67,-0.47999954
-0.67,-0.47999954
-0.76,-0.47999954
-0.96,-0.47999954
-1.09,-0.47999954
-1.13,-0.47999954
-1.0,-0.47999954
-0.86,-0.47999954
-0.83,-0.47999954
-0.74,-0.47999954
-0.66,-0.6000004
-0.81,-0.6000004
-0.87,-0.6000004
-0.87,-0.6000004
-1.0,-0.6000004
-1.12,-0.6000004
-1.13,-0.6000004
-1.07,-0.6000004
-1.02,-0.6000004
-0.65,-0.6000004
-0.8,-0.6000004
-0.93,-0.6000004
-0.74,-0.6000004
-0.67,-0.6000004
-0.67,-0.6000004
-0.76,-0.6000004
-0.96,-0.6000004
-1.09,-0.6000004
-1.13,-0.6000004
-1.0,-0.6000004
-0.86,-0.6000004
-0.83,-0.6000004
-0.74,-0.6000004
-0.58,-0.6000004
-0.81,-0.65999985
-0.87,-0.65999985
-0.87,-0.65999985
-1.0,-0.65999985
-1.12,-0.65999985
-1.13,-0.65999985
-1.07,-0.65999985
-1.02,-0.65999985
-0.65,-0.65999985
-0.8,-0.65999985
-0.93,-0.65999985
-0.74,-0.65999985
-0.67,-0.65999985
-0.67,-0.65999985
-0.76,-0.65999985
-0.96,-0.65999985
-1.09,-0.65999985
-1.13,-0.65999985
-1.0,-0.65999985
-0.86,-0.65999985
-0.83,-0.65999985
-0.74,-0.65999985
-0.58,-0.65999985
-0.66,-0.65999985
-0.87,-0.8100004
-0.87,-0.8100004
-1.0,-0.8100004
-1.12,-0.8100004
-1.13,-0.8100004
-1.07,-0.8100004
-1.02,-0.8100004
-0.65,-0.8100004
-0.8,-0.8100004
-0.93,-0.8100004
-0.74,-0.8100004
-0.67,-0.8100004
-0.67,-0.8100004
-0.76,-0.8100004
-0.96,-0.8100004
-1.09,-0.8100004
-1.13,-0.8100004
-1.0,-0.8100004
-0.86,-0.8100004
-0.83,-0.8100004
-0.74,-0.8100004
-0.58,-0.8100004
-0.66,-0.8100004
-0.51,-0.8100004
-0.87,-0.8699999
-1.0,-0.8699999
-1.12,-0.8699999
-1.13,-0.8699999
-1.07,-0.8699999
-1.02,-0.8699999
-0.65,-0.8699999
-0.8,-0.8699999
-0.93,-0.8699999
-0.74,-0.8699999
-0.67,-0.8699999
-0.67,-0.8699999
-0.76,-0.8699999
-0.96,-0.8699999
-1.09,-0.8699999
-1.13,-0.8699999
-1.0,-0.8699999
-0.86,-0.8699999
-0.83,-0.8699999
-0.74,-0.8699999
-0.58,-0.8699999
-0.66,-0.8699999
-0.51,-0.8699999
-0.37,-0.8699999
-1.0,-0.8699999
-1.12,-0.8699999
-1.13,-0.8699999
-1.07,-0.8699999
-1.02,-0.8699999
-0.65,-0.8699999
-0.8,-0.8699999
-0.93,-0.8699999
-0.74,-0.8699999
-0.67,-0.8699999
-0.67,-0.8699999
-0.76,-0.8699999
-0.96,-0.8699999
-1.09,-0.8699999
-1.13,-0.8699999
-1.0,-0.8699999
-0.86,-0.8699999
-0.83,-0.8699999
-0.74,-0.8699999
-0.58,-0.8699999
-0.66,-0.8699999
-0.51,-0.8699999
-0.37,-0.8699999
-0.25,-0.8699999
-1.12,-1.0
-1.13,-1.0
-1.07,-1.0
-1.02,-1.0
-0.65,-1.0
-0.8,-1.0
-0.93,-1.0
-0.74,-1.0
-0.67,-1.0
-0.67,-1.0
-0.76,-1.0
-0.96,-1.0
-1.09,-1.0
-1.13,-1.0
-1.0,-1.0
-0.86,-1.0
-0.83,-1.0
-0.74,-1.0
-0.58,-1.0
-0.66,-1.0
-0.51,-1.0
-0.37,-1.0
-0.25,-1.0
-0.04,-1.0
-1.13,-1.1199999
-1.07,-1.1199999
-1.02,-1.1199999
-0.65,-1.1199999
-0.8,-1.1199999
-0.93,-1.1199999
-0.74,-1.1199999
-0.67,-1.1199999
-0.67,-1.1199999
-0.76,-1.1199999
-0.96,-1.1199999
-1.09,-1.1199999
-1.13,-1.1199999
-1.0,-1.1199999
-0.86,-1.1199999
-0.83,-1.1199999
-0.74,-1.1199999
-0.58,-1.1199999
-0.66,-1.1199999
-0.51,-1.1199999
-0.37,-1.1199999
-0.25,-1.1199999
-0.04,-1.1199999
0.25,-1.1199999
-1.07,-1.1300001
-1.02,-1.1300001
-0.65,-1.1300001
-0.8,-1.1300001
-0.93,-1.1300001
-0.74,-1.1300001
-0.67,-1.1300001
-0.67,-1.1300001
-0.76,-1.1300001
-0.96,-1.1300001
-1.09,-1.1300001
-1.13,-1.1300001
-1.0,-1.1300001
-0.86,-1.1300001
-0.83,-1.1300001
-0.74,-1.1300001
-0.58,-1.1300001
-0.66,-1.1300001
-0.51,-1.1300001
-0.37,-1.1300001
-0.25,-1.1300001
-0.04,-1.1300001
0.25,-1.1300001
0.53,-1.1300001
-1.02,-1.0699997
-0.65,-1.0699997
-0.8,-1.0699997
-0.93,-1.0699997
-0.74,-1.0699997
-0.67,-1.0699997
-0.67,-1.0699997
-0.76,-1.0699997
-0.96,-1.0699997
-1.09,-1.0699997
-1.13,-1.0699997
-1.0,-1.0699997
-0.86,-1.0699997
-0.83,-1.0699997
-0.74,-1.0699997
-0.58,-1.0699997
-0.66,-1.0699997
-0.51,-1.0699997
-0.37,-1.0699997
-0.25,-1.0699997
-0.04,-1.0699997
0.25,-1.0699997
0.53,-1.0699997
0.6,-1.0699997
-0.65,-1.0199995
-0.8,-1.0199995
-0.93,-1.0199995
-0.74,-1.0199995
-0.67,-1.0199995
-0.67,-1.0199995
-0.76,-1.0199995
-0.96,-1.0199995
-1.09,-1.0199995
-1.13,-1.0199995
-1.0,-1.0199995
-0.86,-1.0199995
-0.83,-1.0199995
-0.74,-1.0199995
-0.58,-1.0199995
-0.66,-1.0199995
-0.51,-1.0199995
-0.37,-1.0199995
-0.25,-1.0199995
-0.04,-1.0199995
0.25,-1.0199995
0.53,-1.0199995
0.6,-1.0199995
0.48,-1.0199995
-0.8,-0.6499996
-0.93,-0.6499996
-0.74,-0.6499996
-0.67,-0.6499996
-0.67,-0.6499996
-0.76,-0.6499996
-0.96,-0.6499996
-1.09,-0.6499996
-1.13,-0.6499996
-1.0,-0.6499996
-0.86,-0.6499996
-0.83,-0.6499996
-0.74,-0.6499996
-0.58,-0.6499996
-0.66,-0.6499996
-0.51,-0.6499996
-0.37,-0.6499996
-0.25,-0.6499996
-0.04,-0.6499996
0.25,-0.6499996
0.53,-0.6499996
0.6,-0.6499996
0.48,-0.6499996
0.62,-0.6499996
-0.93,-0.8000002
-0.74,-0.8000002
-0.67,-0.8000002
-0.67,-0.8000002
-0.76,-0.8000002
-0.96,-0.8000002
-1.09,-0.8000002
-1.13,-0.8000002
-1.0,-0.8000002
-0.86,-0.8000002
-0.83,-0.8000002
-0.74,-0.8000002
-0.58,-0.8000002
-0.66,-0.8000002
-0.51,-0.8000002
-0.37,-0.8000002
-0.25,-0.8000002
-0.04,-0.8000002
0.25,-0.8000002
0.53,-0.8000002
0.6,-0.8000002
0.48,-0.8000002
0.62,-0.8000002
0.71,-0.8000002
-0.74,-0.9300003
-0.67,-0.9300003
-0.67,-0.9300003
-0.76,-0.9300003
-0.96,-0.9300003
-1.09,-0.9300003
-1.13,-0.9300003
-1.0,-0.9300003
-0.86,-0.9300003
-0.83,-0.9300003
-0.74,-0.9300003
-0.58,-0.9300003
-0.66,-0.9300003
-0.51,-0.9300003
-0.37,-0.9300003
-0.25,-0.9300003
-0.04,-0.9300003
0.25,-0.9300003
0.53,-0.9300003
0.6,-0.9300003
0.48,-0.9300003
0.62,-0.9300003
0.71,-0.9300003
0.9,-0.9300003
-0.67,-0.7399998
-0.67,-0.7399998
-0.76,-0.7399998
-0.96,-0.7399998
-1.09,-0.7399998
-1.13,-0.7399998
-1.0,-0.7399998
-0.86,-0.7399998
-0.83,-0.7399998
-0.74,-0.7399998
-0.58,-0.7399998
-0.66,-0.7399998
-0.51,-0.7399998
-0.37,-0.7399998
-0.25,-0.7399998
-0.04,-0.7399998
0.25,-0.7399998
0.53,-0.7399998
0.6,-0.7399998
0.48,-0.7399998
0.62,-0.7399998
0.71,-0.7399998
0.9,-0.7399998
0.6,-0.7399998
-0.67,-0.6700001
-0.76,-0.6700001
-0.96,-0.6700001
-1.09,-0.6700001
-1.13,-0.6700001
-1.0,-0.6700001
-0.86,-0.6700001
-0.83,-0.6700001
-0.74,-0.6700001
-0.58,-0.6700001
-0.66,-0.6700001
-0.51,-0.6700001
-0.37,-0.6700001
-0.25,-0.6700001
-0.04,-0.6700001
0.25,-0.6700001
0.53,-0.6700001
0.6,-0.6700001
0.48,-0.6700001
0.62,-0.6700001
0.71,-0.6700001
0.9,-0.6700001
0.6,-0.6700001
0.48,-0.6700001
-0.76,-0.6700001
-0.96,-0.6700001
-1.09,-0.6700001
-1.13,-0.6700001
-1.0,-0.6700001
-0.86,-0.6700001
-0.83,-0.6700001
-0.74,-0.6700001
-0.58,-0.6700001
-0.66,-0.6700001
-0.51,-0.6700001
-0.37,-0.6700001
-0.25,-0.6700001
-0.04,-0.6700001
0.25,-0.6700001
0.53,-0.6700001
0.6,-0.6700001
0.48,-0.6700001
0.62,-0.6700001
0.71,-0.6700001
0.9,-0.6700001
0.6,-0.6700001
0.48,-0.6700001
0.72,-0.6700001
-0.96,-0.7600002
-1.09,-0.7600002
-1.13,-0.7600002
-1.0,-0.7600002
-0.86,-0.7600002
-0.83,-0.7600002
-0.74,-0.7600002
-0.58,-0.7600002
-0.66,-0.7600002
-0.51,-0.7600002
-0.37,-0.7600002
-0.25,-0.7600002
-0.04,-0.7600002
0.25,-0.7600002
0.53,-0.7600002
0.6,-0.7600002
0.48,-0.7600002
0.62,-0.7600002
0.71,-0.7600002
0.9,-0.7600002
0.6,-0.7600002
0.48,-0.7600002
0.72,-0.7600002
1.1,-0.7600002
-1.09,-0.96000004
-1.13,-0.96000004
-1.0,-0.96000004
-0.86,-0.96000004
-0.83,-0.96000004
-0.74,-0.96000004
-0.58,-0.96000004
-0.66,-0.96000004
-0.51,-0.96000004
-0.37,-0.96000004
-0.25,-0.96000004
-0.04,-0.96000004
0.25,-0.96000004
0.53,-0.96000004
0.6,-0.96000004
0.48,-0.96000004
0.62,-0.96000004
0.71,-0.96000004
0.9,-0.96000004
0.6,-0.96000004
0.48,-0.96000004
0.72,-0.96000004
1.1,-0.96000004
1.36,-0.96000004
-1.13,-1.0900002
-1.0,-1.0900002
-0.86,-1.0900002
-0.83,-1.0900002
-0.74,-1.0900002
-0.58,-1.0900002
-0.66,-1.0900002
-0.51,-1.0900002
-0.37,-1.0900002
-0.25,-1.0900002
-0.04,-1.0900002
0.25,-1.0900002
0.53,-1.0900002
0.6,-1.0900002
0.48,-1.0900002
0.62,-1.0900002
0.71,-1.0900002
0.9,-1.0900002
0.6,-1.0900002
0.48,-1.0900002
0.72,-1.0900002
1.1,-1.0900002
1.36,-1.0900002
1.56,-1.0900002
-1.0,-1.1300001
-0.86,-1.1300001
-0.83,-1.1300001
-0.74,-1.1300001
-0.58,-1.1300001
-0.66,-1.1300001
-0.51,-1.1300001
-0.37,-1.1300001
-0.25,-1.1300001
-0.04,-1.1300001
0.25,-1.1300001
0.53,-1.1300001
0.6,-1.1300001
0.48,-1.1300001
0.62,-1.1300001
0.71,-1.1300001
0.9,-1.1300001
0.6,-1.1300001
0.48,-1.1300001
0.72,-1.1300001
1.1,-1.1300001
1.36,-1.1300001
1.56,-1.1300001
2.1,-1.1300001
-0.86,-1.0
-0.83,-1.0
-0.74,-1.0
-0.58,-1.0
-0.66,-1.0
-0.51,-1.0
-0.37,-1.0
-0.25,-1.0
-0.04,-1.0
0.25,-1.0
0.53,-1.0
0.6,-1.0
0.48,-1.0
0.62,-1.0
0.71,-1.0
0.9,-1.0
0.6,-1.0
0.48,-1.0
0.72,-1.0
1.1,-1.0
1.36,-1.0
1.56,-1.0
2.1,-1.0
2.25,-1.0
-0.83,-0.85999966
-0.74,-0.85999966
-0.58,-0.85999966
-0.66,-0.85999966
-0.51,-0.85999966
-0.37,-0.85999966
-0.25,-0.85999966
-0.04,-0.85999966
0.25,-0.85999966
0.53,-0.85999966
0.6,-0.85999966
0.48,-0.85999966
0.62,-0.85999966
0.71,-0.85999966
0.9,-0.85999966
0.6,-0.85999966
0.48,-0.85999966
0.72,-0.85999966
1.1,-0.85999966
1.36,-0.85999966
1.56,-0.85999966
2.1,-0.85999966
2.25,-0.85999966
2.38,-0.85999966
-0.74,-0.8299999
-0.58,-0.8299999
-0.66,-0.8299999
-0.51,-0.8299999
-0.37,-0.8299999
-0.25,-0.8299999
-0.04,-0.8299999
0.25,-0.8299999
0.53,-0.8299999
0.6,-0.8299999
0.48,-0.8299999
0.62,-0.8299999
0.71,-0.8299999
0.9,-0.8299999
0.6,-0.8299999
0.48,-0.8299999
0.72,-0.8299999
1.1,-0.8299999
1.36,-0.8299999
1.56,-0.8299999
2.1,-0.8299999
2.25,-0.8299999
2.38,-0.8299999
2.4,-0.8299999
-0.58,-0.7399998
-0.66,-0.7399998
-0.51,-0.7399998
-0.37,-0.7399998
-0.25,-0.7399998
-0.04,-0.7399998
0.25,-0.7399998
0.53,-0.7399998
0.6,-0.7399998
0.48,-0.7399998
0.62,-0.7399998
0.71,-0.7399998
0.9,-0.7399998
0.6,-0.7399998
0.48,-0.7399998
0.72,-0.7399998
1.1,-0.7399998
1.36,-0.7399998
1.56,-0.7399998
2.1,-0.7399998
2.25,-0.7399998
2.38,-0.7399998
2.4,-0.7399998
2.7,-0.7399998
-0.66,-0.5799999
-0.51,-0.5799999
-0.37,-0.5799999
-0.25,-0.5799999
-0.04,-0.5799999
0.25,-0.5799999
0.53,-0.5799999
0.6,-0.5799999
0.48,-0.5799999
0.62,-0.5799999
0.71,-0.5799999
0.9,-0.5799999
0.6,-0.5799999
0.48,-0.5799999
0.72,-0.5799999
1.1,-0.5799999
1.36,-0.5799999
1.56,-0.5799999
2.1,-0.5799999
2.25,-0.5799999
2.38,-0.5799999
2.4,-0.5799999
2.7,-0.5799999
2.99,-0.5799999
-0.51,-0.65999985
-0.37,-0.65999985
-0.25,-0.65999985
-0.04,-0.65999985
0.25,-0.65999985
0.53,-0.65999985
0.6,-0.65999985
0.48,-0.65999985
0.62,-0.65999985
0.71,-0.65999985
0.9,-0.65999985
0.6,-0.65999985
0.48,-0.65999985
0.72,-0.65999985
1.1,-0.65999985
1.36,-0.65999985
1.56,-0.65999985
2.1,-0.65999985
2.25,-0.65999985
2.38,-0.65999985
2.4,-0.65999985
2.7,-0.65999985
2.99,-0.65999985
3.16,-0.65999985
-0.37,-0.5100002
-0.25,-0.5100002
-0.04,-0.5100002
0.25,-0.5100002
0.53,-0.5100002
0.6,-0.5100002
0.48,-0.5100002
0.62,-0.5100002
0.71,-0.5100002
0.9,-0.5100002
0.6,-0.5100002
0.48,-0.5100002
0.72,-0.5100002
1.1,-0.5100002
1.36,-0.5100002
1.56,-0.5100002
2.1,-0.5100002
2.25,-0.5100002
2.38,-0.5100002
2.4,-0.5100002
2.7,-0.5100002
2.99,-0.5100002
3.16,-0.5100002
3.17,-0.5100002
-0.25,-0.3699999
-0.04,-0.3699999
0.25,-0.3699999
0.53,-0.3699999
0.6,-0.3699999
0.48,-0.3699999
0.62,-0.3699999
0.71,-0.3699999
0.9,-0.3699999
0.6,-0.3699999
0.48,-0.3699999
0.72,-0.3699999
1.1,-0.3699999
1.36,-0.3699999
1.56,-0.3699999
2.1,-0.3699999
2.25,-0.3699999
2.38,-0.3699999
2.4,-0.3699999
2.7,-0.3699999
2.99,-0.3699999
3.16,-0.3699999
3.17,-0.3699999
3.09,-0.3699999
-0.04,-0.25
0.25,-0.25
0.53,-0.25
0.6,-0.25
0.48,-0.25
0.62,-0.25
0.71,-0.25
0.9,-0.25
0.6,-0.25
0.48,-0.25
0.72,-0.25
1.1,-0.25
1.36,-0.25
1.56,-0.25
2.1,-0.25
2.25,-0.25
2.38,-0.25
2.4,-0.25
2.7,-0.25
2.99,-0.25
3.16,-0.25
3.17,-0.25
3.09,-0.25
3.05,-0.25
0.25,-0.03999996
0.53,-0.03999996
0.6,-0.03999996
0.48,-0.03999996
0.62,-0.03999996
0.71,-0.03999996
0.9,-0.03999996
0.6,-0.03999996
0.48,-0.03999996
0.72,-0.03999996
1.1,-0.03999996
1.36,-0.03999996
1.56,-0.03999996
2.1,-0.03999996
2.25,-0.03999996
2.38,-0.03999996
2.4,-0.03999996
2.7,-0.03999996
2.99,-0.03999996
3.16,-0.03999996
3.17,-0.03999996
3.09,-0.03999996
3.05,-0.03999996
3.28,-0.03999996
0.53,0.25
0.6,0.25
0.48,0.25
0.62,0.25
0.71,0.25
0.9,0.25
0.6,0.25
0.48,0.25
0.72,0.25
1.1,0.25
1.36,0.25
1.56,0.25
2.1,0.25
2.25,0.25
2.38,0.25
2.4,0.25
2.7,0.25
2.99,0.25
3.16,0.25
3.17,0.25
3.09,0.25
3.05,0.25
3.28,0.25
3.62,0.25
0.6,0.52999973
0.48,0.52999973
0.62,0.52999973
0.71,0.52999973
0.9,0.52999973
0.6,0.52999973
0.48,0.52999973
0.72,0.52999973
1.1,0.52999973
1.36,0.52999973
1.56,0.52999973
2.1,0.52999973
2.25,0.52999973
2.38,0.52999973
2.4,0.52999973
2.7,0.52999973
2.99,0.52999973
3.16,0.52999973
3.17,0.52999973
3.09,0.52999973
3.05,0.52999973
3.28,0.52999973
3.62,0.52999973
3.87,0.52999973
0.48,0.6000004
0.62,0.6000004
0.71,0.6000004
0.9,0.6000004
0.6,0.6000004
0.48,0.6000004
0.72,0.6000004
1.1,0.6000004
1.36,0.6000004
1.56,0.6000004
2.1,0.6000004
2.25,0.6000004
2.38,0.6000004
2.4,0.6000004
2.7,0.6000004
2.99,0.6000004
3.16,0.6000004
3.17,0.6000004
3.09,0.6000004
3.05,0.6000004
3.28,0.6000004
3.62,0.6000004
3.87,0.6000004
4.09,0.6000004
0.62,0.47999954
0.71,0.47999954
0.9,0.47999954
0.6,0.47999954
0.48,0.47999954
0.72,0.47999954
1.1,0.47999954
1.36,0.47999954
1.56,0.47999954
2.1,0.47999954
2.25,0.47999954
2.38,0.47999954
2.4,0.47999954
2.7,0.47999954
2.99,0.47999954
3.16,0.47999954
3.17,0.47999954
3.09,0.47999954
3.05,0.47999954
3.28,0.47999954
3.62,0.47999954
3.87,0.47999954
4.09,0.47999954
4.25,0.47999954
0.71,0.6199999
0.9,0.6199999
0.6,0.6199999
0.48,0.6199999
0.72,0.6199999
1.1,0.6199999
1.36,0.6199999
1.56,0.6199999
2.1,0.6199999
2.25,0.6199999
2.38,0.6199999
2.4,0.6199999
2.7,0.6199999
2.99,0.6199999
3.16,0.6199999
3.17,0.6199999
3.09,0.6199999
3.05,0.6199999
3.28,0.6199999
3.62,0.6199999
3.87,0.6199999
4.09,0.6199999
4.25,0.6199999
4.34,0.6199999
0.9,0.71000004
0.6,0.71000004
0.48,0.71000004
0.72,0.71000004
1.1,0.71000004
1.36,0.71000004
1.56,0.71000004
2.1,0.71000004
2.25,0.71000004
2.38,0.71000004
2.4,0.71000004
2.7,0.71000004
2.99,0.71000004
3.16,0.71000004
3.17,0.71000004
3.09,0.71000004
3.05,0.71000004
3.28,0.71000004
3.62,0.71000004
3.87,0.71000004
4.09,0.71000004
4.25,0.71000004
4.34,0.71000004
4.34,0.71000004
0.6,0.8999996
0.48,0.8999996
0.72,0.8999996
1.1,0.8999996
1.36,0.8999996
1.56,0.8999996
2.1,0.8999996
2.25,0.8999996
2.38,0.8999996
2.4,0.8999996
2.7,0.8999996
2.99,0.8999996
3.16,0.8999996
3.17,0.8999996
3.09,0.8999996
3.05,0.8999996
3.28,0.8999996
3.62,0.8999996
3.87,0.8999996
4.09,0.8999996
4.25,0.8999996
4.34,0.8999996
4.34,0.8999996
4.25,0.8999996
0.48,0.6000004
0.72,0.6000004
1.1,0.6000004
1.36,0.6000004
1.56,0.6000004
2.1,0.6000004
2.25,0.6000004
2.38,0.6000004
2.4,0.6000004
2.7,0.6000004
2.99,0.6000004
3.16,0.6000004
3.17,0.6000004
3.09,0.6000004
3.05,0.6000004
3.28,0.6000004
3.62,0.6000004
3.87,0.6000004
4.09,0.6000004
4.25,0.6000004
4.34,0.6000004
4.34,0.6000004
4.25,0.6000004
4.04,0.6000004
0.72,0.47999954
1.1,0.47999954
1.36,0.47999954
1.56,0.47999954
2.1,0.47999954
2.25,0.47999954
2.38,0.47999954
2.4,0.47999954
2.7,0.47999954
2.99,0.47999954
3.16,0.47999954
3.17,0.47999954
3.09,0.47999954
3.05,0.47999954
3.28,0.47999954
3.62,0.47999954
3.87,0.47999954
4.09,0.47999954
4.25,0.47999954
4.34,0.47999954
4.34,0.47999954
4.25,0.47999954
4.04,0.47999954
4.15,0.47999954
1.1,0.72000027
1.36,0.72000027
1.56,0.72000027
2.1,0.72000027
2.25,0.72000027
2.38,0.72000027
2.4,0.72000027
2.7,0.72000027
2.99,0.72000027
3.16,0.72000027
3.17,0.72000027
3.09,0.72000027
3.05,0.72000027
3.28,0.72000027
3.62,0.72000027
3.87,0.72000027
4.09,0.72000027
4.25,0.72000027
4.34,0.72000027
4.34,0.72000027
4.25,0.72000027
4.04,0.72000027
4.15,0.72000027
4.33,0.72000027
1.36,1.1000004
1.56,1.1000004
2.1,1.1000004
2.25,1.1000004
2.38,1.1000004
2.4,1.1000004
2.7,1.1000004
2.99,1.1000004
3.16,1.1000004
3.17,1.1000004
3.09,1.1000004
3.05,1.1000004
3.28,1.1000004
3.62,1.1000004
3.87,1.1000004
4.09,1.1000004
4.25,1.1000004
4.34,1.1000004
4.34,1.1000004
4.25,1.1000004
4.04,1.1000004
4.15,1.1000004
4.33,1.1000004
4.65,1.1000004
1.56,1.3599997
2.1,1.3599997
2.25,1.3599997
2.38,1.3599997
2.4,1.3599997
2.7,1.3599997
2.99,1.3599997
3.16,1.3599997
3.17,1.3599997
3.09,1.3599997
3.05,1.3599997
3.28,1.3599997
3.62,1.3599997
3.87,1.3599997
4.09,1.3599997
4.25,1.3599997
4.34,1.3599997
4.34,1.3599997
4.25,1.3599997
4.04,1.3599997
4.15,1.3599997
4.33,1.3599997
4.65,1.3599997
4.79,1.3599997
2.1,1.5600004
2.25,1.5600004
2.38,1.5600004
2.4,1.5600004
2.7,1.5600004
2.99,1.5600004
3.16,1.5600004
3.17,1.5600004
3.09,1.5600004
3.05,1.5600004
3.28,1.5600004
3.62,1.5600004
3.87,1.5600004
4.09,1.5600004
4.25,1.5600004
4.34,1.5600004
4.34,1.5600004
4.25,1.5600004
4.04,1.5600004
4.15,1.5600004
4.33,1.5600004
4.65,1.5600004
4.79,1.5600004
4.8,1.5600004
2.25,2.0999994
2.38,2.0999994
2.4,2.0999994
2.7,2.0999994
2.99,2.0999994
3.16,2.0999994
3.17,2.0999994
3.09,2.0999994
3.05,2.0999994
3.28,2.0999994
3.62,2.0999994
3.87,2.0999994
4.09,2.0999994
4.25,2.0999994
4.34,2.0999994
4.34,2.0999994
4.25,2.0999994
4.04,2.0999994
4.15,2.0999994
4.33,2.0999994
4.65,2.0999994
4.79,2.0999994
4.8,2.0999994
4.79,2.0999994
2.38,2.25
2.4,2.25
2.7,2.25
2.99,2.25
3.16,2.25
3.17,2.25
3.09,2.25
3.05,2.25
3.28,2.25
3.62,2.25
3.87,2.25
4.09,2.25
4.25,2.25
4.34,2.25
4.34,2.25
4.25,2.25
4.04,2.25
4.15,2.25
4.33,2.25
4.65,2.25
4.79,2.25
4.8,2.25
4.79,2.25
4.76,2.25
2.4,2.38
2.7,2.38
2.99,2.38
3.16,2.38
3.17,2.38
3.09,2.38
3.05,2.38
3.28,2.38
3.62,2.38
3.87,2.38
4.09,2.38
4.25,2.38
4.34,2.38
4.34,2.38
4.25,2.38
4.04,2.38
4.15,2.38
4.33,2.38
4.65,2.38
4.79,2.38
4.8,2.38
4.79,2.38
4.76,2.38
4.85,2.38
2.7,2.4000006
2.99,2.4000006
3.16,2.4000006
3.17,2.4000006
3.09,2.4000006
3.05,2.4000006
3.28,2.4000006
3.62,2.4000006
3.87,2.4000006
4.09,2.4000006
4.25,2.4000006
4.34,2.4000006
4.34,2.4000006
4.25,2.4000006
4.04,2.4000006
4.15,2.4000006
4.33,2.4000006
4.65,2.4000006
4.79,2.4000006
4.8,2.4000006
4.79,2.4000006
4.76,2.4000006
4.85,2.4000006
4.99,2.4000006
2.99,2.6999998
3.16,2.6999998
3.17,2.6999998
3.09,2.6999998
3.05,2.6999998
3.28,2.6999998
3.62,2.6999998
3.87,2.6999998
4.09,2.6999998
4.25,2.6999998
4.34,2.6999998
4.34,2.6999998
4.25,2.6999998
4.04,2.6999998
4.15,2.6999998
4.33,2.6999998
4.65,2.6999998
4.79,2.6999998
4.8,2.6999998
4.79,2.6999998
4.76,2.6999998
4.85,2.6999998
4.99,2.6999998
5.01,2.6999998
3.16,2.9899998
3.17,2.9899998
3.09,2.9899998
3.05,2.9899998
3.28,2.9899998
3.62,2.9899998
3.87,2.9899998
4.09,2.9899998
4.25,2.9899998
4.34,2.9899998
4.34,2.9899998
4.25,2.9899998
4.04,2.9899998
4.15,2.9899998
4.33,2.9899998
4.65,2.9899998
4.79,2.9899998
4.8,2.9899998
4.79,2.9899998
4.76,2.9899998
4.85,2.9899998
4.99,2.9899998
5.01,2.9899998
5.1,2.9899998
3.17,3.1599998
3.09,3.1599998
3.05,3.1599998
3.28,3.1599998
3.62,3.1599998
3.87,3.1599998
4.09,3.1599998
4.25,3.1599998
4.34,3.1599998
4.34,3.1599998
4.25,3.1599998
4.04,3.1599998
4.15,3.1599998
4.33,3.1599998
4.65,3.1599998
4.79,3.1599998
4.8,3.1599998
4.79,3.1599998
4.76,3.1599998
4.85,3.1599998
4.99,3.1599998
5.01,3.1599998
5.1,3.1599998
5.14,3.1599998
3.09,3.17
3.05,3.17
3.28,3.17
3.62,3.17
3.87,3.17
4.09,3.17
4.25,3.17
4.34,3.17
4.34,3.17
4.25,3.17
4.04,3.17
4.15,3.17
4.33,3.17
4.65,3.17
4.79,3.17
4.8,3.17
4.79,3.17
4.76,3.17
4.85,3.17
4.99,3.17
5.01,3.17
5.1,3.17
5.14,3.17
5.17,3.17
3.05,3.0900002
3.28,3.0900002
3.62,3.0900002
3.87,3.0900002
4.09,3.0900002
4.25,3.0900002
4.34,3.0900002
4.34,3.0900002
4.25,3.0900002
4.04,3.0900002
4.15,3.0900002
4.33,3.0900002
4.65,3.0900002
4.79,3.0900002
4.8,3.0900002
4.79,3.0900002
4.76,3.0900002
4.85,3.0900002
4.99,3.0900002
5.01,3.0900002
5.1,3.0900002
5.14,3.0900002
5.17,3.0900002
5.17,3.0900002
3.28,3.0500002
3.62,3.0500002
3.87,3.0500002
4.09,3.0500002
4.25,3.0500002
4.34,3.0500002
4.34,3.0500002
4.25,3.0500002
4.04,3.0500002
4.15,3.0500002
4.33,3.0500002
4.65,3.0500002
4.79,3.0500002
4.8,3.0500002
4.79,3.0500002
4.76,3.0500002
4.85,3.0500002
4.99,3.0500002
5.01,3.0500002
5.1,3.0500002
5.14,3.0500002
5.17,3.0500002
5.17,3.0500002
5.19,3.0500002
3.62,3.2799997
3.87,3.2799997
4.09,3.2799997
4.25,3.2799997
4.34,3.2799997
4.34,3.2799997
4.25,3.2799997
4.04,3.2799997
4.15,3.2799997
4.33,3.2799997
4.65,3.2799997
4.79,3.2799997
4.8,3.2799997
4.79,3.2799997
4.76,3.2799997
4.85,3.2799997
4.99,3.2799997
5.01,3.2799997
5.1,3.2799997
5.14,3.2799997
5.17,3.2799997
5.17,3.2799997
5.19,3.2799997
4.95,3.2799997
3.87,3.62
4.09,3.62
4.25,3.62
4.34,3.62
4.34,3.62
4.25,3.62
4.04,3.62
4.15,3.62
4.33,3.62
4.65,3.62
4.79,3.62
4.8,3.62
4.79,3.62
4.76,3.62
4.85,3.62
4.99,3.62
5.01,3.62
5.1,3.62
5.14,3.62
5.17,3.62
5.17,3.62
5.19,3.62
4.95,3.62
4.59,3.62
4.09,3.87
4.25,3.87
4.34,3.87
4.34,3.87
4.25,3.87
4.04,3.87
4.15,3.87
4.33,3.87
4.65,3.87
4.79,3.87
4.8,3.87
4.79,3.87
4.76,3.87
4.85,3.87
4.99,3.87
5.01,3.87
5.1,3.87
5.14,3.87
5.17,3.87
5.17,3.87
5.19,3.87
4.95,3.87
4.59,3.87
4.41,3.87
4.25,4.09
4.34,4.09
4.34,4.09
4.25,4.09
4.04,4.09
4.15,4.09
4.33,4.09
4.65,4.09
4.79,4.09
4.8,4.09
4.79,4.09
4.76,4.09
4.85,4.09
4.99,4.09
5.01,4.09
5.1,4.09
5.14,4.09
5.17,4.09
5.17,4.09
5.19,4.09
4.95,4.09
4.59,4.09
4.41,4.09
4.28,4.09
4.34,4.25
4.34,4.25
4.25,4.25
4.04,4.25
4.15,4.25
4.33,4.25
4.65,4.25
4.79,4.25
4.8,4.25
4.79,4.25
4.76,4.25
4.85,4.25
4.99,4.25
5.01,4.25
5.1,4.25
5.14,4.25
5.17,4.25
5.17,4.25
5.19,4.25
4.95,4.25
4.59,4.25
4.41,4.25
4.28,4.25
4.27,4.25
4.34,4.34
4.25,4.34
4.04,4.34
4.15,4.34
4.33,4.34
4.65,4.34
4.79,4.34
4.8,4.34
4.79,4.34
4.76,4.34
4.85,4.34
4.99,4.34
5.01,4.34
5.1,4.34
5.14,4.34
5.17,4.34
5.17,4.34
5.19,4.34
4.95,4.34
4.59,4.34
4.41,4.34
4.28,4.34
4.27,4.34
4.36,4.34
4.25,4.34
4.04,4.34
4.15,4.34
4.33,4.34
4.65,4.34
4.79,4.34
4.8,4.34
4.79,4.34
4.76,4.34
4.85,4.34
4.99,4.34
5.01,4.34
5.1,4.34
5.14,4.34
5.17,4.34
5.17,4.34
5.19,4.34
4.95,4.34
4.59,4.34
4.41,4.34
4.28,4.34
4.27,4.34
4.36,4.34
4.47,4.34
4.04,4.25
4.15,4.25
4.33,4.25
4.65,4.25
4.79,4.25
4.8,4.25
4.79,4.25
4.76,4.25
4.85,4.25
4.99,4.25
5.01,4.25
5.1,4.25
5.14,4.25
5.17,4.25
5.17,4.25
5.19,4.25
4.95,4.25
4.59,4.25
4.41,4.25
4.28,4.25
4.27,4.25
4.36,4.25
4.47,4.25
4.47,4.25
4.15,4.04
4.33,4.04
4.65,4.04
4.79,4.04
4.8,4.04
4.79,4.04
4.76,4.04
4.85,4.04
4.99,4.04
5.01,4.04
5.1,4.04
5.14,4.04
5.17,4.04
5.17,4.04
5.19,4.04
4.95,4.04
4.59,4.04
4.41,4.04
4.28,4.04
4.27,4.04
4.36,4.04
4.47,4.04
4.47,4.04
4.53,4.04
4.33,4.1500006
4.65,4.1500006
4.79,4.1500006
4.8,4.1500006
4.79,4.1500006
4.76,4.1500006
4.85,4.1500006
4.99,4.1500006
5.01,4.1500006
5.1,4.1500006
5.14,4.1500006
5.17,4.1500006
5.17,4.1500006
5.19,4.1500006
4.95,4.1500006
4.59,4.1500006
4.41,4.1500006
4.28,4.1500006
4.27,4.1500006
4.36,4.1500006
4.47,4.1500006
4.47,4.1500006
4.53,4.1500006
4.59,4.1500006
4.65,4.33
4.79,4.33
4.8,4.33
4.79,4.33
4.76,4.33
4.85,4.33
4.99,4.33
5.01,4.33
5.1,4.33
5.14,4.33
5.17,4.33
5.17,4.33
5.19,4.33
4.95,4.33
4.59,4.33
4.41,4.33
4.28,4.33
4.27,4.33
4.36,4.33
4.47,4.33
4.47,4.33
4.53,4.33
4.59,4.33
4.67,4.33
4.79,4.6500006
4.8,4.6500006
4.79,4.6500006
4.76,4.6500006
4.85,4.6500006
4.99,4.6500006
5.01,4.6500006
5.1,4.6500006
5.14,4.6500006
5.17,4.6500006
5.17,4.6500006
5.19,4.6500006
4.95,4.6500006
4.59,4.6500006
4.41,4.6500006
4.28,4.6500006
4.27,4.6500006
4.36,4.6500006
4.47,4.6500006
4.47,4.6500006
4.53,4.6500006
4.59,4.6500006
4.67,4.6500006
4.74,4.6500006
4.8,4.79
4.79,4.79
4.76,4.79
4.85,4.79
4.99,4.79
5.01,4.79
5.1,4.79
5.14,4.79
5.17,4.79
5.17,4.79
5.19,4.79
4.95,4.79
4.59,4.79
4.41,4.79
4.28,4.79
4.27,4.79
4.36,4.79
4.47,4.79
4.47,4.79
4.53,4.79
4.59,4.79
4.67,4.79
4.74,4.79
4.81,4.79
4.79,4.8000007
4.76,4.8000007
4.85,4.8000007
4.99,4.8000007
5.01,4.8000007
5.1,4.8000007
5.14,4.8000007
5.17,4.8000007
5.17,4.8000007
5.19,4.8000007
4.95,4.8000007
4.59,4.8000007
4.41,4.8000007
4.28,4.8000007
4.27,4.8000007
4.36,4.8000007
4.47,4.8000007
4.47,4.8000007
4.53,4.8000007
4.59,4.8000007
4.67,4.8000007
4.74,4.8000007
4.81,4.8000007
4.93,4.8000007
4.76,4.79
4.85,4.79
4.99,4.79
5.01,4.79
5.1,4.79
5.14,4.79
5.17,4.79
5.17,4.79
5.19,4.79
4.95,4.79
4.59,4.79
4.41,4.79
4.28,4.79
4.27,4.79
4.36,4.79
4.47,4.79
4.47,4.79
4.53,4.79
4.59,4.79
4.67,4.79
4.74,4.79
4.81,4.79
4.93,4.79
5.04,4.79
4.85,4.76
4.99,4.76
5.01,4.76
5.1,4.76
5.14,4.76
5.17,4.76
5.17,4.76
5.19,4.76
4.95,4.76
4.59,4.76
4.41,4.76
4.28,4.76
4.27,4.76
4.36,4.76
4.47,4.76
4.47,4.76
4.53,4.76
4.59,4.76
4.67,4.76
4.74,4.76
4.81,4.76
4.93,4.76
5.04,4.76
5.11,4.76
4.99,4.8500004
5.01,4.8500004
5.1,4.8500004
5.14,4.8500004
5.17,4.8500004
5.17,4.8500004
5.19,4.8500004
4.95,4.8500004
4.59,4.8500004
4.41,4.8500004
4.28,4.8500004
4.27,4.8500004
4.36,4.8500004
4.47,4.8500004
4.47,4.8500004
4.53,4.8500004
4.59,4.8500004
4.67,4.8500004
4.74,4.8500004
4.81,4.8500004
4.93,4.8500004
5.04,4.8500004
5.11,4.8500004
5.23,4.8500004
5.01,4.99
5.1,4.99
5.14,4.99
5.17,4.99
5.17,4.99
5.19,4.99
4.95,4.99
4.59,4.99
4.41,4.99
4.28,4.99
4.27,4.99
4.36,4.99
4.47,4.99
4.47,4.99
4.53,4.99
4.59,4.99
4.67,4.99
4.74,4.99
4.81,4.99
4.93,4.99
5.04,4.99
5.11,4.99
5.23,4.99
5.37,4.99
5.1,5.0099998
5.14,5.0099998
5.17,5.0099998
5.17,5.0099998
5.19,5.0099998
4.95,5.0099998
4.59,5.0099998
4.41,5.0099998
4.28,5.0099998
4.27,5.0099998
4.36,5.0099998
4.47,5.0099998
4.47,5.0099998
4.53,5.0099998
4.59,5.0099998
4.67,5.0099998
4.74,5.0099998
4.81,5.0099998
4.93,5.0099998
5.04,5.0099998
5.11,5.0099998
5.23,5.0099998
5.37,5.0099998
5.45,5.0099998
5.14,5.1
5.17,5.1
5.17,5.1
5.19,5.1
4.95,5.1
4.59,5.1
4.41,5.1
4.28,5.1
4.27,5.1
4.36,5.1
4.47,5.1
4.47,5.1
4.53,5.1
4.59,5.1
4.67,5.1
4.74,5.1
4.81,5.1
4.93,5.1
5.04,5.1
5.11,5.1
5.23,5.1
5.37,5.1
5.45,5.1
5.56,5.1
5.17,5.14
5.17,5.14
5.19,5.14
4.95,5.14
4.59,5.14
4.41,5.14
4.28,5.14
4.27,5.14
4.36,5.14
4.47,5.14
4.47,5.14
4.53,5.14
4.59,5.14
4.67,5.14
4.74,5.14
4.81,5.14
4.93,5.14
5.04,5.14
5.11,5.14
5.23,5.14
5.37,5.14
5.45,5.14
5.56,5.14
5.66,5.14
5.17,5.17
5.19,5.17
4.95,5.17
4.59,5.17
4.41,5.17
4.28,5.17
4.27,5.17
4.36,5.17
4.47,5.17
4.47,5.17
4.53,5.17
4.59,5.17
4.67,5.17
4.74,5.17
4.81,5.17
4.93,5.17
5.04,5.17
5.11,5.17
5.23,5.17
5.37,5.17
5.45,5.17
5.56,5.17
5.66,5.17
5.67,5.17
5.19,5.17
4.95,5.17
4.59,5.17
4.41,5.17
4.28,5.17
4.27,5.17
4.36,5.17
4.47,5.17
4.47,5.17
4.53,5.17
4.59,5.17
4.67,5.17
4.74,5.17
4.81,5.17
4.93,5.17
5.04,5.17
5.11,5.17
5.23,5.17
5.37,5.17
5.45,5.17
5.56,5.17
5.66,5.17
5.67,5.17
5.8,5.17
4.95,5.19
4.59,5.19
4.41,5.19
4.28,5.19
4.27,5.19
4.36,5.19
4.47,5.19
4.47,5.19
4.53,5.19
4.59,5.19
4.67,5.19
4.74,5.19
4.81,5.19
4.93,5.19
5.04,5.19
5.11,5.19
5.23,5.19
5.37,5.19
5.45,5.19
5.56,5.19
5.66,5.19
5.67,5.19
5.8,5.19
6.15,5.19
4.59,4.95
4.41,4.95
4.28,4.95
4.27,4.95
4.36,4.95
4.47,4.95
4.47,4.95
4.53,4.95
4.59,4.95
4.67,4.95
4.74,4.95
4.81,4.95
4.93,4.95
5.04,4.95
5.11,4.95
5.23,4.95
5.37,4.95
5.45,4.95
5.56,4.95
5.66,4.95
5.67,4.95
5.8,4.95
6.15,4.95
6.26,4.95
4.41,4.59
4.28,4.59
4.27,4.59
4.36,4.59
4.47,4.59
4.47,4.59
4.53,4.59
4.59,4.59
4.67,4.59
4.74,4.59
4.81,4.59
4.93,4.59
5.04,4.59
5.11,4.59
5.23,4.59
5.37,4.59
5.45,4.59
5.56,4.59
5.66,4.59
5.67,4.59
5.8,4.59
6.15,4.59
6.26,4.59
6.56,4.59
4.28,4.41
4.27,4.41
4.36,4.41
4.47,4.41
4.47,4.41
4.53,4.41
4.59,4.41
4.67,4.41
4.74,4.41
4.81,4.41
4.93,4.41
5.04,4.41
5.11,4.41
5.23,4.41
5.37,4.41
5.45,4.41
5.56,4.41
5.66,4.41
5.67,4.41
5.8,4.41
6.15,4.41
6.26,4.41
6.56,4.41
6.61,4.41
4.27,4.2799997
4.36,4.2799997
4.47,4.2799997
4.47,4.2799997
4.53,4.2799997
4.59,4.2799997
4.67,4.2799997
4.74,4.2799997
4.81,4.2799997
4.93,4.2799997
5.04,4.2799997
5.11,4.2799997
5.23,4.2799997
5.37,4.2799997
5.45,4.2799997
5.56,4.2799997
5.66,4.2799997
5.67,4.2799997
5.8,4.2799997
6.15,4.2799997
6.26,4.2799997
6.56,4.2799997
6.61,4.2799997
6.49,4.2799997
4.36,4.2699995
4.47,4.2699995
4.47,4.2699995
4.53,4.2699995
4.59,4.2699995
4.67,4.2699995
4.74,4.2699995
4.81,4.2699995
4.93,4.2699995
5.04,4.2699995
5.11,4.2699995
5.23,4.2699995
5.37,4.2699995
5.45,4.2699995
5.56,4.2699995
5.66,4.2699995
5.67,4.2699995
5.8,4.2699995
6.15,4.2699995
6.26,4.2699995
6.56,4.2699995
6.61,4.2699995
6.49,4.2699995
6.4,4.2699995
4.47,4.3599997
4.47,4.3599997
4.53,4.3599997
4.59,4.3599997
4.67,4.3599997
4.74,4.3599997
4.81,4.3599997
4.93,4.3599997
5.04,4.3599997
5.11,4.3599997
5.23,4.3599997
5.37,4.3599997
5.45,4.3599997
5.56,4.3599997
5.66,4.3599997
5.67,4.3599997
5.8,4.3599997
6.15,4.3599997
6.26,4.3599997
6.56,4.3599997
6.61,4.3599997
6.49,4.3599997
6.4,4.3599997
6.24,4.3599997
4.47,4.4700003
4.53,4.4700003
4.59,4.4700003
4.67,4.4700003
4.74,4.4700003
4.81,4.4700003
4.93,4.4700003
5.04,4.4700003
5.11,4.4700003
5.23,4.4700003
5.37,4.4700003
5.45,4.4700003
5.56,4.4700003
5.66,4.4700003
5.67,4.4700003
5.8,4.4700003
6.15,4.4700003
6.26,4.4700003
6.56,4.4700003
6.61,4.4700003
6.49,4.4700003
6.4,4.4700003
6.24,4.4700003
6.03,4.4700003
4.53,4.4700003
4.59,4.4700003
4.67,4.4700003
4.74,4.4700003
4.81,4.4700003
4.93,4.4700003
5.04,4.4700003
5.11,4.4700003
5.23,4.4700003
5.37,4.4700003
5.45,4.4700003
5.56,4.4700003
5.66,4.4700003
5.67,4.4700003
5.8,4.4700003
6.15,4.4700003
6.26,4.4700003
6.56,4.4700003
6.61,4.4700003
6.49,4.4700003
6.4,4.4700003
6.24,4.4700003
6.03,4.4700003
5.86,4.4700003
4.59,4.5299997
4.67,4.5299997
4.74,4.5299997
4.81,4.5299997
4.93,4.5299997
5.04,4.5299997
5.11,4.5299997
5.23,4.5299997
5.37,4.5299997
5.45,4.5299997
5.56,4.5299997
5.66,4.5299997
5.67,4.5299997
5.8,4.5299997
6.15,4.5299997
6.26,4.5299997
6.56,4.5299997
6.61,4.5299997
6.49,4.5299997
6.4,4.5299997
6.24,4.5299997
6.03,4.5299997
5.86,4.5299997
5.92,4.5299997
4.67,4.59
4.74,4.59
4.81,4.59
4.93,4.59
5.04,4.59
5.11,4.59
5.23,4.59
5.37,4.59
5.45,4.59
5.56,4.59
5.66,4.59
5.67,4.59
5.8,4.59
6.15,4.59
6.26,4.59
6.56,4.59
6.61,4.59
6.49,4.59
6.4,4.59
6.24,4.59
6.03,4.59
5.86,4.59
5.92,4.59
6.07,4.59
4.74,4.67
4.81,4.67
4.93,4.67
5.04,4.67
5.11,4.67
5.23,4.67
5.37,4.67
5.45,4.67
5.56,4.67
5.66,4.67
5.67,4.67
5.8,4.67
6.15,4.67
6.26,4.67
6.56,4.67
6.61,4.67
6.49,4.67
6.4,4.67
6.24,4.67
6.03,4.67
5.86,4.67
5.92,4.67
6.07,4.67
6.3,4.67
4.81,4.7399993
4.93,4.7399993
5.04,4.7399993
5.11,4.7399993
5.23,4.7399993
5.37,4.7399993
5.45,4.7399993
5.56,4.7399993
5.66,4.7399993
5.67,4.7399993
5.8,4.7399993
6.15,4.7399993
6.26,4.7399993
6.56,4.7399993
6.61,4.7399993
6.49,4.7399993
6.4,4.7399993
6.24,4.7399993
6.03,4.7399993
5.86,4.7399993
5.92,4.7399993
6.07,4.7399993
6.3,4.7399993
6.56,4.7399993
4.93,4.81
5.04,4.81
5.11,4.81
5.23,4.81
5.37,4.81
5.45,4.81
5.56,4.81
5.66,4.81
5.67,4.81
5.8,4.81
6.15,4.81
6.26,4.81
6.56,4.81
6.61,4.81
6.49,4.81
6.4,4.81
6.24,4.81
6.03,4.81
5.86,4.81
5.92,4.81
6.07,4.81
6.3,4.81
6.56,4.81
6.72,4.81
5.04,4.93
5.11,4.93
5.23,4.93
5.37,4.93
5.45,4.93
5.56,4.93
5.66,4.93
5.67,4.93
5.8,4.93
6.15,4.93
6.26,4.93
6.56,4.93
6.61,4.93
6.49,4.93
6.4,4.93
6.24,4.93
6.03,4.93
5.86,4.93
5.92,4.93
6.07,4.93
6.3,4.93
6.56,4.93
6.72,4.93
6.72,4.93
5.11,5.0399995
5.23,5.0399995
5.37,5.0399995
5.45,5.0399995
5.56,5.0399995
5.66,5.0399995
5.67,5.0399995
5.8,5.0399995
6.15,5.0399995
6.26,5.0399995
6.56,5.0399995
6.61,5.0399995
6.49,5.0399995
6.4,5.0399995
6.24,5.0399995
6.03,5.0399995
5.86,5.0399995
5.92,5.0399995
6.07,5.0399995
6.3,5.0399995
6.56,5.0399995
6.72,5.0399995
6.72,5.0399995
6.47,5.0399995
5.23,5.11
5.37,5.11
5.45,5.11
5.56,5.11
5.66,5.11
5.67,5.11
5.8,5.11
6.15,5.11
6.26,5.11
6.56,5.11
6.61,5.11
6.49,5.11
6.4,5.11
6.24,5.11
6.03,5.11
5.86,5.11
5.92,5.11
6.07,5.11
6.3,5.11
6.56,5.11
6.72,5.11
6.72,5.11
6.47,5.11
6.18,5.11
5.37,5.23
5.45,5.23
5.56,5.23
5.66,5.23
5.67,5.23
5.8,5.23
6.15,5.23
6.26,5.23
6.56,5.23
6.61,5.23
6.49,5.23
6.4,5.23
6.24,5.23
6.03,5.23
5.86,5.23
5.92,5.23
6.07,5.23
6.3,5.23
6.56,5.23
6.72,5.23
6.72,5.23
6.47,5.23
6.18,5.23
6.03,5.23
5.45,5.37
5.56,5.37
5.66,5.37
5.67,5.37
5.8,5.37
6.15,5.37
6.26,5.37
6.56,5.37
6.61,5.37
6.49,5.37
6.4,5.37
6.24,5.37
6.03,5.37
5.86,5.37
5.92,5.37
6.07,5.37
6.3,5.37
6.56,5.37
6.72,5.37
6.72,5.37
6.47,5.37
6.18,5.37
6.03,5.37
6.07,5.37
5.56,5.45
5.66,5.45
5.67,5.45
5.8,5.45
6.15,5.45
6.26,5.45
6.56,5.45
6.61,5.45
6.49,5.45
6.4,5.45
6.24,5.45
6.03,5.45
5.86,5.45
5.92,5.45
6.07,5.45
6.3,5.45
6.56,5.45
6.72,5.45
6.72,5.45
6.47,5.45
6.18,5.45
6.03,5.45
6.07,5.45
6.06,5.45
5.66,5.56
5.67,5.56
5.8,5.56
6.15,5.56
6.26,5.56
6.56,5.56
6.61,5.56
6.49,5.56
6.4,5.56
6.24,5.56
6.03,5.56
5.86,5.56
5.92,5.56
6.07,5.56
6.3,5.56
6.56,5.56
6.72,5.56
6.72,5.56
6.47,5.56
6.18,5.56
6.03,5.56
6.07,5.56
6.06,5.56
6.0,5.56
5.67,5.66
5.8,5.66
6.15,5.66
6.26,5.66
6.56,5.66
6.61,5.66
6.49,5.66
6.4,5.66
6.24,5.66
6.03,5.66
5.86,5.66
5.92,5.66
6.07,5.66
6.3,5.66
6.56,5.66
6.72,5.66
6.72,5.66
6.47,5.66
6.18,5.66
6.03,5.66
6.07,5.66
6.06,5.66
6.0,5.66
6.01,5.66
5.8,5.67
6.15,5.67
6.26,5.67
6.56,5.67
6.61,5.67
6.49,5.67
6.4,5.67
6.24,5.67
6.03,5.67
5.86,5.67
5.92,5.67
6.07,5.67
6.3,5.67
6.56,5.67
6.72,5.67
6.72,5.67
6.47,5.67
6.18,5.67
6.03,5.67
6.07,5.67
6.06,5.67
6.0,5.67
6.01,5.67
5.86,5.67
6.15,5.8
6.26,5.8
6.56,5.8
6.61,5.8
6.49,5.8
6.4,5.8
6.24,5.8
6.03,5.8
5.86,5.8
5.92,5.8
6.07,5.8
6.3,5.8
6.56,5.8
6.72,5.8
6.72,5.8
6.47,5.8
6.18,5.8
6.03,5.8
6.07,5.8
6.06,5.8
6.0,5.8
6.01,5.8
5.86,5.8
5.63,5.8
6.26,6.15
6.56,6.15
6.61,6.15
6.49,6.15
6.4,6.15
6.24,6.15
6.03,6.15
5.86,6.15
5.92,6.15
6.07,6.15
6.3,6.15
6.56,6.15
6.72,6.15
6.72,6.15
6.47,6.15
6.18,6.15
6.03,6.15
6.07,6.15
6.06,6.15
6.0,6.15
6.01,6.15
5.86,6.15
5.63,6.15
5.51,6.15
6.56,6.26
6.61,6.26
6.49,6.26
6.4,6.26
6.24,6.26
6.03,6.26
5.86,6.26
5.92,6.26
6.07,6.26
6.3,6.26
6.56,6.26
6.72,6.26
6.72,6.26
6.47,6.26
6.18,6.26
6.03,6.26
6.07,6.26
6.06,6.26
6.0,6.26
6.01,6.26
5.86,6.26
5.63,6.26
5.51,6.26
5.43,6.26
6.61,6.56
6.49,6.56
6.4,6.56
6.24,6.56
6.03,6.56
5.86,6.56
5.92,6.56
6.07,6.56
6.3,6.56
6.56,6.56
6.72,6.56
6.72,6.56
6.47,6.56
6.18,6.56
6.03,6.56
6.07,6.56
6.06,6.56
6.0,6.56
6.01,6.56
5.86,6.56
5.63,6.56
5.51,6.56
5.43,6.56
5.22,6.56
6.49,6.61
6.4,6.61
6.24,6.61
6.03,6.61
5.86,6.61
5.92,6.61
6.07,6.61
6.3,6.61
6.56,6.61
6.72,6.61
6.72,6.61
6.47,6.61
6.18,6.61
6.03,6.61
6.07,6.61
6.06,6.61
6.0,6.61
6.01,6.61
5.86,6.61
5.63,6.61
5.51,6.61
5.43,6.61
5.22,6.61
5.11,6.61
6.4,6.49
6.24,6.49
6.03,6.49
5.86,6.49
5.92,6.49
6.07,6.49
6.3,6.49
6.56,6.49
6.72,6.49
6.72,6.49
6.47,6.49
6.18,6.49
6.03,6.49
6.07,6.49
6.06,6.49
6.0,6.49
6.01,6.49
5.86,6.49
5.63,6.49
5.51,6.49
5.43,6.49
5.22,6.49
5.11,6.49
5.01,6.49
6.24,6.4
6.03,6.4
5.86,6.4
5.92,6.4
6.07,6.4
6.3,6.4
6.56,6.4
6.72,6.4
6.72,6.4
6.47,6.4
6.18,6.4
6.03,6.4
6.07,6.4
6.06,6.4
6.0,6.4
6.01,6.4
5.86,6.4
5.63,6.4
5.51,6.4
5.43,6.4
5.22,6.4
5.11,6.4
5.01,6.4
5.1,6.4
6.03,6.24
5.86,6.24
5.92,6.24
6.07,6.24
6.3,6.24
6.56,6.24
6.72,6.24
6.72,6.24
6.47,6.24
6.18,6.24
6.03,6.24
6.07,6.24
6.06,6.24
6.0,6.24
6.01,6.24
5.86,6.24
5.63,6.24
5.51,6.24
5.43,6.24
5.22,6.24
5.11,6.24
5.01,6.24
5.1,6.24
5.25,6.24
5.86,6.03
5.92,6.03
6.07,6.03
6.3,6.03
6.56,6.03
6.72,6.03
6.72,6.03
6.47,6.03
6.18,6.03
6.03,6.03
6.07,6.03
6.06,6.03
6.0,6.03
6.01,6.03
5.86,6.03
5.63,6.03
5.51,6.03
5.43,6.03
5.22,6.03
5.11,6.03
5.01,6.03
5.1,6.03
5.25,6.03
5.39,6.03
5.92,5.86
6.07,5.86
6.3,5.86
6.56,5.86
6.72,5.86
6.72,5.86
6.47,5.86
6.18,5.86
6.03,5.86
6.07,5.86
6.06,5.86
6.0,5.86
6.01,5.86
5.86,5.86
5.63,5.86
5.51,5.86
5.43,5.86
5.22,5.86
5.11,5.86
5.01,5.86
5.1,5.86
5.25,5.86
5.39,5.86
5.45,5.86
6.07,5.92
6.3,5.92
6.56,5.92
6.72,5.92
6.72,5.92
6.47,5.92
6.18,5.92
6.03,5.92
6.07,5.92
6.06,5.92
6.0,5.92
6.01,5.92
5.86,5.92
5.63,5.92
5.51,5.92
5.43,5.92
5.22,5.92
5.11,5.92
5.01,5.92
5.1,5.92
5.25,5.92
5.39,5.92
5.45,5.92
5.43,5.92
6.3,6.07
6.56,6.07
6.72,6.07
6.72,6.07
6.47,6.07
6.18,6.07
6.03,6.07
6.07,6.07
6.06,6.07
6.0,6.07
6.01,6.07
5.86,6.07
5.63,6.07
5.51,6.07
5.43,6.07
5.22,6.07
5.11,6.07
5.01,6.07
5.1,6.07
5.25,6.07
5.39,6.07
5.45,6.07
5.43,6.07
5.43,6.07
6.56,6.3
6.72,6.3
6.72,6.3
6.47,6.3
6.18,6.3
6.03,6.3
6.07,6.3
6.06,6.3
6.0,6.3
6.01,6.3
5.86,6.3
5.63,6.3
5.51,6.3
5.43,6.3
5.22,6.3
5.11,6.3
5.01,6.3
5.1,6.3
5.25,6.3
5.39,6.3
5.45,6.3
5.43,6.3
5.43,6.3
5.4,6.3
6.72,6.56
6.72,6.56
6.47,6.56
6.18,6.56
6.03,6.56
6.07,6.56
6.06,6.56
6.0,6.56
6.01,6.56
5.86,6.56
5.63,6.56
5.51,6.56
5.43,6.56
5.22,6.56
5.11,6.56
5.01,6.56
5.1,6.56
5.25,6.56
5.39,6.56
5.45,6.56
5.43,6.56
5.43,6.56
5.4,6.56
5.39,6.56
6.72,6.72
6.47,6.72
6.18,6.72
6.03,6.72
6.07,6.72
6.06,6.72
6.0,6.72
6.01,6.72
5.86,6.72
5.63,6.72
5.51,6.72
5.43,6.72
5.22,6.72
5.11,6.72
5.01,6.72
5.1,6.72
5.25,6.72
5.39,6.72
5.45,6.72
5.43,6.72
5.43,6.72
5.4,6.72
5.39,6.72
5.34,6.72
6.47,6.72
6.18,6.72
6.03,6.72
6.07,6.72
6.06,6.72
6.0,6.72
6.01,6.72
5.86,6.72
5.63,6.72
5.51,6.72
5.43,6.72
5.22,6.72
5.11,6.72
5.01,6.72
5.1,6.72
5.25,6.72
5.39,6.72
5.45,6.72
5.43,6.72
5.43,6.72
5.4,6.72
5.39,6.72
5.34,6.72
5.31,6.72
6.18,6.47
6.03,6.47
6.07,6.47
6.06,6.47
6.0,6.47
6.01,6.47
5.86,6.47
5.63,6.47
5.51,6.47
5.43,6.47
5.22,6.47
5.11,6.47
5.01,6.47
5.1,6.47
5.25,6.47
5.39,6.47
5.45,6.47
5.43,6.47
5.43,6.47
5.4,6.47
5.39,6.47
5.34,6.47
5.31,6.47
5.27,6.47
6.03,6.18
6.07,6.18
6.06,6.18
6.0,6.18
6.01,6.18
5.86,6.18
5.63,6.18
5.51,6.18
5.43,6.18
5.22,6.18
5.11,6.18
5.01,6.18
5.1,6.18
5.25,6.18
5.39,6.18
5.45,6.18
5.43,6.18
5.43,6.18
5.4,6.18
5.39,6.18
5.34,6.18
5.31,6.18
5.27,6.18
5.17,6.18
6.07,6.03
6.06,6.03
6.0,6.03
6.01,6.03
5.86,6.03
5.63,6.03
5.51,6.03
5.43,6.03
5.22,6.03
5.11,6.03
5.01,6.03
5.1,6.03
5.25,6.03
5.39,6.03
5.45,6.03
5.43,6.03
5.43,6.03
5.4,6.03
5.39,6.03
5.34,6.03
5.31,6.03
5.27,6.03
5.17,6.03
5.2,6.03
6.06,6.07
6.0,6.07
6.01,6.07
5.86,6.07
5.63,6.07
5.51,6.07
5.43,6.07
5.22,6.07
5.11,6.07
5.01,6.07
5.1,6.07
5.25,6.07
5.39,6.07
5.45,6.07
5.43,6.07
5.43,6.07
5.4,6.07
5.39,6.07
5.34,6.07
5.31,6.07
5.27,6.07
5.17,6.07
5.2,6.07
5.2,6.07
6.0,6.06
6.01,6.06
5.86,6.06
5.63,6.06
5.51,6.06
5.43,6.06
5.22,6.06
5.11,6.06
5.01,6.06
5.1,6.06
5.25,6.06
5.39,6.06
5.45,6.06
5.43,6.06
5.43,6.06
5.4,6.06
5.39,6.06
5.34,6.06
5.31,6.06
5.27,6.06
5.17,6.06
5.2,6.06
5.2,6.06
5.17,6.06
6.01,6.0
5.86,6.0
5.63,6.0
5.51,6.0
5.43,6.0
5.22,6.0
5.11,6.0
5.01,6.0
5.1,6.0
5.25,6.0
5.39,6.0
5.45,6.0
5.43,6.0
5.43,6.0
5.4,6.0
5.39,6.0
5.34,6.0
5.31,6.0
5.27,6.0
5.17,6.0
5.2,6.0
5.2,6.0
5.17,6.0
5.24,6.0
5.86,6.01
5.63,6.01
5.51,6.01
5.43,6.01
5.22,6.01
5.11,6.01
5.01,6.01
5.1,6.01
5.25,6.01
5.39,6.01
5.45,6.01
5.43,6.01
5.43,6.01
5.4,6.01
5.39,6.01
5.34,6.01
5.31,6.01
5.27,6.01
5.17,6.01
5.2,6.01
5.2,6.01
5.17,6.01
5.24,6.01
5.25,6.01
5.63,5.86
5.51,5.86
5.43,5.86
5.22,5.86
5.11,5.86
5.01,5.86
5.1,5.86
5.25,5.86
5.39,5.86
5.45,5.86
5.43,5.86
5.43,5.86
5.4,5.86
5.39,5.86
5.34,5.86
5.31,5.86
5.27,5.86
5.17,5.86
5.2,5.86
5.2,5.86
5.17,5.86
5.24,5.86
5.25,5.86
5.2,5.86
5.51,5.63
5.43,5.63
5.22,5.63
5.11,5.63
5.01,5.63
5.1,5.63
5.25,5.63
5.39,5.63
5.45,5.63
5.43,5.63
5.43,5.63
5.4,5.63
5.39,5.63
5.34,5.63
5.31,5.63
5.27,5.63
5.17,5.63
5.2,5.63
5.2,5.63
5.17,5.63
5.24,5.63
5.25,5.63
5.2,5.63
5.14,5.63
5.43,5.51
5.22,5.51
5.11,5.51
5.01,5.51
5.1,5.51
5.25,5.51
5.39,5.51
5.45,5.51
5.43,5.51
5.43,5.51
5.4,5.51
5.39,5.51
5.34,5.51
5.31,5.51
5.27,5.51
5.17,5.51
5.2,5.51
5.2,5.51
5.17,5.51
5.24,5.51
5.25,5.51
5.2,5.51
5.14,5.51
5.05,5.51
5.22,5.43
5.11,5.43
5.01,5.43
5.1,5.43
5.25,5.43
5.39,5.43
5.45,5.43
5.43,5.43
5.43,5.43
5.4,5.43
5.39,5.43
5.34,5.43
5.31,5.43
5.27,5.43
5.17,5.43
5.2,5.43
5.2,5.43
5.17,5.43
5.24,5.43
5.25,5.43
5.2,5.43
5.14,5.43
5.05,5.43
5.06,5.43
5.11,5.22
5.01,5.22
5.1,5.22
5.25,5.22
5.39,5.22
5.45,5.22
5.43,5.22
5.43,5.22
5.4,5.22
5.39,5.22
5.34,5.22
5.31,5.22
5.27,5.22
5.17,5.22
5.2,5.22
5.2,5.22
5.17,5.22
5.24,5.22
5.25,5.22
5.2,5.22
5.14,5.22
5.05,5.22
5.06,5.22
5.09,5.22
5.01,5.11
5.1,5.11
5.25,5.11
5.39,5.11
5.45,5.11
5.43,5.11
5.43,5.11
5.4,5.11
5.39,5.11
5.34,5.11
5.31,5.11
5.27,5.11
5.17,5.11
5.2,5.11
5.2,5.11
5.17,5.11
5.24,5.11
5.25,5.11
5.2,5.11
5.14,5.11
5.05,5.11
5.06,5.11
5.09,5.11
5.14,5.11
5.1,5.0099998
5.25,5.0099998
5.39,5.0099998
5.45,5.0099998
5.43,5.0099998
5.43,5.0099998
5.4,5.0099998
5.39,5.0099998
5.34,5.0099998
5.31,5.0099998
5.27,5.0099998
5.17,5.0099998
5.2,5.0099998
5.2,5.0099998
5.17,5.0099998
5.24,5.0099998
5.25,5.0099998
5.2,5.0099998
5.14,5.0099998
5.05,5.0099998
5.06,5.0099998
5.09,5.0099998
5.14,5.0099998
5.12,5.0099998
5.25,5.1
5.39,5.1
5.45,5.1
5.43,5.1
5.43,5.1
5.4,5.1
5.39,5.1
5.34,5.1
5.31,5.1
5.27,5.1
5.17,5.1
5.2,5.1
5.2,5.1
5.17,5.1
5.24,5.1
5.25,5.1
5.2,5.1
5.14,5.1
5.05,5.1
5.06,5.1
5.09,5.1
5.14,5.1
5.12,5.1
5.07,5.1
5.39,5.25
5.45,5.25
5.43,5.25
5.43,5.25
5.4,5.25
5.39,5.25
5.34,5.25
5.31,5.25
5.27,5.25
5.17,5.25
5.2,5.25
5.2,5.25
5.17,5.25
5.24,5.25
5.25,5.25
5.2,5.25
5.14,5.25
5.05,5.25
5.06,5.25
5.09,5.25
5.14,5.25
5.12,5.25
5.07,5.25
5.14,5.25
5.45,5.39
5.43,5.39
5.43,5.39
5.4,5.39
5.39,5.39
5.34,5.39
5.31,5.39
5.27,5.39
5.17,5.39
5.2,5.39
5.2,5.39
5.17,5.39
5.24,5.39
5.25,5.39
5.2,5.39
5.14,5.39
5.05,5.39
5.06,5.39
5.09,5.39
5.14,5.39
5.12,5.39
5.07,5.39
5.14,5.39
5.25,5.39
5.43,5.45
5.43,5.45
5.4,5.45
5.39,5.45
5.34,5.45
5.31,5.45
5.27,5.45
5.17,5.45
5.2,5.45
5.2,5.45
5.17,5.45
5.24,5.45
5.25,5.45
5.2,5.45
5.14,5.45
5.05,5.45
5.06,5.45
5.09,5.45
5.14,5.45
5.12,5.45
5.07,5.45
5.14,5.45
5.25,5.45
5.27,5.45
5.43,5.43
5.4,5.43
5.39,5.43
5.34,5.43
5.31,5.43
5.27,5.43
5.17,5.43
5.2,5.43
5.2,5.43
5.17,5.43
5.24,5.43
5.25,5.43
5.2,5.43
5.14,5.43
5.05,5.43
5.06,5.43
5.09,5.43
5.14,5.43
5.12,5.43
5.07,5.43
5.14,5.43
5.25,5.43
5.27,5.43
5.37,5.43
5.4,5.43
5.39,5.43
5.34,5.43
5.31,5.43
5.27,5.43
5.17,5.43
5.2,5.43
5.2,5.43
5.17,5.43
5.24,5.43
5.25,5.43
5.2,5.43
5.14,5.43
5.05,5.43
5.06,5.43
5.09,5.43
5.14,5.43
5.12,5.43
5.07,5.43
5.14,5.43
5.25,5.43
5.27,5.43
5.37,5.43
5.55,5.43
5.39,5.4
5.34,5.4
5.31,5.4
5.27,5.4
5.17,5.4
5.2,5.4
5.2,5.4
5.17,5.4
5.24,5.4
5.25,5.4
5.2,5.4
5.14,5.4
5.05,5.4
5.06,5.4
5.09,5.4
5.14,5.4
5.12,5.4
5.07,5.4
5.14,5.4
5.25,5.4
5.27,5.4
5.37,5.4
5.55,5.4
5.62,5.4
5.34,5.39
5.31,5.39
5.27,5.39
5.17,5.39
5.2,5.39
5.2,5.39
5.17,5.39
5.24,5.39
5.25,5.39
5.2,5.39
5.14,5.39
5.05,5.39
5.06,5.39
5.09,5.39
5.14,5.39
5.12,5.39
5.07,5.39
5.14,5.39
5.25,5.39
5.27,5.39
5.37,5.39
5.55,5.39
5.62,5.39
5.67,5.39
5.31,5.34
5.27,5.34
5.17,5.34
5.2,5.34
5.2,5.34
5.17,5.34
5.24,5.34
5.25,5.34
5.2,5.34
5.14,5.34
5.05,5.34
5.06,5.34
5.09,5.34
5.14,5.34
5.12,5.34
5.07,5.34
5.14,5.34
5.25,5.34
5.27,5.34
5.37,5.34
5.55,5.34
5.62,5.34
5.67,5.34
5.67,5.34
5.27,5.31
5.17,5.31
5.2,5.31
5.2,5.31
5.17,5.31
5.24,5.31
5.25,5.31
5.2,5.31
5.14,5.31
5.05,5.31
5.06,5.31
5.09,5.31
5.14,5.31
5.12,5.31
5.07,5.31
5.14,5.31
5.25,5.31
5.27,5.31
5.37,5.31
5.55,5.31
5.62,5.31
5.67,5.31
5.67,5.31
5.63,5.31
5.17,5.27
5.2,5.27
5.2,5.27
5.17,5.27
5.24,5.27
5.25,5.27
5.2,5.27
5.14,5.27
5.05,5.27
5.06,5.27
5.09,5.27
5.14,5.27
5.12,5.27
5.07,5.27
5.14,5.27
5.25,5.27
5.27,5.27
5.37,5.27
5.55,5.27
5.62,5.27
5.67,5.27
5.67,5.27
5.63,5.27
5.68,5.27
5.2,5.17
5.2,5.17
5.17,5.17
5.24,5.17
5.25,5.17
5.2,5.17
5.14,5.17
5.05,5.17
5.06,5.17
5.09,5.17
5.14,5.17
5.12,5.17
5.07,5.17
5.14,5.17
5.25,5.17
5.27,5.17
5.37,5.17
5.55,5.17
5.62,5.17
5.67,5.17
5.67,5.17
5.63,5.17
5.68,5.17
5.76,5.17
5.2,5.2
5.17,5.2
5.24,5.2
5.25,5.2
5.2,5.2
5.14,5.2
5.05,5.2
5.06,5.2
5.09,5.2
5.14,5.2
5.12,5.2
5.07,5.2
5.14,5.2
5.25,5.2
5.27,5.2
5.37,5.2
5.55,5.2
5.62,5.2
5.67,5.2
5.67,5.2
5.63,5.2
5.68,5.2
5.76,5.2
5.74,5.2
5.17,5.2
5.24,5.2
5.25,5.2
5.2,5.2
5.14,5.2
5.05,5.2
5.06,5.2
5.09,5.2
5.14,5.2
5.12,5.2
5.07,5.2
5.14,5.2
5.25,5.2
5.27,5.2
5.37,5.2
5.55,5.2
5.62,5.2
5.67,5.2
5.67,5.2
5.63,5.2
5.68,5.2
5.76,5.2
5.74,5.2
5.65,5.2
5.24,5.17
5.25,5.17
5.2,5.17
5.14,5.17
5.05,5.17
5.06,5.17
5.09,5.17
5.14,5.17
5.12,5.17
5.07,5.17
5.14,5.17
5.25,5.17
5.27,5.17
5.37,5.17
5.55,5.17
5.62,5.17
5.67,5.17
5.67,5.17
5.63,5.17
5.68,5.17
5.76,5.17
5.74,5.17
5.65,5.17
5.65,5.17
5.25,5.24
5.2,5.24
5.14,5.24
5.05,5.24
5.06,5.24
5.09,5.24
5.14,5.24
5.12,5.24
5.07,5.24
5.14,5.24
5.25,5.24
5.27,5.24
5.37,5.24
5.55,5.24
5.62,5.24
5.67,5.24
5.67,5.24
5.63,5.24
5.68,5.24
5.76,5.24
5.74,5.24
5.65,5.24
5.65,5.24
5.8,5.24
5.2,5.25
5.14,5.25
5.05,5.25
5.06,5.25
5.09,5.25
5.14,5.25
5.12,5.25
5.07,5.25
5.14,5.25
5.25,5.25
5.27,5.25
5.37,5.25
5.55,5.25
5.62,5.25
5.67,5.25
5.67,5.25
5.63,5.25
5.68,5.25
5.76,5.25
5.74,5.25
5.65,5.25
5.65,5.25
5.8,5.25
5.94,5.25
5.14,5.2
5.05,5.2
5.06,5.2
5.09,5.2
5.14,5.2
5.12,5.2
5.07,5.2
5.14,5.2
5.25,5.2
5.27,5.2
5.37,5.2
5.55,5.2
5.62,5.2
5.67,5.2
5.67,5.2
5.63,5.2
5.68,5.2
5.76,5.2
5.74,5.2
5.65,5.2
5.65,5.2
5.8,5.2
5.94,5.2
5.95,5.2
5.05,5.14
5.06,5.14
5.09,5.14
5.14,5.14
5.12,5.14
5.07,5.14
5.14,5.14
5.25,5.14
5.27,5.14
5.37,5.14
5.55,5.14
5.62,5.14
5.67,5.14
5.67,5.14
5.63,5.14
5.68,5.14
5.76,5.14
5.74,5.14
5.65,5.14
5.65,5.14
5.8,5.14
5.94,5.14
5.95,5.14
5.87,5.14
5.06,5.05
5.09,5.05
5.14,5.05
5.12,5.05
5.07,5.05
5.14,5.05
5.25,5.05
5.27,5.05
5.37,5.05
5.55,5.05
5.62,5.05
5.67,5.05
5.67,5.05
5.63,5.05
5.68,5.05
5.76,5.05
5.74,5.05
5.65,5.05
5.65,5.05
5.8,5.05
5.94,5.05
5.95,5.05
5.87,5.05
5.83,5.05
5.09,5.0599995
5.14,5.0599995
5.12,5.0599995
5.07,5.0599995
5.14,5.0599995
5.25,5.0599995
5.27,5.0599995
5.37,5.0599995
5.55,5.0599995
5.62,5.0599995
5.67,5.0599995
5.67,5.0599995
5.63,5.0599995
5.68,5.0599995
5.76,5.0599995
5.74,5.0599995
5.65,5.0599995
5.65,5.0599995
5.8,5.0599995
5.94,5.0599995
5.95,5.0599995
5.87,5.0599995
5.83,5.0599995
5.9,5.0599995
5.14,5.09
5.12,5.09
5.07,5.09
5.14,5.09
5.25,5.09
5.27,5.09
5.37,5.09
5.55,5.09
5.62,5.09
5.67,5.09
5.67,5.09
5.63,5.09
5.68,5.09
5.76,5.09
5.74,5.09
5.65,5.09
5.65,5.09
5.8,5.09
5.94,5.09
5.95,5.09
5.87,5.09
5.83,5.09
5.9,5.09
5.92,5.09
5.12,5.14
5.07,5.14
5.14,5.14
5.25,5.14
5.27,5.14
5.37,5.14
5.55,5.14
5.62,5.14
5.67,5.14
5.67,5.14
5.63,5.14
5.68,5.14
5.76,5.14
5.74,5.14
5.65,5.14
5.65,5.14
5.8,5.14
5.94,5.14
5.95,5.14
5.87,5.14
5.83,5.14
5.9,5.14
5.92,5.14
6.02,5.14
5.07,5.12
5.14,5.12
5.25,5.12
5.27,5.12
5.37,5.12
5.55,5.12
5.62,5.12
5.67,5.12
5.67,5.12
5.63,5.12
5.68,5.12
5.76,5.12
5.74,5.12
5.65,5.12
5.65,5.12
5.8,5.12
5.94,5.12
5.95,5.12
5.87,5.12
5.83,5.12
5.9,5.12
5.92,5.12
6.02,5.12
6.06,5.12
5.14,5.07
5.25,5.07
5.27,5.07
5.37,5.07
5.55,5.07
5.62,5.07
5.67,5.07
5.67,5.07
5.63,5.07
5.68,5.07
5.76,5.07
5.74,5.07
5.65,5.07
5.65,5.07
5.8,5.07
5.94,5.07
5.95,5.07
5.87,5.07
5.83,5.07
5.9,5.07
5.92,5.07
6.02,5.07
6.06,5.07
6.12,5.07
5.25,5.14
5.27,5.14
5.37,5.14
5.55,5.14
5.62,5.14
5.67,5.14
5.67,5.14
5.63,5.14
5.68,5.14
5.76,5.14
5.74,5.14
5.65,5.14
5.65,5.14
5.8,5.14
5.94,5.14
5.95,5.14
5.87,5.14
5.83,5.14
5.9,5.14
5.92,5.14
6.02,5.14
6.06,5.14
6.12,5.14
6.24,5.14
5.27,5.25
5.37,5.25
5.55,5.25
5.62,5.25
5.67,5.25
5.67,5.25
5.63,5.25
5.68,5.25
5.76,5.25
5.74,5.25
5.65,5.25
5.65,5.25
5.8,5.25
5.94,5.25
5.95,5.25
5.87,5.25
5.83,5.25
5.9,5.25
5.92,5.25
6.02,5.25
6.06,5.25
6.12,5.25
6.24,5.25
6.33,5.25
5.37,5.27
5.55,5.27
5.62,5.27
5.67,5.27
5.67,5.27
5.63,5.27
5.68,5.27
5.76,5.27
5.74,5.27
5.65,5.27
5.65,5.27
5.8,5.27
5.94,5.27
5.95,5.27
5.87,5.27
5.83,5.27
5.9,5.27
5.92,5.27
6.02,5.27
6.06,5.27
6.12,5.27
6.24,5.27
6.33,5.27
6.32,5.27
5.55,5.37
5.62,5.37
5.67,5.37
5.67,5.37
5.63,5.37
5.68,5.37
5.76,5.37
5.74,5.37
5.65,5.37
5.65,5.37
5.8,5.37
5.94,5.37
5.95,5.37
5.87,5.37
5.83,5.37
5.9,5.37
5.92,5.37
6.02,5.37
6.06,5.37
6.12,5.37
6.24,5.37
6.33,5.37
6.32,5.37
6.27,5.37
5.62,5.55
5.67,5.55
5.67,5.55
5.63,5.55
5.68,5.55
5.76,5.55
5.74,5.55
5.65,5.55
5.65,5.55
5.8,5.55
5.94,5.55
5.95,5.55
5.87,5.55
5.83,5.55
5.9,5.55
5.92,5.55
6.02,5.55
6.06,5.55
6.12,5.55
6.24,5.55
6.33,5.55
6.32,5.55
6.27,5.55
6.18,5.55
5.67,5.62
5.67,5.62
5.63,5.62
5.68,5.62
5.76,5.62
5.74,5.62
5.65,5.62
5.65,5.62
5.8,5.62
5.94,5.62
5.95,5.62
5.87,5.62
5.83,5.62
5.9,5.62
5.92,5.62
6.02,5.62
6.06,5.62
6.12,5.62
6.24,5.62
6.33,5.62
6.32,5.62
6.27,5.62
6.18,5.62
6.12,5.62
5.67,5.67
5.63,5.67
5.68,5.67
5.76,5.67
5.74,5.67
5.65,5.67
5.65,5.67
5.8,5.67
5.94,5.67
5.95,5.67
5.87,5.67
5.83,5.67
5.9,5.67
5.92,5.67
6.02,5.67
6.06,5.67
6.12,5.67
6.24,5.67
6.33,5.67
6.32,5.67
6.27,5.67
6.18,5.67
6.12,5.67
6.07,5.67
5.63,5.67
5.68,5.67
5.76,5.67
5.74,5.67
5.65,5.67
5.65,5.67
5.8,5.67
5.94,5.67
5.95,5.67
5.87,5.67
5.83,5.67
5.9,5.67
5.92,5.67
6.02,5.67
6.06,5.67
6.12,5.67
6.24,5.67
6.33,5.67
6.32,5.67
6.27,5.67
6.18,5.67
6.12,5.67
6.07,5.67
6.17,5.67
5.68,5.63
5.76,5.63
5.74,5.63
5.65,5.63
5.65,5.63
5.8,5.63
5.94,5.63
5.95,5.63
5.87,5.63
5.83,5.63
5.9,5.63
5.92,5.63
6.02,5.63
6.06,5.63
6.12,5.63
6.24,5.63
6.33,5.63
6.32,5.63
6.27,5.63
6.18,5.63
6.12,5.63
6.07,5.63
6.17,5.63
6.28,5.63
5.76,5.68
5.74,5.68
5.65,5.68
5.65,5.68
5.8,5.68
5.94,5.68
5.95,5.68
5.87,5.68
5.83,5.68
5.9,5.68
5.92,5.68
6.02,5.68
6.06,5.68
6.12,5.68
6.24,5.68
6.33,5.68
6.32,5.68
6.27,5.68
6.18,5.68
6.12,5.68
6.07,5.68
6.17,5.68
6.28,5.68
6.25,5.68
5.74,5.76
5.65,5.76
5.65,5.76
5.8,5.76
5.94,5.76
5.95,5.76
5.87,5.76
5.83,5.76
5.9,5.76
5.92,5.76
6.02,5.76
6.06,5.76
6.12,5.76
6.24,5.76
6.33,5.76
6.32,5.76
6.27,5.76
6.18,5.76
6.12,5.76
6.07,5.76
6.17,5.76
6.28,5.76
6.25,5.76
6.15,5.76
5.65,5.74
5.65,5.74
5.8,5.74
5.94,5.74
5.95,5.74
5.87,5.74
5.83,5.74
5.9,5.74
5.92,5.74
6.02,5.74
6.06,5.74
6.12,5.74
6.24,5.74
6.33,5.74
6.32,5.74
6.27,5.74
6.18,5.74
6.12,5.74
6.07,5.74
6.17,5.74
6.28,5.74
6.25,5.74
6.15,5.74
6.24,5.74
5.65,5.65
5.8,5.65
5.94,5.65
5.95,5.65
5.87,5.65
5.83,5.65
5.9,5.65
5.92,5.65
6.02,5.65
6.06,5.65
6.12,5.65
6.24,5.65
6.33,5.65
6.32,5.65
6.27,5.65
6.18,5.65
6.12,5.65
6.07,5.65
6.17,5.65
6.28,5.65
6.25,5.65
6.15,5.65
6.24,5.65
6.35,5.65
5.8,5.65
5.94,5.65
5.95,5.65
5.87,5.65
5.83,5.65
5.9,5.65
5.92,5.65
6.02,5.65
6.06,5.65
6.12,5.65
6.24,5.65
6.33,5.65
6.32,5.65
6.27,5.65
6.18,5.65
6.12,5.65
6.07,5.65
6.17,5.65
6.28,5.65
6.25,5.65
6.15,5.65
6.24,5.65
6.35,5.65
6.4,5.65
5.94,5.8
5.95,5.8
5.87,5.8
5.83,5.8
5.9,5.8
5.92,5.8
6.02,5.8
6.06,5.8
6.12,5.8
6.24,5.8
6.33,5.8
6.32,5.8
6.27,5.8
6.18,5.8
6.12,5.8
6.07,5.8
6.17,5.8
6.28,5.8
6.25,5.8
6.15,5.8
6.24,5.8
6.35,5.8
6.4,5.8
6.36,5.8
5.95,5.94
5.87,5.94
5.83,5.94
5.9,5.94
5.92,5.94
6.02,5.94
6.06,5.94
6.12,5.94
6.24,5.94
6.33,5.94
6.32,5.94
6.27,5.94
6.18,5.94
6.12,5.94
6.07,5.94
6.17,5.94
6.28,5.94
6.25,5.94
6.15,5.94
6.24,5.94
6.35,5.94
6.4,5.94
6.36,5.94
6.34,5.94
5.87,5.95
5.83,5.95
5.9,5.95
5.92,5.95
6.02,5.95
6.06,5.95
6.12,5.95
6.24,5.95
6.33,5.95
6.32,5.95
6.27,5.95
6.18,5.95
6.12,5.95
6.07,5.95
6.17,5.95
6.28,5.95
6.25,5.95
6.15,5.95
6.24,5.95
6.35,5.95
6.4,5.95
6.36,5.95
6.34,5.95
6.31,5.95
5.83,5.87
5.9,5.87
5.92,5.87
6.02,5.87
6.06,5.87
6.12,5.87
6.24,5.87
6.33,5.87
6.32,5.87
6.27,5.87
6.18,5.87
6.12,5.87
6.07,5.87
6.17,5.87
6.28,5.87
6.25,5.87
6.15,5.87
6.24,5.87
6.35,5.87
6.4,5.87
6.36,5.87
6.34,5.87
6.31,5.87
6.38,5.87
5.9,5.83
5.92,5.83
6.02,5.83
6.06,5.83
6.12,5.83
6.24,5.83
6.33,5.83
6.32,5.83
6.27,5.83
6.18,5.83
6.12,5.83
6.07,5.83
6.17,5.83
6.28,5.83
6.25,5.83
6.15,5.83
6.24,5.83
6.35,5.83
6.4,5.83
6.36,5.83
6.34,5.83
6.31,5.83
6.38,5.83
6.45,5.83
5.92,5.9
6.02,5.9
6.06,5.9
6.12,5.9
6.24,5.9
6.33,5.9
6.32,5.9
6.27,5.9
6.18,5.9
6.12,5.9
6.07,5.9
6.17,5.9
6.28,5.9
6.25,5.9
6.15,5.9
6.24,5.9
6.35,5.9
6.4,5.9
6.36,5.9
6.34,5.9
6.31,5.9
6.38,5.9
6.45,5.9
6.33,5.9
6.02,5.92
6.06,5.92
6.12,5.92
6.24,5.92
6.33,5.92
6.32,5.92
6.27,5.92
6.18,5.92
6.12,5.92
6.07,5.92
6.17,5.92
6.28,5.92
6.25,5.92
6.15,5.92
6.24,5.92
6.35,5.92
6.4,5.92
6.36,5.92
6.34,5.92
6.31,5.92
6.38,5.92
6.45,5.92
6.33,5.92
6.22,5.92
6.06,6.02
6.12,6.02
6.24,6.02
6.33,6.02
6.32,6.02
6.27,6.02
6.18,6.02
6.12,6.02
6.07,6.02
6.17,6.02
6.28,6.02
6.25,6.02
6.15,6.02
6.24,6.02
6.35,6.02
6.4,6.02
6.36,6.02
6.34,6.02
6.31,6.02
6.38,6.02
6.45,6.02
6.33,6.02
6.22,6.02
6.2,6.02
6.12,6.06
6.24,6.06
6.33,6.06
6.32,6.06
6.27,6.06
6.18,6.06
6.12,6.06
6.07,6.06
6.17,6.06
6.28,6.06
6.25,6.06
6.15,6.06
6.24,6.06
6.35,6.06
6.4,6.06
6.36,6.06
6.34,6.06
6.31,6.06
6.38,6.06
6.45,6.06
6.33,6.06
6.22,6.06
6.2,6.06
6.21,6.06
6.24,6.12
6.33,6.12
6.32,6.12
6.27,6.12
6.18,6.12
6.12,6.12
6.07,6.12
6.17,6.12
6.28,6.12
6.25,6.12
6.15,6.12
6.24,6.12
6.35,6.12
6.4,6.12
6.36,6.12
6.34,6.12
6.31,6.12
6.38,6.12
6.45,6.12
6.33,6.12
6.22,6.12
6.2,6.12
6.21,6.12
6.28,6.12
6.33,6.24
6.32,6.24
6.27,6.24
6.18,6.24
6.12,6.24
6.07,6.24
6.17,6.24
6.28,6.24
6.25,6.24
6.15,6.24
6.24,6.24
6.35,6.24
6.4,6.24
6.36,6.24
6.34,6.24
6.31,6.24
6.38,6.24
6.45,6.24
6.33,6.24
6.22,6.24
6.2,6.24
6.21,6.24
6.28,6.24
6.38,6.24
6.32,6.33
6.27,6.33
6.18,6.33
6.12,6.33
6.07,6.33
6.17,6.33
6.28,6.33
6.25,6.33
6.15,6.33
6.24,6.33
6.35,6.33
6.4,6.33
6.36,6.33
6.34,6.33
6.31,6.33
6.38,6.33
6.45,6.33
6.33,6.33
6.22,6.33
6.2,6.33
6.21,6.33
6.28,6.33
6.38,6.33
6.43,6.33
6.27,6.32
6.18,6.32
6.12,6.32
6.07,6.32
6.17,6.32
6.28,6.32
6.25,6.32
6.15,6.32
6.24,6.32
6.35,6.32
6.4,6.32
6.36,6.32
6.34,6.32
6.31,6.32
6.38,6.32
6.45,6.32
6.33,6.32
6.22,6.32
6.2,6.32
6.21,6.32
6.28,6.32
6.38,6.32
6.43,6.32
6.47,6.32
6.18,6.27
6.12,6.27
6.07,6.27
6.17,6.27
6.28,6.27
6.25,6.27
6.15,6.27
6.24,6.27
6.35,6.27
6.4,6.27
6.36,6.27
6.34,6.27
6.31,6.27
6.38,6.27
6.45,6.27
6.33,6.27
6.22,6.27
6.2,6.27
6.21,6.27
6.28,6.27
6.38,6.27
6.43,6.27
6.47,6.27
6.49,6.27
6.12,6.18
6.07,6.18
6.17,6.18
6.28,6.18
6.25,6.18
6.15,6.18
6.24,6.18
6.35,6.18
6.4,6.18
6.36,6.18
6.34,6.18
6.31,6.18
6.38,6.18
6.45,6.18
6.33,6.18
6.22,6.18
6.2,6.18
6.21,6.18
6.28,6.18
6.38,6.18
6.43,6.18
6.47,6.18
6.49,6.18
6.6,6.18
6.07,6.12
6.17,6.12
6.28,6.12
6.25,6.12
6.15,6.12
6.24,6.12
6.35,6.12
6.4,6.12
6.36,6.12
6.34,6.12
6.31,6.12
6.38,6.12
6.45,6.12
6.33,6.12
6.22,6.12
6.2,6.12
6.21,6.12
6.28,6.12
6.38,6.12
6.43,6.12
6.47,6.12
6.49,6.12
6.6,6.12
6.67,6.12
6.17,6.07
6.28,6.07
6.25,6.07
6.15,6.07
6.24,6.07
6.35,6.07
6.4,6.07
6.36,6.07
6.34,6.07
6.31,6.07
6.38,6.07
6.45,6.07
6.33,6.07
6.22,6.07
6.2,6.07
6.21,6.07
6.28,6.07
6.38,6.07
6.43,6.07
6.47,6.07
6.49,6.07
6.6,6.07
6.67,6.07
6.68,6.07
6.28,6.17
6.25,6.17
6.15,6.17
6.24,6.17
6.35,6.17
6.4,6.17
6.36,6.17
6.34,6.17
6.31,6.17
6.38,6.17
6.45,6.17
6.33,6.17
6.22,6.17
6.2,6.17
6.21,6.17
6.28,6.17
6.38,6.17
6.43,6.17
6.47,6.17
6.49,6.17
6.6,6.17
6.67,6.17
6.68,6.17
6.73,6.17
6.25,6.28
6.15,6.28
6.24,6.28
6.35,6.28
6.4,6.28
6.36,6.28
6.34,6.28
6.31,6.28
6.38,6.28
6.45,6.28
6.33,6.28
6.22,6.28
6.2,6.28
6.21,6.28
6.28,6.28
6.38,6.28
6.43,6.28
6.47,6.28
6.49,6.28
6.6,6.28
6.67,6.28
6.68,6.28
6.73,6.28
6.69,6.28
6.15,6.25
6.24,6.25
6.35,6.25
6.4,6.25
6.36,6.25
6.34,6.25
6.31,6.25
6.38,6.25
6.45,6.25
6.33,6.25
6.22,6.25
6.2,6.25
6.21,6.25
6.28,6.25
6.38,6.25
6.43,6.25
6.47,6.25
6.49,6.25
6.6,6.25
6.67,6.25
6.68,6.25
6.73,6.25
6.69,6.25
6.71,6.25
6.24,6.15
6.35,6.15
6.4,6.15
6.36,6.15
6.34,6.15
6.31,6.15
6.38,6.15
6.45,6.15
6.33,6.15
6.22,6.15
6.2,6.15
6.21,6.15
6.28,6.15
6.38,6.15
6.43,6.15
6.47,6.15
6.49,6.15
6.6,6.15
6.67,6.15
6.68,6.15
6.73,6.15
6.69,6.15
6.71,6.15
6.66,6.15
6.35,6.24
6.4,6.24
6.36,6.24
6.34,6.24
6.31,6.24
6.38,6.24
6.45,6.24
6.33,6.24
6.22,6.24
6.2,6.24
6.21,6.24
6.28,6.24
6.38,6.24
6.43,6.24
6.47,6.24
6.49,6.24
6.6,6.24
6.67,6.24
6.68,6.24
6.73,6.24
6.69,6.24
6.71,6.24
6.66,6.24
6.67,6.24
6.4,6.35
6.36,6.35
6.34,6.35
6.31,6.35
6.38,6.35
6.45,6.35
6.33,6.35
6.22,6.35
6.2,6.35
6.21,6.35
6.28,6.35
6.38,6.35
6.43,6.35
6.47,6.35
6.49,6.35
6.6,6.35
6.67,6.35
6.68,6.35
6.73,6.35
6.69,6.35
6.71,6.35
6.66,6.35
6.67,6.35
6.67,6.35
6.36,6.4
6.34,6.4
6.31,6.4
6.38,6.4
6.45,6.4
6.33,6.4
6.22,6.4
6.2,6.4
6.21,6.4
6.28,6.4
6.38,6.4
6.43,6.4
6.47,6.4
6.49,6.4
6.6,6.4
6.67,6.4
6.68,6.4
6.73,6.4
6.69,6.4
6.71,6.4
6.66,6.4
6.67,6.4
6.67,6.4
6.73,6.4
6.34,6.36
6.31,6.36
6.38,6.36
6.45,6.36
6.33,6.36
6.22,6.36
6.2,6.36
6.21,6.36
6.28,6.36
6.38,6.36
6.43,6.36
6.47,6.36
6.49,6.36
6.6,6.36
6.67,6.36
6.68,6.36
6.73,6.36
6.69,6.36
6.71,6.36
6.66,6.36
6.67,6.36
6.67,6.36
6.73,6.36
6.83,6.36
6.31,6.34
6.38,6.34
6.45,6.34
6.33,6.34
6.22,6.34
6.2,6.34
6.21,6.34
6.28,6.34
6.38,6.34
6.43,6.34
6.47,6.34
6.49,6.34
6.6,6.34
6.67,6.34
6.68,6.34
6.73,6.34
6.69,6.34
6.71,6.34
6.66,6.34
6.67,6.34
6.67,6.34
6.73,6.34
6.83,6.34
6.92,6.34
6.38,6.31
6.45,6.31
6.33,6.31
6.22,6.31
6.2,6.31
6.21,6.31
6.28,6.31
6.38,6.31
6.43,6.31
6.47,6.31
6.49,6.31
6.6,6.31
6.67,6.31
6.68,6.31
6.73,6.31
6.69,6.31
6.71,6.31
6.66,6.31
6.67,6.31
6.67,6.31
6.73,6.31
6.83,6.31
6.92,6.31
7.03,6.31
6.45,6.38
6.33,6.38
6.22,6.38
6.2,6.38
6.21,6.38
6.28,6.38
6.38,6.38
6.43,6.38
6.47,6.38
6.49,6.38
6.6,6.38
6.67,6.38
6.68,6.38
6.73,6.38
6.69,6.38
6.71,6.38
6.66,6.38
6.67,6.38
6.67,6.38
6.73,6.38
6.83,6.38
6.92,6.38
7.03,6.38
7.17,6.38
6.33,6.45
6.22,6.45
6.2,6.45
6.21,6.45
6.28,6.45
6.38,6.45
6.43,6.45
6.47,6.45
6.49,6.45
6.6,6.45
6.67,6.45
6.68,6.45
6.73,6.45
6.69,6.45
6.71,6.45
6.66,6.45
6.67,6.45
6.67,6.45
6.73,6.45
6.83,6.45
6.92,6.45
7.03,6.45
7.17,6.45
7.24,6.45
6.22,6.33
6.2,6.33
6.21,6.33
6.28,6.33
6.38,6.33
6.43,6.33
6.47,6.33
6.49,6.33
6.6,6.33
6.67,6.33
6.68,6.33
6.73,6.33
6.69,6.33
6.71,6.33
6.66,6.33
6.67,6.33
6.67,6.33
6.73,6.33
6.83,6.33
6.92,6.33
7.03,6.33
7.17,6.33
7.24,6.33
7.27,6.33
6.2,6.22
6.21,6.22
6.28,6.22
6.38,6.22
6.43,6.22
6.47,6.22
6.49,6.22
6.6,6.22
6.67,6.22
6.68,6.22
6.73,6.22
6.69,6.22
6.71,6.22
6.66,6.22
6.67,6.22
6.67,6.22
6.73,6.22
6.83,6.22
6.92,6.22
7.03,6.22
7.17,6.22
7.24,6.22
7.27,6.22
7.27,6.22
6.21,6.2
6.28,6.2
6.38,6.2
6.43,6.2
6.47,6.2
6.49,6.2
6.6,6.2
6.67,6.2
6.68,6.2
6.73,6.2
6.69,6.2
6.71,6.2
6.66,6.2
6.67,6.2
6.67,6.2
6.73,6.2
6.83,6.2
6.92,6.2
7.03,6.2
7.17,6.2
7.24,6.2
7.27,6.2
7.27,6.2
7.23,6.2
6.28,6.21
6.38,6.21
6.43,6.21
6.47,6.21
6.49,6.21
6.6,6.21
6.67,6.21
6.68,6.21
6.73,6.21
6.69,6.21
6.71,6.21
6.66,6.21
6.67,6.21
6.67,6.21
6.73,6.21
6.83,6.21
6.92,6.21
7.03,6.21
7.17,6.21
7.24,6.21
7.27,6.21
7.27,6.21
7.23,6.21
7.22,6.21
6.38,6.28
6.43,6.28
6.47,6.28
6.49,6.28
6.6,6.28
6.67,6.28
6.68,6.28
6.73,6.28
6.69,6.28
6.71,6.28
6.66,6.28
6.67,6.28
6.67,6.28
6.73,6.28
6.83,6.28
6.92,6.28
7.03,6.28
7.17,6.28
7.24,6.28
7.27,6.28
7.27,6.28
7.23,6.28
7.22,6.28
7.21,6.28
6.43,6.38
6.47,6.38
6.49,6.38
6.6,6.38
6.67,6.38
6.68,6.38
6.73,6.38
6.69,6.38
6.71,6.38
6.66,6.38
6.67,6.38
6.67,6.38
6.73,6.38
6.83,6.38
6.92,6.38
7.03,6.38
7.17,6.38
7.24,6.38
7.27,6.38
7.27,6.38
7.23,6.38
7.22,6.38
7.21,6.38
7.22,6.38
6.47,6.43
6.49,6.43
6.6,6.43
6.67,6.43
6.68,6.43
6.73,6.43
6.69,6.43
6.71,6.43
6.66,6.43
6.67,6.43
6.67,6.43
6.73,6.43
6.83,6.43
6.92,6.43
7.03,6.43
7.17,6.43
7.24,6.43
7.27,6.43
7.27,6.43
7.23,6.43
7.22,6.43
7.21,6.43
7.22,6.43
7.27,6.43
6.49,6.47
6.6,6.47
6.67,6.47
6.68,6.47
6.73,6.47
6.69,6.47
6.71,6.47
6.66,6.47
6.67,6.47
6.67,6.47
6.73,6.47
6.83,6.47
6.92,6.47
7.03,6.47
7.17,6.47
7.24,6.47
7.27,6.47
7.27,6.47
7.23,6.47
7.22,6.47
7.21,6.47
7.22,6.47
7.27,6.47
7.27,6.47
6.6,6.49
6.67,6.49
6.68,6.49
6.73,6.49
6.69,6.49
6.71,6.49
6.66,6.49
6.67,6.49
6.67,6.49
6.73,6.49
6.83,6.49
6.92,6.49
7.03,6.49
7.17,6.49
7.24,6.49
7.27,6.49
7.27,6.49
7.23,6.49
7.22,6.49
7.21,6.49
7.22,6.49
7.27,6.49
7.27,6.49
7.33,6.49
6.67,6.6
6.68,6.6
6.73,6.6
6.69,6.6
6.71,6.6
6.66,6.6
6.67,6.6
6.67,6.6
6.73,6.6
6.83,6.6
6.92,6.6
7.03,6.6
7.17,6.6
7.24,6.6
7.27,6.6
7.27,6.6
7.23,6.6
7.22,6.6
7.21,6.6
7.22,6.6
7.27,6.6
7.27,6.6
7.33,6.6
7.34,6.6
6.68,6.67
6.73,6.67
6.69,6.67
6.71,6.67
6.66,6.67
6.67,6.67
6.67,6.67
6.73,6.67
6.83,6.67
6.92,6.67
7.03,6.67
7.17,6.67
7.24,6.67
7.27,6.67
7.27,6.67
7.23,6.67
7.22,6.67
7.21,6.67
7.22,6.67
7.27,6.67
7.27,6.67
7.33,6.67
7.34,6.67
7.24,6.67
6.73,6.68
6.69,6.68
6.71,6.68
6.66,6.68
6.67,6.68
6.67,6.68
6.73,6.68
6.83,6.68
6.92,6.68
7.03,6.68
7.17,6.68
7.24,6.68
7.27,6.68
7.27,6.68
7.23,6.68
7.22,6.68
7.21,6.68
7.22,6.68
7.27,6.68
7.27,6.68
7.33,6.68
7.34,6.68
7.24,6.68
7.28,6.68
6.69,6.73
6.71,6.73
6.66,6.73
6.67,6.73
6.67,6.73
6.73,6.73
6.83,6.73
6.92,6.73
7.03,6.73
7.17,6.73
7.24,6.73
7.27,6.73
7.27,6.73
7.23,6.73
7.22,6.73
7.21,6.73
7.22,6.73
7.27,6.73
7.27,6.73
7.33,6.73
7.34,6.73
7.24,6.73
7.28,6.73
7.48,6.73
6.71,6.69
6.66,6.69
6.67,6.69
6.67,6.69
6.73,6.69
6.83,6.69
6.92,6.69
7.03,6.69
7.17,6.69
7.24,6.69
7.27,6.69
7.27,6.69
7.23,6.69
7.22,6.69
7.21,6.69
7.22,6.69
7.27,6.69
7.27,6.69
7.33,6.69
7.34,6.69
7.24,6.69
7.28,6.69
7.48,6.69
7.63,6.69
6.66,6.71
6.67,6.71
6.67,6.71
6.73,6.71
6.83,6.71
6.92,6.71
7.03,6.71
7.17,6.71
7.24,6.71
7.27,6.71
7.27,6.71
7.23,6.71
7.22,6.71
7.21,6.71
7.22,6.71
7.27,6.71
7.27,6.71
7.33,6.71
7.34,6.71
7.24,6.71
7.28,6.71
7.48,6.71
7.63,6.71
7.62,6.71
6.67,6.66
6.67,6.66
6.73,6.66
6.83,6.66
6.92,6.66
7.03,6.66
7.17,6.66
7.24,6.66
7.27,6.66
7.27,6.66
7.23,6.66
7.22,6.66
7.21,6.66
7.22,6.66
7.27,6.66
7.27,6.66
7.33,6.66
7.34,6.66
7.24,6.66
7.28,6.66
7.48,6.66
7.63,6.66
7.62,6.66
7.62,6.66
6.67,6.67
6.73,6.67
6.83,6.67
6.92,6.67
7.03,6.67
7.17,6.67
7.24,6.67
7.27,6.67
7.27,6.67
7.23,6.67
7.22,6.67
7.21,6.67
7.22,6.67
7.27,6.67
7.27,6.67
7.33,6.67
7.34,6.67
7.24,6.67
7.28,6.67
7.48,6.67
7.63,6.67
7.62,6.67
7.62,6.67
7.64,6.67
6.73,6.67
6.83,6.67
6.92,6.67
7.03,6.67
7.17,6.67
7.24,6.67
7.27,6.67
7.27,6.67
7.23,6.67
7.22,6.67
7.21,6.67
7.22,6.67
7.27,6.67
7.27,6.67
7.33,6.67
7.34,6.67
7.24,6.67
7.28,6.67
7.48,6.67
7.63,6.67
7.62,6.67
7.62,6.67
7.64,6.67
7.67,6.67
6.83,6.73
6.92,6.73
7.03,6.73
7.17,6.73
7.24,6.73
7.27,6.73
7.27,6.73
7.23,6.73
7.22,6.73
7.21,6.73
7.22,6.73
7.27,6.73
7.27,6.73
7.33,6.73
7.34,6.73
7.24,6.73
7.28,6.73
7.48,6.73
7.63,6.73
7.62,6.73
7.62,6.73
7.64,6.73
7.67,6.73
7.74,6.73
6.92,6.83
7.03,6.83
7.17,6.83
7.24,6.83
7.27,6.83
7.27,6.83
7.23,6.83
7.22,6.83
7.21,6.83
7.22,6.83
7.27,6.83
7.27,6.83
7.33,6.83
7.34,6.83
7.24,6.83
7.28,6.83
7.48,6.83
7.63,6.83
7.62,6.83
7.62,6.83
7.64,6.83
7.67,6.83
7.74,6.83
7.89,6.83
7.03,6.92
7.17,6.92
7.24,6.92
7.27,6.92
7.27,6.92
7.23,6.92
7.22,6.92
7.21,6.92
7.22,6.92
7.27,6.92
7.27,6.92
7.33,6.92
7.34,6.92
7.24,6.92
7.28,6.92
7.48,6.92
7.63,6.92
7.62,6.92
7.62,6.92
7.64,6.92
7.67,6.92
7.74,6.92
7.89,6.92
7.96,6.92
7.17,7.03
7.24,7.03
7.27,7.03
7.27,7.03
7.23,7.03
7.22,7.03
7.21,7.03
7.22,7.03
7.27,7.03
7.27,7.03
7.33,7.03
7.34,7.03
7.24,7.03
7.28,7.03
7.48,7.03
7.63,7.03
7.62,7.03
7.62,7.03
7.64,7.03
7.67,7.03
7.74,7.03
7.89,7.03
7.96,7.03
8.14,7.03
7.24,7.17
7.27,7.17
7.27,7.17
7.23,7.17
7.22,7.17
7.21,7.17
7.22,7.17
7.27,7.17
7.27,7.17
7.33,7.17
7.34,7.17
7.24,7.17
7.28,7.17
7.48,7.17
7.63,7.17
7.62,7.17
7.62,7.17
7.64,7.17
7.67,7.17
7.74,7.17
7.89,7.17
7.96,7.17
8.14,7.17
8.38,7.17
7.27,7.24
7.27,7.24
7.23,7.24
7.22,7.24
7.21,7.24
7.22,7.24
7.27,7.24
7.27,7.24
7.33,7.24
7.34,7.24
7.24,7.24
7.28,7.24
7.48,7.24
7.63,7.24
7.62,7.24
7.62,7.24
7.64,7.24
7.67,7.24
7.74,7.24
7.89,7.24
7.96,7.24
8.14,7.24
8.38,7.24
8.52,7.24
7.27,7.27
7.23,7.27
7.22,7.27
7.21,7.27
7.22,7.27
7.27,7.27
7.27,7.27
7.33,7.27
7.34,7.27
7.24,7.27
7.28,7.27
7.48,7.27
7.63,7.27
7.62,7.27
7.62,7.27
7.64,7.27
7.67,7.27
7.74,7.27
7.89,7.27
7.96,7.27
8.14,7.27
8.38,7.27
8.52,7.27
8.56,7.27
7.23,7.27
7.22,7.27
7.21,7.27
7.22,7.27
7.27,7.27
7.27,7.27
7.33,7.27
7.34,7.27
7.24,7.27
7.28,7.27
7.48,7.27
7.63,7.27
7.62,7.27
7.62,7.27
7.64,7.27
7.67,7.27
7.74,7.27
7.89,7.27
7.96,7.27
8.14,7.27
8.38,7.27
8.52,7.27
8.56,7.27
8.58,7.27
7.22,7.23
7.21,7.23
7.22,7.23
7.27,7.23
7.27,7.23
7.33,7.23
7.34,7.23
7.24,7.23
7.28,7.23
7.48,7.23
7.63,7.23
7.62,7.23
7.62,7.23
7.64,7.23
7.67,7.23
7.74,7.23
7.89,7.23
7.96,7.23
8.14,7.23
8.38,7.23
8.52,7.23
8.56,7.23
8.58,7.23
8.48,7.23
7.21,7.22
7.22,7.22
7.27,7.22
7.27,7.22
7.33,7.22
7.34,7.22
7.24,7.22
7.28,7.22
7.48,7.22
7.63,7.22
7.62,7.22
7.62,7.22
7.64,7.22
7.67,7.22
7.74,7.22
7.89,7.22
7.96,7.22
8.14,7.22
8.38,7.22
8.52,7.22
8.56,7.22
8.58,7.22
8.48,7.22
8.4,7.22
7.22,7.21
7.27,7.21
7.27,7.21
7.33,7.21
7.34,7.21
7.24,7.21
7.28,7.21
7.48,7.21
7.63,7.21
7.62,7.21
7.62,7.21
7.64,7.21
7.67,7.21
7.74,7.21
7.89,7.21
7.96,7.21
8.14,7.21
8.38,7.21
8.52,7.21
8.56,7.21
8.58,7.21
8.48,7.21
8.4,7.21
8.43,7.21
7.27,7.22
7.27,7.22
7.33,7.22
7.34,7.22
7.24,7.22
7.28,7.22
7.48,7.22
7.63,7.22
7.62,7.22
7.62,7.22
7.64,7.22
7.67,7.22
7.74,7.22
7.89,7.22
7.96,7.22
8.14,7.22
8.38,7.22
8.52,7.22
8.56,7.22
8.58,7.22
8.48,7.22
8.4,7.22
8.43,7.22
8.6,7.22
7.27,7.27
7.33,7.27
7.34,7.27
7.24,7.27
7.28,7.27
7.48,7.27
7.63,7.27
7.62,7.27
7.62,7.27
7.64,7.27
7.67,7.27
7.74,7.27
7.89,7.27
7.96,7.27
8.14,7.27
8.38,7.27
8.52,7.27
8.56,7.27
8.58,7.27
8.48,7.27
8.4,7.27
8.43,7.27
8.6,7.27
8.79,7.27
7.33,7.27
7.34,7.27
7.24,7.27
7.28,7.27
7.48,7.27
7.63,7.27
7.62,7.27
7.62,7.27
7.64,7.27
7.67,7.27
7.74,7.27
7.89,7.27
7.96,7.27
8.14,7.27
8.38,7.27
8.52,7.27
8.56,7.27
8.58,7.27
8.48,7.27
8.4,7.27
8.43,7.27
8.6,7.27
8.79,7.27
8.92,7.27
7.34,7.33
7.24,7.33
7.28,7.33
7.48,7.33
7.63,7.33
7.62,7.33
7.62,7.33
7.64,7.33
7.67,7.33
7.74,7.33
7.89,7.33
7.96,7.33
8.14,7.33
8.38,7.33
8.52,7.33
8.56,7.33
8.58,7.33
8.48,7.33
8.4,7.33
8.43,7.33
8.6,7.33
8.79,7.33
8.92,7.33
8.94,7.33
7.24,7.34
7.28,7.34
7.48,7.34
7.63,7.34
7.62,7.34
7.62,7.34
7.64,7.34
7.67,7.34
7.74,7.34
7.89,7.34
7.96,7.34
8.14,7.34
8.38,7.34
8.52,7.34
8.56,7.34
8.58,7.34
8.48,7.34
8.4,7.34
8.43,7.34
8.6,7.34
8.79,7.34
8.92,7.34
8.94,7.34
8.92,7.34
7.28,7.24
7.48,7.24
7.63,7.24
7.62,7.24
7.62,7.24
7.64,7.24
7.67,7.24
7.74,7.24
7.89,7.24
7.96,7.24
8.14,7.24
8.38,7.24
8.52,7.24
8.56,7.24
8.58,7.24
8.48,7.24
8.4,7.24
8.43,7.24
8.6,7.24
8.79,7.24
8.92,7.24
8.94,7.24
8.92,7.24
8.86,7.24
7.48,7.28
7.63,7.28
7.62,7.28
7.62,7.28
7.64,7.28
7.67,7.28
7.74,7.28
7.89,7.28
7.96,7.28
8.14,7.28
8.38,7.28
8.52,7.28
8.56,7.28
8.58,7.28
8.48,7.28
8.4,7.28
8.43,7.28
8.6,7.28
8.79,7.28
8.92,7.28
8.94,7.28
8.92,7.28
8.86,7.28
8.83,7.28
7.63,7.48
7.62,7.48
7.62,7.48
7.64,7.48
7.67,7.48
7.74,7.48
7.89,7.48
7.96,7.48
8.14,7.48
8.38,7.48
8.52,7.48
8.56,7.48
8.58,7.48
8.48,7.48
8.4,7.48
8.43,7.48
8.6,7.48
8.79,7.48
8.92,7.48
8.94,7.48
8.92,7.48
8.86,7.48
8.83,7.48
8.84,7.48
7.62,7.63
7.62,7.63
7.64,7.63
7.67,7.63
7.74,7.63
7.89,7.63
7.96,7.63
8.14,7.63
8.38,7.63
8.52,7.63
8.56,7.63
8.58,7.63
8.48,7.63
8.4,7.63
8.43,7.63
8.6,7.63
8.79,7.63
8.92,7.63
8.94,7.63
8.92,7.63
8.86,7.63
8.83,7.63
8.84,7.63
8.8,7.63
7.62,7.62
7.64,7.62
7.67,7.62
7.74,7.62
7.89,7.62
7.96,7.62
8.14,7.62
8.38,7.62
8.52,7.62
8.56,7.62
8.58,7.62
8.48,7.62
8.4,7.62
8.43,7.62
8.6,7.62
8.79,7.62
8.92,7.62
8.94,7.62
8.92,7.62
8.86,7.62
8.83,7.62
8.84,7.62
8.8,7.62
8.78,7.62
7.64,7.62
7.67,7.62
7.74,7.62
7.89,7.62
7.96,7.62
8.14,7.62
8.38,7.62
8.52,7.62
8.56,7.62
8.58,7.62
8.48,7.62
8.4,7.62
8.43,7.62
8.6,7.62
8.79,7.62
8.92,7.62
8.94,7.62
8.92,7.62
8.86,7.62
8.83,7.62
8.84,7.62
8.8,7.62
8.78,7.62
8.75,7.62
7.67,7.64
7.74,7.64
7.89,7.64
7.96,7.64
8.14,7.64
8.38,7.64
8.52,7.64
8.56,7.64
8.58,7.64
8.48,7.64
8.4,7.64
8.43,7.64
8.6,7.64
8.79,7.64
8.92,7.64
8.94,7.64
8.92,7.64
8.86,7.64
8.83,7.64
8.84,7.64
8.8,7.64
8.78,7.64
8.75,7.64
8.67,7.64
7.74,7.67
7.89,7.67
7.96,7.67
8.14,7.67
8.38,7.67
8.52,7.67
8.56,7.67
8.58,7.67
8.48,7.67
8.4,7.67
8.43,7.67
8.6,7.67
8.79,7.67
8.92,7.67
8.94,7.67
8.92,7.67
8.86,7.67
8.83,7.67
8.84,7.67
8.8,7.67
8.78,7.67
8.75,7.67
8.67,7.67
8.66,7.67
7.89,7.74
7.96,7.74
8.14,7.74
8.38,7.74
8.52,7.74
8.56,7.74
8.58,7.74
8.48,7.74
8.4,7.74
8.43,7.74
8.6,7.74
8.79,7.74
8.92,7.74
8.94,7.74
8.92,7.74
8.86,7.74
8.83,7.74
8.84,7.74
8.8,7.74
8.78,7.74
8.75,7.74
8.67,7.74
8.66,7.74
8.66,7.74
7.96,7.89
8.14,7.89
8.38,7.89
8.52,7.89
8.56,7.89
8.58,7.89
8.48,7.89
8.4,7.89
8.43,7.89
8.6,7.89
8.79,7.89
8.92,7.89
8.94,7.89
8.92,7.89
8.86,7.89
8.83,7.89
8.84,7.89
8.8,7.89
8.78,7.89
8.75,7.89
8.67,7.89
8.66,7.89
8.66,7.89
8.66,7.89
8.14,7.96
8.38,7.96
8.52,7.96
8.56,7.96
8.58,7.96
8.48,7.96
8.4,7.96
8.43,7.96
8.6,7.96
8.79,7.96
8.92,7.96
8.94,7.96
8.92,7.96
8.86,7.96
8.83,7.96
8.84,7.96
8.8,7.96
8.78,7.96
8.75,7.96
8.67,7.96
8.66,7.96
8.66,7.96
8.66,7.96
8.66,7.96
8.38,8.14
8.52,8.14
8.56,8.14
8.58,8.14
8.48,8.14
8.4,8.14
8.43,8.14
8.6,8.14
8.79,8.14
8.92,8.14
8.94,8.14
8.92,8.14
8.86,8.14
8.83,8.14
8.84,8.14
8.8,8.14
8.78,8.14
8.75,8.14
8.67,8.14
8.66,8.14
8.66,8.14
8.66,8.14
8.66,8.14
8.66,8.14
8.52,8.38
8.56,8.38
8.58,8.38
8.48,8.38
8.4,8.38
8.43,8.38
8.6,8.38
8.79,8.38
8.92,8.38
8.94,8.38
8.92,8.38
8.86,8.38
8.83,8.38
8.84,8.38
8.8,8.38
8.78,8.38
8.75,8.38
8.67,8.38
8.66,8.38
8.66,8.38
8.66,8.38
8.66,8.38
8.66,8.38
8.71,8.38
8.56,8.52
8.58,8.52
8.48,8.52
8.4,8.52
8.43,8.52
8.6,8.52
8.79,8.52
8.92,8.52
8.94,8.52
8.92,8.52
8.86,8.52
8.83,8.52
8.84,8.52
8.8,8.52
8.78,8.52
8.75,8.52
8.67,8.52
8.66,8.52
8.66,8.52
8.66,8.52
8.66,8.52
8.66,8.52
8.71,8.52
8.75,8.52
8.58,8.56
8.48,8.56
8.4,8.56
8.43,8.56
8.6,8.56
8.79,8.56
8.92,8.56
8.94,8.56
8.92,8.56
8.86,8.56
8.83,8.56
8.84,8.56
8.8,8.56
8.78,8.56
8.75,8.56
8.67,8.56
8.66,8.56
8.66,8.56
8.66,8.56
8.66,8.56
8.66,8.56
8.71,8.56
8.75,8.56
8.79,8.56
8.48,8.58
8.4,8.58
8.43,8.58
8.6,8.58
8.79,8.58
8.92,8.58
8.94,8.58
8.92,8.58
8.86,8.58
8.83,8.58
8.84,8.58
8.8,8.58
8.78,8.58
8.75,8.58
8.67,8.58
8.66,8.58
8.66,8.58
8.66,8.58
8.66,8.58
8.66,8.58
8.71,8.58
8.75,8.58
8.79,8.58
8.85,8.58
8.4,8.48
8.43,8.48
8.6,8.48
8.79,8.48
8.92,8.48
8.94,8.48
8.92,8.48
8.86,8.48
8.83,8.48
8.84,8.48
8.8,8.48
8.78,8.48
8.75,8.48
8.67,8.48
8.66,8.48
8.66,8.48
8.66,8.48
8.66,8.48
8.66,8.48
8.71,8.48
8.75,8.48
8.79,8.48
8.85,8.48
8.86,8.48
8.43,8.4
8.6,8.4
8.79,8.4
8.92,8.4
8.94,8.4
8.92,8.4
8.86,8.4
8.83,8.4
8.84,8.4
8.8,8.4
8.78,8.4
8.75,8.4
8.67,8.4
8.66,8.4
8.66,8.4
8.66,8.4
8.66,8.4
8.66,8.4
8.71,8.4
8.75,8.4
8.79,8.4
8.85,8.4
8.86,8.4
8.93,8.4
8.6,8.43
8.79,8.43
8.92,8.43
8.94,8.43
8.92,8.43
8.86,8.43
8.83,8.43
8.84,8.43
8.8,8.43
8.78,8.43
8.75,8.43
8.67,8.43
8.66,8.43
8.66,8.43
8.66,8.43
8.66,8.43
8.66,8.43
8.71,8.43
8.75,8.43
8.79,8.43
8.85,8.43
8.86,8.43
8.93,8.43
8.99,8.43
8.79,8.6
8.92,8.6
8.94,8.6
8.92,8.6
8.86,8.6
8.83,8.6
8.84,8.6
8.8,8.6
8.78,8.6
8.75,8.6
8.67,8.6
8.66,8.6
8.66,8.6
8.66,8.6
8.66,8.6
8.66,8.6
8.71,8.6
8.75,8.6
8.79,8.6
8.85,8.6
8.86,8.6
8.93,8.6
8.99,8.6
9.04,8.6
8.92,8.79
8.94,8.79
8.92,8.79
8.86,8.79
8.83,8.79
8.84,8.79
8.8,8.79
8.78,8.79
8.75,8.79
8.67,8.79
8.66,8.79
8.66,8.79
8.66,8.79
8.66,8.79
8.66,8.79
8.71,8.79
8.75,8.79
8.79,8.79
8.85,8.79
8.86,8.79
8.93,8.79
8.99,8.79
9.04,8.79
9.12,8.79
8.94,8.92
8.92,8.92
8.86,8.92
8.83,8.92
8.84,8.92
8.8,8.92
8.78,8.92
8.75,8.92
8.67,8.92
8.66,8.92
8.66,8.92
8.66,8.92
8.66,8.92
8.66,8.92
8.71,8.92
8.75,8.92
8.79,8.92
8.85,8.92
8.86,8.92
8.93,8.92
8.99,8.92
9.04,8.92
9.12,8.92
9.13,8.92
8.92,8.94
8.86,8.94
8.83,8.94
8.84,8.94
8.8,8.94
8.78,8.94
8.75,8.94
8.67,8.94
8.66,8.94
8.66,8.94
8.66,8.94
8.66,8.94
8.66,8.94
8.71,8.94
8.75,8.94
8.79,8.94
8.85,8.94
8.86,8.94
8.93,8.94
8.99,8.94
9.04,8.94
9.12,8.94
9.13,8.94
9.1,8.94
8.86,8.92
8.83,8.92
8.84,8.92
8.8,8.92
8.78,8.92
8.75,8.92
8.67,8.92
8.66,8.92
8.66,8.92
8.66,8.92
8.66,8.92
8.66,8.92
8.71,8.92
8.75,8.92
8.79,8.92
8.85,8.92
8.86,8.92
8.93,8.92
8.99,8.92
9.04,8.92
9.12,8.92
9.13,8.92
9.1,8.92
9.04,8.92
8.83,8.86
8.84,8.86
8.8,8.86
8.78,8.86
8.75,8.86
8.67,8.86
8.66,8.86
8.66,8.86
8.66,8.86
8.66,8.86
8.66,8.86
8.71,8.86
8.75,8.86
8.79,8.86
8.85,8.86
8.86,8.86
8.93,8.86
8.99,8.86
9.04,8.86
9.12,8.86
9.13,8.86
9.1,8.86
9.04,8.86
9.0,8.86
8.84,8.83
8.8,8.83
8.78,8.83
8.75,8.83
8.67,8.83
8.66,8.83
8.66,8.83
8.66,8.83
8.66,8.83
8.66,8.83
8.71,8.83
8.75,8.83
8.79,8.83
8.85,8.83
8.86,8.83
8.93,8.83
8.99,8.83
9.04,8.83
9.12,8.83
9.13,8.83
9.1,8.83
9.04,8.83
9.0,8.83
9.0,8.83
8.8,8.84
8.78,8.84
8.75,8.84
8.67,8.84
8.66,8.84
8.66,8.84
8.66,8.84
8.66,8.84
8.66,8.84
8.71,8.84
8.75,8.84
8.79,8.84
8.85,8.84
8.86,8.84
8.93,8.84
8.99,8.84
9.04,8.84
9.12,8.84
9.13,8.84
9.1,8.84
9.04,8.84
9.0,8.84
9.0,8.84
9.0,8.84
8.78,8.8
8.75,8.8
8.67,8.8
8.66,8.8
8.66,8.8
8.66,8.8
8.66,8.8
8.66,8.8
8.71,8.8
8.75,8.8
8.79,8.8
8.85,8.8
8.86,8.8
8.93,8.8
8.99,8.8
9.04,8.8
9.12,8.8
9.13,8.8
9.1,8.8
9.04,8.8
9.0,8.8
9.0,8.8
9.0,8.8
9.06,8.8
8.75,8.78
8.67,8.78
8.66,8.78
8.66,8.78
8.66,8.78
8.66,8.78
8.66,8.78
8.71,8.78
8.75,8.78
8.79,8.78
8.85,8.78
8.86,8.78
8.93,8.78
8.99,8.78
9.04,8.78
9.12,8.78
9.13,8.78
9.1,8.78
9.04,8.78
9.0,8.78
9.0,8.78
9.0,8.78
9.06,8.78
9.11,8.78
8.67,8.75
8.66,8.75
8.66,8.75
8.66,8.75
8.66,8.75
8.66,8.75
8.71,8.75
8.75,8.75
8.79,8.75
8.85,8.75
8.86,8.75
8.93,8.75
8.99,8.75
9.04,8.75
9.12,8.75
9.13,8.75
9.1,8.75
9.04,8.75
9.0,8.75
9.0,8.75
9.0,8.75
9.06,8.75
9.11,8.75
9.13,8.75
8.66,8.67
8.66,8.67
8.66,8.67
8.66,8.67
8.66,8.67
8.71,8.67
8.75,8.67
8.79,8.67
8.85,8.67
8.86,8.67
8.93,8.67
8.99,8.67
9.04,8.67
9.12,8.67
9.13,8.67
9.1,8.67
9.04,8.67
9.0,8.67
9.0,8.67
9.0,8.67
9.06,8.67
9.11,8.67
9.13,8.67
9.13,8.67
8.66,8.66
8.66,8.66
8.66,8.66
8.66,8.66
8.71,8.66
8.75,8.66
8.79,8.66
8.85,8.66
8.86,8.66
8.93,8.66
8.99,8.66
9.04,8.66
9.12,8.66
9.13,8.66
9.1,8.66
9.04,8.66
9.0,8.66
9.0,8.66
9.0,8.66
9.06,8.66
9.11,8.66
9.13,8.66
9.13,8.66
9.2,8.66
8.66,8.66
8.66,8.66
8.66,8.66
8.71,8.66
8.75,8.66
8.79,8.66
8.85,8.66
8.86,8.66
8.93,8.66
8.99,8.66
9.04,8.66
9.12,8.66
9.13,8.66
9.1,8.66
9.04,8.66
9.0,8.66
9.0,8.66
9.0,8.66
9.06,8.66
9.11,8.66
9.13,8.66
9.13,8.66
9.2,8.66
9.3,8.66
8.66,8.66
8.66,8.66
8.71,8.66
8.75,8.66
8.79,8.66
8.85,8.66
8.86,8.66
8.93,8.66
8.99,8.66
9.04,8.66
9.12,8.66
9.13,8.66
9.1,8.66
9.04,8.66
9.0,8.66
9.0,8.66
9.0,8.66
9.06,8.66
9.11,8.66
9.13,8.66
9.13,8.66
9.2,8.66
9.3,8.66
9.37,8.66
8.66,8.66
8.71,8.66
8.75,8.66
8.79,8.66
8.85,8.66
8.86,8.66
8.93,8.66
8.99,8.66
9.04,8.66
9.12,8.66
9.13,8.66
9.1,8.66
9.04,8.66
9.0,8.66
9.0,8.66
9.0,8.66
9.06,8.66
9.11,8.66
9.13,8.66
9.13,8.66
9.2,8.66
9.3,8.66
9.37,8.66
9.4,8.66
8.71,8.66
8.75,8.66
8.79,8.66
8.85,8.66
8.86,8.66
8.93,8.66
8.99,8.66
9.04,8.66
9.12,8.66
9.13,8.66
9.1,8.66
9.04,8.66
9.0,8.66
9.0,8.66
9.0,8.66
9.06,8.66
9.11,8.66
9.13,8.66
9.13,8.66
9.2,8.66
9.3,8.66
9.37,8.66
9.4,8.66
9.4,8.66
8.75,8.71
8.79,8.71
8.85,8.71
8.86,8.71
8.93,8.71
8.99,8.71
9.04,8.71
9.12,8.71
9.13,8.71
9.1,8.71
9.04,8.71
9.0,8.71
9.0,8.71
9.0,8.71
9.06,8.71
9.11,8.71
9.13,8.71
9.13,8.71
9.2,8.71
9.3,8.71
9.37,8.71
9.4,8.71
9.4,8.71
9.4,8.71
8.79,8.75
8.85,8.75
8.86,8.75
8.93,8.75
8.99,8.75
9.04,8.75
9.12,8.75
9.13,8.75
9.1,8.75
9.04,8.75
9.0,8.75
9.0,8.75
9.0,8.75
9.06,8.75
9.11,8.75
9.13,8.75
9.13,8.75
9.2,8.75
9.3,8.75
9.37,8.75
9.4,8.75
9.4,8.75
9.4,8.75
9.34,8.75
8.85,8.79
8.86,8.79
8.93,8.79
8.99,8.79
9.04,8.79
9.12,8.79
9.13,8.79
9.1,8.79
9.04,8.79
9.0,8.79
9.0,8.79
9.0,8.79
9.06,8.79
9.11,8.79
9.13,8.79
9.13,8.79
9.2,8.79
9.3,8.79
9.37,8.79
9.4,8.79
9.4,8.79
9.4,8.79
9.34,8.79
9.31,8.79
8.86,8.85
8.93,8.85
8.99,8.85
9.04,8.85
9.12,8.85
9.13,8.85
9.1,8.85
9.04,8.85
9.0,8.85
9.0,8.85
9.0,8.85
9.06,8.85
9.11,8.85
9.13,8.85
9.13,8.85
9.2,8.85
9.3,8.85
9.37,8.85
9.4,8.85
9.4,8.85
9.4,8.85
9.34,8.85
9.31,8.85
9.25,8.85
8.93,8.86
8.99,8.86
9.04,8.86
9.12,8.86
9.13,8.86
9.1,8.86
9.04,8.86
9.0,8.86
9.0,8.86
9.0,8.86
9.06,8.86
9.11,8.86
9.13,8.86
9.13,8.86
9.2,8.86
9.3,8.86
9.37,8.86
9.4,8.86
9.4,8.86
9.4,8.86
9.34,8.86
9.31,8.86
9.25,8.86
9.17,8.86
8.99,8.93
9.04,8.93
9.12,8.93
9.13,8.93
9.1,8.93
9.04,8.93
9.0,8.93
9.0,8.93
9.0,8.93
9.06,8.93
9.11,8.93
9.13,8.93
9.13,8.93
9.2,8.93
9.3,8.93
9.37,8.93
9.4,8.93
9.4,8.93
9.4,8.93
9.34,8.93
9.31,8.93
9.25,8.93
9.17,8.93
9.14,8.93
9.04,8.99
9.12,8.99
9.13,8.99
9.1,8.99
9.04,8.99
9.0,8.99
9.0,8.99
9.0,8.99
9.06,8.99
9.11,8.99
9.13,8.99
9.13,8.99
9.2,8.99
9.3,8.99
9.37,8.99
9.4,8.99
9.4,8.99
9.4,8.99
9.34,8.99
9.31,8.99
9.25,8.99
9.17,8.99
9.14,8.99
9.16,8.99
9.12,9.04
9.13,9.04
9.1,9.04
9.04,9.04
9.0,9.04
9.0,9.04
9.0,9.04
9.06,9.04
9.11,9.04
9.13,9.04
9.13,9.04
9.2,9.04
9.3,9.04
9.37,9.04
9.4,9.04
9.4,9.04
9.4,9.04
9.34,9.04
9.31,9.04
9.25,9.04
9.17,9.04
9.14,9.04
9.16,9.04
9.13,9.04
9.13,9.12
9.1,9.12
9.04,9.12
9.0,9.12
9.0,9.12
9.0,9.12
9.06,9.12
9.11,9.12
9.13,9.12
9.13,9.12
9.2,9.12
9.3,9.12
9.37,9.12
9.4,9.12
9.4,9.12
9.4,9.12
9.34,9.12
9.31,9.12
9.25,9.12
9.17,9.12
9.14,9.12
9.16,9.12
9.13,9.12
9.07,9.12
9.1,9.13
9.04,9.13
9.0,9.13
9.0,9.13
9.0,9.13
9.06,9.13
9.11,9.13
9.13,9.13
9.13,9.13
9.2,9.13
9.3,9.13
9.37,9.13
9.4,9.13
9.4,9.13
9.4,9.13
9.34,9.13
9.31,9.13
9.25,9.13
9.17,9.13
9.14,9.13
9.16,9.13
9.13,9.13
9.07,9.13
8.99,9.13
9.04,9.1
9.0,9.1
9.0,9.1
9.0,9.1
9.06,9.1
9.11,9.1
9.13,9.1
9.13,9.1
9.2,9.1
9.3,9.1
9.37,9.1
9.4,9.1
9.4,9.1
9.4,9.1
9.34,9.1
9.31,9.1
9.25,9.1
9.17,9.1
9.14,9.1
9.16,9.1
9.13,9.1
9.07,9.1
8.99,9.1
8.94,9.1
9.0,9.04
9.0,9.04
9.0,9.04
9.06,9.04
9.11,9.04
9.13,9.04
9.13,9.04
9.2,9.04
9.3,9.04
9.37,9.04
9.4,9.04
9.4,9.04
9.4,9.04
9.34,9.04
9.31,9.04
9.25,9.04
9.17,9.04
9.14,9.04
9.16,9.04
9.13,9.04
9.07,9.04
8.99,9.04
8.94,9.04
8.85,9.04
9.0,9.0
9.0,9.0
9.06,9.0
9.11,9.0
9.13,9.0
9.13,9.0
9.2,9.0
9.3,9.0
9.37,9.0
9.4,9.0
9.4,9.0
9.4,9.0
9.34,9.0
9.31,9.0
9.25,9.0
9.17,9.0
9.14,9.0
9.16,9.0
9.13,9.0
9.07,9.0
8.99,9.0
8.94,9.0
8.85,9.0
8.75,9.0
9.0,9.0
9.06,9.0
9.11,9.0
9.13,9.0
9.13,9.0
9.2,9.0
9.3,9.0
9.37,9.0
9.4,9.0
9.4,9.0
9.4,9.0
9.34,9.0
9.31,9.0
9.25,9.0
9.17,9.0
9.14,9.0
9.16,9.0
9.13,9.0
9.07,9.0
8.99,9.0
8.94,9.0
8.85,9.0
8.75,9.0
8.67,9.0
9.06,9.0
9.11,9.0
9.13,9.0
9.13,9.0
9.2,9.0
9.3,9.0
9.37,9.0
9.4,9.0
9.4,9.0
9.4,9.0
9.34,9.0
9.31,9.0
9.25,9.0
9.17,9.0
9.14,9.0
9.16,9.0
9.13,9.0
9.07,9.0
8.99,9.0
8.94,9.0
8.85,9.0
8.75,9.0
8.67,9.0
8.66,9.0
9.11,9.06
9.13,9.06
9.13,9.06
9.2,9.06
9.3,9.06
9.37,9.06
9.4,9.06
9.4,9.06
9.4,9.06
9.34,9.06
9.31,9.06
9.25,9.06
9.17,9.06
9.14,9.06
9.16,9.06
9.13,9.06
9.07,9.06
8.99,9.06
8.94,9.06
8.85,9.06
8.75,9.06
8.67,9.06
8.66,9.06
8.67,9.06
9.13,9.11
9.13,9.11
9.2,9.11
9.3,9.11
9.37,9.11
9.4,9.11
9.4,9.11
9.4,9.11
9.34,9.11
9.31,9.11
9.25,9.11
9.17,9.11
9.14,9.11
9.16,9.11
9.13,9.11
9.07,9.11
8.99,9.11
8.94,9.11
8.85,9.11
8.75,9.11
8.67,9.11
8.66,9.11
8.67,9.11
8.74,9.11
9.13,9.13
9.2,9.13
9.3,9.13
9.37,9.13
9.4,9.13
9.4,9.13
9.4,9.13
9.34,9.13
9.31,9.13
9.25,9.13
9.17,9.13
9.14,9.13
9.16,9.13
9.13,9.13
9.07,9.13
8.99,9.13
8.94,9.13
8.85,9.13
8.75,9.13
8.67,9.13
8.66,9.13
8.67,9.13
8.74,9.13
8.81,9.13
9.2,9.13
9.3,9.13
9.37,9.13
9.4,9.13
9.4,9.13
9.4,9.13
9.34,9.13
9.31,9.13
9.25,9.13
9.17,9.13
9.14,9.13
9.16,9.13
9.13,9.13
9.07,9.13
8.99,9.13
8.94,9.13
8.85,9.13
8.75,9.13
8.67,9.13
8.66,9.13
8.67,9.13
8.74,9.13
8.81,9.13
8.88,9.13
9.3,9.2
9.37,9.2
9.4,9.2
9.4,9.2
9.4,9.2
9.34,9.2
9.31,9.2
9.25,9.2
9.17,9.2
9.14,9.2
9.16,9.2
9.13,9.2
9.07,9.2
8.99,9.2
8.94,9.2
8.85,9.2
8.75,9.2
8.67,9.2
8.66,9.2
8.67,9.2
8.74,9.2
8.81,9.2
8.88,9.2
8.95,9.2
9.37,9.3
9.4,9.3
9.4,9.3
9.4,9.3
9.34,9.3
9.31,9.3
9.25,9.3
9.17,9.3
9.14,9.3
9.16,9.3
9.13,9.3
9.07,9.3
8.99,9.3
8.94,9.3
8.85,9.3
8.75,9.3
8.67,9.3
8.66,9.3
8.67,9.3
8.74,9.3
8.81,9.3
8.88,9.3
8.95,9.3
9.0,9.3
9.4,9.37
9.4,9.37
9.4,9.37
9.34,9.37
9.31,9.37
9.25,9.37
9.17,9.37
9.14,9.37
9.16,9.37
9.13,9.37
9.07,9.37
8.99,9.37
8.94,9.37
8.85,9.37
8.75,9.37
8.67,9.37
8.66,9.37
8.67,9.37
8.74,9.37
8.81,9.37
8.88,9.37
8.95,9.37
9.0,9.37
9.0,9.37
9.4,9.4
9.4,9.4
9.34,9.4
9.31,9.4
9.25,9.4
9.17,9.4
9.14,9.4
9.16,9.4
9.13,9.4
9.07,9.4
8.99,9.4
8.94,9.4
8.85,9.4
8.75,9.4
8.67,9.4
8.66,9.4
8.67,9.4
8.74,9.4
8.81,9.4
8.88,9.4
8.95,9.4
9.0,9.4
9.0,9.4
8.93,9.4
9.4,9.4
9.34,9.4
9.31,9.4
9.25,9.4
9.17,9.4
9.14,9.4
9.16,9.4
9.13,9.4
9.07,9.4
8.99,9.4
8.94,9.4
8.85,9.4
8.75,9.4
8.67,9.4
8.66,9.4
8.67,9.4
8.74,9.4
8.81,9.4
8.88,9.4
8.95,9.4
9.0,9.4
9.0,9.4
8.93,9.4
8.92,9.4
9.34,9.4
9.31,9.4
9.25,9.4
9.17,9.4
9.14,9.4
9.16,9.4
9.13,9.4
9.07,9.4
8.99,9.4
8.94,9.4
8.85,9.4
8.75,9.4
8.67,9.4
8.66,9.4
8.67,9.4
8.74,9.4
8.81,9.4
8.88,9.4
8.95,9.4
9.0,9.4
9.0,9.4
8.93,9.4
8.92,9.4
8.86,9.4
9.31,9.34
9.25,9.34
9.17,9.34
9.14,9.34
9.16,9.34
9.13,9.34
9.07,9.34
8.99,9.34
8.94,9.34
8.85,9.34
8.75,9.34
8.67,9.34
8.66,9.34
8.67,9.34
8.74,9.34
8.81,9.34
8.88,9.34
8.95,9.34
9.0,9.34
9.0,9.34
8.93,9.34
8.92,9.34
8.86,9.34
8.86,9.34
9.25,9.31
9.17,9.31
9.14,9.31
9.16,9.31
9.13,9.31
9.07,9.31
8.99,9.31
8.94,9.31
8.85,9.31
8.75,9.31
8.67,9.31
8.66,9.31
8.67,9.31
8.74,9.31
8.81,9.31
8.88,9.31
8.95,9.31
9.0,9.31
9.0,9.31
8.93,9.31
8.92,9.31
8.86,9.31
8.86,9.31
8.88,9.31
9.17,9.25
9.14,9.25
9.16,9.25
9.13,9.25
9.07,9.25
8.99,9.25
8.94,9.25
8.85,9.25
8.75,9.25
8.67,9.25
8.66,9.25
8.67,9.25
8.74,9.25
8.81,9.25
8.88,9.25
8.95,9.25
9.0,9.25
9.0,9.25
8.93,9.25
8.92,9.25
8.86,9.25
8.86,9.25
8.88,9.25
8.92,9.25
9.14,9.17
9.16,9.17
9.13,9.17
9.07,9.17
8.99,9.17
8.94,9.17
8.85,9.17
8.75,9.17
8.67,9.17
8.66,9.17
8.67,9.17
8.74,9.17
8.81,9.17
8.88,9.17
8.95,9.17
9.0,9.17
9.0,9.17
8.93,9.17
8.92,9.17
8.86,9.17
8.86,9.17
8.88,9.17
8.92,9.17
8.9,9.17
9.16,9.14
9.13,9.14
9.07,9.14
8.99,9.14
8.94,9.14
8.85,9.14
8.75,9.14
8.67,9.14
8.66,9.14
8.67,9.14
8.74,9.14
8.81,9.14
8.88,9.14
8.95,9.14
9.0,9.14
9.0,9.14
8.93,9.14
8.92,9.14
8.86,9.14
8.86,9.14
8.88,9.14
8.92,9.14
8.9,9.14
8.93,9.14
9.13,9.16
9.07,9.16
8.99,9.16
8.94,9.16
8.85,9.16
8.75,9.16
8.67,9.16
8.66,9.16
8.67,9.16
8.74,9.16
8.81,9.16
8.88,9.16
8.95,9.16
9.0,9.16
9.0,9.16
8.93,9.16
8.92,9.16
8.86,9.16
8.86,9.16
8.88,9.16
8.92,9.16
8.9,9.16
8.93,9.16
8.95,9.16
9.07,9.13
8.99,9.13
8.94,9.13
8.85,9.13
8.75,9.13
8.67,9.13
8.66,9.13
8.67,9.13
8.74,9.13
8.81,9.13
8.88,9.13
8.95,9.13
9.0,9.13
9.0,9.13
8.93,9.13
8.92,9.13
8.86,9.13
8.86,9.13
8.88,9.13
8.92,9.13
8.9,9.13
8.93,9.13
8.95,9.13
8.97,9.13
8.99,9.07
8.94,9.07
8.85,9.07
8.75,9.07
8.67,9.07
8.66,9.07
8.67,9.07
8.74,9.07
8.81,9.07
8.88,9.07
8.95,9.07
9.0,9.07
9.0,9.07
8.93,9.07
8.92,9.07
8.86,9.07
8.86,9.07
8.88,9.07
8.92,9.07
8.9,9.07
8.93,9.07
8.95,9.07
8.97,9.07
8.99,9.07
8.94,8.99
8.85,8.99
8.75,8.99
8.67,8.99
8.66,8.99
8.67,8.99
8.74,8.99
8.81,8.99
8.88,8.99
8.95,8.99
9.0,8.99
9.0,8.99
8.93,8.99
8.92,8.99
8.86,8.99
8.86,8.99
8.88,8.99
8.92,8.99
8.9,8.99
8.93,8.99
8.95,8.99
8.97,8.99
8.99,8.99
9.0,8.99
8.85,8.94
8.75,8.94
8.67,8.94
8.66,8.94
8.67,8.94
8.74,8.94
8.81,8.94
8.88,8.94
8.95,8.94
9.0,8.94
9.0,8.94
8.93,8.94
8.92,8.94
8.86,8.94
8.86,8.94
8.88,8.94
8.92,8.94
8.9,8.94
8.93,8.94
8.95,8.94
8.97,8.94
8.99,8.94
9.0,8.94
9.01,8.94
8.75,8.85
8.67,8.85
8.66,8.85
8.67,8.85
8.74,8.85
8.81,8.85
8.88,8.85
8.95,8.85
9.0,8.85
9.0,8.85
8.93,8.85
8.92,8.85
8.86,8.85
8.86,8.85
8.88,8.85
8.92,8.85
8.9,8.85
8.93,8.85
8.95,8.85
8.97,8.85
8.99,8.85
9.0,8.85
9.01,8.85
8.96,8.85
8.67,8.75
8.66,8.75
8.67,8.75
8.74,8.75
8.81,8.75
8.88,8.75
8.95,8.75
9.0,8.75
9.0,8.75
8.93,8.75
8.92,8.75
8.86,8.75
8.86,8.75
8.88,8.75
8.92,8.75
8.9,8.75
8.93,8.75
8.95,8.75
8.97,8.75
8.99,8.75
9.0,8.75
9.01,8.75
8.96,8.75
8.96,8.75
8.66,8.67
8.67,8.67
8.74,8.67
8.81,8.67
8.88,8.67
8.95,8.67
9.0,8.67
9.0,8.67
8.93,8.67
8.92,8.67
8.86,8.67
8.86,8.67
8.88,8.67
8.92,8.67
8.9,8.67
8.93,8.67
8.95,8.67
8.97,8.67
8.99,8.67
9.0,8.67
9.01,8.67
8.96,8.67
8.96,8.67
8.96,8.67
8.67,8.66
8.74,8.66
8.81,8.66
8.88,8.66
8.95,8.66
9.0,8.66
9.0,8.66
8.93,8.66
8.92,8.66
8.86,8.66
8.86,8.66
8.88,8.66
8.92,8.66
8.9,8.66
8.93,8.66
8.95,8.66
8.97,8.66
8.99,8.66
9.0,8.66
9.01,8.66
8.96,8.66
8.96,8.66
8.96,8.66
8.93,8.66
8.74,8.67
8.81,8.67
8.88,8.67
8.95,8.67
9.0,8.67
9.0,8.67
8.93,8.67
8.92,8.67
8.86,8.67
8.86,8.67
8.88,8.67
8.92,8.67
8.9,8.67
8.93,8.67
8.95,8.67
8.97,8.67
8.99,8.67
9.0,8.67
9.01,8.67
8.96,8.67
8.96,8.67
8.96,8.67
8.93,8.67
8.98,8.67
8.81,8.74
8.88,8.74
8.95,8.74
9.0,8.74
9.0,8.74
8.93,8.74
8.92,8.74
8.86,8.74
8.86,8.74
8.88,8.74
8.92,8.74
8.9,8.74
8.93,8.74
8.95,8.74
8.97,8.74
8.99,8.74
9.0,8.74
9.01,8.74
8.96,8.74
8.96,8.74
8.96,8.74
8.93,8.74
8.98,8.74
8.98,8.74
8.88,8.81
8.95,8.81
9.0,8.81
9.0,8.81
8.93,8.81
8.92,8.81
8.86,8.81
8.86,8.81
8.88,8.81
8.92,8.81
8.9,8.81
8.93,8.81
8.95,8.81
8.97,8.81
8.99,8.81
9.0,8.81
9.01,8.81
8.96,8.81
8.96,8.81
8.96,8.81
8.93,8.81
8.98,8.81
8.98,8.81
8.93,8.81
8.95,8.88
9.0,8.88
9.0,8.88
8.93,8.88
8.92,8.88
8.86,8.88
8.86,8.88
8.88,8.88
8.92,8.88
8.9,8.88
8.93,8.88
8.95,8.88
8.97,8.88
8.99,8.88
9.0,8.88
9.01,8.88
8.96,8.88
8.96,8.88
8.96,8.88
8.93,8.88
8.98,8.88
8.98,8.88
8.93,8.88
8.94,8.88
9.0,8.95
9.0,8.95
8.93,8.95
8.92,8.95
8.86,8.95
8.86,8.95
8.88,8.95
8.92,8.95
8.9,8.95
8.93,8.95
8.95,8.95
8.97,8.95
8.99,8.95
9.0,8.95
9.01,8.95
8.96,8.95
8.96,8.95
8.96,8.95
8.93,8.95
8.98,8.95
8.98,8.95
8.93,8.95
8.94,8.95
9.0,8.95
9.0,9.0
8.93,9.0
8.92,9.0
8.86,9.0
8.86,9.0
8.88,9.0
8.92,9.0
8.9,9.0
8.93,9.0
8.95,9.0
8.97,9.0
8.99,9.0
9.0,9.0
9.01,9.0
8.96,9.0
8.96,9.0
8.96,9.0
8.93,9.0
8.98,9.0
8.98,9.0
8.93,9.0
8.94,9.0
9.0,9.0
9.0,9.0
8.93,9.0
8.92,9.0
8.86,9.0
8.86,9.0
8.88,9.0
8.92,9.0
8.9,9.0
8.93,9.0
8.95,9.0
8.97,9.0
8.99,9.0
9.0,9.0
9.01,9.0
8.96,9.0
8.96,9.0
8.96,9.0
8.93,9.0
8.98,9.0
8.98,9.0
8.93,9.0
8.94,9.0
9.0,9.0
9.0,9.0
9.0,9.0
8.92,8.93
8.86,8.93
8.86,8.93
8.88,8.93
8.92,8.93
8.9,8.93
8.93,8.93
8.95,8.93
8.97,8.93
8.99,8.93
9.0,8.93
9.01,8.93
8.96,8.93
8.96,8.93
8.96,8.93
8.93,8.93
8.98,8.93
8.98,8.93
8.93,8.93
8.94,8.93
9.0,8.93
9.0,8.93
9.0,8.93
9.03,8.93
8.86,8.92
8.86,8.92
8.88,8.92
8.92,8.92
8.9,8.92
8.93,8.92
8.95,8.92
8.97,8.92
8.99,8.92
9.0,8.92
9.01,8.92
8.96,8.92
8.96,8.92
8.96,8.92
8.93,8.92
8.98,8.92
8.98,8.92
8.93,8.92
8.94,8.92
9.0,8.92
9.0,8.92
9.0,8.92
9.03,8.92
9.02,8.92
8.86,8.86
8.88,8.86
8.92,8.86
8.9,8.86
8.93,8.86
8.95,8.86
8.97,8.86
8.99,8.86
9.0,8.86
9.01,8.86
8.96,8.86
8.96,8.86
8.96,8.86
8.93,8.86
8.98,8.86
8.98,8.86
8.93,8.86
8.94,8.86
9.0,8.86
9.0,8.86
9.0,8.86
9.03,8.86
9.02,8.86
9.09,8.86
8.88,8.86
8.92,8.86
8.9,8.86
8.93,8.86
8.95,8.86
8.97,8.86
8.99,8.86
9.0,8.86
9.01,8.86
8.96,8.86
8.96,8.86
8.96,8.86
8.93,8.86
8.98,8.86
8.98,8.86
8.93,8.86
8.94,8.86
9.0,8.86
9.0,8.86
9.0,8.86
9.03,8.86
9.02,8.86
9.09,8.86
9.08,8.86
8.92,8.88
8.9,8.88
8.93,8.88
8.95,8.88
8.97,8.88
8.99,8.88
9.0,8.88
9.01,8.88
8.96,8.88
8.96,8.88
8.96,8.88
8.93,8.88
8.98,8.88
8.98,8.88
8.93,8.88
8.94,8.88
9.0,8.88
9.0,8.88
9.0,8.88
9.03,8.88
9.02,8.88
9.09,8.88
9.08,8.88
9.07,8.88
8.9,8.92
8.93,8.92
8.95,8.92
8.97,8.92
8.99,8.92
9.0,8.92
9.01,8.92
8.96,8.92
8.96,8.92
8.96,8.92
8.93,8.92
8.98,8.92
8.98,8.92
8.93,8.92
8.94,8.92
9.0,8.92
9.0,8.92
9.0,8.92
9.03,8.92
9.02,8.92
9.09,8.92
9.08,8.92
9.07,8.92
9.13,8.92
8.93,8.9
8.95,8.9
8.97,8.9
8.99,8.9
9.0,8.9
9.01,8.9
8.96,8.9
8.96,8.9
8.96,8.9
8.93,8.9
8.98,8.9
8.98,8.9
8.93,8.9
8.94,8.9
9.0,8.9
9.0,8.9
9.0,8.9
9.03,8.9
9.02,8.9
9.09,8.9
9.08,8.9
9.07,8.9
9.13,8.9
9.11,8.9
8.95,8.93
8.97,8.93
8.99,8.93
9.0,8.93
9.01,8.93
8.96,8.93
8.96,8.93
8.96,8.93
8.93,8.93
8.98,8.93
8.98,8.93
8.93,8.93
8.94,8.93
9.0,8.93
9.0,8.93
9.0,8.93
9.03,8.93
9.02,8.93
9.09,8.93
9.08,8.93
9.07,8.93
9.13,8.93
9.11,8.93
9.07,8.93
8.97,8.95
8.99,8.95
9.0,8.95
9.01,8.95
8.96,8.95
8.96,8.95
8.96,8.95
8.93,8.95
8.98,8.95
8.98,8.95
8.93,8.95
8.94,8.95
9.0,8.95
9.0,8.95
9.0,8.95
9.03,8.95
9.02,8.95
9.09,8.95
9.08,8.95
9.07,8.95
9.13,8.95
9.11,8.95
9.07,8.95
9.07,8.95
8.99,8.97
9.0,8.97
9.01,8.97
8.96,8.97
8.96,8.97
8.96,8.97
8.93,8.97
8.98,8.97
8.98,8.97
8.93,8.97
8.94,8.97
9.0,8.97
9.0,8.97
9.0,8.97
9.03,8.97
9.02,8.97
9.09,8.97
9.08,8.97
9.07,8.97
9.13,8.97
9.11,8.97
9.07,8.97
9.07,8.97
9.03,8.97
9.0,8.99
9.01,8.99
8.96,8.99
8.96,8.99
8.96,8.99
8.93,8.99
8.98,8.99
8.98,8.99
8.93,8.99
8.94,8.99
9.0,8.99
9.0,8.99
9.0,8.99
9.03,8.99
9.02,8.99
9.09,8.99
9.08,8.99
9.07,8.99
9.13,8.99
9.11,8.99
9.07,8.99
9.07,8.99
9.03,8.99
9.0,8.99
9.01,9.0
8.96,9.0
8.96,9.0
8.96,9.0
8.93,9.0
8.98,9.0
8.98,9.0
8.93,9.0
8.94,9.0
9.0,9.0
9.0,9.0
9.0,9.0
9.03,9.0
9.02,9.0
9.09,9.0
9.08,9.0
9.07,9.0
9.13,9.0
9.11,9.0
9.07,9.0
9.07,9.0
9.03,9.0
9.0,9.0
8.99,9.0
8.96,9.01
8.96,9.01
8.96,9.01
8.93,9.01
8.98,9.01
8.98,9.01
8.93,9.01
8.94,9.01
9.0,9.01
9.0,9.01
9.0,9.01
9.03,9.01
9.02,9.01
9.09,9.01
9.08,9.01
9.07,9.01
9.13,9.01
9.11,9.01
9.07,9.01
9.07,9.01
9.03,9.01
9.0,9.01
8.99,9.01
8.91,9.01
8.96,8.96
8.96,8.96
8.93,8.96
8.98,8.96
8.98,8.96
8.93,8.96
8.94,8.96
9.0,8.96
9.0,8.96
9.0,8.96
9.03,8.96
9.02,8.96
9.09,8.96
9.08,8.96
9.07,8.96
9.13,8.96
9.11,8.96
9.07,8.96
9.07,8.96
9.03,8.96
9.0,8.96
8.99,8.96
8.91,8.96
8.93,8.96
8.96,8.96
8.93,8.96
8.98,8.96
8.98,8.96
8.93,8.96
8.94,8.96
9.0,8.96
9.0,8.96
9.0,8.96
9.03,8.96
9.02,8.96
9.09,8.96
9.08,8.96
9.07,8.96
9.13,8.96
9.11,8.96
9.07,8.96
9.07,8.96
9.03,8.96
9.0,8.96
8.99,8.96
8.91,8.96
8.93,8.96
8.93,8.96
8.93,8.96
8.98,8.96
8.98,8.96
8.93,8.96
8.94,8.96
9.0,8.96
9.0,8.96
9.0,8.96
9.03,8.96
9.02,8.96
9.09,8.96
9.08,8.96
9.07,8.96
9.13,8.96
9.11,8.96
9.07,8.96
9.07,8.96
9.03,8.96
9.0,8.96
8.99,8.96
8.91,8.96
8.93,8.96
8.93,8.96
9.0,8.96
8.98,8.93
8.98,8.93
8.93,8.93
8.94,8.93
9.0,8.93
9.0,8.93
9.0,8.93
9.03,8.93
9.02,8.93
9.09,8.93
9.08,8.93
9.07,8.93
9.13,8.93
9.11,8.93
9.07,8.93
9.07,8.93
9.03,8.93
9.0,8.93
8.99,8.93
8.91,8.93
8.93,8.93
8.93,8.93
9.0,8.93
8.98,8.93
8.98,8.98
8.93,8.98
8.94,8.98
9.0,8.98
9.0,8.98
9.0,8.98
9.03,8.98
9.02,8.98
9.09,8.98
9.08,8.98
9.07,8.98
9.13,8.98
9.11,8.98
9.07,8.98
9.07,8.98
9.03,8.98
9.0,8.98
8.99,8.98
8.91,8.98
8.93,8.98
8.93,8.98
9.0,8.98
8.98,8.98
8.88,8.98
8.93,8.98
8.94,8.98
9.0,8.98
9.0,8.98
9.0,8.98
9.03,8.98
9.02,8.98
9.09,8.98
9.08,8.98
9.07,8.98
9.13,8.98
9.11,8.98
9.07,8.98
9.07,8.98
9.03,8.98
9.0,8.98
8.99,8.98
8.91,8.98
8.93,8.98
8.93,8.98
9.0,8.98
8.98,8.98
8.88,8.98
8.8,8.98
8.94,8.93
9.0,8.93
9.0,8.93
9.0,8.93
9.03,8.93
9.02,8.93
9.09,8.93
9.08,8.93
9.07,8.93
9.13,8.93
9.11,8.93
9.07,8.93
9.07,8.93
9.03,8.93
9.0,8.93
8.99,8.93
8.91,8.93
8.93,8.93
8.93,8.93
9.0,8.93
8.98,8.93
8.88,8.93
8.8,8.93
8.73,8.93
9.0,8.94
9.0,8.94
9.0,8.94
9.03,8.94
9.02,8.94
9.09,8.94
9.08,8.94
9.07,8.94
9.13,8.94
9.11,8.94
9.07,8.94
9.07,8.94
9.03,8.94
9.0,8.94
8.99,8.94
8.91,8.94
8.93,8.94
8.93,8.94
9.0,8.94
8.98,8.94
8.88,8.94
8.8,8.94
8.73,8.94
8.71,8.94
9.0,9.0
9.0,9.0
9.03,9.0
9.02,9.0
9.09,9.0
9.08,9.0
9.07,9.0
9.13,9.0
9.11,9.0
9.07,9.0
9.07,9.0
9.03,9.0
9.0,9.0
8.99,9.0
8.91,9.0
8.93,9.0
8.93,9.0
9.0,9.0
8.98,9.0
8.88,9.0
8.8,9.0
8.73,9.0
8.71,9.0
8.68,9.0
9.0,9.0
9.03,9.0
9.02,9.0
9.09,9.0
9.08,9.0
9.07,9.0
9.13,9.0
9.11,9.0
9.07,9.0
9.07,9.0
9.03,9.0
9.0,9.0
8.99,9.0
8.91,9.0
8.93,9.0
8.93,9.0
9.0,9.0
8.98,9.0
8.88,9.0
8.8,9.0
8.73,9.0
8.71,9.0
8.68,9.0
8.67,9.0
9.03,9.0
9.02,9.0
9.09,9.0
9.08,9.0
9.07,9.0
9.13,9.0
9.11,9.0
9.07,9.0
9.07,9.0
9.03,9.0
9.0,9.0
8.99,9.0
8.91,9.0
8.93,9.0
8.93,9.0
9.0,9.0
8.98,9.0
8.88,9.0
8.8,9.0
8.73,9.0
8.71,9.0
8.68,9.0
8.67,9.0
8.61,9.0
9.02,9.03
9.09,9.03
9.08,9.03
9.07,9.03
9.13,9.03
9.11,9.03
9.07,9.03
9.07,9.03
9.03,9.03
9.0,9.03
8.99,9.03
8.91,9.03
8.93,9.03
8.93,9.03
9.0,9.03
8.98,9.03
8.88,9.03
8.8,9.03
8.73,9.03
8.71,9.03
8.68,9.03
8.67,9.03
8.61,9.03
8.53,9.03
9.09,9.02
9.08,9.02
9.07,9.02
9.13,9.02
9.11,9.02
9.07,9.02
9.07,9.02
9.03,9.02
9.0,9.02
8.99,9.02
8.91,9.02
8.93,9.02
8.93,9.02
9.0,9.02
8.98,9.02
8.88,9.02
8.8,9.02
8.73,9.02
8.71,9.02
8.68,9.02
8.67,9.02
8.61,9.02
8.53,9.02
8.48,9.02
9.08,9.09
9.07,9.09
9.13,9.09
9.11,9.09
9.07,9.09
9.07,9.09
9.03,9.09
9.0,9.09
8.99,9.09
8.91,9.09
8.93,9.09
8.93,9.09
9.0,9.09
8.98,9.09
8.88,9.09
8.8,9.09
8.73,9.09
8.71,9.09
8.68,9.09
8.67,9.09
8.61,9.09
8.53,9.09
8.48,9.09
8.44,9.09
9.07,9.08
9.13,9.08
9.11,9.08
9.07,9.08
9.07,9.08
9.03,9.08
9.0,9.08
8.99,9.08
8.91,9.08
8.93,9.08
8.93,9.08
9.0,9.08
8.98,9.08
8.88,9.08
8.8,9.08
8.73,9.08
8.71,9.08
8.68,9.08
8.67,9.08
8.61,9.08
8.53,9.08
8.48,9.08
8.44,9.08
8.42,9.08
9.13,9.07
9.11,9.07
9.07,9.07
9.07,9.07
9.03,9.07
9.0,9.07
8.99,9.07
8.91,9.07
8.93,9.07
8.93,9.07
9.0,9.07
8.98,9.07
8.88,9.07
8.8,9.07
8.73,9.07
8.71,9.07
8.68,9.07
8.67,9.07
8.61,9.07
8.53,9.07
8.48,9.07
8.44,9.07
8.42,9.07
8.44,9.07
9.11,9.13
9.07,9.13
9.07,9.13
9.03,9.13
9.0,9.13
8.99,9.13
8.91,9.13
8.93,9.13
8.93,9.13
9.0,9.13
8.98,9.13
8.88,9.13
8.8,9.13
8.73,9.13
8.71,9.13
8.68,9.13
8.67,9.13
8.61,9.13
8.53,9.13
8.48,9.13
8.44,9.13
8.42,9.13
8.44,9.13
8.47,9.13
9.07,9.11
9.07,9.11
9.03,9.11
9.0,9.11
8.99,9.11
8.91,9.11
8.93,9.11
8.93,9.11
9.0,9.11
8.98,9.11
8.88,9.11
8.8,9.11
8.73,9.11
8.71,9.11
8.68,9.11
8.67,9.11
8.61,9.11
8.53,9.11
8.48,9.11
8.44,9.11
8.42,9.11
8.44,9.11
8.47,9.11
8.48,9.11
9.07,9.07
9.03,9.07
9.0,9.07
8.99,9.07
8.91,9.07
8.93,9.07
8.93,9.07
9.0,9.07
8.98,9.07
8.88,9.07
8.8,9.07
8.73,9.07
8.71,9.07
8.68,9.07
8.67,9.07
8.61,9.07
8.53,9.07
8.48,9.07
8.44,9.07
8.42,9.07
8.44,9.07
8.47,9.07
8.48,9.07
8.53,9.07
9.03,9.07
9.0,9.07
8.99,9.07
8.91,9.07
8.93,9.07
8.93,9.07
9.0,9.07
8.98,9.07
8.88,9.07
8.8,9.07
8.73,9.07
8.71,9.07
8.68,9.07
8.67,9.07
8.61,9.07
8.53,9.07
8.48,9.07
8.44,9.07
8.42,9.07
8.44,9.07
8.47,9.07
8.48,9.07
8.53,9.07
8.59,9.07
9.0,9.03
8.99,9.03
8.91,9.03
8.93,9.03
8.93,9.03
9.0,9.03
8.98,9.03
8.88,9.03
8.8,9.03
8.73,9.03
8.71,9.03
8.68,9.03
8.67,9.03
8.61,9.03
8.53,9.03
8.48,9.03
8.44,9.03
8.42,9.03
8.44,9.03
8.47,9.03
8.48,9.03
8.53,9.03
8.59,9.03
8.66,9.03
8.99,9.0
8.91,9.0
8.93,9.0
8.93,9.0
9.0,9.0
8.98,9.0
8.88,9.0
8.8,9.0
8.73,9.0
8.71,9.0
8.68,9.0
8.67,9.0
8.61,9.0
8.53,9.0
8.48,9.0
8.44,9.0
8.42,9.0
8.44,9.0
8.47,9.0
8.48,9.0
8.53,9.0
8.59,9.0
8.66,9.0
8.71,9.0
8.91,8.99
8.93,8.99
8.93,8.99
9.0,8.99
8.98,8.99
8.88,8.99
8.8,8.99
8.73,8.99
8.71,8.99
8.68,8.99
8.67,8.99
8.61,8.99
8.53,8.99
8.48,8.99
8.44,8.99
8.42,8.99
8.44,8.99
8.47,8.99
8.48,8.99
8.53,8.99
8.59,8.99
8.66,8.99
8.71,8.99
8.82,8.99
8.93,8.91
8.93,8.91
9.0,8.91
8.98,8.91
8.88,8.91
8.8,8.91
8.73,8.91
8.71,8.91
8.68,8.91
8.67,8.91
8.61,8.91
8.53,8.91
8.48,8.91
8.44,8.91
8.42,8.91
8.44,8.91
8.47,8.91
8.48,8.91
8.53,8.91
8.59,8.91
8.66,8.91
8.71,8.91
8.82,8.91
8.91,8.91
8.93,8.93
9.0,8.93
8.98,8.93
8.88,8.93
8.8,8.93
8.73,8.93
8.71,8.93
8.68,8.93
8.67,8.93
8.61,8.93
8.53,8.93
8.48,8.93
8.44,8.93
8.42,8.93
8.44,8.93
8.47,8.93
8.48,8.93
8.53,8.93
8.59,8.93
8.66,8.93
8.71,8.93
8.82,8.93
8.91,8.93
9.01,8.93
9.0,8.93
8.98,8.93
8.88,8.93
8.8,8.93
8.73,8.93
8.71,8.93
8.68,8.93
8.67,8.93
8.61,8.93
8.53,8.93
8.48,8.93
8.44,8.93
8.42,8.93
8.44,8.93
8.47,8.93
8.48,8.93
8.53,8.93
8.59,8.93
8.66,8.93
8.71,8.93
8.82,8.93
8.91,8.93
9.01,8.93
9.11,8.93
8.98,9.0
8.88,9.0
8.8,9.0
8.73,9.0
8.71,9.0
8.68,9.0
8.67,9.0
8.61,9.0
8.53,9.0
8.48,9.0
8.44,9.0
8.42,9.0
8.44,9.0
8.47,9.0
8.48,9.0
8.53,9.0
8.59,9.0
8.66,9.0
8.71,9.0
8.82,9.0
8.91,9.0
9.01,9.0
9.11,9.0
9.18,9.0
8.88,8.98
8.8,8.98
8.73,8.98
8.71,8.98
8.68,8.98
8.67,8.98
8.61,8.98
8.53,8.98
8.48,8.98
8.44,8.98
8.42,8.98
8.44,8.98
8.47,8.98
8.48,8.98
8.53,8.98
8.59,8.98
8.66,8.98
8.71,8.98
8.82,8.98
8.91,8.98
9.01,8.98
9.11,8.98
9.18,8.98
9.25,8.98
8.8,8.88
8.73,8.88
8.71,8.88
8.68,8.88
8.67,8.88
8.61,8.88
8.53,8.88
8.48,8.88
8.44,8.88
8.42,8.88
8.44,8.88
8.47,8.88
8.48,8.88
8.53,8.88
8.59,8.88
8.66,8.88
8.71,8.88
8.82,8.88
8.91,8.88
9.01,8.88
9.11,8.88
9.18,8.88
9.25,8.88
9.35,8.88
8.73,8.8
8.71,8.8
8.68,8.8
8.67,8.8
8.61,8.8
8.53,8.8
8.48,8.8
8.44,8.8
8.42,8.8
8.44,8.8
8.47,8.8
8.48,8.8
8.53,8.8
8.59,8.8
8.66,8.8
8.71,8.8
8.82,8.8
8.91,8.8
9.01,8.8
9.11,8.8
9.18,8.8
9.25,8.8
9.35,8.8
9.53,8.8
8.71,8.73
8.68,8.73
8.67,8.73
8.61,8.73
8.53,8.73
8.48,8.73
8.44,8.73
8.42,8.73
8.44,8.73
8.47,8.73
8.48,8.73
8.53,8.73
8.59,8.73
8.66,8.73
8.71,8.73
8.82,8.73
8.91,8.73
9.01,8.73
9.11,8.73
9.18,8.73
9.25,8.73
9.35,8.73
9.53,8.73
9.7,8.73
8.68,8.71
8.67,8.71
8.61,8.71
8.53,8.71
8.48,8.71
8.44,8.71
8.42,8.71
8.44,8.71
8.47,8.71
8.48,8.71
8.53,8.71
8.59,8.71
8.66,8.71
8.71,8.71
8.82,8.71
8.91,8.71
9.01,8.71
9.11,8.71
9.18,8.71
9.25,8.71
9.35,8.71
9.53,8.71
9.7,8.71
9.97,8.71
8.67,8.68
8.61,8.68
8.53,8.68
8.48,8.68
8.44,8.68
8.42,8.68
8.44,8.68
8.47,8.68
8.48,8.68
8.53,8.68
8.59,8.68
8.66,8.68
8.71,8.68
8.82,8.68
8.91,8.68
9.01,8.68
9.11,8.68
9.18,8.68
9.25,8.68
9.35,8.68
9.53,8.68
9.7,8.68
9.97,8.68
10.23,8.68
8.61,8.67
8.53,8.67
8.48,8.67
8.44,8.67
8.42,8.67
8.44,8.67
8.47,8.67
8.48,8.67
8.53,8.67
8.59,8.67
8.66,8.67
8.71,8.67
8.82,8.67
8.91,8.67
9.01,8.67
9.11,8.67
9.18,8.67
9.25,8.67
9.35,8.67
9.53,8.67
9.7,8.67
9.97,8.67
10.23,8.67
10.16,8.67
8.53,8.61
8.48,8.61
8.44,8.61
8.42,8.61
8.44,8.61
8.47,8.61
8.48,8.61
8.53,8.61
8.59,8.61
8.66,8.61
8.71,8.61
8.82,8.61
8.91,8.61
9.01,8.61
9.11,8.61
9.18,8.61
9.25,8.61
9.35,8.61
9.53,8.61
9.7,8.61
9.97,8.61
10.23,8.61
10.16,8.61
10.06,8.61
8.48,8.53
8.44,8.53
8.42,8.53
8.44,8.53
8.47,8.53
8.48,8.53
8.53,8.53
8.59,8.53
8.66,8.53
8.71,8.53
8.82,8.53
8.91,8.53
9.01,8.53
9.11,8.53
9.18,8.53
9.25,8.53
9.35,8.53
9.53,8.53
9.7,8.53
9.97,8.53
10.23,8.53
10.16,8.53
10.06,8.53
10.16,8.53
8.44,8.48
8.42,8.48
8.44,8.48
8.47,8.48
8.48,8.48
8.53,8.48
8.59,8.48
8.66,8.48
8.71,8.48
8.82,8.48
8.91,8.48
9.01,8.48
9.11,8.48
9.18,8.48
9.25,8.48
9.35,8.48
9.53,8.48
9.7,8.48
9.97,8.48
10.23,8.48
10.16,8.48
10.06,8.48
10.16,8.48
10.4,8.48
8.42,8.44
8.44,8.44
8.47,8.44
8.48,8.44
8.53,8.44
8.59,8.44
8.66,8.44
8.71,8.44
8.82,8.44
8.91,8.44
9.01,8.44
9.11,8.44
9.18,8.44
9.25,8.44
9.35,8.44
9.53,8.44
9.7,8.44
9.97,8.44
10.23,8.44
10.16,8.44
10.06,8.44
10.16,8.44
10.4,8.44
10.52,8.44
8.44,8.42
8.47,8.42
8.48,8.42
8.53,8.42
8.59,8.42
8.66,8.42
8.71,8.42
8.82,8.42
8.91,8.42
9.01,8.42
9.11,8.42
9.18,8.42
9.25,8.42
9.35,8.42
9.53,8.42
9.7,8.42
9.97,8.42
10.23,8.42
10.16,8.42
10.06,8.42
10.16,8.42
10.4,8.42
10.52,8.42
10.53,8.42
8.47,8.44
8.48,8.44
8.53,8.44
8.59,8.44
8.66,8.44
8.71,8.44
8.82,8.44
8.91,8.44
9.01,8.44
9.11,8.44
9.18,8.44
9.25,8.44
9.35,8.44
9.53,8.44
9.7,8.44
9.97,8.44
10.23,8.44
10.16,8.44
10.06,8.44
10.16,8.44
10.4,8.44
10.52,8.44
10.53,8.44
10.47,8.44
8.48,8.47
8.53,8.47
8.59,8.47
8.66,8.47
8.71,8.47
8.82,8.47
8.91,8.47
9.01,8.47
9.11,8.47
9.18,8.47
9.25,8.47
9.35,8.47
9.53,8.47
9.7,8.47
9.97,8.47
10.23,8.47
10.16,8.47
10.06,8.47
10.16,8.47
10.4,8.47
10.52,8.47
10.53,8.47
10.47,8.47
10.4,8.47
8.53,8.48
8.59,8.48
8.66,8.48
8.71,8.48
8.82,8.48
8.91,8.48
9.01,8.48
9.11,8.48
9.18,8.48
9.25,8.48
9.35,8.48
9.53,8.48
9.7,8.48
9.97,8.48
10.23,8.48
10.16,8.48
10.06,8.48
10.16,8.48
10.4,8.48
10.52,8.48
10.53,8.48
10.47,8.48
10.4,8.48
10.41,8.48
8.59,8.53
8.66,8.53
8.71,8.53
8.82,8.53
8.91,8.53
9.01,8.53
9.11,8.53
9.18,8.53
9.25,8.53
9.35,8.53
9.53,8.53
9.7,8.53
9.97,8.53
10.23,8.53
10.16,8.53
10.06,8.53
10.16,8.53
10.4,8.53
10.52,8.53
10.53,8.53
10.47,8.53
10.4,8.53
10.41,8.53
10.46,8.53
8.66,8.59
8.71,8.59
8.82,8.59
8.91,8.59
9.01,8.59
9.11,8.59
9.18,8.59
9.25,8.59
9.35,8.59
9.53,8.59
9.7,8.59
9.97,8.59
10.23,8.59
10.16,8.59
10.06,8.59
10.16,8.59
10.4,8.59
10.52,8.59
10.53,8.59
10.47,8.59
10.4,8.59
10.41,8.59
10.46,8.59
10.55,8.59
8.71,8.66
8.82,8.66
8.91,8.66
9.01,8.66
9.11,8.66
9.18,8.66
9.25,8.66
9.35,8.66
9.53,8.66
9.7,8.66
9.97,8.66
10.23,8.66
10.16,8.66
10.06,8.66
10.16,8.66
10.4,8.66
10.52,8.66
10.53,8.66
10.47,8.66
10.4,8.66
10.41,8.66
10.46,8.66
10.55,8.66
10.85,8.66
8.82,8.71
8.91,8.71
9.01,8.71
9.11,8.71
9.18,8.71
9.25,8.71
9.35,8.71
9.53,8.71
9.7,8.71
9.97,8.71
10.23,8.71
10.16,8.71
10.06,8.71
10.16,8.71
10.4,8.71
10.52,8.71
10.53,8.71
10.47,8.71
10.4,8.71
10.41,8.71
10.46,8.71
10.55,8.71
10.85,8.71
11.5,8.71
8.91,8.82
9.01,8.82
9.11,8.82
9.18,8.82
9.25,8.82
9.35,8.82
9.53,8.82
9.7,8.82
9.97,8.82
10.23,8.82
10.16,8.82
10.06,8.82
10.16,8.82
10.4,8.82
10.52,8.82
10.53,8.82
10.47,8.82
10.4,8.82
10.41,8.82
10.46,8.82
10.55,8.82
10.85,8.82
11.5,8.82
11.11,8.82
9.01,8.91
9.11,8.91
9.18,8.91
9.25,8.91
9.35,8.91
9.53,8.91
9.7,8.91
9.97,8.91
10.23,8.91
10.16,8.91
10.06,8.91
10.16,8.91
10.4,8.91
10.52,8.91
10.53,8.91
10.47,8.91
10.4,8.91
10.41,8.91
10.46,8.91
10.55,8.91
10.85,8.91
11.5,8.91
11.11,8.91
10.79,8.91
9.11,9.01
9.18,9.01
9.25,9.01
9.35,9.01
9.53,9.01
9.7,9.01
9.97,9.01
10.23,9.01
10.16,9.01
10.06,9.01
10.16,9.01
10.4,9.01
10.52,9.01
10.53,9.01
10.47,9.01
10.4,9.01
10.41,9.01
10.46,9.01
10.55,9.01
10.85,9.01
11.5,9.01
11.11,9.01
10.79,9.01
10.57,9.01
9.18,9.11
9.25,9.11
9.35,9.11
9.53,9.11
9.7,9.11
9.97,9.11
10.23,9.11
10.16,9.11
10.06,9.11
10.16,9.11
10.4,9.11
10.52,9.11
10.53,9.11
10.47,9.11
10.4,9.11
10.41,9.11
10.46,9.11
10.55,9.11
10.85,9.11
11.5,9.11
11.11,9.11
10.79,9.11
10.57,9.11
9.34,9.11
9.25,9.18
9.35,9.18
9.53,9.18
9.7,9.18
9.97,9.18
10.23,9.18
10.16,9.18
10.06,9.18
10.16,9.18
10.4,9.18
10.52,9.18
10.53,9.18
10.47,9.18
10.4,9.18
10.41,9.18
10.46,9.18
10.55,9.18
10.85,9.18
11.5,9.18
11.11,9.18
10.79,9.18
10.57,9.18
9.34,9.18
6.97,9.18
9.35,9.25
9.53,9.25
9.7,9.25
9.97,9.25
10.23,9.25
10.16,9.25
10.06,9.25
10.16,9.25
10.4,9.25
10.52,9.25
10.53,9.25
10.47,9.25
10.4,9.25
10.41,9.25
10.46,9.25
10.55,9.25
10.85,9.25
11.5,9.25
11.11,9.25
10.79,9.25
10.57,9.25
9.34,9.25
6.97,9.25
6.15,9.25
9.53,9.35
9.7,9.35
9.97,9.35
10.23,9.35
10.16,9.35
10.06,9.35
10.16,9.35
10.4,9.35
10.52,9.35
10.53,9.35
10.47,9.35
10.4,9.35
10.41,9.35
10.46,9.35
10.55,9.35
10.85,9.35
11.5,9.35
11.11,9.35
10.79,9.35
10.57,9.35
9.34,9.35
6.97,9.35
6.15,9.35
5.85,9.35
9.7,9.53
9.97,9.53
10.23,9.53
10.16,9.53
10.06,9.53
10.16,9.53
10.4,9.53
10.52,9.53
10.53,9.53
10.47,9.53
10.4,9.53
10.41,9.53
10.46,9.53
10.55,9.53
10.85,9.53
11.5,9.53
11.11,9.53
10.79,9.53
10.57,9.53
9.34,9.53
6.97,9.53
6.15,9.53
5.85,9.53
5.8,9.53
9.97,9.7
10.23,9.7
10.16,9.7
10.06,9.7
10.16,9.7
10.4,9.7
10.52,9.7
10.53,9.7
10.47,9.7
10.4,9.7
10.41,9.7
10.46,9.7
10.55,9.7
10.85,9.7
11.5,9.7
11.11,9.7
10.79,9.7
10.57,9.7
9.34,9.7
6.97,9.7
6.15,9.7
5.85,9.7
5.8,9.7
5.8,9.7
10.23,9.97
10.16,9.97
10.06,9.97
10.16,9.97
10.4,9.97
10.52,9.97
10.53,9.97
10.47,9.97
10.4,9.97
10.41,9.97
10.46,9.97
10.55,9.97
10.85,9.97
11.5,9.97
11.11,9.97
10.79,9.97
10.57,9.97
9.34,9.97
6.97,9.97
6.15,9.97
5.85,9.97
5.8,9.97
5.8,9.97
5.85,9.97
10.16,10.23
10.06,10.23
10.16,10.23
10.4,10.23
10.52,10.23
10.53,10.23
10.47,10.23
10.4,10.23
10.41,10.23
10.46,10.23
10.55,10.23
10.85,10.23
11.5,10.23
11.11,10.23
10.79,10.23
10.57,10.23
9.34,10.23
6.97,10.23
6.15,10.23
5.85,10.23
5.8,10.23
5.8,10.23
5.85,10.23
5.85,10.23
10.06,10.16
10.16,10.16
10.4,10.16
10.52,10.16
10.53,10.16
10.47,10.16
10.4,10.16
10.41,10.16
10.46,10.16
10.55,10.16
10.85,10.16
11.5,10.16
11.11,10.16
10.79,10.16
10.57,10.16
9.34,10.16
6.97,10.16
6.15,10.16
5.85,10.16
5.8,10.16
5.8,10.16
5.85,10.16
5.85,10.16
5.86,10.16
10.16,10.06
10.4,10.06
10.52,10.06
10.53,10.06
10.47,10.06
10.4,10.06
10.41,10.06
10.46,10.06
10.55,10.06
10.85,10.06
11.5,10.06
11.11,10.06
10.79,10.06
10.57,10.06
9.34,10.06
6.97,10.06
6.15,10.06
5.85,10.06
5.8,10.06
5.8,10.06
5.85,10.06
5.85,10.06
5.86,10.06
5.8,10.06
10.4,10.16
10.52,10.16
10.53,10.16
10.47,10.16
10.4,10.16
10.41,10.16
10.46,10.16
10.55,10.16
10.85,10.16
11.5,10.16
11.11,10.16
10.79,10.16
10.57,10.16
9.34,10.16
6.97,10.16
6.15,10.16
5.85,10.16
5.8,10.16
5.8,10.16
5.85,10.16
5.85,10.16
5.86,10.16
5.8,10.16
5.79,10.16
10.52,10.4
10.53,10.4
10.47,10.4
10.4,10.4
10.41,10.4
10.46,10.4
10.55,10.4
10.85,10.4
11.5,10.4
11.11,10.4
10.79,10.4
10.57,10.4
9.34,10.4
6.97,10.4
6.15,10.4
5.85,10.4
5.8,10.4
5.8,10.4
5.85,10.4
5.85,10.4
5.86,10.4
5.8,10.4
5.79,10.4
5.73,10.4
10.53,10.52
10.47,10.52
10.4,10.52
10.41,10.52
10.46,10.52
10.55,10.52
10.85,10.52
11.5,10.52
11.11,10.52
10.79,10.52
10.57,10.52
9.34,10.52
6.97,10.52
6.15,10.52
5.85,10.52
5.8,10.52
5.8,10.52
5.85,10.52
5.85,10.52
5.86,10.52
5.8,10.52
5.79,10.52
5.73,10.52
5.67,10.52
10.47,10.53
10.4,10.53
10.41,10.53
10.46,10.53
10.55,10.53
10.85,10.53
11.5,10.53
11.11,10.53
10.79,10.53
10.57,10.53
9.34,10.53
6.97,10.53
6.15,10.53
5.85,10.53
5.8,10.53
5.8,10.53
5.85,10.53
5.85,10.53
5.86,10.53
5.8,10.53
5.79,10.53
5.73,10.53
5.67,10.53
5.66,10.53
10.4,10.47
10.41,10.47
10.46,10.47
10.55,10.47
10.85,10.47
11.5,10.47
11.11,10.47
10.79,10.47
10.57,10.47
9.34,10.47
6.97,10.47
6.15,10.47
5.85,10.47
5.8,10.47
5.8,10.47
5.85,10.47
5.85,10.47
5.86,10.47
5.8,10.47
5.79,10.47
5.73,10.47
5.67,10.47
5.66,10.47
5.54,10.47
10.41,10.4
10.46,10.4
10.55,10.4
10.85,10.4
11.5,10.4
11.11,10.4
10.79,10.4
10.57,10.4
9.34,10.4
6.97,10.4
6.15,10.4
5.85,10.4
5.8,10.4
5.8,10.4
5.85,10.4
5.85,10.4
5.86,10.4
5.8,10.4
5.79,10.4
5.73,10.4
5.67,10.4
5.66,10.4
5.54,10.4
5.47,10.4
10.46,10.41
10.55,10.41
10.85,10.41
11.5,10.41
11.11,10.41
10.79,10.41
10.57,10.41
9.34,10.41
6.97,10.41
6.15,10.41
5.85,10.41
5.8,10.41
5.8,10.41
5.85,10.41
5.85,10.41
5.86,10.41
5.8,10.41
5.79,10.41
5.73,10.41
5.67,10.41
5.66,10.41
5.54,10.41
5.47,10.41
5.38,10.41
10.55,10.46
10.85,10.46
11.5,10.46
11.11,10.46
10.79,10.46
10.57,10.46
9.34,10.46
6.97,10.46
6.15,10.46
5.85,10.46
5.8,10.46
5.8,10.46
5.85,10.46
5.85,10.46
5.86,10.46
5.8,10.46
5.79,10.46
5.73,10.46
5.67,10.46
5.66,10.46
5.54,10.46
5.47,10.46
5.38,10.46
5.32,10.46
10.85,10.55
11.5,10.55
11.11,10.55
10.79,10.55
10.57,10.55
9.34,10.55
6.97,10.55
6.15,10.55
5.85,10.55
5.8,10.55
5.8,10.55
5.85,10.55
5.85,10.55
5.86,10.55
5.8,10.55
5.79,10.55
5.73,10.55
5.67,10.55
5.66,10.55
5.54,10.55
5.47,10.55
5.38,10.55
5.32,10.55
5.28,10.55
11.5,10.85
11.11,10.85
10.79,10.85
10.57,10.85
9.34,10.85
6.97,10.85
6.15,10.85
5.85,10.85
5.8,10.85
5.8,10.85
5.85,10.85
5.85,10.85
5.86,10.85
5.8,10.85
5.79,10.85
5.73,10.85
5.67,10.85
5.66,10.85
5.54,10.85
5.47,10.85
5.38,10.85
5.32,10.85
5.28,10.85
5.18,10.85
11.11,11.5
10.79,11.5
10.57,11.5
9.34,11.5
6.97,11.5
6.15,11.5
5.85,11.5
5.8,11.5
5.8,11.5
5.85,11.5
5.85,11.5
5.86,11.5
5.8,11.5
5.79,11.5
5.73,11.5
5.67,11.5
5.66,11.5
5.54,11.5
5.47,11.5
5.38,11.5
5.32,11.5
5.28,11.5
5.18,11.5
5.14,11.5
10.79,11.11
10.57,11.11
9.34,11.11
6.97,11.11
6.15,11.11
5.85,11.11
5.8,11.11
5.8,11.11
5.85,11.11
5.85,11.11
5.86,11.11
5.8,11.11
5.79,11.11
5.73,11.11
5.67,11.11
5.66,11.11
5.54,11.11
5.47,11.11
5.38,11.11
5.32,11.11
5.28,11.11
5.18,11.11
5.14,11.11
5.1,11.11
10.57,10.79
9.34,10.79
6.97,10.79
6.15,10.79
5.85,10.79
5.8,10.79
5.8,10.79
5.85,10.79
5.85,10.79
5.86,10.79
5.8,10.79
5.79,10.79
5.73,10.79
5.67,10.79
5.66,10.79
5.54,10.79
5.47,10.79
5.38,10.79
5.32,10.79
5.28,10.79
5.18,10.79
5.14,10.79
5.1,10.79
5.23,10.79
9.34,10.57
6.97,10.57
6.15,10.57
5.85,10.57
5.8,10.57
5.8,10.57
5.85,10.57
5.85,10.57
5.86,10.57
5.8,10.57
5.79,10.57
5.73,10.57
5.67,10.57
5.66,10.57
5.54,10.57
5.47,10.57
5.38,10.57
5.32,10.57
5.28,10.57
5.18,10.57
5.14,10.57
5.1,10.57
5.23,10.57
5.45,10.57
6.97,9.34
6.15,9.34
5.85,9.34
5.8,9.34
5.8,9.34
5.85,9.34
5.85,9.34
5.86,9.34
5.8,9.34
5.79,9.34
5.73,9.34
5.67,9.34
5.66,9.34
5.54,9.34
5.47,9.34
5.38,9.34
5.32,9.34
5.28,9.34
5.18,9.34
5.14,9.34
5.1,9.34
5.23,9.34
5.45,9.34
5.64,9.34
6.15,6.97
5.85,6.97
5.8,6.97
5.8,6.97
5.85,6.97
5.85,6.97
5.86,6.97
5.8,6.97
5.79,6.97
5.73,6.97
5.67,6.97
5.66,6.97
5.54,6.97
5.47,6.97
5.38,6.97
5.32,6.97
5.28,6.97
5.18,6.97
5.14,6.97
5.1,6.97
5.23,6.97
5.45,6.97
5.64,6.97
5.84,6.97
5.85,6.15
5.8,6.15
5.8,6.15
5.85,6.15
5.85,6.15
5.86,6.15
5.8,6.15
5.79,6.15
5.73,6.15
5.67,6.15
5.66,6.15
5.54,6.15
5.47,6.15
5.38,6.15
5.32,6.15
5.28,6.15
5.18,6.15
5.14,6.15
5.1,6.15
5.23,6.15
5.45,6.15
5.64,6.15
5.84,6.15
5.88,6.15
5.8,5.85
5.8,5.85
5.85,5.85
5.85,5.85
5.86,5.85
5.8,5.85
5.79,5.85
5.73,5.85
5.67,5.85
5.66,5.85
5.54,5.85
5.47,5.85
5.38,5.85
5.32,5.85
5.28,5.85
5.18,5.85
5.14,5.85
5.1,5.85
5.23,5.85
5.45,5.85
5.64,5.85
5.84,5.85
5.88,5.85
5.81,5.85
5.8,5.8
5.85,5.8
5.85,5.8
5.86,5.8
5.8,5.8
5.79,5.8
5.73,5.8
5.67,5.8
5.66,5.8
5.54,5.8
5.47,5.8
5.38,5.8
5.32,5.8
5.28,5.8
5.18,5.8
5.14,5.8
5.1,5.8
5.23,5.8
5.45,5.8
5.64,5.8
5.84,5.8
5.88,5.8
5.81,5.8
5.68,5.8
5.85,5.8
5.85,5.8
5.86,5.8
5.8,5.8
5.79,5.8
5.73,5.8
5.67,5.8
5.66,5.8
5.54,5.8
5.47,5.8
5.38,5.8
5.32,5.8
5.28,5.8
5.18,5.8
5.14,5.8
5.1,5.8
5.23,5.8
5.45,5.8
5.64,5.8
5.84,5.8
5.88,5.8
5.81,5.8
5.68,5.8
5.58,5.8
5.85,5.85
5.86,5.85
5.8,5.85
5.79,5.85
5.73,5.85
5.67,5.85
5.66,5.85
5.54,5.85
5.47,5.85
5.38,5.85
5.32,5.85
5.28,5.85
5.18,5.85
5.14,5.85
5.1,5.85
5.23,5.85
5.45,5.85
5.64,5.85
5.84,5.85
5.88,5.85
5.81,5.85
5.68,5.85
5.58,5.85
5.41,5.85
5.86,5.85
5.8,5.85
5.79,5.85
5.73,5.85
5.67,5.85
5.66,5.85
5.54,5.85
5.47,5.85
5.38,5.85
5.32,5.85
5.28,5.85
5.18,5.85
5.14,5.85
5.1,5.85
5.23,5.85
5.45,5.85
5.64,5.85
5.84,5.85
5.88,5.85
5.81,5.85
5.68,5.85
5.58,5.85
5.41,5.85
5.18,5.85
5.8,5.86
5.79,5.86
5.73,5.86
5.67,5.86
5.66,5.86
5.54,5.86
5.47,5.86
5.38,5.86
5.32,5.86
5.28,5.86
5.18,5.86
5.14,5.86
5.1,5.86
5.23,5.86
5.45,5.86
5.64,5.86
5.84,5.86
5.88,5.86
5.81,5.86
5.68,5.86
5.58,5.86
5.41,5.86
5.18,5.86
5.07,5.86
5.79,5.8
5.73,5.8
5.67,5.8
5.66,5.8
5.54,5.8
5.47,5.8
5.38,5.8
5.32,5.8
5.28,5.8
5.18,5.8
5.14,5.8
5.1,5.8
5.23,5.8
5.45,5.8
5.64,5.8
5.84,5.8
5.88,5.8
5.81,5.8
5.68,5.8
5.58,5.8
5.41,5.8
5.18,5.8
5.07,5.8
5.0,5.8
5.73,5.79
5.67,5.79
5.66,5.79
5.54,5.79
5.47,5.79
5.38,5.79
5.32,5.79
5.28,5.79
5.18,5.79
5.14,5.79
5.1,5.79
5.23,5.79
5.45,5.79
5.64,5.79
5.84,5.79
5.88,5.79
5.81,5.79
5.68,5.79
5.58,5.79
5.41,5.79
5.18,5.79
5.07,5.79
5.0,5.79
4.94,5.79
5.67,5.73
5.66,5.73
5.54,5.73
5.47,5.73
5.38,5.73
5.32,5.73
5.28,5.73
5.18,5.73
5.14,5.73
5.1,5.73
5.23,5.73
5.45,5.73
5.64,5.73
5.84,5.73
5.88,5.73
5.81,5.73
5.68,5.73
5.58,5.73
5.41,5.73
5.18,5.73
5.07,5.73
5.0,5.73
4.94,5.73
4.96,5.73
5.66,5.67
5.54,5.67
5.47,5.67
5.38,5.67
5.32,5.67
5.28,5.67
5.18,5.67
5.14,5.67
5.1,5.67
5.23,5.67
5.45,5.67
5.64,5.67
5.84,5.67
5.88,5.67
5.81,5.67
5.68,5.67
5.58,5.67
5.41,5.67
5.18,5.67
5.07,5.67
5.0,5.67
4.94,5.67
4.96,5.67
4.94,5.67
5.54,5.66
5.47,5.66
5.38,5.66
5.32,5.66
5.28,5.66
5.18,5.66
5.14,5.66
5.1,5.66
5.23,5.66
5.45,5.66
5.64,5.66
5.84,5.66
5.88,5.66
5.81,5.66
5.68,5.66
5.58,5.66
5.41,5.66
5.18,5.66
5.07,5.66
5.0,5.66
4.94,5.66
4.96,5.66
4.94,5.66
4.86,5.66
5.47,5.54
5.38,5.54
5.32,5.54
5.28,5.54
5.18,5.54
5.14,5.54
5.1,5.54
5.23,5.54
5.45,5.54
5.64,5.54
5.84,5.54
5.88,5.54
5.81,5.54
5.68,5.54
5.58,5.54
5.41,5.54
5.18,5.54
5.07,5.54
5.0,5.54
4.94,5.54
4.96,5.54
4.94,5.54
4.86,5.54
4.69,5.54
5.38,5.47
5.32,5.47
5.28,5.47
5.18,5.47
5.14,5.47
5.1,5.47
5.23,5.47
5.45,5.47
5.64,5.47
5.84,5.47
5.88,5.47
5.81,5.47
5.68,5.47
5.58,5.47
5.41,5.47
5.18,5.47
5.07,5.47
5.0,5.47
4.94,5.47
4.96,5.47
4.94,5.47
4.86,5.47
4.69,5.47
4.51,5.47
5.32,5.38
5.28,5.38
5.18,5.38
5.14,5.38
5.1,5.38
5.23,5.38
5.45,5.38
5.64,5.38
5.84,5.38
5.88,5.38
5.81,5.38
5.68,5.38
5.58,5.38
5.41,5.38
5.18,5.38
5.07,5.38
5.0,5.38
4.94,5.38
4.96,5.38
4.94,5.38
4.86,5.38
4.69,5.38
4.51,5.38
4.4,5.38
5.28,5.32
5.18,5.32
5.14,5.32
5.1,5.32
5.23,5.32
5.45,5.32
5.64,5.32
5.84,5.32
5.88,5.32
5.81,5.32
5.68,5.32
5.58,5.32
5.41,5.32
5.18,5.32
5.07,5.32
5.0,5.32
4.94,5.32
4.96,5.32
4.94,5.32
4.86,5.32
4.69,5.32
4.51,5.32
4.4,5.32
4.35,5.32
5.18,5.28
5.14,5.28
5.1,5.28
5.23,5.28
5.45,5.28
5.64,5.28
5.84,5.28
5.88,5.28
5.81,5.28
5.68,5.28
5.58,5.28
5.41,5.28
5.18,5.28
5.07,5.28
5.0,5.28
4.94,5.28
4.96,5.28
4.94,5.28
4.86,5.28
4.69,5.28
4.51,5.28
4.4,5.28
4.35,5.28
4.27,5.28
5.14,5.18
5.1,5.18
5.23,5.18
5.45,5.18
5.64,5.18
5.84,5.18
5.88,5.18
5.81,5.18
5.68,5.18
5.58,5.18
5.41,5.18
5.18,5.18
5.07,5.18
5.0,5.18
4.94,5.18
4.96,5.18
4.94,5.18
4.86,5.18
4.69,5.18
4.51,5.18
4.4,5.18
4.35,5.18
4.27,5.18
4.22,5.18
5.1,5.14
5.23,5.14
5.45,5.14
5.64,5.14
5.84,5.14
5.88,5.14
5.81,5.14
5.68,5.14
5.58,5.14
5.41,5.14
5.18,5.14
5.07,5.14
5.0,5.14
4.94,5.14
4.96,5.14
4.94,5.14
4.86,5.14
4.69,5.14
4.51,5.14
4.4,5.14
4.35,5.14
4.27,5.14
4.22,5.14
4.2,5.14
5.23,5.1
5.45,5.1
5.64,5.1
5.84,5.1
5.88,5.1
5.81,5.1
5.68,5.1
5.58,5.1
5.41,5.1
5.18,5.1
5.07,5.1
5.0,5.1
4.94,5.1
4.96,5.1
4.94,5.1
4.86,5.1
4.69,5.1
4.51,5.1
4.4,5.1
4.35,5.1
4.27,5.1
4.22,5.1
4.2,5.1
4.25,5.1
5.45,5.23
5.64,5.23
5.84,5.23
5.88,5.23
5.81,5.23
5.68,5.23
5.58,5.23
5.41,5.23
5.18,5.23
5.07,5.23
5.0,5.23
4.94,5.23
4.96,5.23
4.94,5.23
4.86,5.23
4.69,5.23
4.51,5.23
4.4,5.23
4.35,5.23
4.27,5.23
4.22,5.23
4.2,5.23
4.25,5.23
4.24,5.23
5.64,5.45
5.84,5.45
5.88,5.45
5.81,5.45
5.68,5.45
5.58,5.45
5.41,5.45
5.18,5.45
5.07,5.45
5.0,5.45
4.94,5.45
4.96,5.45
4.94,5.45
4.86,5.45
4.69,5.45
4.51,5.45
4.4,5.45
4.35,5.45
4.27,5.45
4.22,5.45
4.2,5.45
4.25,5.45
4.24,5.45
4.18,5.45
5.84,5.64
5.88,5.64
5.81,5.64
5.68,5.64
5.58,5.64
5.41,5.64
5.18,5.64
5.07,5.64
5.0,5.64
4.94,5.64
4.96,5.64
4.94,5.64
4.86,5.64
4.69,5.64
4.51,5.64
4.4,5.64
4.35,5.64
4.27,5.64
4.22,5.64
4.2,5.64
4.25,5.64
4.24,5.64
4.18,5.64
4.04,5.64
5.88,5.84
5.81,5.84
5.68,5.84
5.58,5.84
5.41,5.84
5.18,5.84
5.07,5.84
5.0,5.84
4.94,5.84
4.96,5.84
4.94,5.84
4.86,5.84
4.69,5.84
4.51,5.84
4.4,5.84
4.35,5.84
4.27,5.84
4.22,5.84
4.2,5.84
4.25,5.84
4.24,5.84
4.18,5.84
4.04,5.84
4.0,5.84
5.81,5.88
5.68,5.88
5.58,5.88
5.41,5.88
5.18,5.88
5.07,5.88
5.0,5.88
4.94,5.88
4.96,5.88
4.94,5.88
4.86,5.88
4.69,5.88
4.51,5.88
4.4,5.88
4.35,5.88
4.27,5.88
4.22,5.88
4.2,5.88
4.25,5.88
4.24,5.88
4.18,5.88
4.04,5.88
4.0,5.88
3.96,5.88
5.68,5.81
5.58,5.81
5.41,5.81
5.18,5.81
5.07,5.81
5.0,5.81
4.94,5.81
4.96,5.81
4.94,5.81
4.86,5.81
4.69,5.81
4.51,5.81
4.4,5.81
4.35,5.81
4.27,5.81
4.22,5.81
4.2,5.81
4.25,5.81
4.24,5.81
4.18,5.81
4.04,5.81
4.0,5.81
3.96,5.81
3.84,5.81
5.58,5.68
5.41,5.68
5.18,5.68
5.07,5.68
5.0,5.68
4.94,5.68
4.96,5.68
4.94,5.68
4.86,5.68
4.69,5.68
4.51,5.68
4.4,5.68
4.35,5.68
4.27,5.68
4.22,5.68
4.2,5.68
4.25,5.68
4.24,5.68
4.18,5.68
4.04,5.68
4.0,5.68
3.96,5.68
3.84,5.68
3.76,5.68
5.41,5.58
5.18,5.58
5.07,5.58
5.0,5.58
4.94,5.58
4.96,5.58
4.94,5.58
4.86,5.58
4.69,5.58
4.51,5.58
4.4,5.58
4.35,5.58
4.27,5.58
4.22,5.58
4.2,5.58
4.25,5.58
4.24,5.58
4.18,5.58
4.04,5.58
4.0,5.58
3.96,5.58
3.84,5.58
3.76,5.58
3.68,5.58
5.18,5.41
5.07,5.41
5.0,5.41
4.94,5.41
4.96,5.41
4.94,5.41
4.86,5.41
4.69,5.41
4.51,5.41
4.4,5.41
4.35,5.41
4.27,5.41
4.22,5.41
4.2,5.41
4.25,5.41
4.24,5.41
4.18,5.41
4.04,5.41
4.0,5.41
3.96,5.41
3.84,5.41
3.76,5.41
3.68,5.41
3.6,5.41
5.07,5.18
5.0,5.18
4.94,5.18
4.96,5.18
4.94,5.18
4.86,5.18
4.69,5.18
4.51,5.18
4.4,5.18
4.35,5.18
4.27,5.18
4.22,5.18
4.2,5.18
4.25,5.18
4.24,5.18
4.18,5.18
4.04,5.18
4.0,5.18
3.96,5.18
3.84,5.18
3.76,5.18
3.68,5.18
3.6,5.18
3.47,5.18
5.0,5.07
4.94,5.07
4.96,5.07
4.94,5.07
4.86,5.07
4.69,5.07
4.51,5.07
4.4,5.07
4.35,5.07
4.27,5.07
4.22,5.07
4.2,5.07
4.25,5.07
4.24,5.07
4.18,5.07
4.04,5.07
4.0,5.07
3.96,5.07
3.84,5.07
3.76,5.07
3.68,5.07
3.6,5.07
3.47,5.07
3.34,5.07
4.94,5.0000005
4.96,5.0000005
4.94,5.0000005
4.86,5.0000005
4.69,5.0000005
4.51,5.0000005
4.4,5.0000005
4.35,5.0000005
4.27,5.0000005
4.22,5.0000005
4.2,5.0000005
4.25,5.0000005
4.24,5.0000005
4.18,5.0000005
4.04,5.0000005
4.0,5.0000005
3.96,5.0000005
3.84,5.0000005
3.76,5.0000005
3.68,5.0000005
3.6,5.0000005
3.47,5.0000005
3.34,5.0000005
3.39,5.0000005
4.96,4.94
4.94,4.94
4.86,4.94
4.69,4.94
4.51,4.94
4.4,4.94
4.35,4.94
4.27,4.94
4.22,4.94
4.2,4.94
4.25,4.94
4.24,4.94
4.18,4.94
4.04,4.94
4.0,4.94
3.96,4.94
3.84,4.94
3.76,4.94
3.68,4.94
3.6,4.94
3.47,4.94
3.34,4.94
3.39,4.94
3.46,4.94
4.94,4.96
4.86,4.96
4.69,4.96
4.51,4.96
4.4,4.96
4.35,4.96
4.27,4.96
4.22,4.96
4.2,4.96
4.25,4.96
4.24,4.96
4.18,4.96
4.04,4.96
4.0,4.96
3.96,4.96
3.84,4.96
3.76,4.96
3.68,4.96
3.6,4.96
3.47,4.96
3.34,4.96
3.39,4.96
3.46,4.96
3.47,4.96
4.86,4.94
4.69,4.94
4.51,4.94
4.4,4.94
4.35,4.94
4.27,4.94
4.22,4.94
4.2,4.94
4.25,4.94
4.24,4.94
4.18,4.94
4.04,4.94
4.0,4.94
3.96,4.94
3.84,4.94
3.76,4.94
3.68,4.94
3.6,4.94
3.47,4.94
3.34,4.94
3.39,4.94
3.46,4.94
3.47,4.94
3.55,4.94
4.69,4.8599997
4.51,4.8599997
4.4,4.8599997
4.35,4.8599997
4.27,4.8599997
4.22,4.8599997
4.2,4.8599997
4.25,4.8599997
4.24,4.8599997
4.18,4.8599997
4.04,4.8599997
4.0,4.8599997
3.96,4.8599997
3.84,4.8599997
3.76,4.8599997
3.68,4.8599997
3.6,4.8599997
3.47,4.8599997
3.34,4.8599997
3.39,4.8599997
3.46,4.8599997
3.47,4.8599997
3.55,4.8599997
3.55,4.8599997
4.51,4.6899996
4.4,4.6899996
4.35,4.6899996
4.27,4.6899996
4.22,4.6899996
4.2,4.6899996
4.25,4.6899996
4.24,4.6899996
4.18,4.6899996
4.04,4.6899996
4.0,4.6899996
3.96,4.6899996
3.84,4.6899996
3.76,4.6899996
3.68,4.6899996
3.6,4.6899996
3.47,4.6899996
3.34,4.6899996
3.39,4.6899996
3.46,4.6899996
3.47,4.6899996
3.55,4.6899996
3.55,4.6899996
3.43,4.6899996
4.4,4.51
4.35,4.51
4.27,4.51
4.22,4.51
4.2,4.51
4.25,4.51
4.24,4.51
4.18,4.51
4.04,4.51
4.0,4.51
3.96,4.51
3.84,4.51
3.76,4.51
3.68,4.51
3.6,4.51
3.47,4.51
3.34,4.51
3.39,4.51
3.46,4.51
3.47,4.51
3.55,4.51
3.55,4.51
3.43,4.51
3.4,4.51
4.35,4.4000006
4.27,4.4000006
4.22,4.4000006
4.2,4.4000006
4.25,4.4000006
4.24,4.4000006
4.18,4.4000006
4.04,4.4000006
4.0,4.4000006
3.96,4.4000006
3.84,4.4000006
3.76,4.4000006
3.68,4.4000006
3.6,4.4000006
3.47,4.4000006
3.34,4.4000006
3.39,4.4000006
3.46,4.4000006
3.47,4.4000006
3.55,4.4000006
3.55,4.4000006
3.43,4.4000006
3.4,4.4000006
3.4,4.4000006
4.27,4.3499994
4.22,4.3499994
4.2,4.3499994
4.25,4.3499994
4.24,4.3499994
4.18,4.3499994
4.04,4.3499994
4.0,4.3499994
3.96,4.3499994
3.84,4.3499994
3.76,4.3499994
3.68,4.3499994
3.6,4.3499994
3.47,4.3499994
3.34,4.3499994
3.39,4.3499994
3.46,4.3499994
3.47,4.3499994
3.55,4.3499994
3.55,4.3499994
3.43,4.3499994
3.4,4.3499994
3.4,4.3499994
3.37,4.3499994
4.22,4.2699995
4.2,4.2699995
4.25,4.2699995
4.24,4.2699995
4.18,4.2699995
4.04,4.2699995
4.0,4.2699995
3.96,4.2699995
3.84,4.2699995
3.76,4.2699995
3.68,4.2699995
3.6,4.2699995
3.47,4.2699995
3.34,4.2699995
3.39,4.2699995
3.46,4.2699995
3.47,4.2699995
3.55,4.2699995
3.55,4.2699995
3.43,4.2699995
3.4,4.2699995
3.4,4.2699995
3.37,4.2699995
3.4,4.2699995
4.2,4.2200003
4.25,4.2200003
4.24,4.2200003
4.18,4.2200003
4.04,4.2200003
4.0,4.2200003
3.96,4.2200003
3.84,4.2200003
3.76,4.2200003
3.68,4.2200003
3.6,4.2200003
3.47,4.2200003
3.34,4.2200003
3.39,4.2200003
3.46,4.2200003
3.47,4.2200003
3.55,4.2200003
3.55,4.2200003
3.43,4.2200003
3.4,4.2200003
3.4,4.2200003
3.37,4.2200003
3.4,4.2200003
3.41,4.2200003
4.25,4.2
4.24,4.2
4.18,4.2
4.04,4.2
4.0,4.2
3.96,4.2
3.84,4.2
3.76,4.2
3.68,4.2
3.6,4.2
3.47,4.2
3.34,4.2
3.39,4.2
3.46,4.2
3.47,4.2
3.55,4.2
3.55,4.2
3.43,4.2
3.4,4.2
3.4,4.2
3.37,4.2
3.4,4.2
3.41,4.2
3.52,4.2
4.24,4.25
4.18,4.25
4.04,4.25
4.0,4.25
3.96,4.25
3.84,4.25
3.76,4.25
3.68,4.25
3.6,4.25
3.47,4.25
3.34,4.25
3.39,4.25
3.46,4.25
3.47,4.25
3.55,4.25
3.55,4.25
3.43,4.25
3.4,4.25
3.4,4.25
3.37,4.25
3.4,4.25
3.41,4.25
3.52,4.25
3.6,4.25
4.18,4.24
4.04,4.24
4.0,4.24
3.96,4.24
3.84,4.24
3.76,4.24
3.68,4.24
3.6,4.24
3.47,4.24
3.34,4.24
3.39,4.24
3.46,4.24
3.47,4.24
3.55,4.24
3.55,4.24
3.43,4.24
3.4,4.24
3.4,4.24
3.37,4.24
3.4,4.24
3.41,4.24
3.52,4.24
3.6,4.24
3.64,4.24
4.04,4.1799994
4.0,4.1799994
3.96,4.1799994
3.84,4.1799994
3.76,4.1799994
3.68,4.1799994
3.6,4.1799994
3.47,4.1799994
3.34,4.1799994
3.39,4.1799994
3.46,4.1799994
3.47,4.1799994
3.55,4.1799994
3.55,4.1799994
3.43,4.1799994
3.4,4.1799994
3.4,4.1799994
3.37,4.1799994
3.4,4.1799994
3.41,4.1799994
3.52,4.1799994
3.6,4.1799994
3.64,4.1799994
3.52,4.1799994
4.0,4.04
3.96,4.04
3.84,4.04
3.76,4.04
3.68,4.04
3.6,4.04
3.47,4.04
3.34,4.04
3.39,4.04
3.46,4.04
3.47,4.04
3.55,4.04
3.55,4.04
3.43,4.04
3.4,4.04
3.4,4.04
3.37,4.04
3.4,4.04
3.41,4.04
3.52,4.04
3.6,4.04
3.64,4.04
3.52,4.04
3.51,4.04
3.96,4.0
3.84,4.0
3.76,4.0
3.68,4.0
3.6,4.0
3.47,4.0
3.34,4.0
3.39,4.0
3.46,4.0
3.47,4.0
3.55,4.0
3.55,4.0
3.43,4.0
3.4,4.0
3.4,4.0
3.37,4.0
3.4,4.0
3.41,4.0
3.52,4.0
3.6,4.0
3.64,4.0
3.52,4.0
3.51,4.0
3.6,4.0
3.84,3.96
3.76,3.96
3.68,3.96
3.6,3.96
3.47,3.96
3.34,3.96
3.39,3.96
3.46,3.96
3.47,3.96
3.55,3.96
3.55,3.96
3.43,3.96
3.4,3.96
3.4,3.96
3.37,3.96
3.4,3.96
3.41,3.96
3.52,3.96
3.6,3.96
3.64,3.96
3.52,3.96
3.51,3.96
3.6,3.96
3.71,3.96
3.76,3.8400002
3.68,3.8400002
3.6,3.8400002
3.47,3.8400002
3.34,3.8400002
3.39,3.8400002
3.46,3.8400002
3.47,3.8400002
3.55,3.8400002
3.55,3.8400002
3.43,3.8400002
3.4,3.8400002
3.4,3.8400002
3.37,3.8400002
3.4,3.8400002
3.41,3.8400002
3.52,3.8400002
3.6,3.8400002
3.64,3.8400002
3.52,3.8400002
3.51,3.8400002
3.6,3.8400002
3.71,3.8400002
3.8,3.8400002
3.68,3.7600002
3.6,3.7600002
3.47,3.7600002
3.34,3.7600002
3.39,3.7600002
3.46,3.7600002
3.47,3.7600002
3.55,3.7600002
3.55,3.7600002
3.43,3.7600002
3.4,3.7600002
3.4,3.7600002
3.37,3.7600002
3.4,3.7600002
3.41,3.7600002
3.52,3.7600002
3.6,3.7600002
3.64,3.7600002
3.52,3.7600002
3.51,3.7600002
3.6,3.7600002
3.71,3.7600002
3.8,3.7600002
3.76,3.7600002
3.6,3.6800003
3.47,3.6800003
3.34,3.6800003
3.39,3.6800003
3.46,3.6800003
3.47,3.6800003
3.55,3.6800003
3.55,3.6800003
3.43,3.6800003
3.4,3.6800003
3.4,3.6800003
3.37,3.6800003
3.4,3.6800003
3.41,3.6800003
3.52,3.6800003
3.6,3.6800003
3.64,3.6800003
3.52,3.6800003
3.51,3.6800003
3.6,3.6800003
3.71,3.6800003
3.8,3.6800003
3.76,3.6800003
3.83,3.6800003
3.47,3.5999994
3.34,3.5999994
3.39,3.5999994
3.46,3.5999994
3.47,3.5999994
3.55,3.5999994
3.55,3.5999994
3.43,3.5999994
3.4,3.5999994
3.4,3.5999994
3.37,3.5999994
3.4,3.5999994
3.41,3.5999994
3.52,3.5999994
3.6,3.5999994
3.64,3.5999994
3.52,3.5999994
3.51,3.5999994
3.6,3.5999994
3.71,3.5999994
3.8,3.5999994
3.76,3.5999994
3.83,3.5999994
3.8,3.5999994
3.34,3.4700003
3.39,3.4700003
3.46,3.4700003
3.47,3.4700003
3.55,3.4700003
3.55,3.4700003
3.43,3.4700003
3.4,3.4700003
3.4,3.4700003
3.37,3.4700003
3.4,3.4700003
3.41,3.4700003
3.52,3.4700003
3.6,3.4700003
3.64,3.4700003
3.52,3.4700003
3.51,3.4700003
3.6,3.4700003
3.71,3.4700003
3.8,3.4700003
3.76,3.4700003
3.83,3.4700003
3.8,3.4700003
3.78,3.4700003
3.39,3.3400002
3.46,3.3400002
3.47,3.3400002
3.55,3.3400002
3.55,3.3400002
3.43,3.3400002
3.4,3.3400002
3.4,3.3400002
3.37,3.3400002
3.4,3.3400002
3.41,3.3400002
3.52,3.3400002
3.6,3.3400002
3.64,3.3400002
3.52,3.3400002
3.51,3.3400002
3.6,3.3400002
3.71,3.3400002
3.8,3.3400002
3.76,3.3400002
3.83,3.3400002
3.8,3.3400002
3.78,3.3400002
3.85,3.3400002
3.46,3.3900003
3.47,3.3900003
3.55,3.3900003
3.55,3.3900003
3.43,3.3900003
3.4,3.3900003
3.4,3.3900003
3.37,3.3900003
3.4,3.3900003
3.41,3.3900003
3.52,3.3900003
3.6,3.3900003
3.64,3.3900003
3.52,3.3900003
3.51,3.3900003
3.6,3.3900003
3.71,3.3900003
3.8,3.3900003
3.76,3.3900003
3.83,3.3900003
3.8,3.3900003
3.78,3.3900003
3.85,3.3900003
3.98,3.3900003
3.47,3.46
3.55,3.46
3.55,3.46
3.43,3.46
3.4,3.46
3.4,3.46
3.37,3.46
3.4,3.46
3.41,3.46
3.52,3.46
3.6,3.46
3.64,3.46
3.52,3.46
3.51,3.46
3.6,3.46
3.71,3.46
3.8,3.46
3.76,3.46
3.83,3.46
3.8,3.46
3.78,3.46
3.85,3.46
3.98,3.46
4.11,3.46
3.55,3.4700003
3.55,3.4700003
3.43,3.4700003
3.4,3.4700003
3.4,3.4700003
3.37,3.4700003
3.4,3.4700003
3.41,3.4700003
3.52,3.4700003
3.6,3.4700003
3.64,3.4700003
3.52,3.4700003
3.51,3.4700003
3.6,3.4700003
3.71,3.4700003
3.8,3.4700003
3.76,3.4700003
3.83,3.4700003
3.8,3.4700003
3.78,3.4700003
3.85,3.4700003
3.98,3.4700003
4.11,3.4700003
4.14,3.4700003
3.55,3.5500002
3.43,3.5500002
3.4,3.5500002
3.4,3.5500002
3.37,3.5500002
3.4,3.5500002
3.41,3.5500002
3.52,3.5500002
3.6,3.5500002
3.64,3.5500002
3.52,3.5500002
3.51,3.5500002
3.6,3.5500002
3.71,3.5500002
3.8,3.5500002
3.76,3.5500002
3.83,3.5500002
3.8,3.5500002
3.78,3.5500002
3.85,3.5500002
3.98,3.5500002
4.11,3.5500002
4.14,3.5500002
4.2,3.5500002
3.43,3.5500002
3.4,3.5500002
3.4,3.5500002
3.37,3.5500002
3.4,3.5500002
3.41,3.5500002
3.52,3.5500002
3.6,3.5500002
3.64,3.5500002
3.52,3.5500002
3.51,3.5500002
3.6,3.5500002
3.71,3.5500002
3.8,3.5500002
3.76,3.5500002
3.83,3.5500002
3.8,3.5500002
3.78,3.5500002
3.85,3.5500002
3.98,3.5500002
4.11,3.5500002
4.14,3.5500002
4.2,3.5500002
4.26,3.5500002
3.4,3.4300003
3.4,3.4300003
3.37,3.4300003
3.4,3.4300003
3.41,3.4300003
3.52,3.4300003
3.6,3.4300003
3.64,3.4300003
3.52,3.4300003
3.51,3.4300003
3.6,3.4300003
3.71,3.4300003
3.8,3.4300003
3.76,3.4300003
3.83,3.4300003
3.8,3.4300003
3.78,3.4300003
3.85,3.4300003
3.98,3.4300003
4.11,3.4300003
4.14,3.4300003
4.2,3.4300003
4.26,3.4300003
4.27,3.4300003
3.4,3.4000006
3.37,3.4000006
3.4,3.4000006
3.41,3.4000006
3.52,3.4000006
3.6,3.4000006
3.64,3.4000006
3.52,3.4000006
3.51,3.4000006
3.6,3.4000006
3.71,3.4000006
3.8,3.4000006
3.76,3.4000006
3.83,3.4000006
3.8,3.4000006
3.78,3.4000006
3.85,3.4000006
3.98,3.4000006
4.11,3.4000006
4.14,3.4000006
4.2,3.4000006
4.26,3.4000006
4.27,3.4000006
4.27,3.4000006
3.37,3.4000006
3.4,3.4000006
3.41,3.4000006
3.52,3.4000006
3.6,3.4000006
3.64,3.4000006
3.52,3.4000006
3.51,3.4000006
3.6,3.4000006
3.71,3.4000006
3.8,3.4000006
3.76,3.4000006
3.83,3.4000006
3.8,3.4000006
3.78,3.4000006
3.85,3.4000006
3.98,3.4000006
4.11,3.4000006
4.14,3.4000006
4.2,3.4000006
4.26,3.4000006
4.27,3.4000006
4.27,3.4000006
4.29,3.4000006
3.4,3.37
3.41,3.37
3.52,3.37
3.6,3.37
3.64,3.37
3.52,3.37
3.51,3.37
3.6,3.37
3.71,3.37
3.8,3.37
3.76,3.37
3.83,3.37
3.8,3.37
3.78,3.37
3.85,3.37
3.98,3.37
4.11,3.37
4.14,3.37
4.2,3.37
4.26,3.37
4.27,3.37
4.27,3.37
4.29,3.37
4.27,3.37
3.41,3.4000006
3.52,3.4000006
3.6,3.4000006
3.64,3.4000006
3.52,3.4000006
3.51,3.4000006
3.6,3.4000006
3.71,3.4000006
3.8,3.4000006
3.76,3.4000006
3.83,3.4000006
3.8,3.4000006
3.78,3.4000006
3.85,3.4000006
3.98,3.4000006
4.11,3.4000006
4.14,3.4000006
4.2,3.4000006
4.26,3.4000006
4.27,3.4000006
4.27,3.4000006
4.29,3.4000006
4.27,3.4000006
4.27,3.4000006
3.52,3.4099998
3.6,3.4099998
3.64,3.4099998
3.52,3.4099998
3.51,3.4099998
3.6,3.4099998
3.71,3.4099998
3.8,3.4099998
3.76,3.4099998
3.83,3.4099998
3.8,3.4099998
3.78,3.4099998
3.85,3.4099998
3.98,3.4099998
4.11,3.4099998
4.14,3.4099998
4.2,3.4099998
4.26,3.4099998
4.27,3.4099998
4.27,3.4099998
4.29,3.4099998
4.27,3.4099998
4.27,3.4099998
4.27,3.4099998
3.6,3.5199995
3.64,3.5199995
3.52,3.5199995
3.51,3.5199995
3.6,3.5199995
3.71,3.5199995
3.8,3.5199995
3.76,3.5199995
3.83,3.5199995
3.8,3.5199995
3.78,3.5199995
3.85,3.5199995
3.98,3.5199995
4.11,3.5199995
4.14,3.5199995
4.2,3.5199995
4.26,3.5199995
4.27,3.5199995
4.27,3.5199995
4.29,3.5199995
4.27,3.5199995
4.27,3.5199995
4.27,3.5199995
4.27,3.5199995
3.64,3.5999994
3.52,3.5999994
3.51,3.5999994
3.6,3.5999994
3.71,3.5999994
3.8,3.5999994
3.76,3.5999994
3.83,3.5999994
3.8,3.5999994
3.78,3.5999994
3.85,3.5999994
3.98,3.5999994
4.11,3.5999994
4.14,3.5999994
4.2,3.5999994
4.26,3.5999994
4.27,3.5999994
4.27,3.5999994
4.29,3.5999994
4.27,3.5999994
4.27,3.5999994
4.27,3.5999994
4.27,3.5999994
4.31,3.5999994
3.52,3.6400003
3.51,3.6400003
3.6,3.6400003
3.71,3.6400003
3.8,3.6400003
3.76,3.6400003
3.83,3.6400003
3.8,3.6400003
3.78,3.6400003
3.85,3.6400003
3.98,3.6400003
4.11,3.6400003
4.14,3.6400003
4.2,3.6400003
4.26,3.6400003
4.27,3.6400003
4.27,3.6400003
4.29,3.6400003
4.27,3.6400003
4.27,3.6400003
4.27,3.6400003
4.27,3.6400003
4.31,3.6400003
4.27,3.6400003
3.51,3.5199995
3.6,3.5199995
3.71,3.5199995
3.8,3.5199995
3.76,3.5199995
3.83,3.5199995
3.8,3.5199995
3.78,3.5199995
3.85,3.5199995
3.98,3.5199995
4.11,3.5199995
4.14,3.5199995
4.2,3.5199995
4.26,3.5199995
4.27,3.5199995
4.27,3.5199995
4.29,3.5199995
4.27,3.5199995
4.27,3.5199995
4.27,3.5199995
4.27,3.5199995
4.31,3.5199995
4.27,3.5199995
4.27,3.5199995
3.6,3.5100002
3.71,3.5100002
3.8,3.5100002
3.76,3.5100002
3.83,3.5100002
3.8,3.5100002
3.78,3.5100002
3.85,3.5100002
3.98,3.5100002
4.11,3.5100002
4.14,3.5100002
4.2,3.5100002
4.26,3.5100002
4.27,3.5100002
4.27,3.5100002
4.29,3.5100002
4.27,3.5100002
4.27,3.5100002
4.27,3.5100002
4.27,3.5100002
4.31,3.5100002
4.27,3.5100002
4.27,3.5100002
4.27,3.5100002
3.71,3.5999994
3.8,3.5999994
3.76,3.5999994
3.83,3.5999994
3.8,3.5999994
3.78,3.5999994
3.85,3.5999994
3.98,3.5999994
4.11,3.5999994
4.14,3.5999994
4.2,3.5999994
4.26,3.5999994
4.27,3.5999994
4.27,3.5999994
4.29,3.5999994
4.27,3.5999994
4.27,3.5999994
4.27,3.5999994
4.27,3.5999994
4.31,3.5999994
4.27,3.5999994
4.27,3.5999994
4.27,3.5999994
4.27,3.5999994
3.8,3.71
3.76,3.71
3.83,3.71
3.8,3.71
3.78,3.71
3.85,3.71
3.98,3.71
4.11,3.71
4.14,3.71
4.2,3.71
4.26,3.71
4.27,3.71
4.27,3.71
4.29,3.71
4.27,3.71
4.27,3.71
4.27,3.71
4.27,3.71
4.31,3.71
4.27,3.71
4.27,3.71
4.27,3.71
4.27,3.71
4.21,3.71
3.76,3.8000002
3.83,3.8000002
3.8,3.8000002
3.78,3.8000002
3.85,3.8000002
3.98,3.8000002
4.11,3.8000002
4.14,3.8000002
4.2,3.8000002
4.26,3.8000002
4.27,3.8000002
4.27,3.8000002
4.29,3.8000002
4.27,3.8000002
4.27,3.8000002
4.27,3.8000002
4.27,3.8000002
4.31,3.8000002
4.27,3.8000002
4.27,3.8000002
4.27,3.8000002
4.27,3.8000002
4.21,3.8000002
4.23,3.8000002
3.83,3.7600002
3.8,3.7600002
3.78,3.7600002
3.85,3.7600002
3.98,3.7600002
4.11,3.7600002
4.14,3.7600002
4.2,3.7600002
4.26,3.7600002
4.27,3.7600002
4.27,3.7600002
4.29,3.7600002
4.27,3.7600002
4.27,3.7600002
4.27,3.7600002
4.27,3.7600002
4.31,3.7600002
4.27,3.7600002
4.27,3.7600002
4.27,3.7600002
4.27,3.7600002
4.21,3.7600002
4.23,3.7600002
4.25,3.7600002
3.8,3.83
3.78,3.83
3.85,3.83
3.98,3.83
4.11,3.83
4.14,3.83
4.2,3.83
4.26,3.83
4.27,3.83
4.27,3.83
4.29,3.83
4.27,3.83
4.27,3.83
4.27,3.83
4.27,3.83
4.31,3.83
4.27,3.83
4.27,3.83
4.27,3.83
4.27,3.83
4.21,3.83
4.23,3.83
4.25,3.83
4.38,3.83
3.78,3.8000002
3.85,3.8000002
3.98,3.8000002
4.11,3.8000002
4.14,3.8000002
4.2,3.8000002
4.26,3.8000002
4.27,3.8000002
4.27,3.8000002
4.29,3.8000002
4.27,3.8000002
4.27,3.8000002
4.27,3.8000002
4.27,3.8000002
4.31,3.8000002
4.27,3.8000002
4.27,3.8000002
4.27,3.8000002
4.27,3.8000002
4.21,3.8000002
4.23,3.8000002
4.25,3.8000002
4.38,3.8000002
4.4,3.8000002
3.85,3.7799997
3.98,3.7799997
4.11,3.7799997
4.14,3.7799997
4.2,3.7799997
4.26,3.7799997
4.27,3.7799997
4.27,3.7799997
4.29,3.7799997
4.27,3.7799997
4.27,3.7799997
4.27,3.7799997
4.27,3.7799997
4.31,3.7799997
4.27,3.7799997
4.27,3.7799997
4.27,3.7799997
4.27,3.7799997
4.21,3.7799997
4.23,3.7799997
4.25,3.7799997
4.38,3.7799997
4.4,3.7799997
4.34,3.7799997
3.98,3.8499994
4.11,3.8499994
4.14,3.8499994
4.2,3.8499994
4.26,3.8499994
4.27,3.8499994
4.27,3.8499994
4.29,3.8499994
4.27,3.8499994
4.27,3.8499994
4.27,3.8499994
4.27,3.8499994
4.31,3.8499994
4.27,3.8499994
4.27,3.8499994
4.27,3.8499994
4.27,3.8499994
4.21,3.8499994
4.23,3.8499994
4.25,3.8499994
4.38,3.8499994
4.4,3.8499994
4.34,3.8499994
4.33,3.8499994
4.11,3.9800005
4.14,3.9800005
4.2,3.9800005
4.26,3.9800005
4.27,3.9800005
4.27,3.9800005
4.29,3.9800005
4.27,3.9800005
4.27,3.9800005
4.27,3.9800005
4.27,3.9800005
4.31,3.9800005
4.27,3.9800005
4.27,3.9800005
4.27,3.9800005
4.27,3.9800005
4.21,3.9800005
4.23,3.9800005
4.25,3.9800005
4.38,3.9800005
4.4,3.9800005
4.34,3.9800005
4.33,3.9800005
4.24,3.9800005
4.14,4.1099997
4.2,4.1099997
4.26,4.1099997
4.27,4.1099997
4.27,4.1099997
4.29,4.1099997
4.27,4.1099997
4.27,4.1099997
4.27,4.1099997
4.27,4.1099997
4.31,4.1099997
4.27,4.1099997
4.27,4.1099997
4.27,4.1099997
4.27,4.1099997
4.21,4.1099997
4.23,4.1099997
4.25,4.1099997
4.38,4.1099997
4.4,4.1099997
4.34,4.1099997
4.33,4.1099997
4.24,4.1099997
4.27,4.1099997
4.2,4.1400003
4.26,4.1400003
4.27,4.1400003
4.27,4.1400003
4.29,4.1400003
4.27,4.1400003
4.27,4.1400003
4.27,4.1400003
4.27,4.1400003
4.31,4.1400003
4.27,4.1400003
4.27,4.1400003
4.27,4.1400003
4.27,4.1400003
4.21,4.1400003
4.23,4.1400003
4.25,4.1400003
4.38,4.1400003
4.4,4.1400003
4.34,4.1400003
4.33,4.1400003
4.24,4.1400003
4.27,4.1400003
4.36,4.1400003
4.26,4.2
4.27,4.2
4.27,4.2
4.29,4.2
4.27,4.2
4.27,4.2
4.27,4.2
4.27,4.2
4.31,4.2
4.27,4.2
4.27,4.2
4.27,4.2
4.27,4.2
4.21,4.2
4.23,4.2
4.25,4.2
4.38,4.2
4.4,4.2
4.34,4.2
4.33,4.2
4.24,4.2
4.27,4.2
4.36,4.2
4.45,4.2
4.27,4.26
4.27,4.26
4.29,4.26
4.27,4.26
4.27,4.26
4.27,4.26
4.27,4.26
4.31,4.26
4.27,4.26
4.27,4.26
4.27,4.26
4.27,4.26
4.21,4.26
4.23,4.26
4.25,4.26
4.38,4.26
4.4,4.26
4.34,4.26
4.33,4.26
4.24,4.26
4.27,4.26
4.36,4.26
4.45,4.26
4.47,4.26
4.27,4.2699995
4.29,4.2699995
4.27,4.2699995
4.27,4.2699995
4.27,4.2699995
4.27,4.2699995
4.31,4.2699995
4.27,4.2699995
4.27,4.2699995
4.27,4.2699995
4.27,4.2699995
4.21,4.2699995
4.23,4.2699995
4.25,4.2699995
4.38,4.2699995
4.4,4.2699995
4.34,4.2699995
4.33,4.2699995
4.24,4.2699995
4.27,4.2699995
4.36,4.2699995
4.45,4.2699995
4.47,4.2699995
4.48,4.2699995
4.29,4.2699995
4.27,4.2699995
4.27,4.2699995
4.27,4.2699995
4.27,4.2699995
4.31,4.2699995
4.27,4.2699995
4.27,4.2699995
4.27,4.2699995
4.27,4.2699995
4.21,4.2699995
4.23,4.2699995
4.25,4.2699995
4.38,4.2699995
4.4,4.2699995
4.34,4.2699995
4.33,4.2699995
4.24,4.2699995
4.27,4.2699995
4.36,4.2699995
4.45,4.2699995
4.47,4.2699995
4.48,4.2699995
4.47,4.2699995
4.27,4.29
4.27,4.29
4.27,4.29
4.27,4.29
4.31,4.29
4.27,4.29
4.27,4.29
4.27,4.29
4.27,4.29
4.21,4.29
4.23,4.29
4.25,4.29
4.38,4.29
4.4,4.29
4.34,4.29
4.33,4.29
4.24,4.29
4.27,4.29
4.36,4.29
4.45,4.29
4.47,4.29
4.48,4.29
4.47,4.29
4.56,4.29
4.27,4.2699995
4.27,4.2699995
4.27,4.2699995
4.31,4.2699995
4.27,4.2699995
4.27,4.2699995
4.27,4.2699995
4.27,4.2699995
4.21,4.2699995
4.23,4.2699995
4.25,4.2699995
4.38,4.2699995
4.4,4.2699995
4.34,4.2699995
4.33,4.2699995
4.24,4.2699995
4.27,4.2699995
4.36,4.2699995
4.45,4.2699995
4.47,4.2699995
4.48,4.2699995
4.47,4.2699995
4.56,4.2699995
4.57,4.2699995
4.27,4.2699995
4.27,4.2699995
4.31,4.2699995
4.27,4.2699995
4.27,4.2699995
4.27,4.2699995
4.27,4.2699995
4.21,4.2699995
4.23,4.2699995
4.25,4.2699995
4.38,4.2699995
4.4,4.2699995
4.34,4.2699995
4.33,4.2699995
4.24,4.2699995
4.27,4.2699995
4.36,4.2699995
4.45,4.2699995
4.47,4.2699995
4.48,4.2699995
4.47,4.2699995
4.56,4.2699995
4.57,4.2699995
4.63,4.2699995
4.27,4.2699995
4.31,4.2699995
4.27,4.2699995
4.27,4.2699995
4.27,4.2699995
4.27,4.2699995
4.21,4.2699995
4.23,4.2699995
4.25,4.2699995
4.38,4.2699995
4.4,4.2699995
4.34,4.2699995
4.33,4.2699995
4.24,4.2699995
4.27,4.2699995
4.36,4.2699995
4.45,4.2699995
4.47,4.2699995
4.48,4.2699995
4.47,4.2699995
4.56,4.2699995
4.57,4.2699995
4.63,4.2699995
4.73,4.2699995
4.31,4.2699995
4.27,4.2699995
4.27,4.2699995
4.27,4.2699995
4.27,4.2699995
4.21,4.2699995
4.23,4.2699995
4.25,4.2699995
4.38,4.2699995
4.4,4.2699995
4.34,4.2699995
4.33,4.2699995
4.24,4.2699995
4.27,4.2699995
4.36,4.2699995
4.45,4.2699995
4.47,4.2699995
4.48,4.2699995
4.47,4.2699995
4.56,4.2699995
4.57,4.2699995
4.63,4.2699995
4.73,4.2699995
4.96,4.2699995
4.27,4.3100004
4.27,4.3100004
4.27,4.3100004
4.27,4.3100004
4.21,4.3100004
4.23,4.3100004
4.25,4.3100004
4.38,4.3100004
4.4,4.3100004
4.34,4.3100004
4.33,4.3100004
4.24,4.3100004
4.27,4.3100004
4.36,4.3100004
4.45,4.3100004
4.47,4.3100004
4.48,4.3100004
4.47,4.3100004
4.56,4.3100004
4.57,4.3100004
4.63,4.3100004
4.73,4.3100004
4.96,4.3100004
5.13,4.3100004
4.27,4.2699995
4.27,4.2699995
4.27,4.2699995
4.21,4.2699995
4.23,4.2699995
4.25,4.2699995
4.38,4.2699995
4.4,4.2699995
4.34,4.2699995
4.33,4.2699995
4.24,4.2699995
4.27,4.2699995
4.36,4.2699995
4.45,4.2699995
4.47,4.2699995
4.48,4.2699995
4.47,4.2699995
4.56,4.2699995
4.57,4.2699995
4.63,4.2699995
4.73,4.2699995
4.96,4.2699995
5.13,4.2699995
5.07,4.2699995
4.27,4.2699995
4.27,4.2699995
4.21,4.2699995
4.23,4.2699995
4.25,4.2699995
4.38,4.2699995
4.4,4.2699995
4.34,4.2699995
4.33,4.2699995
4.24,4.2699995
4.27,4.2699995
4.36,4.2699995
4.45,4.2699995
4.47,4.2699995
4.48,4.2699995
4.47,4.2699995
4.56,4.2699995
4.57,4.2699995
4.63,4.2699995
4.73,4.2699995
4.96,4.2699995
5.13,4.2699995
5.07,4.2699995
5.07,4.2699995
4.27,4.2699995
4.21,4.2699995
4.23,4.2699995
4.25,4.2699995
4.38,4.2699995
4.4,4.2699995
4.34,4.2699995
4.33,4.2699995
4.24,4.2699995
4.27,4.2699995
4.36,4.2699995
4.45,4.2699995
4.47,4.2699995
4.48,4.2699995
4.47,4.2699995
4.56,4.2699995
4.57,4.2699995
4.63,4.2699995
4.73,4.2699995
4.96,4.2699995
5.13,4.2699995
5.07,4.2699995
5.07,4.2699995
5.06,4.2699995
4.21,4.2699995
4.23,4.2699995
4.25,4.2699995
4.38,4.2699995
4.4,4.2699995
4.34,4.2699995
4.33,4.2699995
4.24,4.2699995
4.27,4.2699995
4.36,4.2699995
4.45,4.2699995
4.47,4.2699995
4.48,4.2699995
4.47,4.2699995
4.56,4.2699995
4.57,4.2699995
4.63,4.2699995
4.73,4.2699995
4.96,4.2699995
5.13,4.2699995
5.07,4.2699995
5.07,4.2699995
5.06,4.2699995
5.28,4.2699995
4.23,4.21
4.25,4.21
4.38,4.21
4.4,4.21
4.34,4.21
4.33,4.21
4.24,4.21
4.27,4.21
4.36,4.21
4.45,4.21
4.47,4.21
4.48,4.21
4.47,4.21
4.56,4.21
4.57,4.21
4.63,4.21
4.73,4.21
4.96,4.21
5.13,4.21
5.07,4.21
5.07,4.21
5.06,4.21
5.28,4.21
5.67,4.21
4.25,4.2300005
4.38,4.2300005
4.4,4.2300005
4.34,4.2300005
4.33,4.2300005
4.24,4.2300005
4.27,4.2300005
4.36,4.2300005
4.45,4.2300005
4.47,4.2300005
4.48,4.2300005
4.47,4.2300005
4.56,4.2300005
4.57,4.2300005
4.63,4.2300005
4.73,4.2300005
4.96,4.2300005
5.13,4.2300005
5.07,4.2300005
5.07,4.2300005
5.06,4.2300005
5.28,4.2300005
5.67,4.2300005
6.01,4.2300005
4.38,4.25
4.4,4.25
4.34,4.25
4.33,4.25
4.24,4.25
4.27,4.25
4.36,4.25
4.45,4.25
4.47,4.25
4.48,4.25
4.47,4.25
4.56,4.25
4.57,4.25
4.63,4.25
4.73,4.25
4.96,4.25
5.13,4.25
5.07,4.25
5.07,4.25
5.06,4.25
5.28,4.25
5.67,4.25
6.01,4.25
6.03,4.25
4.4,4.38
4.34,4.38
4.33,4.38
4.24,4.38
4.27,4.38
4.36,4.38
4.45,4.38
4.47,4.38
4.48,4.38
4.47,4.38
4.56,4.38
4.57,4.38
4.63,4.38
4.73,4.38
4.96,4.38
5.13,4.38
5.07,4.38
5.07,4.38
5.06,4.38
5.28,4.38
5.67,4.38
6.01,4.38
6.03,4.38
5.68,4.38
4.34,4.4000006
4.33,4.4000006
4.24,4.4000006
4.27,4.4000006
4.36,4.4000006
4.45,4.4000006
4.47,4.4000006
4.48,4.4000006
4.47,4.4000006
4.56,4.4000006
4.57,4.4000006
4.63,4.4000006
4.73,4.4000006
4.96,4.4000006
5.13,4.4000006
5.07,4.4000006
5.07,4.4000006
5.06,4.4000006
5.28,4.4000006
5.67,4.4000006
6.01,4.4000006
6.03,4.4000006
5.68,4.4000006
5.55,4.4000006
4.33,4.34
4.24,4.34
4.27,4.34
4.36,4.34
4.45,4.34
4.47,4.34
4.48,4.34
4.47,4.34
4.56,4.34
4.57,4.34
4.63,4.34
4.73,4.34
4.96,4.34
5.13,4.34
5.07,4.34
5.07,4.34
5.06,4.34
5.28,4.34
5.67,4.34
6.01,4.34
6.03,4.34
5.68,4.34
5.55,4.34
5.52,4.34
4.24,4.33
4.27,4.33
4.36,4.33
4.45,4.33
4.47,4.33
4.48,4.33
4.47,4.33
4.56,4.33
4.57,4.33
4.63,4.33
4.73,4.33
4.96,4.33
5.13,4.33
5.07,4.33
5.07,4.33
5.06,4.33
5.28,4.33
5.67,4.33
6.01,4.33
6.03,4.33
5.68,4.33
5.55,4.33
5.52,4.33
5.57,4.33
4.27,4.24
4.36,4.24
4.45,4.24
4.47,4.24
4.48,4.24
4.47,4.24
4.56,4.24
4.57,4.24
4.63,4.24
4.73,4.24
4.96,4.24
5.13,4.24
5.07,4.24
5.07,4.24
5.06,4.24
5.28,4.24
5.67,4.24
6.01,4.24
6.03,4.24
5.68,4.24
5.55,4.24
5.52,4.24
5.57,4.24
5.72,4.24
4.36,4.2699995
4.45,4.2699995
4.47,4.2699995
4.48,4.2699995
4.47,4.2699995
4.56,4.2699995
4.57,4.2699995
4.63,4.2699995
4.73,4.2699995
4.96,4.2699995
5.13,4.2699995
5.07,4.2699995
5.07,4.2699995
5.06,4.2699995
5.28,4.2699995
5.67,4.2699995
6.01,4.2699995
6.03,4.2699995
5.68,4.2699995
5.55,4.2699995
5.52,4.2699995
5.57,4.2699995
5.72,4.2699995
5.85,4.2699995
4.45,4.3599997
4.47,4.3599997
4.48,4.3599997
4.47,4.3599997
4.56,4.3599997
4.57,4.3599997
4.63,4.3599997
4.73,4.3599997
4.96,4.3599997
5.13,4.3599997
5.07,4.3599997
5.07,4.3599997
5.06,4.3599997
5.28,4.3599997
5.67,4.3599997
6.01,4.3599997
6.03,4.3599997
5.68,4.3599997
5.55,4.3599997
5.52,4.3599997
5.57,4.3599997
5.72,4.3599997
5.85,4.3599997
5.78,4.3599997
4.47,4.45
4.48,4.45
4.47,4.45
4.56,4.45
4.57,4.45
4.63,4.45
4.73,4.45
4.96,4.45
5.13,4.45
5.07,4.45
5.07,4.45
5.06,4.45
5.28,4.45
5.67,4.45
6.01,4.45
6.03,4.45
5.68,4.45
5.55,4.45
5.52,4.45
5.57,4.45
5.72,4.45
5.85,4.45
5.78,4.45
5.8,4.45
4.48,4.4700003
4.47,4.4700003
4.56,4.4700003
4.57,4.4700003
4.63,4.4700003
4.73,4.4700003
4.96,4.4700003
5.13,4.4700003
5.07,4.4700003
5.07,4.4700003
5.06,4.4700003
5.28,4.4700003
5.67,4.4700003
6.01,4.4700003
6.03,4.4700003
5.68,4.4700003
5.55,4.4700003
5.52,4.4700003
5.57,4.4700003
5.72,4.4700003
5.85,4.4700003
5.78,4.4700003
5.8,4.4700003
5.86,4.4700003
4.47,4.4800005
4.56,4.4800005
4.57,4.4800005
4.63,4.4800005
4.73,4.4800005
4.96,4.4800005
5.13,4.4800005
5.07,4.4800005
5.07,4.4800005
5.06,4.4800005
5.28,4.4800005
5.67,4.4800005
6.01,4.4800005
6.03,4.4800005
5.68,4.4800005
5.55,4.4800005
5.52,4.4800005
5.57,4.4800005
5.72,4.4800005
5.85,4.4800005
5.78,4.4800005
5.8,4.4800005
5.86,4.4800005
5.86,4.4800005
4.56,4.4700003
4.57,4.4700003
4.63,4.4700003
4.73,4.4700003
4.96,4.4700003
5.13,4.4700003
5.07,4.4700003
5.07,4.4700003
5.06,4.4700003
5.28,4.4700003
5.67,4.4700003
6.01,4.4700003
6.03,4.4700003
5.68,4.4700003
5.55,4.4700003
5.52,4.4700003
5.57,4.4700003
5.72,4.4700003
5.85,4.4700003
5.78,4.4700003
5.8,4.4700003
5.86,4.4700003
5.86,4.4700003
5.93,4.4700003
4.57,4.5600004
4.63,4.5600004
4.73,4.5600004
4.96,4.5600004
5.13,4.5600004
5.07,4.5600004
5.07,4.5600004
5.06,4.5600004
5.28,4.5600004
5.67,4.5600004
6.01,4.5600004
6.03,4.5600004
5.68,4.5600004
5.55,4.5600004
5.52,4.5600004
5.57,4.5600004
5.72,4.5600004
5.85,4.5600004
5.78,4.5600004
5.8,4.5600004
5.86,4.5600004
5.86,4.5600004
5.93,4.5600004
5.94,4.5600004
4.63,4.5700006
4.73,4.5700006
4.96,4.5700006
5.13,4.5700006
5.07,4.5700006
5.07,4.5700006
5.06,4.5700006
5.28,4.5700006
5.67,4.5700006
6.01,4.5700006
6.03,4.5700006
5.68,4.5700006
5.55,4.5700006
5.52,4.5700006
5.57,4.5700006
5.72,4.5700006
5.85,4.5700006
5.78,4.5700006
5.8,4.5700006
5.86,4.5700006
5.86,4.5700006
5.93,4.5700006
5.94,4.5700006
5.99,4.5700006
4.73,4.63
4.96,4.63
5.13,4.63
5.07,4.63
5.07,4.63
5.06,4.63
5.28,4.63
5.67,4.63
6.01,4.63
6.03,4.63
5.68,4.63
5.55,4.63
5.52,4.63
5.57,4.63
5.72,4.63
5.85,4.63
5.78,4.63
5.8,4.63
5.86,4.63
5.86,4.63
5.93,4.63
5.94,4.63
5.99,4.63
6.02,4.63
4.96,4.73
5.13,4.73
5.07,4.73
5.07,4.73
5.06,4.73
5.28,4.73
5.67,4.73
6.01,4.73
6.03,4.73
5.68,4.73
5.55,4.73
5.52,4.73
5.57,4.73
5.72,4.73
5.85,4.73
5.78,4.73
5.8,4.73
5.86,4.73
5.86,4.73
5.93,4.73
5.94,4.73
5.99,4.73
6.02,4.73
6.13,4.73
5.13,4.96
5.07,4.96
5.07,4.96
5.06,4.96
5.28,4.96
5.67,4.96
6.01,4.96
6.03,4.96
5.68,4.96
5.55,4.96
5.52,4.96
5.57,4.96
5.72,4.96
5.85,4.96
5.78,4.96
5.8,4.96
5.86,4.96
5.86,4.96
5.93,4.96
5.94,4.96
5.99,4.96
6.02,4.96
6.13,4.96
6.24,4.96
5.07,5.13
5.07,5.13
5.06,5.13
5.28,5.13
5.67,5.13
6.01,5.13
6.03,5.13
5.68,5.13
5.55,5.13
5.52,5.13
5.57,5.13
5.72,5.13
5.85,5.13
5.78,5.13
5.8,5.13
5.86,5.13
5.86,5.13
5.93,5.13
5.94,5.13
5.99,5.13
6.02,5.13
6.13,5.13
6.24,5.13
6.32,5.13
5.07,5.07
5.06,5.07
5.28,5.07
5.67,5.07
6.01,5.07
6.03,5.07
5.68,5.07
5.55,5.07
5.52,5.07
5.57,5.07
5.72,5.07
5.85,5.07
5.78,5.07
5.8,5.07
5.86,5.07
5.86,5.07
5.93,5.07
5.94,5.07
5.99,5.07
6.02,5.07
6.13,5.07
6.24,5.07
6.32,5.07
6.45,5.07
5.06,5.07
5.28,5.07
5.67,5.07
6.01,5.07
6.03,5.07
5.68,5.07
5.55,5.07
5.52,5.07
5.57,5.07
5.72,5.07
5.85,5.07
5.78,5.07
5.8,5.07
5.86,5.07
5.86,5.07
5.93,5.07
5.94,5.07
5.99,5.07
6.02,5.07
6.13,5.07
6.24,5.07
6.32,5.07
6.45,5.07
6.41,5.07
5.28,5.0599995
5.67,5.0599995
6.01,5.0599995
6.03,5.0599995
5.68,5.0599995
5.55,5.0599995
5.52,5.0599995
5.57,5.0599995
5.72,5.0599995
5.85,5.0599995
5.78,5.0599995
5.8,5.0599995
5.86,5.0599995
5.86,5.0599995
5.93,5.0599995
5.94,5.0599995
5.99,5.0599995
6.02,5.0599995
6.13,5.0599995
6.24,5.0599995
6.32,5.0599995
6.45,5.0599995
6.41,5.0599995
6.41,5.0599995
5.67,5.28
6.01,5.28
6.03,5.28
5.68,5.28
5.55,5.28
5.52,5.28
5.57,5.28
5.72,5.28
5.85,5.28
5.78,5.28
5.8,5.28
5.86,5.28
5.86,5.28
5.93,5.28
5.94,5.28
5.99,5.28
6.02,5.28
6.13,5.28
6.24,5.28
6.32,5.28
6.45,5.28
6.41,5.28
6.41,5.28
6.45,5.28
6.01,5.67
6.03,5.67
5.68,5.67
5.55,5.67
5.52,5.67
5.57,5.67
5.72,5.67
5.85,5.67
5.78,5.67
5.8,5.67
5.86,5.67
5.86,5.67
5.93,5.67
5.94,5.67
5.99,5.67
6.02,5.67
6.13,5.67
6.24,5.67
6.32,5.67
6.45,5.67
6.41,5.67
6.41,5.67
6.45,5.67
6.4,5.67
6.03,6.01
5.68,6.01
5.55,6.01
5.52,6.01
5.57,6.01
5.72,6.01
5.85,6.01
5.78,6.01
5.8,6.01
5.86,6.01
5.86,6.01
5.93,6.01
5.94,6.01
5.99,6.01
6.02,6.01
6.13,6.01
6.24,6.01
6.32,6.01
6.45,6.01
6.41,6.01
6.41,6.01
6.45,6.01
6.4,6.01
6.3,6.01
5.68,6.03
5.55,6.03
5.52,6.03
5.57,6.03
5.72,6.03
5.85,6.03
5.78,6.03
5.8,6.03
5.86,6.03
5.86,6.03
5.93,6.03
5.94,6.03
5.99,6.03
6.02,6.03
6.13,6.03
6.24,6.03
6.32,6.03
6.45,6.03
6.41,6.03
6.41,6.03
6.45,6.03
6.4,6.03
6.3,6.03
6.2,6.03
5.55,5.68
5.52,5.68
5.57,5.68
5.72,5.68
5.85,5.68
5.78,5.68
5.8,5.68
5.86,5.68
5.86,5.68
5.93,5.68
5.94,5.68
5.99,5.68
6.02,5.68
6.13,5.68
6.24,5.68
6.32,5.68
6.45,5.68
6.41,5.68
6.41,5.68
6.45,5.68
6.4,5.68
6.3,5.68
6.2,5.68
6.14,5.68
5.52,5.55
5.57,5.55
5.72,5.55
5.85,5.55
5.78,5.55
5.8,5.55
5.86,5.55
5.86,5.55
5.93,5.55
5.94,5.55
5.99,5.55
6.02,5.55
6.13,5.55
6.24,5.55
6.32,5.55
6.45,5.55
6.41,5.55
6.41,5.55
6.45,5.55
6.4,5.55
6.3,5.55
6.2,5.55
6.14,5.55
6.15,5.55
5.57,5.52
5.72,5.52
5.85,5.52
5.78,5.52
5.8,5.52
5.86,5.52
5.86,5.52
5.93,5.52
5.94,5.52
5.99,5.52
6.02,5.52
6.13,5.52
6.24,5.52
6.32,5.52
6.45,5.52
6.41,5.52
6.41,5.52
6.45,5.52
6.4,5.52
6.3,5.52
6.2,5.52
6.14,5.52
6.15,5.52
6.2,5.52
5.72,5.57
5.85,5.57
5.78,5.57
5.8,5.57
5.86,5.57
5.86,5.57
5.93,5.57
5.94,5.57
5.99,5.57
6.02,5.57
6.13,5.57
6.24,5.57
6.32,5.57
6.45,5.57
6.41,5.57
6.41,5.57
6.45,5.57
6.4,5.57
6.3,5.57
6.2,5.57
6.14,5.57
6.15,5.57
6.2,5.57
6.2,5.57
5.85,5.72
5.78,5.72
5.8,5.72
5.86,5.72
5.86,5.72
5.93,5.72
5.94,5.72
5.99,5.72
6.02,5.72
6.13,5.72
6.24,5.72
6.32,5.72
6.45,5.72
6.41,5.72
6.41,5.72
6.45,5.72
6.4,5.72
6.3,5.72
6.2,5.72
6.14,5.72
6.15,5.72
6.2,5.72
6.2,5.72
6.19,5.72
5.78,5.85
5.8,5.85
5.86,5.85
5.86,5.85
5.93,5.85
5.94,5.85
5.99,5.85
6.02,5.85
6.13,5.85
6.24,5.85
6.32,5.85
6.45,5.85
6.41,5.85
6.41,5.85
6.45,5.85
6.4,5.85
6.3,5.85
6.2,5.85
6.14,5.85
6.15,5.85
6.2,5.85
6.2,5.85
6.19,5.85
6.14,5.85
5.8,5.78
5.86,5.78
5.86,5.78
5.93,5.78
5.94,5.78
5.99,5.78
6.02,5.78
6.13,5.78
6.24,5.78
6.32,5.78
6.45,5.78
6.41,5.78
6.41,5.78
6.45,5.78
6.4,5.78
6.3,5.78
6.2,5.78
6.14,5.78
6.15,5.78
6.2,5.78
6.2,5.78
6.19,5.78
6.14,5.78
6.14,5.78
5.86,5.8
5.86,5.8
5.93,5.8
5.94,5.8
5.99,5.8
6.02,5.8
6.13,5.8
6.24,5.8
6.32,5.8
6.45,5.8
6.41,5.8
6.41,5.8
6.45,5.8
6.4,5.8
6.3,5.8
6.2,5.8
6.14,5.8
6.15,5.8
6.2,5.8
6.2,5.8
6.19,5.8
6.14,5.8
6.14,5.8
6.13,5.8
5.86,5.86
5.93,5.86
5.94,5.86
5.99,5.86
6.02,5.86
6.13,5.86
6.24,5.86
6.32,5.86
6.45,5.86
6.41,5.86
6.41,5.86
6.45,5.86
6.4,5.86
6.3,5.86
6.2,5.86
6.14,5.86
6.15,5.86
6.2,5.86
6.2,5.86
6.19,5.86
6.14,5.86
6.14,5.86
6.13,5.86
6.06,5.86
5.93,5.86
5.94,5.86
5.99,5.86
6.02,5.86
6.13,5.86
6.24,5.86
6.32,5.86
6.45,5.86
6.41,5.86
6.41,5.86
6.45,5.86
6.4,5.86
6.3,5.86
6.2,5.86
6.14,5.86
6.15,5.86
6.2,5.86
6.2,5.86
6.19,5.86
6.14,5.86
6.14,5.86
6.13,5.86
6.06,5.86
6.02,5.86
5.94,5.93
5.99,5.93
6.02,5.93
6.13,5.93
6.24,5.93
6.32,5.93
6.45,5.93
6.41,5.93
6.41,5.93
6.45,5.93
6.4,5.93
6.3,5.93
6.2,5.93
6.14,5.93
6.15,5.93
6.2,5.93
6.2,5.93
6.19,5.93
6.14,5.93
6.14,5.93
6.13,5.93
6.06,5.93
6.02,5.93
5.99,5.93
5.99,5.94
6.02,5.94
6.13,5.94
6.24,5.94
6.32,5.94
6.45,5.94
6.41,5.94
6.41,5.94
6.45,5.94
6.4,5.94
6.3,5.94
6.2,5.94
6.14,5.94
6.15,5.94
6.2,5.94
6.2,5.94
6.19,5.94
6.14,5.94
6.14,5.94
6.13,5.94
6.06,5.94
6.02,5.94
5.99,5.94
5.86,5.94
6.02,5.99
6.13,5.99
6.24,5.99
6.32,5.99
6.45,5.99
6.41,5.99
6.41,5.99
6.45,5.99
6.4,5.99
6.3,5.99
6.2,5.99
6.14,5.99
6.15,5.99
6.2,5.99
6.2,5.99
6.19,5.99
6.14,5.99
6.14,5.99
6.13,5.99
6.06,5.99
6.02,5.99
5.99,5.99
5.86,5.99
5.91,5.99
6.13,6.02
6.24,6.02
6.32,6.02
6.45,6.02
6.41,6.02
6.41,6.02
6.45,6.02
6.4,6.02
6.3,6.02
6.2,6.02
6.14,6.02
6.15,6.02
6.2,6.02
6.2,6.02
6.19,6.02
6.14,6.02
6.14,6.02
6.13,6.02
6.06,6.02
6.02,6.02
5.99,6.02
5.86,6.02
5.91,6.02
5.81,6.02
6.24,6.13
6.32,6.13
6.45,6.13
6.41,6.13
6.41,6.13
6.45,6.13
6.4,6.13
6.3,6.13
6.2,6.13
6.14,6.13
6.15,6.13
6.2,6.13
6.2,6.13
6.19,6.13
6.14,6.13
6.14,6.13
6.13,6.13
6.06,6.13
6.02,6.13
5.99,6.13
5.86,6.13
5.91,6.13
5.81,6.13
5.78,6.13
6.32,6.24
6.45,6.24
6.41,6.24
6.41,6.24
6.45,6.24
6.4,6.24
6.3,6.24
6.2,6.24
6.14,6.24
6.15,6.24
6.2,6.24
6.2,6.24
6.19,6.24
6.14,6.24
6.14,6.24
6.13,6.24
6.06,6.24
6.02,6.24
5.99,6.24
5.86,6.24
5.91,6.24
5.81,6.24
5.78,6.24
5.8,6.24
6.45,6.32
6.41,6.32
6.41,6.32
6.45,6.32
6.4,6.32
6.3,6.32
6.2,6.32
6.14,6.32
6.15,6.32
6.2,6.32
6.2,6.32
6.19,6.32
6.14,6.32
6.14,6.32
6.13,6.32
6.06,6.32
6.02,6.32
5.99,6.32
5.86,6.32
5.91,6.32
5.81,6.32
5.78,6.32
5.8,6.32
5.81,6.32
6.41,6.45
6.41,6.45
6.45,6.45
6.4,6.45
6.3,6.45
6.2,6.45
6.14,6.45
6.15,6.45
6.2,6.45
6.2,6.45
6.19,6.45
6.14,6.45
6.14,6.45
6.13,6.45
6.06,6.45
6.02,6.45
5.99,6.45
5.86,6.45
5.91,6.45
5.81,6.45
5.78,6.45
5.8,6.45
5.81,6.45
5.97,6.45
6.41,6.41
6.45,6.41
6.4,6.41
6.3,6.41
6.2,6.41
6.14,6.41
6.15,6.41
6.2,6.41
6.2,6.41
6.19,6.41
6.14,6.41
6.14,6.41
6.13,6.41
6.06,6.41
6.02,6.41
5.99,6.41
5.86,6.41
5.91,6.41
5.81,6.41
5.78,6.41
5.8,6.41
5.81,6.41
5.97,6.41
6.12,6.41
6.45,6.41
6.4,6.41
6.3,6.41
6.2,6.41
6.14,6.41
6.15,6.41
6.2,6.41
6.2,6.41
6.19,6.41
6.14,6.41
6.14,6.41
6.13,6.41
6.06,6.41
6.02,6.41
5.99,6.41
5.86,6.41
5.91,6.41
5.81,6.41
5.78,6.41
5.8,6.41
5.81,6.41
5.97,6.41
6.12,6.41
6.19,6.41
6.4,6.45
6.3,6.45
6.2,6.45
6.14,6.45
6.15,6.45
6.2,6.45
6.2,6.45
6.19,6.45
6.14,6.45
6.14,6.45
6.13,6.45
6.06,6.45
6.02,6.45
5.99,6.45
5.86,6.45
5.91,6.45
5.81,6.45
5.78,6.45
5.8,6.45
5.81,6.45
5.97,6.45
6.12,6.45
6.19,6.45
6.1,6.45
6.3,6.4
6.2,6.4
6.14,6.4
6.15,6.4
6.2,6.4
6.2,6.4
6.19,6.4
6.14,6.4
6.14,6.4
6.13,6.4
6.06,6.4
6.02,6.4
5.99,6.4
5.86,6.4
5.91,6.4
5.81,6.4
5.78,6.4
5.8,6.4
5.81,6.4
5.97,6.4
6.12,6.4
6.19,6.4
6.1,6.4
6.21,6.4
6.2,6.3
6.14,6.3
6.15,6.3
6.2,6.3
6.2,6.3
6.19,6.3
6.14,6.3
6.14,6.3
6.13,6.3
6.06,6.3
6.02,6.3
5.99,6.3
5.86,6.3
5.91,6.3
5.81,6.3
5.78,6.3
5.8,6.3
5.81,6.3
5.97,6.3
6.12,6.3
6.19,6.3
6.1,6.3
6.21,6.3
6.27,6.3
6.14,6.2
6.15,6.2
6.2,6.2
6.2,6.2
6.19,6.2
6.14,6.2
6.14,6.2
6.13,6.2
6.06,6.2
6.02,6.2
5.99,6.2
5.86,6.2
5.91,6.2
5.81,6.2
5.78,6.2
5.8,6.2
5.81,6.2
5.97,6.2
6.12,6.2
6.19,6.2
6.1,6.2
6.21,6.2
6.27,6.2
6.33,6.2
6.15,6.14
6.2,6.14
6.2,6.14
6.19,6.14
6.14,6.14
6.14,6.14
6.13,6.14
6.06,6.14
6.02,6.14
5.99,6.14
5.86,6.14
5.91,6.14
5.81,6.14
5.78,6.14
5.8,6.14
5.81,6.14
5.97,6.14
6.12,6.14
6.19,6.14
6.1,6.14
6.21,6.14
6.27,6.14
6.33,6.14
6.34,6.14
6.2,6.15
6.2,6.15
6.19,6.15
6.14,6.15
6.14,6.15
6.13,6.15
6.06,6.15
6.02,6.15
5.99,6.15
5.86,6.15
5.91,6.15
5.81,6.15
5.78,6.15
5.8,6.15
5.81,6.15
5.97,6.15
6.12,6.15
6.19,6.15
6.1,6.15
6.21,6.15
6.27,6.15
6.33,6.15
6.34,6.15
6.29,6.15
6.2,6.2
6.19,6.2
6.14,6.2
6.14,6.2
6.13,6.2
6.06,6.2
6.02,6.2
5.99,6.2
5.86,6.2
5.91,6.2
5.81,6.2
5.78,6.2
5.8,6.2
5.81,6.2
5.97,6.2
6.12,6.2
6.19,6.2
6.1,6.2
6.21,6.2
6.27,6.2
6.33,6.2
6.34,6.2
6.29,6.2
6.27,6.2
6.19,6.2
6.14,6.2
6.14,6.2
6.13,6.2
6.06,6.2
6.02,6.2
5.99,6.2
5.86,6.2
5.91,6.2
5.81,6.2
5.78,6.2
5.8,6.2
5.81,6.2
5.97,6.2
6.12,6.2
6.19,6.2
6.1,6.2
6.21,6.2
6.27,6.2
6.33,6.2
6.34,6.2
6.29,6.2
6.27,6.2
6.28,6.2
6.14,6.19
6.14,6.19
6.13,6.19
6.06,6.19
6.02,6.19
5.99,6.19
5.86,6.19
5.91,6.19
5.81,6.19
5.78,6.19
5.8,6.19
5.81,6.19
5.97,6.19
6.12,6.19
6.19,6.19
6.1,6.19
6.21,6.19
6.27,6.19
6.33,6.19
6.34,6.19
6.29,6.19
6.27,6.19
6.28,6.19
6.27,6.19
6.14,6.14
6.13,6.14
6.06,6.14
6.02,6.14
5.99,6.14
5.86,6.14
5.91,6.14
5.81,6.14
5.78,6.14
5.8,6.14
5.81,6.14
5.97,6.14
6.12,6.14
6.19,6.14
6.1,6.14
6.21,6.14
6.27,6.14
6.33,6.14
6.34,6.14
6.29,6.14
6.27,6.14
6.28,6.14
6.27,6.14
6.3,6.14
6.13,6.14
6.06,6.14
6.02,6.14
5.99,6.14
5.86,6.14
5.91,6.14
5.81,6.14
5.78,6.14
5.8,6.14
5.81,6.14
5.97,6.14
6.12,6.14
6.19,6.14
6.1,6.14
6.21,6.14
6.27,6.14
6.33,6.14
6.34,6.14
6.29,6.14
6.27,6.14
6.28,6.14
6.27,6.14
6.3,6.14
6.35,6.14
6.06,6.13
6.02,6.13
5.99,6.13
5.86,6.13
5.91,6.13
5.81,6.13
5.78,6.13
5.8,6.13
5.81,6.13
5.97,6.13
6.12,6.13
6.19,6.13
6.1,6.13
6.21,6.13
6.27,6.13
6.33,6.13
6.34,6.13
6.29,6.13
6.27,6.13
6.28,6.13
6.27,6.13
6.3,6.13
6.35,6.13
6.35,6.13
6.02,6.06
5.99,6.06
5.86,6.06
5.91,6.06
5.81,6.06
5.78,6.06
5.8,6.06
5.81,6.06
5.97,6.06
6.12,6.06
6.19,6.06
6.1,6.06
6.21,6.06
6.27,6.06
6.33,6.06
6.34,6.06
6.29,6.06
6.27,6.06
6.28,6.06
6.27,6.06
6.3,6.06
6.35,6.06
6.35,6.06
6.38,6.06
5.99,6.02
5.86,6.02
5.91,6.02
5.81,6.02
5.78,6.02
5.8,6.02
5.81,6.02
5.97,6.02
6.12,6.02
6.19,6.02
6.1,6.02
6.21,6.02
6.27,6.02
6.33,6.02
6.34,6.02
6.29,6.02
6.27,6.02
6.28,6.02
6.27,6.02
6.3,6.02
6.35,6.02
6.35,6.02
6.38,6.02
6.37,6.02
5.86,5.99
5.91,5.99
5.81,5.99
5.78,5.99
5.8,5.99
5.81,5.99
5.97,5.99
6.12,5.99
6.19,5.99
6.1,5.99
6.21,5.99
6.27,5.99
6.33,5.99
6.34,5.99
6.29,5.99
6.27,5.99
6.28,5.99
6.27,5.99
6.3,5.99
6.35,5.99
6.35,5.99
6.38,5.99
6.37,5.99
6.26,5.99
5.91,5.86
5.81,5.86
5.78,5.86
5.8,5.86
5.81,5.86
5.97,5.86
6.12,5.86
6.19,5.86
6.1,5.86
6.21,5.86
6.27,5.86
6.33,5.86
6.34,5.86
6.29,5.86
6.27,5.86
6.28,5.86
6.27,5.86
6.3,5.86
6.35,5.86
6.35,5.86
6.38,5.86
6.37,5.86
6.26,5.86
6.07,5.86
5.81,5.91
5.78,5.91
5.8,5.91
5.81,5.91
5.97,5.91
6.12,5.91
6.19,5.91
6.1,5.91
6.21,5.91
6.27,5.91
6.33,5.91
6.34,5.91
6.29,5.91
6.27,5.91
6.28,5.91
6.27,5.91
6.3,5.91
6.35,5.91
6.35,5.91
6.38,5.91
6.37,5.91
6.26,5.91
6.07,5.91
5.96,5.91
5.78,5.81
5.8,5.81
5.81,5.81
5.97,5.81
6.12,5.81
6.19,5.81
6.1,5.81
6.21,5.81
6.27,5.81
6.33,5.81
6.34,5.81
6.29,5.81
6.27,5.81
6.28,5.81
6.27,5.81
6.3,5.81
6.35,5.81
6.35,5.81
6.38,5.81
6.37,5.81
6.26,5.81
6.07,5.81
5.96,5.81
5.88,5.81
5.8,5.78
5.81,5.78
5.97,5.78
6.12,5.78
6.19,5.78
6.1,5.78
6.21,5.78
6.27,5.78
6.33,5.78
6.34,5.78
6.29,5.78
6.27,5.78
6.28,5.78
6.27,5.78
6.3,5.78
6.35,5.78
6.35,5.78
6.38,5.78
6.37,5.78
6.26,5.78
6.07,5.78
5.96,5.78
5.88,5.78
6.0,5.78
5.81,5.8
5.97,5.8
6.12,5.8
6.19,5.8
6.1,5.8
6.21,5.8
6.27,5.8
6.33,5.8
6.34,5.8
6.29,5.8
6.27,5.8
6.28,5.8
6.27,5.8
6.3,5.8
6.35,5.8
6.35,5.8
6.38,5.8
6.37,5.8
6.26,5.8
6.07,5.8
5.96,5.8
5.88,5.8
6.0,5.8
6.11,5.8
5.97,5.81
6.12,5.81
6.19,5.81
6.1,5.81
6.21,5.81
6.27,5.81
6.33,5.81
6.34,5.81
6.29,5.81
6.27,5.81
6.28,5.81
6.27,5.81
6.3,5.81
6.35,5.81
6.35,5.81
6.38,5.81
6.37,5.81
6.26,5.81
6.07,5.81
5.96,5.81
5.88,5.81
6.0,5.81
6.11,5.81
6.19,5.81
6.12,5.97
6.19,5.97
6.1,5.97
6.21,5.97
6.27,5.97
6.33,5.97
6.34,5.97
6.29,5.97
6.27,5.97
6.28,5.97
6.27,5.97
6.3,5.97
6.35,5.97
6.35,5.97
6.38,5.97
6.37,5.97
6.26,5.97
6.07,5.97
5.96,5.97
5.88,5.97
6.0,5.97
6.11,5.97
6.19,5.97
6.21,5.97
6.19,6.12
6.1,6.12
6.21,6.12
6.27,6.12
6.33,6.12
6.34,6.12
6.29,6.12
6.27,6.12
6.28,6.12
6.27,6.12
6.3,6.12
6.35,6.12
6.35,6.12
6.38,6.12
6.37,6.12
6.26,6.12
6.07,6.12
5.96,6.12
5.88,6.12
6.0,6.12
6.11,6.12
6.19,6.12
6.21,6.12
6.26,6.12
6.1,6.19
6.21,6.19
6.27,6.19
6.33,6.19
6.34,6.19
6.29,6.19
6.27,6.19
6.28,6.19
6.27,6.19
6.3,6.19
6.35,6.19
6.35,6.19
6.38,6.19
6.37,6.19
6.26,6.19
6.07,6.19
5.96,6.19
5.88,6.19
6.0,6.19
6.11,6.19
6.19,6.19
6.21,6.19
6.26,6.19
6.25,6.19
6.21,6.1
6.27,6.1
6.33,6.1
6.34,6.1
6.29,6.1
6.27,6.1
6.28,6.1
6.27,6.1
6.3,6.1
6.35,6.1
6.35,6.1
6.38,6.1
6.37,6.1
6.26,6.1
6.07,6.1
5.96,6.1
5.88,6.1
6.0,6.1
6.11,6.1
6.19,6.1
6.21,6.1
6.26,6.1
6.25,6.1
6.27,6.1
6.27,6.21
6.33,6.21
6.34,6.21
6.29,6.21
6.27,6.21
6.28,6.21
6.27,6.21
6.3,6.21
6.35,6.21
6.35,6.21
6.38,6.21
6.37,6.21
6.26,6.21
6.07,6.21
5.96,6.21
5.88,6.21
6.0,6.21
6.11,6.21
6.19,6.21
6.21,6.21
6.26,6.21
6.25,6.21
6.27,6.21
6.27,6.21
6.33,6.27
6.34,6.27
6.29,6.27
6.27,6.27
6.28,6.27
6.27,6.27
6.3,6.27
6.35,6.27
6.35,6.27
6.38,6.27
6.37,6.27
6.26,6.27
6.07,6.27
5.96,6.27
5.88,6.27
6.0,6.27
6.11,6.27
6.19,6.27
6.21,6.27
6.26,6.27
6.25,6.27
6.27,6.27
6.27,6.27
6.23,6.27
6.34,6.33
6.29,6.33
6.27,6.33
6.28,6.33
6.27,6.33
6.3,6.33
6.35,6.33
6.35,6.33
6.38,6.33
6.37,6.33
6.26,6.33
6.07,6.33
5.96,6.33
5.88,6.33
6.0,6.33
6.11,6.33
6.19,6.33
6.21,6.33
6.26,6.33
6.25,6.33
6.27,6.33
6.27,6.33
6.23,6.33
6.26,6.33
6.29,6.34
6.27,6.34
6.28,6.34
6.27,6.34
6.3,6.34
6.35,6.34
6.35,6.34
6.38,6.34
6.37,6.34
6.26,6.34
6.07,6.34
5.96,6.34
5.88,6.34
6.0,6.34
6.11,6.34
6.19,6.34
6.21,6.34
6.26,6.34
6.25,6.34
6.27,6.34
6.27,6.34
6.23,6.34
6.26,6.34
6.27,6.34
6.27,6.29
6.28,6.29
6.27,6.29
6.3,6.29
6.35,6.29
6.35,6.29
6.38,6.29
6.37,6.29
6.26,6.29
6.07,6.29
5.96,6.29
5.88,6.29
6.0,6.29
6.11,6.29
6.19,6.29
6.21,6.29
6.26,6.29
6.25,6.29
6.27,6.29
6.27,6.29
6.23,6.29
6.26,6.29
6.27,6.29
6.27,6.29
6.28,6.27
6.27,6.27
6.3,6.27
6.35,6.27
6.35,6.27
6.38,6.27
6.37,6.27
6.26,6.27
6.07,6.27
5.96,6.27
5.88,6.27
6.0,6.27
6.11,6.27
6.19,6.27
6.21,6.27
6.26,6.27
6.25,6.27
6.27,6.27
6.27,6.27
6.23,6.27
6.26,6.27
6.27,6.27
6.27,6.27
6.27,6.27
6.27,6.28
6.3,6.28
6.35,6.28
6.35,6.28
6.38,6.28
6.37,6.28
6.26,6.28
6.07,6.28
5.96,6.28
5.88,6.28
6.0,6.28
6.11,6.28
6.19,6.28
6.21,6.28
6.26,6.28
6.25,6.28
6.27,6.28
6.27,6.28
6.23,6.28
6.26,6.28
6.27,6.28
6.27,6.28
6.27,6.28
6.2,6.28
6.3,6.27
6.35,6.27
6.35,6.27
6.38,6.27
6.37,6.27
6.26,6.27
6.07,6.27
5.96,6.27
5.88,6.27
6.0,6.27
6.11,6.27
6.19,6.27
6.21,6.27
6.26,6.27
6.25,6.27
6.27,6.27
6.27,6.27
6.23,6.27
6.26,6.27
6.27,6.27
6.27,6.27
6.27,6.27
6.2,6.27
6.23,6.27
6.35,6.3
6.35,6.3
6.38,6.3
6.37,6.3
6.26,6.3
6.07,6.3
5.96,6.3
5.88,6.3
6.0,6.3
6.11,6.3
6.19,6.3
6.21,6.3
6.26,6.3
6.25,6.3
6.27,6.3
6.27,6.3
6.23,6.3
6.26,6.3
6.27,6.3
6.27,6.3
6.27,6.3
6.2,6.3
6.23,6.3
6.27,6.3
6.35,6.35
6.38,6.35
6.37,6.35
6.26,6.35
6.07,6.35
5.96,6.35
5.88,6.35
6.0,6.35
6.11,6.35
6.19,6.35
6.21,6.35
6.26,6.35
6.25,6.35
6.27,6.35
6.27,6.35
6.23,6.35
6.26,6.35
6.27,6.35
6.27,6.35
6.27,6.35
6.2,6.35
6.23,6.35
6.27,6.35
6.29,6.35
6.38,6.35
6.37,6.35
6.26,6.35
6.07,6.35
5.96,6.35
5.88,6.35
6.0,6.35
6.11,6.35
6.19,6.35
6.21,6.35
6.26,6.35
6.25,6.35
6.27,6.35
6.27,6.35
6.23,6.35
6.26,6.35
6.27,6.35
6.27,6.35
6.27,6.35
6.2,6.35
6.23,6.35
6.27,6.35
6.29,6.35
6.27,6.35
6.37,6.38
6.26,6.38
6.07,6.38
5.96,6.38
5.88,6.38
6.0,6.38
6.11,6.38
6.19,6.38
6.21,6.38
6.26,6.38
6.25,6.38
6.27,6.38
6.27,6.38
6.23,6.38
6.26,6.38
6.27,6.38
6.27,6.38
6.27,6.38
6.2,6.38
6.23,6.38
6.27,6.38
6.29,6.38
6.27,6.38
6.27,6.38
6.26,6.37
6.07,6.37
5.96,6.37
5.88,6.37
6.0,6.37
6.11,6.37
6.19,6.37
6.21,6.37
6.26,6.37
6.25,6.37
6.27,6.37
6.27,6.37
6.23,6.37
6.26,6.37
6.27,6.37
6.27,6.37
6.27,6.37
6.2,6.37
6.23,6.37
6.27,6.37
6.29,6.37
6.27,6.37
6.27,6.37
6.27,6.37
6.07,6.26
5.96,6.26
5.88,6.26
6.0,6.26
6.11,6.26
6.19,6.26
6.21,6.26
6.26,6.26
6.25,6.26
6.27,6.26
6.27,6.26
6.23,6.26
6.26,6.26
6.27,6.26
6.27,6.26
6.27,6.26
6.2,6.26
6.23,6.26
6.27,6.26
6.29,6.26
6.27,6.26
6.27,6.26
6.27,6.26
6.27,6.26
5.96,6.07
5.88,6.07
6.0,6.07
6.11,6.07
6.19,6.07
6.21,6.07
6.26,6.07
6.25,6.07
6.27,6.07
6.27,6.07
6.23,6.07
6.26,6.07
6.27,6.07
6.27,6.07
6.27,6.07
6.2,6.07
6.23,6.07
6.27,6.07
6.29,6.07
6.27,6.07
6.27,6.07
6.27,6.07
6.27,6.07
6.27,6.07
5.88,5.96
6.0,5.96
6.11,5.96
6.19,5.96
6.21,5.96
6.26,5.96
6.25,5.96
6.27,5.96
6.27,5.96
6.23,5.96
6.26,5.96
6.27,5.96
6.27,5.96
6.27,5.96
6.2,5.96
6.23,5.96
6.27,5.96
6.29,5.96
6.27,5.96
6.27,5.96
6.27,5.96
6.27,5.96
6.27,5.96
6.21,5.96
6.0,5.88
6.11,5.88
6.19,5.88
6.21,5.88
6.26,5.88
6.25,5.88
6.27,5.88
6.27,5.88
6.23,5.88
6.26,5.88
6.27,5.88
6.27,5.88
6.27,5.88
6.2,5.88
6.23,5.88
6.27,5.88
6.29,5.88
6.27,5.88
6.27,5.88
6.27,5.88
6.27,5.88
6.27,5.88
6.21,5.88
6.2,5.88
6.11,6.0
6.19,6.0
6.21,6.0
6.26,6.0
6.25,6.0
6.27,6.0
6.27,6.0
6.23,6.0
6.26,6.0
6.27,6.0
6.27,6.0
6.27,6.0
6.2,6.0
6.23,6.0
6.27,6.0
6.29,6.0
6.27,6.0
6.27,6.0
6.27,6.0
6.27,6.0
6.27,6.0
6.21,6.0
6.2,6.0
6.2,6.0
6.19,6.11
6.21,6.11
6.26,6.11
6.25,6.11
6.27,6.11
6.27,6.11
6.23,6.11
6.26,6.11
6.27,6.11
6.27,6.11
6.27,6.11
6.2,6.11
6.23,6.11
6.27,6.11
6.29,6.11
6.27,6.11
6.27,6.11
6.27,6.11
6.27,6.11
6.27,6.11
6.21,6.11
6.2,6.11
6.2,6.11
6.16,6.11
6.21,6.19
6.26,6.19
6.25,6.19
6.27,6.19
6.27,6.19
6.23,6.19
6.26,6.19
6.27,6.19
6.27,6.19
6.27,6.19
6.2,6.19
6.23,6.19
6.27,6.19
6.29,6.19
6.27,6.19
6.27,6.19
6.27,6.19
6.27,6.19
6.27,6.19
6.21,6.19
6.2,6.19
6.2,6.19
6.16,6.19
6.14,6.19
6.26,6.21
6.25,6.21
6.27,6.21
6.27,6.21
6.23,6.21
6.26,6.21
6.27,6.21
6.27,6.21
6.27,6.21
6.2,6.21
6.23,6.21
6.27,6.21
6.29,6.21
6.27,6.21
6.27,6.21
6.27,6.21
6.27,6.21
6.27,6.21
6.21,6.21
6.2,6.21
6.2,6.21
6.16,6.21
6.14,6.21
6.12,6.21
6.25,6.26
6.27,6.26
6.27,6.26
6.23,6.26
6.26,6.26
6.27,6.26
6.27,6.26
6.27,6.26
6.2,6.26
6.23,6.26
6.27,6.26
6.29,6.26
6.27,6.26
6.27,6.26
6.27,6.26
6.27,6.26
6.27,6.26
6.21,6.26
6.2,6.26
6.2,6.26
6.16,6.26
6.14,6.26
6.12,6.26
6.07,6.26
6.27,6.25
6.27,6.25
6.23,6.25
6.26,6.25
6.27,6.25
6.27,6.25
6.27,6.25
6.2,6.25
6.23,6.25
6.27,6.25
6.29,6.25
6.27,6.25
6.27,6.25
6.27,6.25
6.27,6.25
6.27,6.25
6.21,6.25
6.2,6.25
6.2,6.25
6.16,6.25
6.14,6.25
6.12,6.25
6.07,6.25
6.09,6.25
6.27,6.27
6.23,6.27
6.26,6.27
6.27,6.27
6.27,6.27
6.27,6.27
6.2,6.27
6.23,6.27
6.27,6.27
6.29,6.27
6.27,6.27
6.27,6.27
6.27,6.27
6.27,6.27
6.27,6.27
6.21,6.27
6.2,6.27
6.2,6.27
6.16,6.27
6.14,6.27
6.12,6.27
6.07,6.27
6.09,6.27
6.09,6.27
6.23,6.27
6.26,6.27
6.27,6.27
6.27,6.27
6.27,6.27
6.2,6.27
6.23,6.27
6.27,6.27
6.29,6.27
6.27,6.27
6.27,6.27
6.27,6.27
6.27,6.27
6.27,6.27
6.21,6.27
6.2,6.27
6.2,6.27
6.16,6.27
6.14,6.27
6.12,6.27
6.07,6.27
6.09,6.27
6.09,6.27
6.05,6.27
6.26,6.23
6.27,6.23
6.27,6.23
6.27,6.23
6.2,6.23
6.23,6.23
6.27,6.23
6.29,6.23
6.27,6.23
6.27,6.23
6.27,6.23
6.27,6.23
6.27,6.23
6.21,6.23
6.2,6.23
6.2,6.23
6.16,6.23
6.14,6.23
6.12,6.23
6.07,6.23
6.09,6.23
6.09,6.23
6.05,6.23
5.99,6.23
6.27,6.26
6.27,6.26
6.27,6.26
6.2,6.26
6.23,6.26
6.27,6.26
6.29,6.26
6.27,6.26
6.27,6.26
6.27,6.26
6.27,6.26
6.27,6.26
6.21,6.26
6.2,6.26
6.2,6.26
6.16,6.26
6.14,6.26
6.12,6.26
6.07,6.26
6.09,6.26
6.09,6.26
6.05,6.26
5.99,6.26
5.89,6.26
6.27,6.27
6.27,6.27
6.2,6.27
6.23,6.27
6.27,6.27
6.29,6.27
6.27,6.27
6.27,6.27
6.27,6.27
6.27,6.27
6.27,6.27
6.21,6.27
6.2,6.27
6.2,6.27
6.16,6.27
6.14,6.27
6.12,6.27
6.07,6.27
6.09,6.27
6.09,6.27
6.05,6.27
5.99,6.27
5.89,6.27
5.8,6.27
6.27,6.27
6.2,6.27
6.23,6.27
6.27,6.27
6.29,6.27
6.27,6.27
6.27,6.27
6.27,6.27
6.27,6.27
6.27,6.27
6.21,6.27
6.2,6.27
6.2,6.27
6.16,6.27
6.14,6.27
6.12,6.27
6.07,6.27
6.09,6.27
6.09,6.27
6.05,6.27
5.99,6.27
5.89,6.27
5.8,6.27
5.73,6.27
6.2,6.27
6.23,6.27
6.27,6.27
6.29,6.27
6.27,6.27
6.27,6.27
6.27,6.27
6.27,6.27
6.27,6.27
6.21,6.27
6.2,6.27
6.2,6.27
6.16,6.27
6.14,6.27
6.12,6.27
6.07,6.27
6.09,6.27
6.09,6.27
6.05,6.27
5.99,6.27
5.89,6.27
5.8,6.27
5.73,6.27
5.67,6.27
6.23,6.2
6.27,6.2
6.29,6.2
6.27,6.2
6.27,6.2
6.27,6.2
6.27,6.2
6.27,6.2
6.21,6.2
6.2,6.2
6.2,6.2
6.16,6.2
6.14,6.2
6.12,6.2
6.07,6.2
6.09,6.2
6.09,6.2
6.05,6.2
5.99,6.2
5.89,6.2
5.8,6.2
5.73,6.2
5.67,6.2
5.63,6.2
6.27,6.23
6.29,6.23
6.27,6.23
6.27,6.23
6.27,6.23
6.27,6.23
6.27,6.23
6.21,6.23
6.2,6.23
6.2,6.23
6.16,6.23
6.14,6.23
6.12,6.23
6.07,6.23
6.09,6.23
6.09,6.23
6.05,6.23
5.99,6.23
5.89,6.23
5.8,6.23
5.73,6.23
5.67,6.23
5.63,6.23
5.55,6.23
6.29,6.27
6.27,6.27
6.27,6.27
6.27,6.27
6.27,6.27
6.27,6.27
6.21,6.27
6.2,6.27
6.2,6.27
6.16,6.27
6.14,6.27
6.12,6.27
6.07,6.27
6.09,6.27
6.09,6.27
6.05,6.27
5.99,6.27
5.89,6.27
5.8,6.27
5.73,6.27
5.67,6.27
5.63,6.27
5.55,6.27
5.47,6.27
6.27,6.29
6.27,6.29
6.27,6.29
6.27,6.29
6.27,6.29
6.21,6.29
6.2,6.29
6.2,6.29
6.16,6.29
6.14,6.29
6.12,6.29
6.07,6.29
6.09,6.29
6.09,6.29
6.05,6.29
5.99,6.29
5.89,6.29
5.8,6.29
5.73,6.29
5.67,6.29
5.63,6.29
5.55,6.29
5.47,6.29
5.47,6.29
6.27,6.27
6.27,6.27
6.27,6.27
6.27,6.27
6.21,6.27
6.2,6.27
6.2,6.27
6.16,6.27
6.14,6.27
6.12,6.27
6.07,6.27
6.09,6.27
6.09,6.27
6.05,6.27
5.99,6.27
5.89,6.27
5.8,6.27
5.73,6.27
5.67,6.27
5.63,6.27
5.55,6.27
5.47,6.27
5.47,6.27
5.41,6.27
6.27,6.27
6.27,6.27
6.27,6.27
6.21,6.27
6.2,6.27
6.2,6.27
6.16,6.27
6.14,6.27
6.12,6.27
6.07,6.27
6.09,6.27
6.09,6.27
6.05,6.27
5.99,6.27
5.89,6.27
5.8,6.27
5.73,6.27
5.67,6.27
5.63,6.27
5.55,6.27
5.47,6.27
5.47,6.27
5.41,6.27
5.39,6.27
6.27,6.27
6.27,6.27
6.21,6.27
6.2,6.27
6.2,6.27
6.16,6.27
6.14,6.27
6.12,6.27
6.07,6.27
6.09,6.27
6.09,6.27
6.05,6.27
5.99,6.27
5.89,6.27
5.8,6.27
5.73,6.27
5.67,6.27
5.63,6.27
5.55,6.27
5.47,6.27
5.47,6.27
5.41,6.27
5.39,6.27
5.35,6.27
6.27,6.27
6.21,6.27
6.2,6.27
6.2,6.27
6.16,6.27
6.14,6.27
6.12,6.27
6.07,6.27
6.09,6.27
6.09,6.27
6.05,6.27
5.99,6.27
5.89,6.27
5.8,6.27
5.73,6.27
5.67,6.27
5.63,6.27
5.55,6.27
5.47,6.27
5.47,6.27
5.41,6.27
5.39,6.27
5.35,6.27
5.34,6.27
6.21,6.27
6.2,6.27
6.2,6.27
6.16,6.27
6.14,6.27
6.12,6.27
6.07,6.27
6.09,6.27
6.09,6.27
6.05,6.27
5.99,6.27
5.89,6.27
5.8,6.27
5.73,6.27
5.67,6.27
5.63,6.27
5.55,6.27
5.47,6.27
5.47,6.27
5.41,6.27
5.39,6.27
5.35,6.27
5.34,6.27
5.32,6.27
6.2,6.21
6.2,6.21
6.16,6.21
6.14,6.21
6.12,6.21
6.07,6.21
6.09,6.21
6.09,6.21
6.05,6.21
5.99,6.21
5.89,6.21
5.8,6.21
5.73,6.21
5.67,6.21
5.63,6.21
5.55,6.21
5.47,6.21
5.47,6.21
5.41,6.21
5.39,6.21
5.35,6.21
5.34,6.21
5.32,6.21
5.27,6.21
6.2,6.2
6.16,6.2
6.14,6.2
6.12,6.2
6.07,6.2
6.09,6.2
6.09,6.2
6.05,6.2
5.99,6.2
5.89,6.2
5.8,6.2
5.73,6.2
5.67,6.2
5.63,6.2
5.55,6.2
5.47,6.2
5.47,6.2
5.41,6.2
5.39,6.2
5.35,6.2
5.34,6.2
5.32,6.2
5.27,6.2
5.26,6.2
6.16,6.2
6.14,6.2
6.12,6.2
6.07,6.2
6.09,6.2
6.09,6.2
6.05,6.2
5.99,6.2
5.89,6.2
5.8,6.2
5.73,6.2
5.67,6.2
5.63,6.2
5.55,6.2
5.47,6.2
5.47,6.2
5.41,6.2
5.39,6.2
5.35,6.2
5.34,6.2
5.32,6.2
5.27,6.2
5.26,6.2
5.2,6.2
6.14,6.16
6.12,6.16
6.07,6.16
6.09,6.16
6.09,6.16
6.05,6.16
5.99,6.16
5.89,6.16
5.8,6.16
5.73,6.16
5.67,6.16
5.63,6.16
5.55,6.16
5.47,6.16
5.47,6.16
5.41,6.16
5.39,6.16
5.35,6.16
5.34,6.16
5.32,6.16
5.27,6.16
5.26,6.16
5.2,6.16
5.16,6.16
6.12,6.14
6.07,6.14
6.09,6.14
6.09,6.14
6.05,6.14
5.99,6.14
5.89,6.14
5.8,6.14
5.73,6.14
5.67,6.14
5.63,6.14
5.55,6.14
5.47,6.14
5.47,6.14
5.41,6.14
5.39,6.14
5.35,6.14
5.34,6.14
5.32,6.14
5.27,6.14
5.26,6.14
5.2,6.14
5.16,6.14
5.09,6.14
6.07,6.12
6.09,6.12
6.09,6.12
6.05,6.12
5.99,6.12
5.89,6.12
5.8,6.12
5.73,6.12
5.67,6.12
5.63,6.12
5.55,6.12
5.47,6.12
5.47,6.12
5.41,6.12
5.39,6.12
5.35,6.12
5.34,6.12
5.32,6.12
5.27,6.12
5.26,6.12
5.2,6.12
5.16,6.12
5.09,6.12
4.96,6.12
6.09,6.07
6.09,6.07
6.05,6.07
5.99,6.07
5.89,6.07
5.8,6.07
5.73,6.07
5.67,6.07
5.63,6.07
5.55,6.07
5.47,6.07
5.47,6.07
5.41,6.07
5.39,6.07
5.35,6.07
5.34,6.07
5.32,6.07
5.27,6.07
5.26,6.07
5.2,6.07
5.16,6.07
5.09,6.07
4.96,6.07
4.86,6.07
6.09,6.09
6.05,6.09
5.99,6.09
5.89,6.09
5.8,6.09
5.73,6.09
5.67,6.09
5.63,6.09
5.55,6.09
5.47,6.09
5.47,6.09
5.41,6.09
5.39,6.09
5.35,6.09
5.34,6.09
5.32,6.09
5.27,6.09
5.26,6.09
5.2,6.09
5.16,6.09
5.09,6.09
4.96,6.09
4.86,6.09
4.75,6.09
6.05,6.09
5.99,6.09
5.89,6.09
5.8,6.09
5.73,6.09
5.67,6.09
5.63,6.09
5.55,6.09
5.47,6.09
5.47,6.09
5.41,6.09
5.39,6.09
5.35,6.09
5.34,6.09
5.32,6.09
5.27,6.09
5.26,6.09
5.2,6.09
5.16,6.09
5.09,6.09
4.96,6.09
4.86,6.09
4.75,6.09
4.67,6.09
5.99,6.05
5.89,6.05
5.8,6.05
5.73,6.05
5.67,6.05
5.63,6.05
5.55,6.05
5.47,6.05
5.47,6.05
5.41,6.05
5.39,6.05
5.35,6.05
5.34,6.05
5.32,6.05
5.27,6.05
5.26,6.05
5.2,6.05
5.16,6.05
5.09,6.05
4.96,6.05
4.86,6.05
4.75,6.05
4.67,6.05
4.67,6.05
5.89,5.99
5.8,5.99
5.73,5.99
5.67,5.99
5.63,5.99
5.55,5.99
5.47,5.99
5.47,5.99
5.41,5.99
5.39,5.99
5.35,5.99
5.34,5.99
5.32,5.99
5.27,5.99
5.26,5.99
5.2,5.99
5.16,5.99
5.09,5.99
4.96,5.99
4.86,5.99
4.75,5.99
4.67,5.99
4.67,5.99
4.67,5.99
5.8,5.89
5.73,5.89
5.67,5.89
5.63,5.89
5.55,5.89
5.47,5.89
5.47,5.89
5.41,5.89
5.39,5.89
5.35,5.89
5.34,5.89
5.32,5.89
5.27,5.89
5.26,5.89
5.2,5.89
5.16,5.89
5.09,5.89
4.96,5.89
4.86,5.89
4.75,5.89
4.67,5.89
4.67,5.89
4.67,5.89
4.64,5.89
5.73,5.8
5.67,5.8
5.63,5.8
5.55,5.8
5.47,5.8
5.47,5.8
5.41,5.8
5.39,5.8
5.35,5.8
5.34,5.8
5.32,5.8
5.27,5.8
5.26,5.8
5.2,5.8
5.16,5.8
5.09,5.8
4.96,5.8
4.86,5.8
4.75,5.8
4.67,5.8
4.67,5.8
4.67,5.8
4.64,5.8
4.66,5.8
5.67,5.73
5.63,5.73
5.55,5.73
5.47,5.73
5.47,5.73
5.41,5.73
5.39,5.73
5.35,5.73
5.34,5.73
5.32,5.73
5.27,5.73
5.26,5.73
5.2,5.73
5.16,5.73
5.09,5.73
4.96,5.73
4.86,5.73
4.75,5.73
4.67,5.73
4.67,5.73
4.67,5.73
4.64,5.73
4.66,5.73
4.65,5.73
5.63,5.67
5.55,5.67
5.47,5.67
5.47,5.67
5.41,5.67
5.39,5.67
5.35,5.67
5.34,5.67
5.32,5.67
5.27,5.67
5.26,5.67
5.2,5.67
5.16,5.67
5.09,5.67
4.96,5.67
4.86,5.67
4.75,5.67
4.67,5.67
4.67,5.67
4.67,5.67
4.64,5.67
4.66,5.67
4.65,5.67
4.67,5.67
5.55,5.63
5.47,5.63
5.47,5.63
5.41,5.63
5.39,5.63
5.35,5.63
5.34,5.63
5.32,5.63
5.27,5.63
5.26,5.63
5.2,5.63
5.16,5.63
5.09,5.63
4.96,5.63
4.86,5.63
4.75,5.63
4.67,5.63
4.67,5.63
4.67,5.63
4.64,5.63
4.66,5.63
4.65,5.63
4.67,5.63
4.67,5.63
5.47,5.55
5.47,5.55
5.41,5.55
5.39,5.55
5.35,5.55
5.34,5.55
5.32,5.55
5.27,5.55
5.26,5.55
5.2,5.55
5.16,5.55
5.09,5.55
4.96,5.55
4.86,5.55
4.75,5.55
4.67,5.55
4.67,5.55
4.67,5.55
4.64,5.55
4.66,5.55
4.65,5.55
4.67,5.55
4.67,5.55
4.67,5.55
5.47,5.47
5.41,5.47
5.39,5.47
5.35,5.47
5.34,5.47
5.32,5.47
5.27,5.47
5.26,5.47
5.2,5.47
5.16,5.47
5.09,5.47
4.96,5.47
4.86,5.47
4.75,5.47
4.67,5.47
4.67,5.47
4.67,5.47
4.64,5.47
4.66,5.47
4.65,5.47
4.67,5.47
4.67,5.47
4.67,5.47
4.68,5.47
5.41,5.47
5.39,5.47
5.35,5.47
5.34,5.47
5.32,5.47
5.27,5.47
5.26,5.47
5.2,5.47
5.16,5.47
5.09,5.47
4.96,5.47
4.86,5.47
4.75,5.47
4.67,5.47
4.67,5.47
4.67,5.47
4.64,5.47
4.66,5.47
4.65,5.47
4.67,5.47
4.67,5.47
4.67,5.47
4.68,5.47
4.73,5.47
5.39,5.41
5.35,5.41
5.34,5.41
5.32,5.41
5.27,5.41
5.26,5.41
5.2,5.41
5.16,5.41
5.09,5.41
4.96,5.41
4.86,5.41
4.75,5.41
4.67,5.41
4.67,5.41
4.67,5.41
4.64,5.41
4.66,5.41
4.65,5.41
4.67,5.41
4.67,5.41
4.67,5.41
4.68,5.41
4.73,5.41
4.73,5.41
5.35,5.39
5.34,5.39
5.32,5.39
5.27,5.39
5.26,5.39
5.2,5.39
5.16,5.39
5.09,5.39
4.96,5.39
4.86,5.39
4.75,5.39
4.67,5.39
4.67,5.39
4.67,5.39
4.64,5.39
4.66,5.39
4.65,5.39
4.67,5.39
4.67,5.39
4.67,5.39
4.68,5.39
4.73,5.39
4.73,5.39
4.73,5.39
5.34,5.35
5.32,5.35
5.27,5.35
5.26,5.35
5.2,5.35
5.16,5.35
5.09,5.35
4.96,5.35
4.86,5.35
4.75,5.35
4.67,5.35
4.67,5.35
4.67,5.35
4.64,5.35
4.66,5.35
4.65,5.35
4.67,5.35
4.67,5.35
4.67,5.35
4.68,5.35
4.73,5.35
4.73,5.35
4.73,5.35
4.74,5.35
5.32,5.34
5.27,5.34
5.26,5.34
5.2,5.34
5.16,5.34
5.09,5.34
4.96,5.34
4.86,5.34
4.75,5.34
4.67,5.34
4.67,5.34
4.67,5.34
4.64,5.34
4.66,5.34
4.65,5.34
4.67,5.34
4.67,5.34
4.67,5.34
4.68,5.34
4.73,5.34
4.73,5.34
4.73,5.34
4.74,5.34
4.79,5.34
5.27,5.32
5.26,5.32
5.2,5.32
5.16,5.32
5.09,5.32
4.96,5.32
4.86,5.32
4.75,5.32
4.67,5.32
4.67,5.32
4.67,5.32
4.64,5.32
4.66,5.32
4.65,5.32
4.67,5.32
4.67,5.32
4.67,5.32
4.68,5.32
4.73,5.32
4.73,5.32
4.73,5.32
4.74,5.32
4.79,5.32
4.8,5.32
5.26,5.27
5.2,5.27
5.16,5.27
5.09,5.27
4.96,5.27
4.86,5.27
4.75,5.27
4.67,5.27
4.67,5.27
4.67,5.27
4.64,5.27
4.66,5.27
4.65,5.27
4.67,5.27
4.67,5.27
4.67,5.27
4.68,5.27
4.73,5.27
4.73,5.27
4.73,5.27
4.74,5.27
4.79,5.27
4.8,5.27
4.83,5.27
5.2,5.26
5.16,5.26
5.09,5.26
4.96,5.26
4.86,5.26
4.75,5.26
4.67,5.26
4.67,5.26
4.67,5.26
4.64,5.26
4.66,5.26
4.65,5.26
4.67,5.26
4.67,5.26
4.67,5.26
4.68,5.26
4.73,5.26
4.73,5.26
4.73,5.26
4.74,5.26
4.79,5.26
4.8,5.26
4.83,5.26
4.91,5.26
5.16,5.2
5.09,5.2
4.96,5.2
4.86,5.2
4.75,5.2
4.67,5.2
4.67,5.2
4.67,5.2
4.64,5.2
4.66,5.2
4.65,5.2
4.67,5.2
4.67,5.2
4.67,5.2
4.68,5.2
4.73,5.2
4.73,5.2
4.73,5.2
4.74,5.2
4.79,5.2
4.8,5.2
4.83,5.2
4.91,5.2
4.94,5.2
5.09,5.16
4.96,5.16
4.86,5.16
4.75,5.16
4.67,5.16
4.67,5.16
4.67,5.16
4.64,5.16
4.66,5.16
4.65,5.16
4.67,5.16
4.67,5.16
4.67,5.16
4.68,5.16
4.73,5.16
4.73,5.16
4.73,5.16
4.74,5.16
4.79,5.16
4.8,5.16
4.83,5.16
4.91,5.16
4.94,5.16
4.97,5.16
4.96,5.09
4.86,5.09
4.75,5.09
4.67,5.09
4.67,5.09
4.67,5.09
4.64,5.09
4.66,5.09
4.65,5.09
4.67,5.09
4.67,5.09
4.67,5.09
4.68,5.09
4.73,5.09
4.73,5.09
4.73,5.09
4.74,5.09
4.79,5.09
4.8,5.09
4.83,5.09
4.91,5.09
4.94,5.09
4.97,5.09
4.98,5.09
4.86,4.96
4.75,4.96
4.67,4.96
4.67,4.96
4.67,4.96
4.64,4.96
4.66,4.96
4.65,4.96
4.67,4.96
4.67,4.96
4.67,4.96
4.68,4.96
4.73,4.96
4.73,4.96
4.73,4.96
4.74,4.96
4.79,4.96
4.8,4.96
4.83,4.96
4.91,4.96
4.94,4.96
4.97,4.96
4.98,4.96
5.01,4.96
4.75,4.8599997
4.67,4.8599997
4.67,4.8599997
4.67,4.8599997
4.64,4.8599997
4.66,4.8599997
4.65,4.8599997
4.67,4.8599997
4.67,4.8599997
4.67,4.8599997
4.68,4.8599997
4.73,4.8599997
4.73,4.8599997
4.73,4.8599997
4.74,4.8599997
4.79,4.8599997
4.8,4.8599997
4.83,4.8599997
4.91,4.8599997
4.94,4.8599997
4.97,4.8599997
4.98,4.8599997
5.01,4.8599997
5.07,4.8599997
4.67,4.75
4.67,4.75
4.67,4.75
4.64,4.75
4.66,4.75
4.65,4.75
4.67,4.75
4.67,4.75
4.67,4.75
4.68,4.75
4.73,4.75
4.73,4.75
4.73,4.75
4.74,4.75
4.79,4.75
4.8,4.75
4.83,4.75
4.91,4.75
4.94,4.75
4.97,4.75
4.98,4.75
5.01,4.75
5.07,4.75
5.07,4.75
4.67,4.67
4.67,4.67
4.64,4.67
4.66,4.67
4.65,4.67
4.67,4.67
4.67,4.67
4.67,4.67
4.68,4.67
4.73,4.67
4.73,4.67
4.73,4.67
4.74,4.67
4.79,4.67
4.8,4.67
4.83,4.67
4.91,4.67
4.94,4.67
4.97,4.67
4.98,4.67
5.01,4.67
5.07,4.67
5.07,4.67
5.13,4.67
4.67,4.67
4.64,4.67
4.66,4.67
4.65,4.67
4.67,4.67
4.67,4.67
4.67,4.67
4.68,4.67
4.73,4.67
4.73,4.67
4.73,4.67
4.74,4.67
4.79,4.67
4.8,4.67
4.83,4.67
4.91,4.67
4.94,4.67
4.97,4.67
4.98,4.67
5.01,4.67
5.07,4.67
5.07,4.67
5.13,4.67
5.15,4.67
4.64,4.67
4.66,4.67
4.65,4.67
4.67,4.67
4.67,4.67
4.67,4.67
4.68,4.67
4.73,4.67
4.73,4.67
4.73,4.67
4.74,4.67
4.79,4.67
4.8,4.67
4.83,4.67
4.91,4.67
4.94,4.67
4.97,4.67
4.98,4.67
5.01,4.67
5.07,4.67
5.07,4.67
5.13,4.67
5.15,4.67
5.24,4.67
4.66,4.6400003
4.65,4.6400003
4.67,4.6400003
4.67,4.6400003
4.67,4.6400003
4.68,4.6400003
4.73,4.6400003
4.73,4.6400003
4.73,4.6400003
4.74,4.6400003
4.79,4.6400003
4.8,4.6400003
4.83,4.6400003
4.91,4.6400003
4.94,4.6400003
4.97,4.6400003
4.98,4.6400003
5.01,4.6400003
5.07,4.6400003
5.07,4.6400003
5.13,4.6400003
5.15,4.6400003
5.24,4.6400003
5.32,4.6400003
4.65,4.66
4.67,4.66
4.67,4.66
4.67,4.66
4.68,4.66
4.73,4.66
4.73,4.66
4.73,4.66
4.74,4.66
4.79,4.66
4.8,4.66
4.83,4.66
4.91,4.66
4.94,4.66
4.97,4.66
4.98,4.66
5.01,4.66
5.07,4.66
5.07,4.66
5.13,4.66
5.15,4.66
5.24,4.66
5.32,4.66
5.33,4.66
4.67,4.6500006
4.67,4.6500006
4.67,4.6500006
4.68,4.6500006
4.73,4.6500006
4.73,4.6500006
4.73,4.6500006
4.74,4.6500006
4.79,4.6500006
4.8,4.6500006
4.83,4.6500006
4.91,4.6500006
4.94,4.6500006
4.97,4.6500006
4.98,4.6500006
5.01,4.6500006
5.07,4.6500006
5.07,4.6500006
5.13,4.6500006
5.15,4.6500006
5.24,4.6500006
5.32,4.6500006
5.33,4.6500006
5.27,4.6500006
4.67,4.67
4.67,4.67
4.68,4.67
4.73,4.67
4.73,4.67
4.73,4.67
4.74,4.67
4.79,4.67
4.8,4.67
4.83,4.67
4.91,4.67
4.94,4.67
4.97,4.67
4.98,4.67
5.01,4.67
5.07,4.67
5.07,4.67
5.13,4.67
5.15,4.67
5.24,4.67
5.32,4.67
5.33,4.67
5.27,4.67
5.28,4.67
4.67,4.67
4.68,4.67
4.73,4.67
4.73,4.67
4.73,4.67
4.74,4.67
4.79,4.67
4.8,4.67
4.83,4.67
4.91,4.67
4.94,4.67
4.97,4.67
4.98,4.67
5.01,4.67
5.07,4.67
5.07,4.67
5.13,4.67
5.15,4.67
5.24,4.67
5.32,4.67
5.33,4.67
5.27,4.67
5.28,4.67
5.36,4.67
4.68,4.67
4.73,4.67
4.73,4.67
4.73,4.67
4.74,4.67
4.79,4.67
4.8,4.67
4.83,4.67
4.91,4.67
4.94,4.67
4.97,4.67
4.98,4.67
5.01,4.67
5.07,4.67
5.07,4.67
5.13,4.67
5.15,4.67
5.24,4.67
5.32,4.67
5.33,4.67
5.27,4.67
5.28,4.67
5.36,4.67
5.4,4.67
4.73,4.6800003
4.73,4.6800003
4.73,4.6800003
4.74,4.6800003
4.79,4.6800003
4.8,4.6800003
4.83,4.6800003
4.91,4.6800003
4.94,4.6800003
4.97,4.6800003
4.98,4.6800003
5.01,4.6800003
5.07,4.6800003
5.07,4.6800003
5.13,4.6800003
5.15,4.6800003
5.24,4.6800003
5.32,4.6800003
5.33,4.6800003
5.27,4.6800003
5.28,4.6800003
5.36,4.6800003
5.4,4.6800003
5.71,4.6800003
4.73,4.73
4.73,4.73
4.74,4.73
4.79,4.73
4.8,4.73
4.83,4.73
4.91,4.73
4.94,4.73
4.97,4.73
4.98,4.73
5.01,4.73
5.07,4.73
5.07,4.73
5.13,4.73
5.15,4.73
5.24,4.73
5.32,4.73
5.33,4.73
5.27,4.73
5.28,4.73
5.36,4.73
5.4,4.73
5.71,4.73
6.16,4.73
4.73,4.73
4.74,4.73
4.79,4.73
4.8,4.73
4.83,4.73
4.91,4.73
4.94,4.73
4.97,4.73
4.98,4.73
5.01,4.73
5.07,4.73
5.07,4.73
5.13,4.73
5.15,4.73
5.24,4.73
5.32,4.73
5.33,4.73
5.27,4.73
5.28,4.73
5.36,4.73
5.4,4.73
5.71,4.73
6.16,4.73
6.03,4.73
4.74,4.73
4.79,4.73
4.8,4.73
4.83,4.73
4.91,4.73
4.94,4.73
4.97,4.73
4.98,4.73
5.01,4.73
5.07,4.73
5.07,4.73
5.13,4.73
5.15,4.73
5.24,4.73
5.32,4.73
5.33,4.73
5.27,4.73
5.28,4.73
5.36,4.73
5.4,4.73
5.71,4.73
6.16,4.73
6.03,4.73
5.8,4.73
4.79,4.7399993
4.8,4.7399993
4.83,4.7399993
4.91,4.7399993
4.94,4.7399993
4.97,4.7399993
4.98,4.7399993
5.01,4.7399993
5.07,4.7399993
5.07,4.7399993
5.13,4.7399993
5.15,4.7399993
5.24,4.7399993
5.32,4.7399993
5.33,4.7399993
5.27,4.7399993
5.28,4.7399993
5.36,4.7399993
5.4,4.7399993
5.71,4.7399993
6.16,4.7399993
6.03,4.7399993
5.8,4.7399993
5.7,4.7399993
4.8,4.79
4.83,4.79
4.91,4.79
4.94,4.79
4.97,4.79
4.98,4.79
5.01,4.79
5.07,4.79
5.07,4.79
5.13,4.79
5.15,4.79
5.24,4.79
5.32,4.79
5.33,4.79
5.27,4.79
5.28,4.79
5.36,4.79
5.4,4.79
5.71,4.79
6.16,4.79
6.03,4.79
5.8,4.79
5.7,4.79
5.72,4.79
4.83,4.8000007
4.91,4.8000007
4.94,4.8000007
4.97,4.8000007
4.98,4.8000007
5.01,4.8000007
5.07,4.8000007
5.07,4.8000007
5.13,4.8000007
5.15,4.8000007
5.24,4.8000007
5.32,4.8000007
5.33,4.8000007
5.27,4.8000007
5.28,4.8000007
5.36,4.8000007
5.4,4.8000007
5.71,4.8000007
6.16,4.8000007
6.03,4.8000007
5.8,4.8000007
5.7,4.8000007
5.72,4.8000007
5.73,4.8000007
4.91,4.8300004
4.94,4.8300004
4.97,4.8300004
4.98,4.8300004
5.01,4.8300004
5.07,4.8300004
5.07,4.8300004
5.13,4.8300004
5.15,4.8300004
5.24,4.8300004
5.32,4.8300004
5.33,4.8300004
5.27,4.8300004
5.28,4.8300004
5.36,4.8300004
5.4,4.8300004
5.71,4.8300004
6.16,4.8300004
6.03,4.8300004
5.8,4.8300004
5.7,4.8300004
5.72,4.8300004
5.73,4.8300004
5.6,4.8300004
4.94,4.9099994
4.97,4.9099994
4.98,4.9099994
5.01,4.9099994
5.07,4.9099994
5.07,4.9099994
5.13,4.9099994
5.15,4.9099994
5.24,4.9099994
5.32,4.9099994
5.33,4.9099994
5.27,4.9099994
5.28,4.9099994
5.36,4.9099994
5.4,4.9099994
5.71,4.9099994
6.16,4.9099994
6.03,4.9099994
5.8,4.9099994
5.7,4.9099994
5.72,4.9099994
5.73,4.9099994
5.6,4.9099994
5.43,4.9099994
4.97,4.94
4.98,4.94
5.01,4.94
5.07,4.94
5.07,4.94
5.13,4.94
5.15,4.94
5.24,4.94
5.32,4.94
5.33,4.94
5.27,4.94
5.28,4.94
5.36,4.94
5.4,4.94
5.71,4.94
6.16,4.94
6.03,4.94
5.8,4.94
5.7,4.94
5.72,4.94
5.73,4.94
5.6,4.94
5.43,4.94
5.35,4.94
4.98,4.97
5.01,4.97
5.07,4.97
5.07,4.97
5.13,4.97
5.15,4.97
5.24,4.97
5.32,4.97
5.33,4.97
5.27,4.97
5.28,4.97
5.36,4.97
5.4,4.97
5.71,4.97
6.16,4.97
6.03,4.97
5.8,4.97
5.7,4.97
5.72,4.97
5.73,4.97
5.6,4.97
5.43,4.97
5.35,4.97
5.33,4.97
5.01,4.98
5.07,4.98
5.07,4.98
5.13,4.98
5.15,4.98
5.24,4.98
5.32,4.98
5.33,4.98
5.27,4.98
5.28,4.98
5.36,4.98
5.4,4.98
5.71,4.98
6.16,4.98
6.03,4.98
5.8,4.98
5.7,4.98
5.72,4.98
5.73,4.98
5.6,4.98
5.43,4.98
5.35,4.98
5.33,4.98
5.28,4.98
5.07,5.0099998
5.07,5.0099998
5.13,5.0099998
5.15,5.0099998
5.24,5.0099998
5.32,5.0099998
5.33,5.0099998
5.27,5.0099998
5.28,5.0099998
5.36,5.0099998
5.4,5.0099998
5.71,5.0099998
6.16,5.0099998
6.03,5.0099998
5.8,5.0099998
5.7,5.0099998
5.72,5.0099998
5.73,5.0099998
5.6,5.0099998
5.43,5.0099998
5.35,5.0099998
5.33,5.0099998
5.28,5.0099998
5.25,5.0099998
5.07,5.07
5.13,5.07
5.15,5.07
5.24,5.07
5.32,5.07
5.33,5.07
5.27,5.07
5.28,5.07
5.36,5.07
5.4,5.07
5.71,5.07
6.16,5.07
6.03,5.07
5.8,5.07
5.7,5.07
5.72,5.07
5.73,5.07
5.6,5.07
5.43,5.07
5.35,5.07
5.33,5.07
5.28,5.07
5.25,5.07
5.27,5.07
5.13,5.07
5.15,5.07
5.24,5.07
5.32,5.07
5.33,5.07
5.27,5.07
5.28,5.07
5.36,5.07
5.4,5.07
5.71,5.07
6.16,5.07
6.03,5.07
5.8,5.07
5.7,5.07
5.72,5.07
5.73,5.07
5.6,5.07
5.43,5.07
5.35,5.07
5.33,5.07
5.28,5.07
5.25,5.07
5.27,5.07
5.21,5.07
5.15,5.13
5.24,5.13
5.32,5.13
5.33,5.13
5.27,5.13
5.28,5.13
5.36,5.13
5.4,5.13
5.71,5.13
6.16,5.13
6.03,5.13
5.8,5.13
5.7,5.13
5.72,5.13
5.73,5.13
5.6,5.13
5.43,5.13
5.35,5.13
5.33,5.13
5.28,5.13
5.25,5.13
5.27,5.13
5.21,5.13
5.23,5.13
5.24,5.15
5.32,5.15
5.33,5.15
5.27,5.15
5.28,5.15
5.36,5.15
5.4,5.15
5.71,5.15
6.16,5.15
6.03,5.15
5.8,5.15
5.7,5.15
5.72,5.15
5.73,5.15
5.6,5.15
5.43,5.15
5.35,5.15
5.33,5.15
5.28,5.15
5.25,5.15
5.27,5.15
5.21,5.15
5.23,5.15
5.27,5.15
5.32,5.24
5.33,5.24
5.27,5.24
5.28,5.24
5.36,5.24
5.4,5.24
5.71,5.24
6.16,5.24
6.03,5.24
5.8,5.24
5.7,5.24
5.72,5.24
5.73,5.24
5.6,5.24
5.43,5.24
5.35,5.24
5.33,5.24
5.28,5.24
5.25,5.24
5.27,5.24
5.21,5.24
5.23,5.24
5.27,5.24
5.25,5.24
5.33,5.32
5.27,5.32
5.28,5.32
5.36,5.32
5.4,5.32
5.71,5.32
6.16,5.32
6.03,5.32
5.8,5.32
5.7,5.32
5.72,5.32
5.73,5.32
5.6,5.32
5.43,5.32
5.35,5.32
5.33,5.32
5.28,5.32
5.25,5.32
5.27,5.32
5.21,5.32
5.23,5.32
5.27,5.32
5.25,5.32
5.25,5.32
5.27,5.33
5.28,5.33
5.36,5.33
5.4,5.33
5.71,5.33
6.16,5.33
6.03,5.33
5.8,5.33
5.7,5.33
5.72,5.33
5.73,5.33
5.6,5.33
5.43,5.33
5.35,5.33
5.33,5.33
5.28,5.33
5.25,5.33
5.27,5.33
5.21,5.33
5.23,5.33
5.27,5.33
5.25,5.33
5.25,5.33
5.15,5.33
5.28,5.27
5.36,5.27
5.4,5.27
5.71,5.27
6.16,5.27
6.03,5.27
5.8,5.27
5.7,5.27
5.72,5.27
5.73,5.27
5.6,5.27
5.43,5.27
5.35,5.27
5.33,5.27
5.28,5.27
5.25,5.27
5.27,5.27
5.21,5.27
5.23,5.27
5.27,5.27
5.25,5.27
5.25,5.27
5.15,5.27
5.03,5.27
5.36,5.28
5.4,5.28
5.71,5.28
6.16,5.28
6.03,5.28
5.8,5.28
5.7,5.28
5.72,5.28
5.73,5.28
5.6,5.28
5.43,5.28
5.35,5.28
5.33,5.28
5.28,5.28
5.25,5.28
5.27,5.28
5.21,5.28
5.23,5.28
5.27,5.28
5.25,5.28
5.25,5.28
5.15,5.28
5.03,5.28
4.97,5.28
5.4,5.36
5.71,5.36
6.16,5.36
6.03,5.36
5.8,5.36
5.7,5.36
5.72,5.36
5.73,5.36
5.6,5.36
5.43,5.36
5.35,5.36
5.33,5.36
5.28,5.36
5.25,5.36
5.27,5.36
5.21,5.36
5.23,5.36
5.27,5.36
5.25,5.36
5.25,5.36
5.15,5.36
5.03,5.36
4.97,5.36
4.94,5.36
5.71,5.4
6.16,5.4
6.03,5.4
5.8,5.4
5.7,5.4
5.72,5.4
5.73,5.4
5.6,5.4
5.43,5.4
5.35,5.4
5.33,5.4
5.28,5.4
5.25,5.4
5.27,5.4
5.21,5.4
5.23,5.4
5.27,5.4
5.25,5.4
5.25,5.4
5.15,5.4
5.03,5.4
4.97,5.4
4.94,5.4
4.93,5.4
6.16,5.71
6.03,5.71
5.8,5.71
5.7,5.71
5.72,5.71
5.73,5.71
5.6,5.71
5.43,5.71
5.35,5.71
5.33,5.71
5.28,5.71
5.25,5.71
5.27,5.71
5.21,5.71
5.23,5.71
5.27,5.71
5.25,5.71
5.25,5.71
5.15,5.71
5.03,5.71
4.97,5.71
4.94,5.71
4.93,5.71
4.91,5.71
6.03,6.16
5.8,6.16
5.7,6.16
5.72,6.16
5.73,6.16
5.6,6.16
5.43,6.16
5.35,6.16
5.33,6.16
5.28,6.16
5.25,6.16
5.27,6.16
5.21,6.16
5.23,6.16
5.27,6.16
5.25,6.16
5.25,6.16
5.15,6.16
5.03,6.16
4.97,6.16
4.94,6.16
4.93,6.16
4.91,6.16
4.9,6.16
5.8,6.03
5.7,6.03
5.72,6.03
5.73,6.03
5.6,6.03
5.43,6.03
5.35,6.03
5.33,6.03
5.28,6.03
5.25,6.03
5.27,6.03
5.21,6.03
5.23,6.03
5.27,6.03
5.25,6.03
5.25,6.03
5.15,6.03
5.03,6.03
4.97,6.03
4.94,6.03
4.93,6.03
4.91,6.03
4.9,6.03
4.83,6.03
5.7,5.8
5.72,5.8
5.73,5.8
5.6,5.8
5.43,5.8
5.35,5.8
5.33,5.8
5.28,5.8
5.25,5.8
5.27,5.8
5.21,5.8
5.23,5.8
5.27,5.8
5.25,5.8
5.25,5.8
5.15,5.8
5.03,5.8
4.97,5.8
4.94,5.8
4.93,5.8
4.91,5.8
4.9,5.8
4.83,5.8
4.77,5.8
5.72,5.7
5.73,5.7
5.6,5.7
5.43,5.7
5.35,5.7
5.33,5.7
5.28,5.7
5.25,5.7
5.27,5.7
5.21,5.7
5.23,5.7
5.27,5.7
5.25,5.7
5.25,5.7
5.15,5.7
5.03,5.7
4.97,5.7
4.94,5.7
4.93,5.7
4.91,5.7
4.9,5.7
4.83,5.7
4.77,5.7
4.7,5.7
5.73,5.72
5.6,5.72
5.43,5.72
5.35,5.72
5.33,5.72
5.28,5.72
5.25,5.72
5.27,5.72
5.21,5.72
5.23,5.72
5.27,5.72
5.25,5.72
5.25,5.72
5.15,5.72
5.03,5.72
4.97,5.72
4.94,5.72
4.93,5.72
4.91,5.72
4.9,5.72
4.83,5.72
4.77,5.72
4.7,5.72
4.61,5.72
5.6,5.73
5.43,5.73
5.35,5.73
5.33,5.73
5.28,5.73
5.25,5.73
5.27,5.73
5.21,5.73
5.23,5.73
5.27,5.73
5.25,5.73
5.25,5.73
5.15,5.73
5.03,5.73
4.97,5.73
4.94,5.73
4.93,5.73
4.91,5.73
4.9,5.73
4.83,5.73
4.77,5.73
4.7,5.73
4.61,5.73
4.53,5.73
5.43,5.6
5.35,5.6
5.33,5.6
5.28,5.6
5.25,5.6
5.27,5.6
5.21,5.6
5.23,5.6
5.27,5.6
5.25,5.6
5.25,5.6
5.15,5.6
5.03,5.6
4.97,5.6
4.94,5.6
4.93,5.6
4.91,5.6
4.9,5.6
4.83,5.6
4.77,5.6
4.7,5.6
4.61,5.6
4.53,5.6
4.54,5.6
5.35,5.43
5.33,5.43
5.28,5.43
5.25,5.43
5.27,5.43
5.21,5.43
5.23,5.43
5.27,5.43
5.25,5.43
5.25,5.43
5.15,5.43
5.03,5.43
4.97,5.43
4.94,5.43
4.93,5.43
4.91,5.43
4.9,5.43
4.83,5.43
4.77,5.43
4.7,5.43
4.61,5.43
4.53,5.43
4.54,5.43
4.54,5.43
5.33,5.35
5.28,5.35
5.25,5.35
5.27,5.35
5.21,5.35
5.23,5.35
5.27,5.35
5.25,5.35
5.25,5.35
5.15,5.35
5.03,5.35
4.97,5.35
4.94,5.35
4.93,5.35
4.91,5.35
4.9,5.35
4.83,5.35
4.77,5.35
4.7,5.35
4.61,5.35
4.53,5.35
4.54,5.35
4.54,5.35
4.54,5.35
5.28,5.33
5.25,5.33
5.27,5.33
5.21,5.33
5.23,5.33
5.27,5.33
5.25,5.33
5.25,5.33
5.15,5.33
5.03,5.33
4.97,5.33
4.94,5.33
4.93,5.33
4.91,5.33
4.9,5.33
4.83,5.33
4.77,5.33
4.7,5.33
4.61,5.33
4.53,5.33
4.54,5.33
4.54,5.33
4.54,5.33
4.54,5.33
5.25,5.28
5.27,5.28
5.21,5.28
5.23,5.28
5.27,5.28
5.25,5.28
5.25,5.28
5.15,5.28
5.03,5.28
4.97,5.28
4.94,5.28
4.93,5.28
4.91,5.28
4.9,5.28
4.83,5.28
4.77,5.28
4.7,5.28
4.61,5.28
4.53,5.28
4.54,5.28
4.54,5.28
4.54,5.28
4.54,5.28
4.54,5.28
5.27,5.25
5.21,5.25
5.23,5.25
5.27,5.25
5.25,5.25
5.25,5.25
5.15,5.25
5.03,5.25
4.97,5.25
4.94,5.25
4.93,5.25
4.91,5.25
4.9,5.25
4.83,5.25
4.77,5.25
4.7,5.25
4.61,5.25
4.53,5.25
4.54,5.25
4.54,5.25
4.54,5.25
4.54,5.25
4.54,5.25
4.48,5.25
5.21,5.27
5.23,5.27
5.27,5.27
5.25,5.27
5.25,5.27
5.15,5.27
5.03,5.27
4.97,5.27
4.94,5.27
4.93,5.27
4.91,5.27
4.9,5.27
4.83,5.27
4.77,5.27
4.7,5.27
4.61,5.27
4.53,5.27
4.54,5.27
4.54,5.27
4.54,5.27
4.54,5.27
4.54,5.27
4.48,5.27
4.46,5.27
5.23,5.21
5.27,5.21
5.25,5.21
5.25,5.21
5.15,5.21
5.03,5.21
4.97,5.21
4.94,5.21
4.93,5.21
4.91,5.21
4.9,5.21
4.83,5.21
4.77,5.21
4.7,5.21
4.61,5.21
4.53,5.21
4.54,5.21
4.54,5.21
4.54,5.21
4.54,5.21
4.54,5.21
4.48,5.21
4.46,5.21
4.4,5.21
5.27,5.23
5.25,5.23
5.25,5.23
5.15,5.23
5.03,5.23
4.97,5.23
4.94,5.23
4.93,5.23
4.91,5.23
4.9,5.23
4.83,5.23
4.77,5.23
4.7,5.23
4.61,5.23
4.53,5.23
4.54,5.23
4.54,5.23
4.54,5.23
4.54,5.23
4.54,5.23
4.48,5.23
4.46,5.23
4.4,5.23
4.3,5.23
5.25,5.27
5.25,5.27
5.15,5.27
5.03,5.27
4.97,5.27
4.94,5.27
4.93,5.27
4.91,5.27
4.9,5.27
4.83,5.27
4.77,5.27
4.7,5.27
4.61,5.27
4.53,5.27
4.54,5.27
4.54,5.27
4.54,5.27
4.54,5.27
4.54,5.27
4.48,5.27
4.46,5.27
4.4,5.27
4.3,5.27
4.15,5.27
5.25,5.25
5.15,5.25
5.03,5.25
4.97,5.25
4.94,5.25
4.93,5.25
4.91,5.25
4.9,5.25
4.83,5.25
4.77,5.25
4.7,5.25
4.61,5.25
4.53,5.25
4.54,5.25
4.54,5.25
4.54,5.25
4.54,5.25
4.54,5.25
4.48,5.25
4.46,5.25
4.4,5.25
4.3,5.25
4.15,5.25
4.06,5.25
5.15,5.25
5.03,5.25
4.97,5.25
4.94,5.25
4.93,5.25
4.91,5.25
4.9,5.25
4.83,5.25
4.77,5.25
4.7,5.25
4.61,5.25
4.53,5.25
4.54,5.25
4.54,5.25
4.54,5.25
4.54,5.25
4.54,5.25
4.48,5.25
4.46,5.25
4.4,5.25
4.3,5.25
4.15,5.25
4.06,5.25
4.0,5.25
5.03,5.15
4.97,5.15
4.94,5.15
4.93,5.15
4.91,5.15
4.9,5.15
4.83,5.15
4.77,5.15
4.7,5.15
4.61,5.15
4.53,5.15
4.54,5.15
4.54,5.15
4.54,5.15
4.54,5.15
4.54,5.15
4.48,5.15
4.46,5.15
4.4,5.15
4.3,5.15
4.15,5.15
4.06,5.15
4.0,5.15
3.98,5.15
4.97,5.03
4.94,5.03
4.93,5.03
4.91,5.03
4.9,5.03
4.83,5.03
4.77,5.03
4.7,5.03
4.61,5.03
4.53,5.03
4.54,5.03
4.54,5.03
4.54,5.03
4.54,5.03
4.54,5.03
4.48,5.03
4.46,5.03
4.4,5.03
4.3,5.03
4.15,5.03
4.06,5.03
4.0,5.03
3.98,5.03
3.93,5.03
4.94,4.97
4.93,4.97
4.91,4.97
4.9,4.97
4.83,4.97
4.77,4.97
4.7,4.97
4.61,4.97
4.53,4.97
4.54,4.97
4.54,4.97
4.54,4.97
4.54,4.97
4.54,4.97
4.48,4.97
4.46,4.97
4.4,4.97
4.3,4.97
4.15,4.97
4.06,4.97
4.0,4.97
3.98,4.97
3.93,4.97
3.86,4.97
4.93,4.94
4.91,4.94
4.9,4.94
4.83,4.94
4.77,4.94
4.7,4.94
4.61,4.94
4.53,4.94
4.54,4.94
4.54,4.94
4.54,4.94
4.54,4.94
4.54,4.94
4.48,4.94
4.46,4.94
4.4,4.94
4.3,4.94
4.15,4.94
4.06,4.94
4.0,4.94
3.98,4.94
3.93,4.94
3.86,4.94
3.8,4.94
4.91,4.93
4.9,4.93
4.83,4.93
4.77,4.93
4.7,4.93
4.61,4.93
4.53,4.93
4.54,4.93
4.54,4.93
4.54,4.93
4.54,4.93
4.54,4.93
4.48,4.93
4.46,4.93
4.4,4.93
4.3,4.93
4.15,4.93
4.06,4.93
4.0,4.93
3.98,4.93
3.93,4.93
3.86,4.93
3.8,4.93
3.78,4.93
4.9,4.9099994
4.83,4.9099994
4.77,4.9099994
4.7,4.9099994
4.61,4.9099994
4.53,4.9099994
4.54,4.9099994
4.54,4.9099994
4.54,4.9099994
4.54,4.9099994
4.54,4.9099994
4.48,4.9099994
4.46,4.9099994
4.4,4.9099994
4.3,4.9099994
4.15,4.9099994
4.06,4.9099994
4.0,4.9099994
3.98,4.9099994
3.93,4.9099994
3.86,4.9099994
3.8,4.9099994
3.78,4.9099994
3.74,4.9099994
4.83,4.9
4.77,4.9
4.7,4.9
4.61,4.9
4.53,4.9
4.54,4.9
4.54,4.9
4.54,4.9
4.54,4.9
4.54,4.9
4.48,4.9
4.46,4.9
4.4,4.9
4.3,4.9
4.15,4.9
4.06,4.9
4.0,4.9
3.98,4.9
3.93,4.9
3.86,4.9
3.8,4.9
3.78,4.9
3.74,4.9
3.73,4.9
4.77,4.8300004
4.7,4.8300004
4.61,4.8300004
4.53,4.8300004
4.54,4.8300004
4.54,4.8300004
4.54,4.8300004
4.54,4.8300004
4.54,4.8300004
4.48,4.8300004
4.46,4.8300004
4.4,4.8300004
4.3,4.8300004
4.15,4.8300004
4.06,4.8300004
4.0,4.8300004
3.98,4.8300004
3.93,4.8300004
3.86,4.8300004
3.8,4.8300004
3.78,4.8300004
3.74,4.8300004
3.73,4.8300004
3.73,4.8300004
4.7,4.77
4.61,4.77
4.53,4.77
4.54,4.77
4.54,4.77
4.54,4.77
4.54,4.77
4.54,4.77
4.48,4.77
4.46,4.77
4.4,4.77
4.3,4.77
4.15,4.77
4.06,4.77
4.0,4.77
3.98,4.77
3.93,4.77
3.86,4.77
3.8,4.77
3.78,4.77
3.74,4.77
3.73,4.77
3.73,4.77
3.67,4.77
4.61,4.7000003
4.53,4.7000003
4.54,4.7000003
4.54,4.7000003
4.54,4.7000003
4.54,4.7000003
4.54,4.7000003
4.48,4.7000003
4.46,4.7000003
4.4,4.7000003
4.3,4.7000003
4.15,4.7000003
4.06,4.7000003
4.0,4.7000003
3.98,4.7000003
3.93,4.7000003
3.86,4.7000003
3.8,4.7000003
3.78,4.7000003
3.74,4.7000003
3.73,4.7000003
3.73,4.7000003
3.67,4.7000003
3.66,4.7000003
4.53,4.6099997
4.54,4.6099997
4.54,4.6099997
4.54,4.6099997
4.54,4.6099997
4.54,4.6099997
4.48,4.6099997
4.46,4.6099997
4.4,4.6099997
4.3,4.6099997
4.15,4.6099997
4.06,4.6099997
4.0,4.6099997
3.98,4.6099997
3.93,4.6099997
3.86,4.6099997
3.8,4.6099997
3.78,4.6099997
3.74,4.6099997
3.73,4.6099997
3.73,4.6099997
3.67,4.6099997
3.66,4.6099997
3.6,4.6099997
4.54,4.5299997
4.54,4.5299997
4.54,4.5299997
4.54,4.5299997
4.54,4.5299997
4.48,4.5299997
4.46,4.5299997
4.4,4.5299997
4.3,4.5299997
4.15,4.5299997
4.06,4.5299997
4.0,4.5299997
3.98,4.5299997
3.93,4.5299997
3.86,4.5299997
3.8,4.5299997
3.78,4.5299997
3.74,4.5299997
3.73,4.5299997
3.73,4.5299997
3.67,4.5299997
3.66,4.5299997
3.6,4.5299997
3.52,4.5299997
4.54,4.54
4.54,4.54
4.54,4.54
4.54,4.54
4.48,4.54
4.46,4.54
4.4,4.54
4.3,4.54
4.15,4.54
4.06,4.54
4.0,4.54
3.98,4.54
3.93,4.54
3.86,4.54
3.8,4.54
3.78,4.54
3.74,4.54
3.73,4.54
3.73,4.54
3.67,4.54
3.66,4.54
3.6,4.54
3.52,4.54
3.47,4.54
4.54,4.54
4.54,4.54
4.54,4.54
4.48,4.54
4.46,4.54
4.4,4.54
4.3,4.54
4.15,4.54
4.06,4.54
4.0,4.54
3.98,4.54
3.93,4.54
3.86,4.54
3.8,4.54
3.78,4.54
3.74,4.54
3.73,4.54
3.73,4.54
3.67,4.54
3.66,4.54
3.6,4.54
3.52,4.54
3.47,4.54
3.51,4.54
4.54,4.54
4.54,4.54
4.48,4.54
4.46,4.54
4.4,4.54
4.3,4.54
4.15,4.54
4.06,4.54
4.0,4.54
3.98,4.54
3.93,4.54
3.86,4.54
3.8,4.54
3.78,4.54
3.74,4.54
3.73,4.54
3.73,4.54
3.67,4.54
3.66,4.54
3.6,4.54
3.52,4.54
3.47,4.54
3.51,4.54
3.6,4.54
4.54,4.54
4.48,4.54
4.46,4.54
4.4,4.54
4.3,4.54
4.15,4.54
4.06,4.54
4.0,4.54
3.98,4.54
3.93,4.54
3.86,4.54
3.8,4.54
3.78,4.54
3.74,4.54
3.73,4.54
3.73,4.54
3.67,4.54
3.66,4.54
3.6,4.54
3.52,4.54
3.47,4.54
3.51,4.54
3.6,4.54
3.53,4.54
4.48,4.54
4.46,4.54
4.4,4.54
4.3,4.54
4.15,4.54
4.06,4.54
4.0,4.54
3.98,4.54
3.93,4.54
3.86,4.54
3.8,4.54
3.78,4.54
3.74,4.54
3.73,4.54
3.73,4.54
3.67,4.54
3.66,4.54
3.6,4.54
3.52,4.54
3.47,4.54
3.51,4.54
3.6,4.54
3.53,4.54
3.5,4.54
4.46,4.4800005
4.4,4.4800005
4.3,4.4800005
4.15,4.4800005
4.06,4.4800005
4.0,4.4800005
3.98,4.4800005
3.93,4.4800005
3.86,4.4800005
3.8,4.4800005
3.78,4.4800005
3.74,4.4800005
3.73,4.4800005
3.73,4.4800005
3.67,4.4800005
3.66,4.4800005
3.6,4.4800005
3.52,4.4800005
3.47,4.4800005
3.51,4.4800005
3.6,4.4800005
3.53,4.4800005
3.5,4.4800005
3.47,4.4800005
4.4,4.46
4.3,4.46
4.15,4.46
4.06,4.46
4.0,4.46
3.98,4.46
3.93,4.46
3.86,4.46
3.8,4.46
3.78,4.46
3.74,4.46
3.73,4.46
3.73,4.46
3.67,4.46
3.66,4.46
3.6,4.46
3.52,4.46
3.47,4.46
3.51,4.46
3.6,4.46
3.53,4.46
3.5,4.46
3.47,4.46
3.47,4.46
4.3,4.4000006
4.15,4.4000006
4.06,4.4000006
4.0,4.4000006
3.98,4.4000006
3.93,4.4000006
3.86,4.4000006
3.8,4.4000006
3.78,4.4000006
3.74,4.4000006
3.73,4.4000006
3.73,4.4000006
3.67,4.4000006
3.66,4.4000006
3.6,4.4000006
3.52,4.4000006
3.47,4.4000006
3.51,4.4000006
3.6,4.4000006
3.53,4.4000006
3.5,4.4000006
3.47,4.4000006
3.47,4.4000006
3.42,4.4000006
4.15,4.3
4.06,4.3
4.0,4.3
3.98,4.3
3.93,4.3
3.86,4.3
3.8,4.3
3.78,4.3
3.74,4.3
3.73,4.3
3.73,4.3
3.67,4.3
3.66,4.3
3.6,4.3
3.52,4.3
3.47,4.3
3.51,4.3
3.6,4.3
3.53,4.3
3.5,4.3
3.47,4.3
3.47,4.3
3.42,4.3
3.54,4.3
4.06,4.1500006
4.0,4.1500006
3.98,4.1500006
3.93,4.1500006
3.86,4.1500006
3.8,4.1500006
3.78,4.1500006
3.74,4.1500006
3.73,4.1500006
3.73,4.1500006
3.67,4.1500006
3.66,4.1500006
3.6,4.1500006
3.52,4.1500006
3.47,4.1500006
3.51,4.1500006
3.6,4.1500006
3.53,4.1500006
3.5,4.1500006
3.47,4.1500006
3.47,4.1500006
3.42,4.1500006
3.54,4.1500006
3.59,4.1500006
4.0,4.0600004
3.98,4.0600004
3.93,4.0600004
3.86,4.0600004
3.8,4.0600004
3.78,4.0600004
3.74,4.0600004
3.73,4.0600004
3.73,4.0600004
3.67,4.0600004
3.66,4.0600004
3.6,4.0600004
3.52,4.0600004
3.47,4.0600004
3.51,4.0600004
3.6,4.0600004
3.53,4.0600004
3.5,4.0600004
3.47,4.0600004
3.47,4.0600004
3.42,4.0600004
3.54,4.0600004
3.59,4.0600004
3.64,4.0600004
3.98,4.0
3.93,4.0
3.86,4.0
3.8,4.0
3.78,4.0
3.74,4.0
3.73,4.0
3.73,4.0
3.67,4.0
3.66,4.0
3.6,4.0
3.52,4.0
3.47,4.0
3.51,4.0
3.6,4.0
3.53,4.0
3.5,4.0
3.47,4.0
3.47,4.0
3.42,4.0
3.54,4.0
3.59,4.0
3.64,4.0
3.6,4.0
3.93,3.9800005
3.86,3.9800005
3.8,3.9800005
3.78,3.9800005
3.74,3.9800005
3.73,3.9800005
3.73,3.9800005
3.67,3.9800005
3.66,3.9800005
3.6,3.9800005
3.52,3.9800005
3.47,3.9800005
3.51,3.9800005
3.6,3.9800005
3.53,3.9800005
3.5,3.9800005
3.47,3.9800005
3.47,3.9800005
3.42,3.9800005
3.54,3.9800005
3.59,3.9800005
3.64,3.9800005
3.6,3.9800005
3.47,3.9800005
3.86,3.9300003
3.8,3.9300003
3.78,3.9300003
3.74,3.9300003
3.73,3.9300003
3.73,3.9300003
3.67,3.9300003
3.66,3.9300003
3.6,3.9300003
3.52,3.9300003
3.47,3.9300003
3.51,3.9300003
3.6,3.9300003
3.53,3.9300003
3.5,3.9300003
3.47,3.9300003
3.47,3.9300003
3.42,3.9300003
3.54,3.9300003
3.59,3.9300003
3.64,3.9300003
3.6,3.9300003
3.47,3.9300003
3.5,3.9300003
3.8,3.8599997
3.78,3.8599997
3.74,3.8599997
3.73,3.8599997
3.73,3.8599997
3.67,3.8599997
3.66,3.8599997
3.6,3.8599997
3.52,3.8599997
3.47,3.8599997
3.51,3.8599997
3.6,3.8599997
3.53,3.8599997
3.5,3.8599997
3.47,3.8599997
3.47,3.8599997
3.42,3.8599997
3.54,3.8599997
3.59,3.8599997
3.64,3.8599997
3.6,3.8599997
3.47,3.8599997
3.5,3.8599997
3.54,3.8599997
3.78,3.8000002
3.74,3.8000002
3.73,3.8000002
3.73,3.8000002
3.67,3.8000002
3.66,3.8000002
3.6,3.8000002
3.52,3.8000002
3.47,3.8000002
3.51,3.8000002
3.6,3.8000002
3.53,3.8000002
3.5,3.8000002
3.47,3.8000002
3.47,3.8000002
3.42,3.8000002
3.54,3.8000002
3.59,3.8000002
3.64,3.8000002
3.6,3.8000002
3.47,3.8000002
3.5,3.8000002
3.54,3.8000002
3.48,3.8000002
3.74,3.7799997
3.73,3.7799997
3.73,3.7799997
3.67,3.7799997
3.66,3.7799997
3.6,3.7799997
3.52,3.7799997
3.47,3.7799997
3.51,3.7799997
3.6,3.7799997
3.53,3.7799997
3.5,3.7799997
3.47,3.7799997
3.47,3.7799997
3.42,3.7799997
3.54,3.7799997
3.59,3.7799997
3.64,3.7799997
3.6,3.7799997
3.47,3.7799997
3.5,3.7799997
3.54,3.7799997
3.48,3.7799997
3.54,3.7799997
3.73,3.7399998
3.73,3.7399998
3.67,3.7399998
3.66,3.7399998
3.6,3.7399998
3.52,3.7399998
3.47,3.7399998
3.51,3.7399998
3.6,3.7399998
3.53,3.7399998
3.5,3.7399998
3.47,3.7399998
3.47,3.7399998
3.42,3.7399998
3.54,3.7399998
3.59,3.7399998
3.64,3.7399998
3.6,3.7399998
3.47,3.7399998
3.5,3.7399998
3.54,3.7399998
3.48,3.7399998
3.54,3.7399998
3.53,3.7399998
3.73,3.7300005
3.67,3.7300005
3.66,3.7300005
3.6,3.7300005
3.52,3.7300005
3.47,3.7300005
3.51,3.7300005
3.6,3.7300005
3.53,3.7300005
3.5,3.7300005
3.47,3.7300005
3.47,3.7300005
3.42,3.7300005
3.54,3.7300005
3.59,3.7300005
3.64,3.7300005
3.6,3.7300005
3.47,3.7300005
3.5,3.7300005
3.54,3.7300005
3.48,3.7300005
3.54,3.7300005
3.53,3.7300005
3.5,3.7300005
3.67,3.7300005
3.66,3.7300005
3.6,3.7300005
3.52,3.7300005
3.47,3.7300005
3.51,3.7300005
3.6,3.7300005
3.53,3.7300005
3.5,3.7300005
3.47,3.7300005
3.47,3.7300005
3.42,3.7300005
3.54,3.7300005
3.59,3.7300005
3.64,3.7300005
3.6,3.7300005
3.47,3.7300005
3.5,3.7300005
3.54,3.7300005
3.48,3.7300005
3.54,3.7300005
3.53,3.7300005
3.5,3.7300005
3.4,3.7300005
3.66,3.67
3.6,3.67
3.52,3.67
3.47,3.67
3.51,3.67
3.6,3.67
3.53,3.67
3.5,3.67
3.47,3.67
3.47,3.67
3.42,3.67
3.54,3.67
3.59,3.67
3.64,3.67
3.6,3.67
3.47,3.67
3.5,3.67
3.54,3.67
3.48,3.67
3.54,3.67
3.53,3.67
3.5,3.67
3.4,3.67
3.42,3.67
3.6,3.6599998
3.52,3.6599998
3.47,3.6599998
3.51,3.6599998
3.6,3.6599998
3.53,3.6599998
3.5,3.6599998
3.47,3.6599998
3.47,3.6599998
3.42,3.6599998
3.54,3.6599998
3.59,3.6599998
3.64,3.6599998
3.6,3.6599998
3.47,3.6599998
3.5,3.6599998
3.54,3.6599998
3.48,3.6599998
3.54,3.6599998
3.53,3.6599998
3.5,3.6599998
3.4,3.6599998
3.42,3.6599998
3.57,3.6599998
3.52,3.5999994
3.47,3.5999994
3.51,3.5999994
3.6,3.5999994
3.53,3.5999994
3.5,3.5999994
3.47,3.5999994
3.47,3.5999994
3.42,3.5999994
3.54,3.5999994
3.59,3.5999994
3.64,3.5999994
3.6,3.5999994
3.47,3.5999994
3.5,3.5999994
3.54,3.5999994
3.48,3.5999994
3.54,3.5999994
3.53,3.5999994
3.5,3.5999994
3.4,3.5999994
3.42,3.5999994
3.57,3.5999994
3.47,3.5999994
3.47,3.5199995
3.51,3.5199995
3.6,3.5199995
3.53,3.5199995
3.5,3.5199995
3.47,3.5199995
3.47,3.5199995
3.42,3.5199995
3.54,3.5199995
3.59,3.5199995
3.64,3.5199995
3.6,3.5199995
3.47,3.5199995
3.5,3.5199995
3.54,3.5199995
3.48,3.5199995
3.54,3.5199995
3.53,3.5199995
3.5,3.5199995
3.4,3.5199995
3.42,3.5199995
3.57,3.5199995
3.47,3.5199995
3.4,3.5199995
3.51,3.4700003
3.6,3.4700003
3.53,3.4700003
3.5,3.4700003
3.47,3.4700003
3.47,3.4700003
3.42,3.4700003
3.54,3.4700003
3.59,3.4700003
3.64,3.4700003
3.6,3.4700003
3.47,3.4700003
3.5,3.4700003
3.54,3.4700003
3.48,3.4700003
3.54,3.4700003
3.53,3.4700003
3.5,3.4700003
3.4,3.4700003
3.42,3.4700003
3.57,3.4700003
3.47,3.4700003
3.4,3.4700003
3.37,3.4700003
3.6,3.5100002
3.53,3.5100002
3.5,3.5100002
3.47,3.5100002
3.47,3.5100002
3.42,3.5100002
3.54,3.5100002
3.59,3.5100002
3.64,3.5100002
3.6,3.5100002
3.47,3.5100002
3.5,3.5100002
3.54,3.5100002
3.48,3.5100002
3.54,3.5100002
3.53,3.5100002
3.5,3.5100002
3.4,3.5100002
3.42,3.5100002
3.57,3.5100002
3.47,3.5100002
3.4,3.5100002
3.37,3.5100002
3.33,3.5100002
3.53,3.5999994
3.5,3.5999994
3.47,3.5999994
3.47,3.5999994
3.42,3.5999994
3.54,3.5999994
3.59,3.5999994
3.64,3.5999994
3.6,3.5999994
3.47,3.5999994
3.5,3.5999994
3.54,3.5999994
3.48,3.5999994
3.54,3.5999994
3.53,3.5999994
3.5,3.5999994
3.4,3.5999994
3.42,3.5999994
3.57,3.5999994
3.47,3.5999994
3.4,3.5999994
3.37,3.5999994
3.33,3.5999994
3.31,3.5999994
3.5,3.5299997
3.47,3.5299997
3.47,3.5299997
3.42,3.5299997
3.54,3.5299997
3.59,3.5299997
3.64,3.5299997
3.6,3.5299997
3.47,3.5299997
3.5,3.5299997
3.54,3.5299997
3.48,3.5299997
3.54,3.5299997
3.53,3.5299997
3.5,3.5299997
3.4,3.5299997
3.42,3.5299997
3.57,3.5299997
3.47,3.5299997
3.4,3.5299997
3.37,3.5299997
3.33,3.5299997
3.31,3.5299997
3.3,3.5299997
3.47,3.5
3.47,3.5
3.42,3.5
3.54,3.5
3.59,3.5
3.64,3.5
3.6,3.5
3.47,3.5
3.5,3.5
3.54,3.5
3.48,3.5
3.54,3.5
3.53,3.5
3.5,3.5
3.4,3.5
3.42,3.5
3.57,3.5
3.47,3.5
3.4,3.5
3.37,3.5
3.33,3.5
3.31,3.5
3.3,3.5
3.39,3.5
3.47,3.4700003
3.42,3.4700003
3.54,3.4700003
3.59,3.4700003
3.64,3.4700003
3.6,3.4700003
3.47,3.4700003
3.5,3.4700003
3.54,3.4700003
3.48,3.4700003
3.54,3.4700003
3.53,3.4700003
3.5,3.4700003
3.4,3.4700003
3.42,3.4700003
3.57,3.4700003
3.47,3.4700003
3.4,3.4700003
3.37,3.4700003
3.33,3.4700003
3.31,3.4700003
3.3,3.4700003
3.39,3.4700003
3.46,3.4700003
3.42,3.4700003
3.54,3.4700003
3.59,3.4700003
3.64,3.4700003
3.6,3.4700003
3.47,3.4700003
3.5,3.4700003
3.54,3.4700003
3.48,3.4700003
3.54,3.4700003
3.53,3.4700003
3.5,3.4700003
3.4,3.4700003
3.42,3.4700003
3.57,3.4700003
3.47,3.4700003
3.4,3.4700003
3.37,3.4700003
3.33,3.4700003
3.31,3.4700003
3.3,3.4700003
3.39,3.4700003
3.46,3.4700003
3.47,3.4700003
3.54,3.42
3.59,3.42
3.64,3.42
3.6,3.42
3.47,3.42
3.5,3.42
3.54,3.42
3.48,3.42
3.54,3.42
3.53,3.42
3.5,3.42
3.4,3.42
3.42,3.42
3.57,3.42
3.47,3.42
3.4,3.42
3.37,3.42
3.33,3.42
3.31,3.42
3.3,3.42
3.39,3.42
3.46,3.42
3.47,3.42
3.47,3.42
3.59,3.54
3.64,3.54
3.6,3.54
3.47,3.54
3.5,3.54
3.54,3.54
3.48,3.54
3.54,3.54
3.53,3.54
3.5,3.54
3.4,3.54
3.42,3.54
3.57,3.54
3.47,3.54
3.4,3.54
3.37,3.54
3.33,3.54
3.31,3.54
3.3,3.54
3.39,3.54
3.46,3.54
3.47,3.54
3.47,3.54
3.43,3.54
3.64,3.5900002
3.6,3.5900002
3.47,3.5900002
3.5,3.5900002
3.54,3.5900002
3.48,3.5900002
3.54,3.5900002
3.53,3.5900002
3.5,3.5900002
3.4,3.5900002
3.42,3.5900002
3.57,3.5900002
3.47,3.5900002
3.4,3.5900002
3.37,3.5900002
3.33,3.5900002
3.31,3.5900002
3.3,3.5900002
3.39,3.5900002
3.46,3.5900002
3.47,3.5900002
3.47,3.5900002
3.43,3.5900002
3.42,3.5900002
3.6,3.6400003
3.47,3.6400003
3.5,3.6400003
3.54,3.6400003
3.48,3.6400003
3.54,3.6400003
3.53,3.6400003
3.5,3.6400003
3.4,3.6400003
3.42,3.6400003
3.57,3.6400003
3.47,3.6400003
3.4,3.6400003
3.37,3.6400003
3.33,3.6400003
3.31,3.6400003
3.3,3.6400003
3.39,3.6400003
3.46,3.6400003
3.47,3.6400003
3.47,3.6400003
3.43,3.6400003
3.42,3.6400003
3.39,3.6400003
3.47,3.5999994
3.5,3.5999994
3.54,3.5999994
3.48,3.5999994
3.54,3.5999994
3.53,3.5999994
3.5,3.5999994
3.4,3.5999994
3.42,3.5999994
3.57,3.5999994
3.47,3.5999994
3.4,3.5999994
3.37,3.5999994
3.33,3.5999994
3.31,3.5999994
3.3,3.5999994
3.39,3.5999994
3.46,3.5999994
3.47,3.5999994
3.47,3.5999994
3.43,3.5999994
3.42,3.5999994
3.39,3.5999994
3.3,3.5999994
3.5,3.4700003
3.54,3.4700003
3.48,3.4700003
3.54,3.4700003
3.53,3.4700003
3.5,3.4700003
3.4,3.4700003
3.42,3.4700003
3.57,3.4700003
3.47,3.4700003
3.4,3.4700003
3.37,3.4700003
3.33,3.4700003
3.31,3.4700003
3.3,3.4700003
3.39,3.4700003
3.46,3.4700003
3.47,3.4700003
3.47,3.4700003
3.43,3.4700003
3.42,3.4700003
3.39,3.4700003
3.3,3.4700003
3.26,3.4700003
3.54,3.5
3.48,3.5
3.54,3.5
3.53,3.5
3.5,3.5
3.4,3.5
3.42,3.5
3.57,3.5
3.47,3.5
3.4,3.5
3.37,3.5
3.33,3.5
3.31,3.5
3.3,3.5
3.39,3.5
3.46,3.5
3.47,3.5
3.47,3.5
3.43,3.5
3.42,3.5
3.39,3.5
3.3,3.5
3.26,3.5
3.26,3.5
3.48,3.54
3.54,3.54
3.53,3.54
3.5,3.54
3.4,3.54
3.42,3.54
3.57,3.54
3.47,3.54
3.4,3.54
3.37,3.54
3.33,3.54
3.31,3.54
3.3,3.54
3.39,3.54
3.46,3.54
3.47,3.54
3.47,3.54
3.43,3.54
3.42,3.54
3.39,3.54
3.3,3.54
3.26,3.54
3.26,3.54
3.2,3.54
3.54,3.4800005
3.53,3.4800005
3.5,3.4800005
3.4,3.4800005
3.42,3.4800005
3.57,3.4800005
3.47,3.4800005
3.4,3.4800005
3.37,3.4800005
3.33,3.4800005
3.31,3.4800005
3.3,3.4800005
3.39,3.4800005
3.46,3.4800005
3.47,3.4800005
3.47,3.4800005
3.43,3.4800005
3.42,3.4800005
3.39,3.4800005
3.3,3.4800005
3.26,3.4800005
3.26,3.4800005
3.2,3.4800005
3.31,3.4800005
3.53,3.54
3.5,3.54
3.4,3.54
3.42,3.54
3.57,3.54
3.47,3.54
3.4,3.54
3.37,3.54
3.33,3.54
3.31,3.54
3.3,3.54
3.39,3.54
3.46,3.54
3.47,3.54
3.47,3.54
3.43,3.54
3.42,3.54
3.39,3.54
3.3,3.54
3.26,3.54
3.26,3.54
3.2,3.54
3.31,3.54
3.29,3.54
3.5,3.5299997
3.4,3.5299997
3.42,3.5299997
3.57,3.5299997
3.47,3.5299997
3.4,3.5299997
3.37,3.5299997
3.33,3.5299997
3.31,3.5299997
3.3,3.5299997
3.39,3.5299997
3.46,3.5299997
3.47,3.5299997
3.47,3.5299997
3.43,3.5299997
3.42,3.5299997
3.39,3.5299997
3.3,3.5299997
3.26,3.5299997
3.26,3.5299997
3.2,3.5299997
3.31,3.5299997
3.29,3.5299997
3.26,3.5299997
3.4,3.5
3.42,3.5
3.57,3.5
3.47,3.5
3.4,3.5
3.37,3.5
3.33,3.5
3.31,3.5
3.3,3.5
3.39,3.5
3.46,3.5
3.47,3.5
3.47,3.5
3.43,3.5
3.42,3.5
3.39,3.5
3.3,3.5
3.26,3.5
3.26,3.5
3.2,3.5
3.31,3.5
3.29,3.5
3.26,3.5
3.19,3.5
3.42,3.4000006
3.57,3.4000006
3.47,3.4000006
3.4,3.4000006
3.37,3.4000006
3.33,3.4000006
3.31,3.4000006
3.3,3.4000006
3.39,3.4000006
3.46,3.4000006
3.47,3.4000006
3.47,3.4000006
3.43,3.4000006
3.42,3.4000006
3.39,3.4000006
3.3,3.4000006
3.26,3.4000006
3.26,3.4000006
3.2,3.4000006
3.31,3.4000006
3.29,3.4000006
3.26,3.4000006
3.19,3.4000006
3.12,3.4000006
3.57,3.42
3.47,3.42
3.4,3.42
3.37,3.42
3.33,3.42
3.31,3.42
3.3,3.42
3.39,3.42
3.46,3.42
3.47,3.42
3.47,3.42
3.43,3.42
3.42,3.42
3.39,3.42
3.3,3.42
3.26,3.42
3.26,3.42
3.2,3.42
3.31,3.42
3.29,3.42
3.26,3.42
3.19,3.42
3.12,3.42
3.1,3.42
3.47,3.5699997
3.4,3.5699997
3.37,3.5699997
3.33,3.5699997
3.31,3.5699997
3.3,3.5699997
3.39,3.5699997
3.46,3.5699997
3.47,3.5699997
3.47,3.5699997
3.43,3.5699997
3.42,3.5699997
3.39,3.5699997
3.3,3.5699997
3.26,3.5699997
3.26,3.5699997
3.2,3.5699997
3.31,3.5699997
3.29,3.5699997
3.26,3.5699997
3.19,3.5699997
3.12,3.5699997
3.1,3.5699997
3.1,3.5699997
3.4,3.4700003
3.37,3.4700003
3.33,3.4700003
3.31,3.4700003
3.3,3.4700003
3.39,3.4700003
3.46,3.4700003
3.47,3.4700003
3.47,3.4700003
3.43,3.4700003
3.42,3.4700003
3.39,3.4700003
3.3,3.4700003
3.26,3.4700003
3.26,3.4700003
3.2,3.4700003
3.31,3.4700003
3.29,3.4700003
3.26,3.4700003
3.19,3.4700003
3.12,3.4700003
3.1,3.4700003
3.1,3.4700003
3.07,3.4700003
3.37,3.4000006
3.33,3.4000006
3.31,3.4000006
3.3,3.4000006
3.39,3.4000006
3.46,3.4000006
3.47,3.4000006
3.47,3.4000006
3.43,3.4000006
3.42,3.4000006
3.39,3.4000006
3.3,3.4000006
3.26,3.4000006
3.26,3.4000006
3.2,3.4000006
3.31,3.4000006
3.29,3.4000006
3.26,3.4000006
3.19,3.4000006
3.12,3.4000006
3.1,3.4000006
3.1,3.4000006
3.07,3.4000006
3.07,3.4000006
3.33,3.37
3.31,3.37
3.3,3.37
3.39,3.37
3.46,3.37
3.47,3.37
3.47,3.37
3.43,3.37
3.42,3.37
3.39,3.37
3.3,3.37
3.26,3.37
3.26,3.37
3.2,3.37
3.31,3.37
3.29,3.37
3.26,3.37
3.19,3.37
3.12,3.37
3.1,3.37
3.1,3.37
3.07,3.37
3.07,3.37
3.13,3.37
3.31,3.33
3.3,3.33
3.39,3.33
3.46,3.33
3.47,3.33
3.47,3.33
3.43,3.33
3.42,3.33
3.39,3.33
3.3,3.33
3.26,3.33
3.26,3.33
3.2,3.33
3.31,3.33
3.29,3.33
3.26,3.33
3.19,3.33
3.12,3.33
3.1,3.33
3.1,3.33
3.07,3.33
3.07,3.33
3.13,3.33
3.09,3.33
3.3,3.3100004
3.39,3.3100004
3.46,3.3100004
3.47,3.3100004
3.47,3.3100004
3.43,3.3100004
3.42,3.3100004
3.39,3.3100004
3.3,3.3100004
3.26,3.3100004
3.26,3.3100004
3.2,3.3100004
3.31,3.3100004
3.29,3.3100004
3.26,3.3100004
3.19,3.3100004
3.12,3.3100004
3.1,3.3100004
3.1,3.3100004
3.07,3.3100004
3.07,3.3100004
3.13,3.3100004
3.09,3.3100004
2.99,3.3100004
3.39,3.3000002
3.46,3.3000002
3.47,3.3000002
3.47,3.3000002
3.43,3.3000002
3.42,3.3000002
3.39,3.3000002
3.3,3.3000002
3.26,3.3000002
3.26,3.3000002
3.2,3.3000002
3.31,3.3000002
3.29,3.3000002
3.26,3.3000002
3.19,3.3000002
3.12,3.3000002
3.1,3.3000002
3.1,3.3000002
3.07,3.3000002
3.07,3.3000002
3.13,3.3000002
3.09,3.3000002
2.99,3.3000002
2.94,3.3000002
3.46,3.3900003
3.47,3.3900003
3.47,3.3900003
3.43,3.3900003
3.42,3.3900003
3.39,3.3900003
3.3,3.3900003
3.26,3.3900003
3.26,3.3900003
3.2,3.3900003
3.31,3.3900003
3.29,3.3900003
3.26,3.3900003
3.19,3.3900003
3.12,3.3900003
3.1,3.3900003
3.1,3.3900003
3.07,3.3900003
3.07,3.3900003
3.13,3.3900003
3.09,3.3900003
2.99,3.3900003
2.94,3.3900003
2.97,3.3900003
3.47,3.46
3.47,3.46
3.43,3.46
3.42,3.46
3.39,3.46
3.3,3.46
3.26,3.46
3.26,3.46
3.2,3.46
3.31,3.46
3.29,3.46
3.26,3.46
3.19,3.46
3.12,3.46
3.1,3.46
3.1,3.46
3.07,3.46
3.07,3.46
3.13,3.46
3.09,3.46
2.99,3.46
2.94,3.46
2.97,3.46
2.85,3.46
3.47,3.4700003
3.43,3.4700003
3.42,3.4700003
3.39,3.4700003
3.3,3.4700003
3.26,3.4700003
3.26,3.4700003
3.2,3.4700003
3.31,3.4700003
3.29,3.4700003
3.26,3.4700003
3.19,3.4700003
3.12,3.4700003
3.1,3.4700003
3.1,3.4700003
3.07,3.4700003
3.07,3.4700003
3.13,3.4700003
3.09,3.4700003
2.99,3.4700003
2.94,3.4700003
2.97,3.4700003
2.85,3.4700003
2.67,3.4700003
3.43,3.4700003
3.42,3.4700003
3.39,3.4700003
3.3,3.4700003
3.26,3.4700003
3.26,3.4700003
3.2,3.4700003
3.31,3.4700003
3.29,3.4700003
3.26,3.4700003
3.19,3.4700003
3.12,3.4700003
3.1,3.4700003
3.1,3.4700003
3.07,3.4700003
3.07,3.4700003
3.13,3.4700003
3.09,3.4700003
2.99,3.4700003
2.94,3.4700003
2.97,3.4700003
2.85,3.4700003
2.67,3.4700003
2.53,3.4700003
3.42,3.4300003
3.39,3.4300003
3.3,3.4300003
3.26,3.4300003
3.26,3.4300003
3.2,3.4300003
3.31,3.4300003
3.29,3.4300003
3.26,3.4300003
3.19,3.4300003
3.12,3.4300003
3.1,3.4300003
3.1,3.4300003
3.07,3.4300003
3.07,3.4300003
3.13,3.4300003
3.09,3.4300003
2.99,3.4300003
2.94,3.4300003
2.97,3.4300003
2.85,3.4300003
2.67,3.4300003
2.53,3.4300003
2.59,3.4300003
3.39,3.42
3.3,3.42
3.26,3.42
3.26,3.42
3.2,3.42
3.31,3.42
3.29,3.42
3.26,3.42
3.19,3.42
3.12,3.42
3.1,3.42
3.1,3.42
3.07,3.42
3.07,3.42
3.13,3.42
3.09,3.42
2.99,3.42
2.94,3.42
2.97,3.42
2.85,3.42
2.67,3.42
2.53,3.42
2.59,3.42
2.78,3.42
3.3,3.3900003
3.26,3.3900003
3.26,3.3900003
3.2,3.3900003
3.31,3.3900003
3.29,3.3900003
3.26,3.3900003
3.19,3.3900003
3.12,3.3900003
3.1,3.3900003
3.1,3.3900003
3.07,3.3900003
3.07,3.3900003
3.13,3.3900003
3.09,3.3900003
2.99,3.3900003
2.94,3.3900003
2.97,3.3900003
2.85,3.3900003
2.67,3.3900003
2.53,3.3900003
2.59,3.3900003
2.78,3.3900003
2.71,3.3900003
3.26,3.3000002
3.26,3.3000002
3.2,3.3000002
3.31,3.3000002
3.29,3.3000002
3.26,3.3000002
3.19,3.3000002
3.12,3.3000002
3.1,3.3000002
3.1,3.3000002
3.07,3.3000002
3.07,3.3000002
3.13,3.3000002
3.09,3.3000002
2.99,3.3000002
2.94,3.3000002
2.97,3.3000002
2.85,3.3000002
2.67,3.3000002
2.53,3.3000002
2.59,3.3000002
2.78,3.3000002
2.71,3.3000002
2.42,3.3000002
3.26,3.2600002
3.2,3.2600002
3.31,3.2600002
3.29,3.2600002
3.26,3.2600002
3.19,3.2600002
3.12,3.2600002
3.1,3.2600002
3.1,3.2600002
3.07,3.2600002
3.07,3.2600002
3.13,3.2600002
3.09,3.2600002
2.99,3.2600002
2.94,3.2600002
2.97,3.2600002
2.85,3.2600002
2.67,3.2600002
2.53,3.2600002
2.59,3.2600002
2.78,3.2600002
2.71,3.2600002
2.42,3.2600002
2.54,3.2600002
3.2,3.2600002
3.31,3.2600002
3.29,3.2600002
3.26,3.2600002
3.19,3.2600002
3.12,3.2600002
3.1,3.2600002
3.1,3.2600002
3.07,3.2600002
3.07,3.2600002
3.13,3.2600002
3.09,3.2600002
2.99,3.2600002
2.94,3.2600002
2.97,3.2600002
2.85,3.2600002
2.67,3.2600002
2.53,3.2600002
2.59,3.2600002
2.78,3.2600002
2.71,3.2600002
2.42,3.2600002
2.54,3.2600002
2.67,3.2600002
3.31,3.1999998
3.29,3.1999998
3.26,3.1999998
3.19,3.1999998
3.12,3.1999998
3.1,3.1999998
3.1,3.1999998
3.07,3.1999998
3.07,3.1999998
3.13,3.1999998
3.09,3.1999998
2.99,3.1999998
2.94,3.1999998
2.97,3.1999998
2.85,3.1999998
2.67,3.1999998
2.53,3.1999998
2.59,3.1999998
2.78,3.1999998
2.71,3.1999998
2.42,3.1999998
2.54,3.1999998
2.67,3.1999998
2.71,3.1999998
3.29,3.3100004
3.26,3.3100004
3.19,3.3100004
3.12,3.3100004
3.1,3.3100004
3.1,3.3100004
3.07,3.3100004
3.07,3.3100004
3.13,3.3100004
3.09,3.3100004
2.99,3.3100004
2.94,3.3100004
2.97,3.3100004
2.85,3.3100004
2.67,3.3100004
2.53,3.3100004
2.59,3.3100004
2.78,3.3100004
2.71,3.3100004
2.42,3.3100004
2.54,3.3100004
2.67,3.3100004
2.71,3.3100004
2.6,3.3100004
3.26,3.29
3.19,3.29
3.12,3.29
3.1,3.29
3.1,3.29
3.07,3.29
3.07,3.29
3.13,3.29
3.09,3.29
2.99,3.29
2.94,3.29
2.97,3.29
2.85,3.29
2.67,3.29
2.53,3.29
2.59,3.29
2.78,3.29
2.71,3.29
2.42,3.29
2.54,3.29
2.67,3.29
2.71,3.29
2.6,3.29
2.6,3.29
3.19,3.2600002
3.12,3.2600002
3.1,3.2600002
3.1,3.2600002
3.07,3.2600002
3.07,3.2600002
3.13,3.2600002
3.09,3.2600002
2.99,3.2600002
2.94,3.2600002
2.97,3.2600002
2.85,3.2600002
2.67,3.2600002
2.53,3.2600002
2.59,3.2600002
2.78,3.2600002
2.71,3.2600002
2.42,3.2600002
2.54,3.2600002
2.67,3.2600002
2.71,3.2600002
2.6,3.2600002
2.6,3.2600002
2.6,3.2600002
3.12,3.1899996
3.1,3.1899996
3.1,3.1899996
3.07,3.1899996
3.07,3.1899996
3.13,3.1899996
3.09,3.1899996
2.99,3.1899996
2.94,3.1899996
2.97,3.1899996
2.85,3.1899996
2.67,3.1899996
2.53,3.1899996
2.59,3.1899996
2.78,3.1899996
2.71,3.1899996
2.42,3.1899996
2.54,3.1899996
2.67,3.1899996
2.71,3.1899996
2.6,3.1899996
2.6,3.1899996
2.6,3.1899996
2.61,3.1899996
3.1,3.12
3.1,3.12
3.07,3.12
3.07,3.12
3.13,3.12
3.09,3.12
2.99,3.12
2.94,3.12
2.97,3.12
2.85,3.12
2.67,3.12
2.53,3.12
2.59,3.12
2.78,3.12
2.71,3.12
2.42,3.12
2.54,3.12
2.67,3.12
2.71,3.12
2.6,3.12
2.6,3.12
2.6,3.12
2.61,3.12
2.67,3.12
3.1,3.0999994
3.07,3.0999994
3.07,3.0999994
3.13,3.0999994
3.09,3.0999994
2.99,3.0999994
2.94,3.0999994
2.97,3.0999994
2.85,3.0999994
2.67,3.0999994
2.53,3.0999994
2.59,3.0999994
2.78,3.0999994
2.71,3.0999994
2.42,3.0999994
2.54,3.0999994
2.67,3.0999994
2.71,3.0999994
2.6,3.0999994
2.6,3.0999994
2.6,3.0999994
2.61,3.0999994
2.67,3.0999994
2.73,3.0999994
3.07,3.0999994
3.07,3.0999994
3.13,3.0999994
3.09,3.0999994
2.99,3.0999994
2.94,3.0999994
2.97,3.0999994
2.85,3.0999994
2.67,3.0999994
2.53,3.0999994
2.59,3.0999994
2.78,3.0999994
2.71,3.0999994
2.42,3.0999994
2.54,3.0999994
2.67,3.0999994
2.71,3.0999994
2.6,3.0999994
2.6,3.0999994
2.6,3.0999994
2.61,3.0999994
2.67,3.0999994
2.73,3.0999994
2.76,3.0999994
3.07,3.0699997
3.13,3.0699997
3.09,3.0699997
2.99,3.0699997
2.94,3.0699997
2.97,3.0699997
2.85,3.0699997
2.67,3.0699997
2.53,3.0699997
2.59,3.0699997
2.78,3.0699997
2.71,3.0699997
2.42,3.0699997
2.54,3.0699997
2.67,3.0699997
2.71,3.0699997
2.6,3.0699997
2.6,3.0699997
2.6,3.0699997
2.61,3.0699997
2.67,3.0699997
2.73,3.0699997
2.76,3.0699997
2.77,3.0699997
3.13,3.0699997
3.09,3.0699997
2.99,3.0699997
2.94,3.0699997
2.97,3.0699997
2.85,3.0699997
2.67,3.0699997
2.53,3.0699997
2.59,3.0699997
2.78,3.0699997
2.71,3.0699997
2.42,3.0699997
2.54,3.0699997
2.67,3.0699997
2.71,3.0699997
2.6,3.0699997
2.6,3.0699997
2.6,3.0699997
2.61,3.0699997
2.67,3.0699997
2.73,3.0699997
2.76,3.0699997
2.77,3.0699997
2.58,3.0699997
3.09,3.13
2.99,3.13
2.94,3.13
2.97,3.13
2.85,3.13
2.67,3.13
2.53,3.13
2.59,3.13
2.78,3.13
2.71,3.13
2.42,3.13
2.54,3.13
2.67,3.13
2.71,3.13
2.6,3.13
2.6,3.13
2.6,3.13
2.61,3.13
2.67,3.13
2.73,3.13
2.76,3.13
2.77,3.13
2.58,3.13
2.62,3.13
2.99,3.0900002
2.94,3.0900002
2.97,3.0900002
2.85,3.0900002
2.67,3.0900002
2.53,3.0900002
2.59,3.0900002
2.78,3.0900002
2.71,3.0900002
2.42,3.0900002
2.54,3.0900002
2.67,3.0900002
2.71,3.0900002
2.6,3.0900002
2.6,3.0900002
2.6,3.0900002
2.61,3.0900002
2.67,3.0900002
2.73,3.0900002
2.76,3.0900002
2.77,3.0900002
2.58,3.0900002
2.62,3.0900002
2.62,3.0900002
2.94,2.9899998
2.97,2.9899998
2.85,2.9899998
2.67,2.9899998
2.53,2.9899998
2.59,2.9899998
2.78,2.9899998
2.71,2.9899998
2.42,2.9899998
2.54,2.9899998
2.67,2.9899998
2.71,2.9899998
2.6,2.9899998
2.6,2.9899998
2.6,2.9899998
2.61,2.9899998
2.67,2.9899998
2.73,2.9899998
2.76,2.9899998
2.77,2.9899998
2.58,2.9899998
2.62,2.9899998
2.62,2.9899998
2.73,2.9899998
2.97,2.9399996
2.85,2.9399996
2.67,2.9399996
2.53,2.9399996
2.59,2.9399996
2.78,2.9399996
2.71,2.9399996
2.42,2.9399996
2.54,2.9399996
2.67,2.9399996
2.71,2.9399996
2.6,2.9399996
2.6,2.9399996
2.6,2.9399996
2.61,2.9399996
2.67,2.9399996
2.73,2.9399996
2.76,2.9399996
2.77,2.9399996
2.58,2.9399996
2.62,2.9399996
2.62,2.9399996
2.73,2.9399996
2.81,2.9399996
2.85,2.9700003
2.67,2.9700003
2.53,2.9700003
2.59,2.9700003
2.78,2.9700003
2.71,2.9700003
2.42,2.9700003
2.54,2.9700003
2.67,2.9700003
2.71,2.9700003
2.6,2.9700003
2.6,2.9700003
2.6,2.9700003
2.61,2.9700003
2.67,2.9700003
2.73,2.9700003
2.76,2.9700003
2.77,2.9700003
2.58,2.9700003
2.62,2.9700003
2.62,2.9700003
2.73,2.9700003
2.81,2.9700003
2.86,2.9700003
2.67,2.8499994
2.53,2.8499994
2.59,2.8499994
2.78,2.8499994
2.71,2.8499994
2.42,2.8499994
2.54,2.8499994
2.67,2.8499994
2.71,2.8499994
2.6,2.8499994
2.6,2.8499994
2.6,2.8499994
2.61,2.8499994
2.67,2.8499994
2.73,2.8499994
2.76,2.8499994
2.77,2.8499994
2.58,2.8499994
2.62,2.8499994
2.62,2.8499994
2.73,2.8499994
2.81,2.8499994
2.86,2.8499994
2.97,2.8499994
2.53,2.67
2.59,2.67
2.78,2.67
2.71,2.67
2.42,2.67
2.54,2.67
2.67,2.67
2.71,2.67
2.6,2.67
2.6,2.67
2.6,2.67
2.61,2.67
2.67,2.67
2.73,2.67
2.76,2.67
2.77,2.67
2.58,2.67
2.62,2.67
2.62,2.67
2.73,2.67
2.81,2.67
2.86,2.67
2.97,2.67
3.06,2.67
2.59,2.5299997
2.78,2.5299997
2.71,2.5299997
2.42,2.5299997
2.54,2.5299997
2.67,2.5299997
2.71,2.5299997
2.6,2.5299997
2.6,2.5299997
2.6,2.5299997
2.61,2.5299997
2.67,2.5299997
2.73,2.5299997
2.76,2.5299997
2.77,2.5299997
2.58,2.5299997
2.62,2.5299997
2.62,2.5299997
2.73,2.5299997
2.81,2.5299997
2.86,2.5299997
2.97,2.5299997
3.06,2.5299997
3.04,2.5299997
2.78,2.5900002
2.71,2.5900002
2.42,2.5900002
2.54,2.5900002
2.67,2.5900002
2.71,2.5900002
2.6,2.5900002
2.6,2.5900002
2.6,2.5900002
2.61,2.5900002
2.67,2.5900002
2.73,2.5900002
2.76,2.5900002
2.77,2.5900002
2.58,2.5900002
2.62,2.5900002
2.62,2.5900002
2.73,2.5900002
2.81,2.5900002
2.86,2.5900002
2.97,2.5900002
3.06,2.5900002
3.04,2.5900002
3.09,2.5900002
2.71,2.7799997
2.42,2.7799997
2.54,2.7799997
2.67,2.7799997
2.71,2.7799997
2.6,2.7799997
2.6,2.7799997
2.6,2.7799997
2.61,2.7799997
2.67,2.7799997
2.73,2.7799997
2.76,2.7799997
2.77,2.7799997
2.58,2.7799997
2.62,2.7799997
2.62,2.7799997
2.73,2.7799997
2.81,2.7799997
2.86,2.7799997
2.97,2.7799997
3.06,2.7799997
3.04,2.7799997
3.09,2.7799997
3.27,2.7799997
2.42,2.71
2.54,2.71
2.67,2.71
2.71,2.71
2.6,2.71
2.6,2.71
2.6,2.71
2.61,2.71
2.67,2.71
2.73,2.71
2.76,2.71
2.77,2.71
2.58,2.71
2.62,2.71
2.62,2.71
2.73,2.71
2.81,2.71
2.86,2.71
2.97,2.71
3.06,2.71
3.04,2.71
3.09,2.71
3.27,2.71
3.39,2.71
2.54,2.42
2.67,2.42
2.71,2.42
2.6,2.42
2.6,2.42
2.6,2.42
2.61,2.42
2.67,2.42
2.73,2.42
2.76,2.42
2.77,2.42
2.58,2.42
2.62,2.42
2.62,2.42
2.73,2.42
2.81,2.42
2.86,2.42
2.97,2.42
3.06,2.42
3.04,2.42
3.09,2.42
3.27,2.42
3.39,2.42
3.5,2.42
2.67,2.54
2.71,2.54
2.6,2.54
2.6,2.54
2.6,2.54
2.61,2.54
2.67,2.54
2.73,2.54
2.76,2.54
2.77,2.54
2.58,2.54
2.62,2.54
2.62,2.54
2.73,2.54
2.81,2.54
2.86,2.54
2.97,2.54
3.06,2.54
3.04,2.54
3.09,2.54
3.27,2.54
3.39,2.54
3.5,2.54
3.41,2.54
2.71,2.67
2.6,2.67
2.6,2.67
2.6,2.67
2.61,2.67
2.67,2.67
2.73,2.67
2.76,2.67
2.77,2.67
2.58,2.67
2.62,2.67
2.62,2.67
2.73,2.67
2.81,2.67
2.86,2.67
2.97,2.67
3.06,2.67
3.04,2.67
3.09,2.67
3.27,2.67
3.39,2.67
3.5,2.67
3.41,2.67
3.49,2.67
2.6,2.71
2.6,2.71
2.6,2.71
2.61,2.71
2.67,2.71
2.73,2.71
2.76,2.71
2.77,2.71
2.58,2.71
2.62,2.71
2.62,2.71
2.73,2.71
2.81,2.71
2.86,2.71
2.97,2.71
3.06,2.71
3.04,2.71
3.09,2.71
3.27,2.71
3.39,2.71
3.5,2.71
3.41,2.71
3.49,2.71
3.48,2.71
2.6,2.5999994
2.6,2.5999994
2.61,2.5999994
2.67,2.5999994
2.73,2.5999994
2.76,2.5999994
2.77,2.5999994
2.58,2.5999994
2.62,2.5999994
2.62,2.5999994
2.73,2.5999994
2.81,2.5999994
2.86,2.5999994
2.97,2.5999994
3.06,2.5999994
3.04,2.5999994
3.09,2.5999994
3.27,2.5999994
3.39,2.5999994
3.5,2.5999994
3.41,2.5999994
3.49,2.5999994
3.48,2.5999994
3.37,2.5999994
2.6,2.5999994
2.61,2.5999994
2.67,2.5999994
2.73,2.5999994
2.76,2.5999994
2.77,2.5999994
2.58,2.5999994
2.62,2.5999994
2.62,2.5999994
2.73,2.5999994
2.81,2.5999994
2.86,2.5999994
2.97,2.5999994
3.06,2.5999994
3.04,2.5999994
3.09,2.5999994
3.27,2.5999994
3.39,2.5999994
3.5,2.5999994
3.41,2.5999994
3.49,2.5999994
3.48,2.5999994
3.37,2.5999994
3.27,2.5999994
2.61,2.5999994
2.67,2.5999994
2.73,2.5999994
2.76,2.5999994
2.77,2.5999994
2.58,2.5999994
2.62,2.5999994
2.62,2.5999994
2.73,2.5999994
2.81,2.5999994
2.86,2.5999994
2.97,2.5999994
3.06,2.5999994
3.04,2.5999994
3.09,2.5999994
3.27,2.5999994
3.39,2.5999994
3.5,2.5999994
3.41,2.5999994
3.49,2.5999994
3.48,2.5999994
3.37,2.5999994
3.27,2.5999994
3.41,2.5999994
2.67,2.6099997
2.73,2.6099997
2.76,2.6099997
2.77,2.6099997
2.58,2.6099997
2.62,2.6099997
2.62,2.6099997
2.73,2.6099997
2.81,2.6099997
2.86,2.6099997
2.97,2.6099997
3.06,2.6099997
3.04,2.6099997
3.09,2.6099997
3.27,2.6099997
3.39,2.6099997
3.5,2.6099997
3.41,2.6099997
3.49,2.6099997
3.48,2.6099997
3.37,2.6099997
3.27,2.6099997
3.41,2.6099997
3.49,2.6099997
2.73,2.67
2.76,2.67
2.77,2.67
2.58,2.67
2.62,2.67
2.62,2.67
2.73,2.67
2.81,2.67
2.86,2.67
2.97,2.67
3.06,2.67
3.04,2.67
3.09,2.67
3.27,2.67
3.39,2.67
3.5,2.67
3.41,2.67
3.49,2.67
3.48,2.67
3.37,2.67
3.27,2.67
3.41,2.67
3.49,2.67
3.45,2.67
2.76,2.7300005
2.77,2.7300005
2.58,2.7300005
2.62,2.7300005
2.62,2.7300005
2.73,2.7300005
2.81,2.7300005
2.86,2.7300005
2.97,2.7300005
3.06,2.7300005
3.04,2.7300005
3.09,2.7300005
3.27,2.7300005
3.39,2.7300005
3.5,2.7300005
3.41,2.7300005
3.49,2.7300005
3.48,2.7300005
3.37,2.7300005
3.27,2.7300005
3.41,2.7300005
3.49,2.7300005
3.45,2.7300005
3.69,2.7300005
2.77,2.7600002
2.58,2.7600002
2.62,2.7600002
2.62,2.7600002
2.73,2.7600002
2.81,2.7600002
2.86,2.7600002
2.97,2.7600002
3.06,2.7600002
3.04,2.7600002
3.09,2.7600002
3.27,2.7600002
3.39,2.7600002
3.5,2.7600002
3.41,2.7600002
3.49,2.7600002
3.48,2.7600002
3.37,2.7600002
3.27,2.7600002
3.41,2.7600002
3.49,2.7600002
3.45,2.7600002
3.69,2.7600002
3.77,2.7600002
2.58,2.7699995
2.62,2.7699995
2.62,2.7699995
2.73,2.7699995
2.81,2.7699995
2.86,2.7699995
2.97,2.7699995
3.06,2.7699995
3.04,2.7699995
3.09,2.7699995
3.27,2.7699995
3.39,2.7699995
3.5,2.7699995
3.41,2.7699995
3.49,2.7699995
3.48,2.7699995
3.37,2.7699995
3.27,2.7699995
3.41,2.7699995
3.49,2.7699995
3.45,2.7699995
3.69,2.7699995
3.77,2.7699995
3.84,2.7699995
2.62,2.58
2.62,2.58
2.73,2.58
2.81,2.58
2.86,2.58
2.97,2.58
3.06,2.58
3.04,2.58
3.09,2.58
3.27,2.58
3.39,2.58
3.5,2.58
3.41,2.58
3.49,2.58
3.48,2.58
3.37,2.58
3.27,2.58
3.41,2.58
3.49,2.58
3.45,2.58
3.69,2.58
3.77,2.58
3.84,2.58
3.79,2.58
2.62,2.62
2.73,2.62
2.81,2.62
2.86,2.62
2.97,2.62
3.06,2.62
3.04,2.62
3.09,2.62
3.27,2.62
3.39,2.62
3.5,2.62
3.41,2.62
3.49,2.62
3.48,2.62
3.37,2.62
3.27,2.62
3.41,2.62
3.49,2.62
3.45,2.62
3.69,2.62
3.77,2.62
3.84,2.62
3.79,2.62
3.75,2.62
2.73,2.62
2.81,2.62
2.86,2.62
2.97,2.62
3.06,2.62
3.04,2.62
3.09,2.62
3.27,2.62
3.39,2.62
3.5,2.62
3.41,2.62
3.49,2.62
3.48,2.62
3.37,2.62
3.27,2.62
3.41,2.62
3.49,2.62
3.45,2.62
3.69,2.62
3.77,2.62
3.84,2.62
3.79,2.62
3.75,2.62
3.75,2.62
2.81,2.7300005
2.86,2.7300005
2.97,2.7300005
3.06,2.7300005
3.04,2.7300005
3.09,2.7300005
3.27,2.7300005
3.39,2.7300005
3.5,2.7300005
3.41,2.7300005
3.49,2.7300005
3.48,2.7300005
3.37,2.7300005
3.27,2.7300005
3.41,2.7300005
3.49,2.7300005
3.45,2.7300005
3.69,2.7300005
3.77,2.7300005
3.84,2.7300005
3.79,2.7300005
3.75,2.7300005
3.75,2.7300005
3.72,2.7300005
2.86,2.8100004
2.97,2.8100004
3.06,2.8100004
3.04,2.8100004
3.09,2.8100004
3.27,2.8100004
3.39,2.8100004
3.5,2.8100004
3.41,2.8100004
3.49,2.8100004
3.48,2.8100004
3.37,2.8100004
3.27,2.8100004
3.41,2.8100004
3.49,2.8100004
3.45,2.8100004
3.69,2.8100004
3.77,2.8100004
3.84,2.8100004
3.79,2.8100004
3.75,2.8100004
3.75,2.8100004
3.72,2.8100004
3.74,2.8100004
2.97,2.8599997
3.06,2.8599997
3.04,2.8599997
3.09,2.8599997
3.27,2.8599997
3.39,2.8599997
3.5,2.8599997
3.41,2.8599997
3.49,2.8599997
3.48,2.8599997
3.37,2.8599997
3.27,2.8599997
3.41,2.8599997
3.49,2.8599997
3.45,2.8599997
3.69,2.8599997
3.77,2.8599997
3.84,2.8599997
3.79,2.8599997
3.75,2.8599997
3.75,2.8599997
3.72,2.8599997
3.74,2.8599997
3.92,2.8599997
3.06,2.9700003
3.04,2.9700003
3.09,2.9700003
3.27,2.9700003
3.39,2.9700003
3.5,2.9700003
3.41,2.9700003
3.49,2.9700003
3.48,2.9700003
3.37,2.9700003
3.27,2.9700003
3.41,2.9700003
3.49,2.9700003
3.45,2.9700003
3.69,2.9700003
3.77,2.9700003
3.84,2.9700003
3.79,2.9700003
3.75,2.9700003
3.75,2.9700003
3.72,2.9700003
3.74,2.9700003
3.92,2.9700003
4.13,2.9700003
3.04,3.0600004
3.09,3.0600004
3.27,3.0600004
3.39,3.0600004
3.5,3.0600004
3.41,3.0600004
3.49,3.0600004
3.48,3.0600004
3.37,3.0600004
3.27,3.0600004
3.41,3.0600004
3.49,3.0600004
3.45,3.0600004
3.69,3.0600004
3.77,3.0600004
3.84,3.0600004
3.79,3.0600004
3.75,3.0600004
3.75,3.0600004
3.72,3.0600004
3.74,3.0600004
3.92,3.0600004
4.13,3.0600004
4.06,3.0600004
3.09,3.04
3.27,3.04
3.39,3.04
3.5,3.04
3.41,3.04
3.49,3.04
3.48,3.04
3.37,3.04
3.27,3.04
3.41,3.04
3.49,3.04
3.45,3.04
3.69,3.04
3.77,3.04
3.84,3.04
3.79,3.04
3.75,3.04
3.75,3.04
3.72,3.04
3.74,3.04
3.92,3.04
4.13,3.04
4.06,3.04
3.97,3.04
3.27,3.0900002
3.39,3.0900002
3.5,3.0900002
3.41,3.0900002
3.49,3.0900002
3.48,3.0900002
3.37,3.0900002
3.27,3.0900002
3.41,3.0900002
3.49,3.0900002
3.45,3.0900002
3.69,3.0900002
3.77,3.0900002
3.84,3.0900002
3.79,3.0900002
3.75,3.0900002
3.75,3.0900002
3.72,3.0900002
3.74,3.0900002
3.92,3.0900002
4.13,3.0900002
4.06,3.0900002
3.97,3.0900002
4.03,3.0900002
3.39,3.2699995
3.5,3.2699995
3.41,3.2699995
3.49,3.2699995
3.48,3.2699995
3.37,3.2699995
3.27,3.2699995
3.41,3.2699995
3.49,3.2699995
3.45,3.2699995
3.69,3.2699995
3.77,3.2699995
3.84,3.2699995
3.79,3.2699995
3.75,3.2699995
3.75,3.2699995
3.72,3.2699995
3.74,3.2699995
3.92,3.2699995
4.13,3.2699995
4.06,3.2699995
3.97,3.2699995
4.03,3.2699995
4.05,3.2699995
3.5,3.3900003
3.41,3.3900003
3.49,3.3900003
3.48,3.3900003
3.37,3.3900003
3.27,3.3900003
3.41,3.3900003
3.49,3.3900003
3.45,3.3900003
3.69,3.3900003
3.77,3.3900003
3.84,3.3900003
3.79,3.3900003
3.75,3.3900003
3.75,3.3900003
3.72,3.3900003
3.74,3.3900003
3.92,3.3900003
4.13,3.3900003
4.06,3.3900003
3.97,3.3900003
4.03,3.3900003
4.05,3.3900003
4.11,3.3900003
3.41,3.5
3.49,3.5
3.48,3.5
3.37,3.5
3.27,3.5
3.41,3.5
3.49,3.5
3.45,3.5
3.69,3.5
3.77,3.5
3.84,3.5
3.79,3.5
3.75,3.5
3.75,3.5
3.72,3.5
3.74,3.5
3.92,3.5
4.13,3.5
4.06,3.5
3.97,3.5
4.03,3.5
4.05,3.5
4.11,3.5
4.17,3.5
3.49,3.4099998
3.48,3.4099998
3.37,3.4099998
3.27,3.4099998
3.41,3.4099998
3.49,3.4099998
3.45,3.4099998
3.69,3.4099998
3.77,3.4099998
3.84,3.4099998
3.79,3.4099998
3.75,3.4099998
3.75,3.4099998
3.72,3.4099998
3.74,3.4099998
3.92,3.4099998
4.13,3.4099998
4.06,3.4099998
3.97,3.4099998
4.03,3.4099998
4.05,3.4099998
4.11,3.4099998
4.17,3.4099998
4.29,3.4099998
3.48,3.4899998
3.37,3.4899998
3.27,3.4899998
3.41,3.4899998
3.49,3.4899998
3.45,3.4899998
3.69,3.4899998
3.77,3.4899998
3.84,3.4899998
3.79,3.4899998
3.75,3.4899998
3.75,3.4899998
3.72,3.4899998
3.74,3.4899998
3.92,3.4899998
4.13,3.4899998
4.06,3.4899998
3.97,3.4899998
4.03,3.4899998
4.05,3.4899998
4.11,3.4899998
4.17,3.4899998
4.29,3.4899998
4.35,3.4899998
3.37,3.4800005
3.27,3.4800005
3.41,3.4800005
3.49,3.4800005
3.45,3.4800005
3.69,3.4800005
3.77,3.4800005
3.84,3.4800005
3.79,3.4800005
3.75,3.4800005
3.75,3.4800005
3.72,3.4800005
3.74,3.4800005
3.92,3.4800005
4.13,3.4800005
4.06,3.4800005
3.97,3.4800005
4.03,3.4800005
4.05,3.4800005
4.11,3.4800005
4.17,3.4800005
4.29,3.4800005
4.35,3.4800005
4.54,3.4800005
3.27,3.37
3.41,3.37
3.49,3.37
3.45,3.37
3.69,3.37
3.77,3.37
3.84,3.37
3.79,3.37
3.75,3.37
3.75,3.37
3.72,3.37
3.74,3.37
3.92,3.37
4.13,3.37
4.06,3.37
3.97,3.37
4.03,3.37
4.05,3.37
4.11,3.37
4.17,3.37
4.29,3.37
4.35,3.37
4.54,3.37
4.5,3.37
3.41,3.2699995
3.49,3.2699995
3.45,3.2699995
3.69,3.2699995
3.77,3.2699995
3.84,3.2699995
3.79,3.2699995
3.75,3.2699995
3.75,3.2699995
3.72,3.2699995
3.74,3.2699995
3.92,3.2699995
4.13,3.2699995
4.06,3.2699995
3.97,3.2699995
4.03,3.2699995
4.05,3.2699995
4.11,3.2699995
4.17,3.2699995
4.29,3.2699995
4.35,3.2699995
4.54,3.2699995
4.5,3.2699995
4.26,3.2699995
3.49,3.4099998
3.45,3.4099998
3.69,3.4099998
3.77,3.4099998
3.84,3.4099998
3.79,3.4099998
3.75,3.4099998
3.75,3.4099998
3.72,3.4099998
3.74,3.4099998
3.92,3.4099998
4.13,3.4099998
4.06,3.4099998
3.97,3.4099998
4.03,3.4099998
4.05,3.4099998
4.11,3.4099998
4.17,3.4099998
4.29,3.4099998
4.35,3.4099998
4.54,3.4099998
4.5,3.4099998
4.26,3.4099998
4.3,3.4099998
3.45,3.4899998
3.69,3.4899998
3.77,3.4899998
3.84,3.4899998
3.79,3.4899998
3.75,3.4899998
3.75,3.4899998
3.72,3.4899998
3.74,3.4899998
3.92,3.4899998
4.13,3.4899998
4.06,3.4899998
3.97,3.4899998
4.03,3.4899998
4.05,3.4899998
4.11,3.4899998
4.17,3.4899998
4.29,3.4899998
4.35,3.4899998
4.54,3.4899998
4.5,3.4899998
4.26,3.4899998
4.3,3.4899998
4.55,3.4899998
3.69,3.4499998
3.77,3.4499998
3.84,3.4499998
3.79,3.4499998
3.75,3.4499998
3.75,3.4499998
3.72,3.4499998
3.74,3.4499998
3.92,3.4499998
4.13,3.4499998
4.06,3.4499998
3.97,3.4499998
4.03,3.4499998
4.05,3.4499998
4.11,3.4499998
4.17,3.4499998
4.29,3.4499998
4.35,3.4499998
4.54,3.4499998
4.5,3.4499998
4.26,3.4499998
4.3,3.4499998
4.55,3.4499998
4.38,3.4499998
3.77,3.6899996
3.84,3.6899996
3.79,3.6899996
3.75,3.6899996
3.75,3.6899996
3.72,3.6899996
3.74,3.6899996
3.92,3.6899996
4.13,3.6899996
4.06,3.6899996
3.97,3.6899996
4.03,3.6899996
4.05,3.6899996
4.11,3.6899996
4.17,3.6899996
4.29,3.6899996
4.35,3.6899996
4.54,3.6899996
4.5,3.6899996
4.26,3.6899996
4.3,3.6899996
4.55,3.6899996
4.38,3.6899996
4.16,3.6899996
3.84,3.7699995
3.79,3.7699995
3.75,3.7699995
3.75,3.7699995
3.72,3.7699995
3.74,3.7699995
3.92,3.7699995
4.13,3.7699995
4.06,3.7699995
3.97,3.7699995
4.03,3.7699995
4.05,3.7699995
4.11,3.7699995
4.17,3.7699995
4.29,3.7699995
4.35,3.7699995
4.54,3.7699995
4.5,3.7699995
4.26,3.7699995
4.3,3.7699995
4.55,3.7699995
4.38,3.7699995
4.16,3.7699995
4.2,3.7699995
3.79,3.8400002
3.75,3.8400002
3.75,3.8400002
3.72,3.8400002
3.74,3.8400002
3.92,3.8400002
4.13,3.8400002
4.06,3.8400002
3.97,3.8400002
4.03,3.8400002
4.05,3.8400002
4.11,3.8400002
4.17,3.8400002
4.29,3.8400002
4.35,3.8400002
4.54,3.8400002
4.5,3.8400002
4.26,3.8400002
4.3,3.8400002
4.55,3.8400002
4.38,3.8400002
4.16,3.8400002
4.2,3.8400002
4.04,3.8400002
3.75,3.79
3.75,3.79
3.72,3.79
3.74,3.79
3.92,3.79
4.13,3.79
4.06,3.79
3.97,3.79
4.03,3.79
4.05,3.79
4.11,3.79
4.17,3.79
4.29,3.79
4.35,3.79
4.54,3.79
4.5,3.79
4.26,3.79
4.3,3.79
4.55,3.79
4.38,3.79
4.16,3.79
4.2,3.79
4.04,3.79
4.06,3.79
3.75,3.75
3.72,3.75
3.74,3.75
3.92,3.75
4.13,3.75
4.06,3.75
3.97,3.75
4.03,3.75
4.05,3.75
4.11,3.75
4.17,3.75
4.29,3.75
4.35,3.75
4.54,3.75
4.5,3.75
4.26,3.75
4.3,3.75
4.55,3.75
4.38,3.75
4.16,3.75
4.2,3.75
4.04,3.75
4.06,3.75
3.88,3.75
3.72,3.75
3.74,3.75
3.92,3.75
4.13,3.75
4.06,3.75
3.97,3.75
4.03,3.75
4.05,3.75
4.11,3.75
4.17,3.75
4.29,3.75
4.35,3.75
4.54,3.75
4.5,3.75
4.26,3.75
4.3,3.75
4.55,3.75
4.38,3.75
4.16,3.75
4.2,3.75
4.04,3.75
4.06,3.75
3.88,3.75
3.87,3.75
3.74,3.7200003
3.92,3.7200003
4.13,3.7200003
4.06,3.7200003
3.97,3.7200003
4.03,3.7200003
4.05,3.7200003
4.11,3.7200003
4.17,3.7200003
4.29,3.7200003
4.35,3.7200003
4.54,3.7200003
4.5,3.7200003
4.26,3.7200003
4.3,3.7200003
4.55,3.7200003
4.38,3.7200003
4.16,3.7200003
4.2,3.7200003
4.04,3.7200003
4.06,3.7200003
3.88,3.7200003
3.87,3.7200003
4.03,3.7200003
3.92,3.7399998
4.13,3.7399998
4.06,3.7399998
3.97,3.7399998
4.03,3.7399998
4.05,3.7399998
4.11,3.7399998
4.17,3.7399998
4.29,3.7399998
4.35,3.7399998
4.54,3.7399998
4.5,3.7399998
4.26,3.7399998
4.3,3.7399998
4.55,3.7399998
4.38,3.7399998
4.16,3.7399998
4.2,3.7399998
4.04,3.7399998
4.06,3.7399998
3.88,3.7399998
3.87,3.7399998
4.03,3.7399998
4.1,3.7399998
4.13,3.92
4.06,3.92
3.97,3.92
4.03,3.92
4.05,3.92
4.11,3.92
4.17,3.92
4.29,3.92
4.35,3.92
4.54,3.92
4.5,3.92
4.26,3.92
4.3,3.92
4.55,3.92
4.38,3.92
4.16,3.92
4.2,3.92
4.04,3.92
4.06,3.92
3.88,3.92
3.87,3.92
4.03,3.92
4.1,3.92
4.12,3.92
4.06,4.13
3.97,4.13
4.03,4.13
4.05,4.13
4.11,4.13
4.17,4.13
4.29,4.13
4.35,4.13
4.54,4.13
4.5,4.13
4.26,4.13
4.3,4.13
4.55,4.13
4.38,4.13
4.16,4.13
4.2,4.13
4.04,4.13
4.06,4.13
3.88,4.13
3.87,4.13
4.03,4.13
4.1,4.13
4.12,4.13
4.1,4.13
3.97,4.0600004
4.03,4.0600004
4.05,4.0600004
4.11,4.0600004
4.17,4.0600004
4.29,4.0600004
4.35,4.0600004
4.54,4.0600004
4.5,4.0600004
4.26,4.0600004
4.3,4.0600004
4.55,4.0600004
4.38,4.0600004
4.16,4.0600004
4.2,4.0600004
4.04,4.0600004
4.06,4.0600004
3.88,4.0600004
3.87,4.0600004
4.03,4.0600004
4.1,4.0600004
4.12,4.0600004
4.1,4.0600004
3.57,4.0600004
4.03,3.9700003
4.05,3.9700003
4.11,3.9700003
4.17,3.9700003
4.29,3.9700003
4.35,3.9700003
4.54,3.9700003
4.5,3.9700003
4.26,3.9700003
4.3,3.9700003
4.55,3.9700003
4.38,3.9700003
4.16,3.9700003
4.2,3.9700003
4.04,3.9700003
4.06,3.9700003
3.88,3.9700003
3.87,3.9700003
4.03,3.9700003
4.1,3.9700003
4.12,3.9700003
4.1,3.9700003
3.57,3.9700003
3.23,3.9700003
4.05,4.0299997
4.11,4.0299997
4.17,4.0299997
4.29,4.0299997
4.35,4.0299997
4.54,4.0299997
4.5,4.0299997
4.26,4.0299997
4.3,4.0299997
4.55,4.0299997
4.38,4.0299997
4.16,4.0299997
4.2,4.0299997
4.04,4.0299997
4.06,4.0299997
3.88,4.0299997
3.87,4.0299997
4.03,4.0299997
4.1,4.0299997
4.12,4.0299997
4.1,4.0299997
3.57,4.0299997
3.23,4.0299997
3.14,4.0299997
4.11,4.05
4.17,4.05
4.29,4.05
4.35,4.05
4.54,4.05
4.5,4.05
4.26,4.05
4.3,4.05
4.55,4.05
4.38,4.05
4.16,4.05
4.2,4.05
4.04,4.05
4.06,4.05
3.88,4.05
3.87,4.05
4.03,4.05
4.1,4.05
4.12,4.05
4.1,4.05
3.57,4.05
3.23,4.05
3.14,4.05
3.03,4.05
4.17,4.1099997
4.29,4.1099997
4.35,4.1099997
4.54,4.1099997
4.5,4.1099997
4.26,4.1099997
4.3,4.1099997
4.55,4.1099997
4.38,4.1099997
4.16,4.1099997
4.2,4.1099997
4.04,4.1099997
4.06,4.1099997
3.88,4.1099997
3.87,4.1099997
4.03,4.1099997
4.1,4.1099997
4.12,4.1099997
4.1,4.1099997
3.57,4.1099997
3.23,4.1099997
3.14,4.1099997
3.03,4.1099997
2.99,4.1099997
4.29,4.17
4.35,4.17
4.54,4.17
4.5,4.17
4.26,4.17
4.3,4.17
4.55,4.17
4.38,4.17
4.16,4.17
4.2,4.17
4.04,4.17
4.06,4.17
3.88,4.17
3.87,4.17
4.03,4.17
4.1,4.17
4.12,4.17
4.1,4.17
3.57,4.17
3.23,4.17
3.14,4.17
3.03,4.17
2.99,4.17
2.99,4.17
4.35,4.29
4.54,4.29
4.5,4.29
4.26,4.29
4.3,4.29
4.55,4.29
4.38,4.29
4.16,4.29
4.2,4.29
4.04,4.29
4.06,4.29
3.88,4.29
3.87,4.29
4.03,4.29
4.1,4.29
4.12,4.29
4.1,4.29
3.57,4.29
3.23,4.29
3.14,4.29
3.03,4.29
2.99,4.29
2.99,4.29
2.86,4.29
4.54,4.3499994
4.5,4.3499994
4.26,4.3499994
4.3,4.3499994
4.55,4.3499994
4.38,4.3499994
4.16,4.3499994
4.2,4.3499994
4.04,4.3499994
4.06,4.3499994
3.88,4.3499994
3.87,4.3499994
4.03,4.3499994
4.1,4.3499994
4.12,4.3499994
4.1,4.3499994
3.57,4.3499994
3.23,4.3499994
3.14,4.3499994
3.03,4.3499994
2.99,4.3499994
2.99,4.3499994
2.86,4.3499994
2.41,4.3499994
4.5,4.54
4.26,4.54
4.3,4.54
4.55,4.54
4.38,4.54
4.16,4.54
4.2,4.54
4.04,4.54
4.06,4.54
3.88,4.54
3.87,4.54
4.03,4.54
4.1,4.54
4.12,4.54
4.1,4.54
3.57,4.54
3.23,4.54
3.14,4.54
3.03,4.54
2.99,4.54
2.99,4.54
2.86,4.54
2.41,4.54
2.23,4.54
4.26,4.5
4.3,4.5
4.55,4.5
4.38,4.5
4.16,4.5
4.2,4.5
4.04,4.5
4.06,4.5
3.88,4.5
3.87,4.5
4.03,4.5
4.1,4.5
4.12,4.5
4.1,4.5
3.57,4.5
3.23,4.5
3.14,4.5
3.03,4.5
2.99,4.5
2.99,4.5
2.86,4.5
2.41,4.5
2.23,4.5
2.09,4.5
4.3,4.26
4.55,4.26
4.38,4.26
4.16,4.26
4.2,4.26
4.04,4.26
4.06,4.26
3.88,4.26
3.87,4.26
4.03,4.26
4.1,4.26
4.12,4.26
4.1,4.26
3.57,4.26
3.23,4.26
3.14,4.26
3.03,4.26
2.99,4.26
2.99,4.26
2.86,4.26
2.41,4.26
2.23,4.26
2.09,4.26
1.73,4.26
4.55,4.3
4.38,4.3
4.16,4.3
4.2,4.3
4.04,4.3
4.06,4.3
3.88,4.3
3.87,4.3
4.03,4.3
4.1,4.3
4.12,4.3
4.1,4.3
3.57,4.3
3.23,4.3
3.14,4.3
3.03,4.3
2.99,4.3
2.99,4.3
2.86,4.3
2.41,4.3
2.23,4.3
2.09,4.3
1.73,4.3
1.45,4.3
4.38,4.55
4.16,4.55
4.2,4.55
4.04,4.55
4.06,4.55
3.88,4.55
3.87,4.55
4.03,4.55
4.1,4.55
4.12,4.55
4.1,4.55
3.57,4.55
3.23,4.55
3.14,4.55
3.03,4.55
2.99,4.55
2.99,4.55
2.86,4.55
2.41,4.55
2.23,4.55
2.09,4.55
1.73,4.55
1.45,4.55
1.41,4.55
4.16,4.38
4.2,4.38
4.04,4.38
4.06,4.38
3.88,4.38
3.87,4.38
4.03,4.38
4.1,4.38
4.12,4.38
4.1,4.38
3.57,4.38
3.23,4.38
3.14,4.38
3.03,4.38
2.99,4.38
2.99,4.38
2.86,4.38
2.41,4.38
2.23,4.38
2.09,4.38
1.73,4.38
1.45,4.38
1.41,4.38
1.22,4.38
4.2,4.16
4.04,4.16
4.06,4.16
3.88,4.16
3.87,4.16
4.03,4.16
4.1,4.16
4.12,4.16
4.1,4.16
3.57,4.16
3.23,4.16
3.14,4.16
3.03,4.16
2.99,4.16
2.99,4.16
2.86,4.16
2.41,4.16
2.23,4.16
2.09,4.16
1.73,4.16
1.45,4.16
1.41,4.16
1.22,4.16
0.73,4.16
4.04,4.2
4.06,4.2
3.88,4.2
3.87,4.2
4.03,4.2
4.1,4.2
4.12,4.2
4.1,4.2
3.57,4.2
3.23,4.2
3.14,4.2
3.03,4.2
2.99,4.2
2.99,4.2
2.86,4.2
2.41,4.2
2.23,4.2
2.09,4.2
1.73,4.2
1.45,4.2
1.41,4.2
1.22,4.2
0.73,4.2
0.54,4.2
4.06,4.04
3.88,4.04
3.87,4.04
4.03,4.04
4.1,4.04
4.12,4.04
4.1,4.04
3.57,4.04
3.23,4.04
3.14,4.04
3.03,4.04
2.99,4.04
2.99,4.04
2.86,4.04
2.41,4.04
2.23,4.04
2.09,4.04
1.73,4.04
1.45,4.04
1.41,4.04
1.22,4.04
0.73,4.04
0.54,4.04
0.43,4.04
3.88,4.0600004
3.87,4.0600004
4.03,4.0600004
4.1,4.0600004
4.12,4.0600004
4.1,4.0600004
3.57,4.0600004
3.23,4.0600004
3.14,4.0600004
3.03,4.0600004
2.99,4.0600004
2.99,4.0600004
2.86,4.0600004
2.41,4.0600004
2.23,4.0600004
2.09,4.0600004
1.73,4.0600004
1.45,4.0600004
1.41,4.0600004
1.22,4.0600004
0.73,4.0600004
0.54,4.0600004
0.43,4.0600004
0.15,4.0600004
3.87,3.88
4.03,3.88
4.1,3.88
4.12,3.88
4.1,3.88
3.57,3.88
3.23,3.88
3.14,3.88
3.03,3.88
2.99,3.88
2.99,3.88
2.86,3.88
2.41,3.88
2.23,3.88
2.09,3.88
1.73,3.88
1.45,3.88
1.41,3.88
1.22,3.88
0.73,3.88
0.54,3.88
0.43,3.88
0.15,3.88
-0.12,3.88
4.03,3.87
4.1,3.87
4.12,3.87
4.1,3.87
3.57,3.87
3.23,3.87
3.14,3.87
3.03,3.87
2.99,3.87
2.99,3.87
2.86,3.87
2.41,3.87
2.23,3.87
2.09,3.87
1.73,3.87
1.45,3.87
1.41,3.87
1.22,3.87
0.73,3.87
0.54,3.87
0.43,3.87
0.15,3.87
-0.12,3.87
-0.23,3.87
4.1,4.0299997
4.12,4.0299997
4.1,4.0299997
3.57,4.0299997
3.23,4.0299997
3.14,4.0299997
3.03,4.0299997
2.99,4.0299997
2.99,4.0299997
2.86,4.0299997
2.41,4.0299997
2.23,4.0299997
2.09,4.0299997
1.73,4.0299997
1.45,4.0299997
1.41,4.0299997
1.22,4.0299997
0.73,4.0299997
0.54,4.0299997
0.43,4.0299997
0.15,4.0299997
-0.12,4.0299997
-0.23,4.0299997
-0.39,4.0299997
4.12,4.0999994
4.1,4.0999994
3.57,4.0999994
3.23,4.0999994
3.14,4.0999994
3.03,4.0999994
2.99,4.0999994
2.99,4.0999994
2.86,4.0999994
2.41,4.0999994
2.23,4.0999994
2.09,4.0999994
1.73,4.0999994
1.45,4.0999994
1.41,4.0999994
1.22,4.0999994
0.73,4.0999994
0.54,4.0999994
0.43,4.0999994
0.15,4.0999994
-0.12,4.0999994
-0.23,4.0999994
-0.39,4.0999994
-0.65,4.0999994
4.1,4.12
3.57,4.12
3.23,4.12
3.14,4.12
3.03,4.12
2.99,4.12
2.99,4.12
2.86,4.12
2.41,4.12
2.23,4.12
2.09,4.12
1.73,4.12
1.45,4.12
1.41,4.12
1.22,4.12
0.73,4.12
0.54,4.12
0.43,4.12
0.15,4.12
-0.12,4.12
-0.23,4.12
-0.39,4.12
-0.65,4.12
-0.72,4.12
3.57,4.0999994
3.23,4.0999994
3.14,4.0999994
3.03,4.0999994
2.99,4.0999994
2.99,4.0999994
2.86,4.0999994
2.41,4.0999994
2.23,4.0999994
2.09,4.0999994
1.73,4.0999994
1.45,4.0999994
1.41,4.0999994
1.22,4.0999994
0.73,4.0999994
0.54,4.0999994
0.43,4.0999994
0.15,4.0999994
-0.12,4.0999994
-0.23,4.0999994
-0.39,4.0999994
-0.65,4.0999994
-0.72,4.0999994
-0.78,4.0999994
3.23,3.5699997
3.14,3.5699997
3.03,3.5699997
2.99,3.5699997
2.99,3.5699997
2.86,3.5699997
2.41,3.5699997
2.23,3.5699997
2.09,3.5699997
1.73,3.5699997
1.45,3.5699997
1.41,3.5699997
1.22,3.5699997
0.73,3.5699997
0.54,3.5699997
0.43,3.5699997
0.15,3.5699997
-0.12,3.5699997
-0.23,3.5699997
-0.39,3.5699997
-0.65,3.5699997
-0.72,3.5699997
-0.78,3.5699997
-0.84,3.5699997
3.14,3.2300005
3.03,3.2300005
2.99,3.2300005
2.99,3.2300005
2.86,3.2300005
2.41,3.2300005
2.23,3.2300005
2.09,3.2300005
1.73,3.2300005
1.45,3.2300005
1.41,3.2300005
1.22,3.2300005
0.73,3.2300005
0.54,3.2300005
0.43,3.2300005
0.15,3.2300005
-0.12,3.2300005
-0.23,3.2300005
-0.39,3.2300005
-0.65,3.2300005
-0.72,3.2300005
-0.78,3.2300005
-0.84,3.2300005
-0.87,3.2300005
3.03,3.1400003
2.99,3.1400003
2.99,3.1400003
2.86,3.1400003
2.41,3.1400003
2.23,3.1400003
2.09,3.1400003
1.73,3.1400003
1.45,3.1400003
1.41,3.1400003
1.22,3.1400003
0.73,3.1400003
0.54,3.1400003
0.43,3.1400003
0.15,3.1400003
-0.12,3.1400003
-0.23,3.1400003
-0.39,3.1400003
-0.65,3.1400003
-0.72,3.1400003
-0.78,3.1400003
-0.84,3.1400003
-0.87,3.1400003
-0.84,3.1400003
2.99,3.0299997
2.99,3.0299997
2.86,3.0299997
2.41,3.0299997
2.23,3.0299997
2.09,3.0299997
1.73,3.0299997
1.45,3.0299997
1.41,3.0299997
1.22,3.0299997
0.73,3.0299997
0.54,3.0299997
0.43,3.0299997
0.15,3.0299997
-0.12,3.0299997
-0.23,3.0299997
-0.39,3.0299997
-0.65,3.0299997
-0.72,3.0299997
-0.78,3.0299997
-0.84,3.0299997
-0.87,3.0299997
-0.84,3.0299997
-1.05,3.0299997
2.99,2.9899998
2.86,2.9899998
2.41,2.9899998
2.23,2.9899998
2.09,2.9899998
1.73,2.9899998
1.45,2.9899998
1.41,2.9899998
1.22,2.9899998
0.73,2.9899998
0.54,2.9899998
0.43,2.9899998
0.15,2.9899998
-0.12,2.9899998
-0.23,2.9899998
-0.39,2.9899998
-0.65,2.9899998
-0.72,2.9899998
-0.78,2.9899998
-0.84,2.9899998
-0.87,2.9899998
-0.84,2.9899998
-1.05,2.9899998
-1.1,2.9899998
2.86,2.9899998
2.41,2.9899998
2.23,2.9899998
2.09,2.9899998
1.73,2.9899998
1.45,2.9899998
1.41,2.9899998
1.22,2.9899998
0.73,2.9899998
0.54,2.9899998
0.43,2.9899998
0.15,2.9899998
-0.12,2.9899998
-0.23,2.9899998
-0.39,2.9899998
-0.65,2.9899998
-0.72,2.9899998
-0.78,2.9899998
-0.84,2.9899998
-0.87,2.9899998
-0.84,2.9899998
-1.05,2.9899998
-1.1,2.9899998
-1.14,2.9899998
2.41,2.8599997
2.23,2.8599997
2.09,2.8599997
1.73,2.8599997
1.45,2.8599997
1.41,2.8599997
1.22,2.8599997
0.73,2.8599997
0.54,2.8599997
0.43,2.8599997
0.15,2.8599997
-0.12,2.8599997
-0.23,2.8599997
-0.39,2.8599997
-0.65,2.8599997
-0.72,2.8599997
-0.78,2.8599997
-0.84,2.8599997
-0.87,2.8599997
-0.84,2.8599997
-1.05,2.8599997
-1.1,2.8599997
-1.14,2.8599997
-1.15,2.8599997
2.23,2.4099998
2.09,2.4099998
1.73,2.4099998
1.45,2.4099998
1.41,2.4099998
1.22,2.4099998
0.73,2.4099998
0.54,2.4099998
0.43,2.4099998
0.15,2.4099998
-0.12,2.4099998
-0.23,2.4099998
-0.39,2.4099998
-0.65,2.4099998
-0.72,2.4099998
-0.78,2.4099998
-0.84,2.4099998
-0.87,2.4099998
-0.84,2.4099998
-1.05,2.4099998
-1.1,2.4099998
-1.14,2.4099998
-1.15,2.4099998
-1.24,2.4099998
2.09,2.2300005
1.73,2.2300005
1.45,2.2300005
1.41,2.2300005
1.22,2.2300005
0.73,2.2300005
0.54,2.2300005
0.43,2.2300005
0.15,2.2300005
-0.12,2.2300005
-0.23,2.2300005
-0.39,2.2300005
-0.65,2.2300005
-0.72,2.2300005
-0.78,2.2300005
-0.84,2.2300005
-0.87,2.2300005
-0.84,2.2300005
-1.05,2.2300005
-1.1,2.2300005
-1.14,2.2300005
-1.15,2.2300005
-1.24,2.2300005
-1.36,2.2300005
1.73,2.0900002
1.45,2.0900002
1.41,2.0900002
1.22,2.0900002
0.73,2.0900002
0.54,2.0900002
0.43,2.0900002
0.15,2.0900002
-0.12,2.0900002
-0.23,2.0900002
-0.39,2.0900002
-0.65,2.0900002
-0.72,2.0900002
-0.78,2.0900002
-0.84,2.0900002
-0.87,2.0900002
-0.84,2.0900002
-1.05,2.0900002
-1.1,2.0900002
-1.14,2.0900002
-1.15,2.0900002
-1.24,2.0900002
-1.36,2.0900002
-1.54,2.0900002
1.45,1.7300005
1.41,1.7300005
1.22,1.7300005
0.73,1.7300005
0.54,1.7300005
0.43,1.7300005
0.15,1.7300005
-0.12,1.7300005
-0.23,1.7300005
-0.39,1.7300005
-0.65,1.7300005
-0.72,1.7300005
-0.78,1.7300005
-0.84,1.7300005
-0.87,1.7300005
-0.84,1.7300005
-1.05,1.7300005
-1.1,1.7300005
-1.14,1.7300005
-1.15,1.7300005
-1.24,1.7300005
-1.36,1.7300005
-1.54,1.7300005
-1.64,1.7300005
1.41,1.4499998
1.22,1.4499998
0.73,1.4499998
0.54,1.4499998
0.43,1.4499998
0.15,1.4499998
-0.12,1.4499998
-0.23,1.4499998
-0.39,1.4499998
-0.65,1.4499998
-0.72,1.4499998
-0.78,1.4499998
-0.84,1.4499998
-0.87,1.4499998
-0.84,1.4499998
-1.05,1.4499998
-1.1,1.4499998
-1.14,1.4499998
-1.15,1.4499998
-1.24,1.4499998
-1.36,1.4499998
-1.54,1.4499998
-1.64,1.4499998
-1.85,1.4499998
1.22,1.4099998
0.73,1.4099998
0.54,1.4099998
0.43,1.4099998
0.15,1.4099998
-0.12,1.4099998
-0.23,1.4099998
-0.39,1.4099998
-0.65,1.4099998
-0.72,1.4099998
-0.78,1.4099998
-0.84,1.4099998
-0.87,1.4099998
-0.84,1.4099998
-1.05,1.4099998
-1.1,1.4099998
-1.14,1.4099998
-1.15,1.4099998
-1.24,1.4099998
-1.36,1.4099998
-1.54,1.4099998
-1.64,1.4099998
-1.85,1.4099998
-1.84,1.4099998
0.73,1.2200003
0.54,1.2200003
0.43,1.2200003
0.15,1.2200003
-0.12,1.2200003
-0.23,1.2200003
-0.39,1.2200003
-0.65,1.2200003
-0.72,1.2200003
-0.78,1.2200003
-0.84,1.2200003
-0.87,1.2200003
-0.84,1.2200003
-1.05,1.2200003
-1.1,1.2200003
-1.14,1.2200003
-1.15,1.2200003
-1.24,1.2200003
-1.36,1.2200003
-1.54,1.2200003
-1.64,1.2200003
-1.85,1.2200003
-1.84,1.2200003
-1.82,1.2200003
0.54,0.7300005
0.43,0.7300005
0.15,0.7300005
-0.12,0.7300005
-0.23,0.7300005
-0.39,0.7300005
-0.65,0.7300005
-0.72,0.7300005
-0.78,0.7300005
-0.84,0.7300005
-0.87,0.7300005
-0.84,0.7300005
-1.05,0.7300005
-1.1,0.7300005
-1.14,0.7300005
-1.15,0.7300005
-1.24,0.7300005
-1.36,0.7300005
-1.54,0.7300005
-1.64,0.7300005
-1.85,0.7300005
-1.84,0.7300005
-1.82,0.7300005
-1.96,0.7300005
0.43,0.53999996
0.15,0.53999996
-0.12,0.53999996
-0.23,0.53999996
-0.39,0.53999996
-0.65,0.53999996
-0.72,0.53999996
-0.78,0.53999996
-0.84,0.53999996
-0.87,0.53999996
-0.84,0.53999996
-1.05,0.53999996
-1.1,0.53999996
-1.14,0.53999996
-1.15,0.53999996
-1.24,0.53999996
-1.36,0.53999996
-1.54,0.53999996
-1.64,0.53999996
-1.85,0.53999996
-1.84,0.53999996
-1.82,0.53999996
-1.96,0.53999996
-2.03,0.53999996
0.15,0.4300003
-0.12,0.4300003
-0.23,0.4300003
-0.39,0.4300003
-0.65,0.4300003
-0.72,0.4300003
-0.78,0.4300003
-0.84,0.4300003
-0.87,0.4300003
-0.84,0.4300003
-1.05,0.4300003
-1.1,0.4300003
-1.14,0.4300003
-1.15,0.4300003
-1.24,0.4300003
-1.36,0.4300003
-1.54,0.4300003
-1.64,0.4300003
-1.85,0.4300003
-1.84,0.4300003
-1.82,0.4300003
-1.96,0.4300003
-2.03,0.4300003
-2.07,0.4300003
-0.12,0.14999962
-0.23,0.14999962
-0.39,0.14999962
-0.65,0.14999962
-0.72,0.14999962
-0.78,0.14999962
-0.84,0.14999962
-0.87,0.14999962
-0.84,0.14999962
-1.05,0.14999962
-1.1,0.14999962
-1.14,0.14999962
-1.15,0.14999962
-1.24,0.14999962
-1.36,0.14999962
-1.54,0.14999962
-1.64,0.14999962
-1.85,0.14999962
-1.84,0.14999962
-1.82,0.14999962
-1.96,0.14999962
-2.03,0.14999962
-2.07,0.14999962
-2.07,0.14999962
-0.23,-0.119999886
-0.39,-0.119999886
-0.65,-0.119999886
-0.72,-0.119999886
-0.78,-0.119999886
-0.84,-0.119999886
-0.87,-0.119999886
-0.84,-0.119999886
-1.05,-0.119999886
-1.1,-0.119999886
-1.14,-0.119999886
-1.15,-0.119999886
-1.24,-0.119999886
-1.36,-0.119999886
-1.54,-0.119999886
-1.64,-0.119999886
-1.85,-0.119999886
-1.84,-0.119999886
-1.82,-0.119999886
-1.96,-0.119999886
-2.03,-0.119999886
-2.07,-0.119999886
-2.07,-0.119999886
-2.25,-0.119999886
-0.39,-0.22999954
-0.65,-0.22999954
-0.72,-0.22999954
-0.78,-0.22999954
-0.84,-0.22999954
-0.87,-0.22999954
-0.84,-0.22999954
-1.05,-0.22999954
-1.1,-0.22999954
-1.14,-0.22999954
-1.15,-0.22999954
-1.24,-0.22999954
-1.36,-0.22999954
-1.54,-0.22999954
-1.64,-0.22999954
-1.85,-0.22999954
-1.84,-0.22999954
-1.82,-0.22999954
-1.96,-0.22999954
-2.03,-0.22999954
-2.07,-0.22999954
-2.07,-0.22999954
-2.25,-0.22999954
-2.3,-0.22999954
-0.65,-0.39000034
-0.72,-0.39000034
-0.78,-0.39000034
-0.84,-0.39000034
-0.87,-0.39000034
-0.84,-0.39000034
-1.05,-0.39000034
-1.1,-0.39000034
-1.14,-0.39000034
-1.15,-0.39000034
-1.24,-0.39000034
-1.36,-0.39000034
-1.54,-0.39000034
-1.64,-0.39000034
-1.85,-0.39000034
-1.84,-0.39000034
-1.82,-0.39000034
-1.96,-0.39000034
-2.03,-0.39000034
-2.07,-0.39000034
-2.07,-0.39000034
-2.25,-0.39000034
-2.3,-0.39000034
-2.31,-0.39000034
-0.72,-0.6499996
-0.78,-0.6499996
-0.84,-0.6499996
-0.87,-0.6499996
-0.84,-0.6499996
-1.05,-0.6499996
-1.1,-0.6499996
-1.14,-0.6499996
-1.15,-0.6499996
-1.24,-0.6499996
-1.36,-0.6499996
-1.54,-0.6499996
-1.64,-0.6499996
-1.85,-0.6499996
-1.84,-0.6499996
-1.82,-0.6499996
-1.96,-0.6499996
-2.03,-0.6499996
-2.07,-0.6499996
-2.07,-0.6499996
-2.25,-0.6499996
-2.3,-0.6499996
-2.31,-0.6499996
-2.42,-0.6499996
-0.78,-0.72000027
-0.84,-0.72000027
-0.87,-0.72000027
-0.84,-0.72000027
-1.05,-0.72000027
-1.1,-0.72000027
-1.14,-0.72000027
-1.15,-0.72000027
-1.24,-0.72000027
-1.36,-0.72000027
-1.54,-0.72000027
-1.64,-0.72000027
-1.85,-0.72000027
-1.84,-0.72000027
-1.82,-0.72000027
-1.96,-0.72000027
-2.03,-0.72000027
-2.07,-0.72000027
-2.07,-0.72000027
-2.25,-0.72000027
-2.3,-0.72000027
-2.31,-0.72000027
-2.42,-0.72000027
-2.62,-0.72000027
-0.84,-0.77999973
-0.87,-0.77999973
-0.84,-0.77999973
-1.05,-0.77999973
-1.1,-0.77999973
-1.14,-0.77999973
-1.15,-0.77999973
-1.24,-0.77999973
-1.36,-0.77999973
-1.54,-0.77999973
-1.64,-0.77999973
-1.85,-0.77999973
-1.84,-0.77999973
-1.82,-0.77999973
-1.96,-0.77999973
-2.03,-0.77999973
-2.07,-0.77999973
-2.07,-0.77999973
-2.25,-0.77999973
-2.3,-0.77999973
-2.31,-0.77999973
-2.42,-0.77999973
-2.62,-0.77999973
-2.78,-0.77999973
-0.87,-0.84000015
-0.84,-0.84000015
-1.05,-0.84000015
-1.1,-0.84000015
-1.14,-0.84000015
-1.15,-0.84000015
-1.24,-0.84000015
-1.36,-0.84000015
-1.54,-0.84000015
-1.64,-0.84000015
-1.85,-0.84000015
-1.84,-0.84000015
-1.82,-0.84000015
-1.96,-0.84000015
-2.03,-0.84000015
-2.07,-0.84000015
-2.07,-0.84000015
-2.25,-0.84000015
-2.3,-0.84000015
-2.31,-0.84000015
-2.42,-0.84000015
-2.62,-0.84000015
-2.78,-0.84000015
-2.75,-0.84000015
-0.84,-0.8699999
-1.05,-0.8699999
-1.1,-0.8699999
-1.14,-0.8699999
-1.15,-0.8699999
-1.24,-0.8699999
-1.36,-0.8699999
-1.54,-0.8699999
-1.64,-0.8699999
-1.85,-0.8699999
-1.84,-0.8699999
-1.82,-0.8699999
-1.96,-0.8699999
-2.03,-0.8699999
-2.07,-0.8699999
-2.07,-0.8699999
-2.25,-0.8699999
-2.3,-0.8699999
-2.31,-0.8699999
-2.42,-0.8699999
-2.62,-0.8699999
-2.78,-0.8699999
-2.75,-0.8699999
-2.6,-0.8699999
-1.05,-0.84000015
-1.1,-0.84000015
-1.14,-0.84000015
-1.15,-0.84000015
-1.24,-0.84000015
-1.36,-0.84000015
-1.54,-0.84000015
-1.64,-0.84000015
-1.85,-0.84000015
-1.84,-0.84000015
-1.82,-0.84000015
-1.96,-0.84000015
-2.03,-0.84000015
-2.07,-0.84000015
-2.07,-0.84000015
-2.25,-0.84000015
-2.3,-0.84000015
-2.31,-0.84000015
-2.42,-0.84000015
-2.62,-0.84000015
-2.78,-0.84000015
-2.75,-0.84000015
-2.6,-0.84000015
-2.56,-0.84000015
-1.1,-1.0500002
-1.14,-1.0500002
-1.15,-1.0500002
-1.24,-1.0500002
-1.36,-1.0500002
-1.54,-1.0500002
-1.64,-1.0500002
-1.85,-1.0500002
-1.84,-1.0500002
-1.82,-1.0500002
-1.96,-1.0500002
-2.03,-1.0500002
-2.07,-1.0500002
-2.07,-1.0500002
-2.25,-1.0500002
-2.3,-1.0500002
-2.31,-1.0500002
-2.42,-1.0500002
-2.62,-1.0500002
-2.78,-1.0500002
-2.75,-1.0500002
-2.6,-1.0500002
-2.56,-1.0500002
-2.63,-1.0500002
-1.14,-1.1000004
-1.15,-1.1000004
-1.24,-1.1000004
-1.36,-1.1000004
-1.54,-1.1000004
-1.64,-1.1000004
-1.85,-1.1000004
-1.84,-1.1000004
-1.82,-1.1000004
-1.96,-1.1000004
-2.03,-1.1000004
-2.07,-1.1000004
-2.07,-1.1000004
-2.25,-1.1000004
-2.3,-1.1000004
-2.31,-1.1000004
-2.42,-1.1000004
-2.62,-1.1000004
-2.78,-1.1000004
-2.75,-1.1000004
-2.6,-1.1000004
-2.56,-1.1000004
-2.63,-1.1000004
-2.7,-1.1000004
-1.15,-1.1400003
-1.24,-1.1400003
-1.36,-1.1400003
-1.54,-1.1400003
-1.64,-1.1400003
-1.85,-1.1400003
-1.84,-1.1400003
-1.82,-1.1400003
-1.96,-1.1400003
-2.03,-1.1400003
-2.07,-1.1400003
-2.07,-1.1400003
-2.25,-1.1400003
-2.3,-1.1400003
-2.31,-1.1400003
-2.42,-1.1400003
-2.62,-1.1400003
-2.78,-1.1400003
-2.75,-1.1400003
-2.6,-1.1400003
-2.56,-1.1400003
-2.63,-1.1400003
-2.7,-1.1400003
-2.87,-1.1400003
-1.24,-1.1499996
-1.36,-1.1499996
-1.54,-1.1499996
-1.64,-1.1499996
-1.85,-1.1499996
-1.84,-1.1499996
-1.82,-1.1499996
-1.96,-1.1499996
-2.03,-1.1499996
-2.07,-1.1499996
-2.07,-1.1499996
-2.25,-1.1499996
-2.3,-1.1499996
-2.31,-1.1499996
-2.42,-1.1499996
-2.62,-1.1499996
-2.78,-1.1499996
-2.75,-1.1499996
-2.6,-1.1499996
-2.56,-1.1499996
-2.63,-1.1499996
-2.7,-1.1499996
-2.87,-1.1499996
-3.06,-1.1499996
-1.36,-1.2399998
-1.54,-1.2399998
-1.64,-1.2399998
-1.85,-1.2399998
-1.84,-1.2399998
-1.82,-1.2399998
-1.96,-1.2399998
-2.03,-1.2399998
-2.07,-1.2399998
-2.07,-1.2399998
-2.25,-1.2399998
-2.3,-1.2399998
-2.31,-1.2399998
-2.42,-1.2399998
-2.62,-1.2399998
-2.78,-1.2399998
-2.75,-1.2399998
-2.6,-1.2399998
-2.56,-1.2399998
-2.63,-1.2399998
-2.7,-1.2399998
-2.87,-1.2399998
-3.06,-1.2399998
-3.18,-1.2399998
-1.54,-1.3599997
-1.64,-1.3599997
-1.85,-1.3599997
-1.84,-1.3599997
-1.82,-1.3599997
-1.96,-1.3599997
-2.03,-1.3599997
-2.07,-1.3599997
-2.07,-1.3599997
-2.25,-1.3599997
-2.3,-1.3599997
-2.31,-1.3599997
-2.42,-1.3599997
-2.62,-1.3599997
-2.78,-1.3599997
-2.75,-1.3599997
-2.6,-1.3599997
-2.56,-1.3599997
-2.63,-1.3599997
-2.7,-1.3599997
-2.87,-1.3599997
-3.06,-1.3599997
-3.18,-1.3599997
-3.16,-1.3599997
-1.64,-1.54
-1.85,-1.54
-1.84,-1.54
-1.82,-1.54
-1.96,-1.54
-2.03,-1.54
-2.07,-1.54
-2.07,-1.54
-2.25,-1.54
-2.3,-1.54
-2.31,-1.54
-2.42,-1.54
-2.62,-1.54
-2.78,-1.54
-2.75,-1.54
-2.6,-1.54
-2.56,-1.54
-2.63,-1.54
-2.7,-1.54
-2.87,-1.54
-3.06,-1.54
-3.18,-1.54
-3.16,-1.54
-3.15,-1.54
-1.85,-1.6400003
-1.84,-1.6400003
-1.82,-1.6400003
-1.96,-1.6400003
-2.03,-1.6400003
-2.07,-1.6400003
-2.07,-1.6400003
-2.25,-1.6400003
-2.3,-1.6400003
-2.31,-1.6400003
-2.42,-1.6400003
-2.62,-1.6400003
-2.78,-1.6400003
-2.75,-1.6400003
-2.6,-1.6400003
-2.56,-1.6400003
-2.63,-1.6400003
-2.7,-1.6400003
-2.87,-1.6400003
-3.06,-1.6400003
-3.18,-1.6400003
-3.16,-1.6400003
-3.15,-1.6400003
-3.28,-1.6400003
-1.84,-1.8500004
-1.82,-1.8500004
-1.96,-1.8500004
-2.03,-1.8500004
-2.07,-1.8500004
-2.07,-1.8500004
-2.25,-1.8500004
-2.3,-1.8500004
-2.31,-1.8500004
-2.42,-1.8500004
-2.62,-1.8500004
-2.78,-1.8500004
-2.75,-1.8500004
-2.6,-1.8500004
-2.56,-1.8500004
-2.63,-1.8500004
-2.7,-1.8500004
-2.87,-1.8500004
-3.06,-1.8500004
-3.18,-1.8500004
-3.16,-1.8500004
-3.15,-1.8500004
-3.28,-1.8500004
-3.33,-1.8500004
-1.82,-1.8400002
-1.96,-1.8400002
-2.03,-1.8400002
-2.07,-1.8400002
-2.07,-1.8400002
-2.25,-1.8400002
-2.3,-1.8400002
-2.31,-1.8400002
-2.42,-1.8400002
-2.62,-1.8400002
-2.78,-1.8400002
-2.75,-1.8400002
-2.6,-1.8400002
-2.56,-1.8400002
-2.63,-1.8400002
-2.7,-1.8400002
-2.87,-1.8400002
-3.06,-1.8400002
-3.18,-1.8400002
-3.16,-1.8400002
-3.15,-1.8400002
-3.28,-1.8400002
-3.33,-1.8400002
-3.3,-1.8400002
-1.96,-1.8199997
-2.03,-1.8199997
-2.07,-1.8199997
-2.07,-1.8199997
-2.25,-1.8199997
-2.3,-1.8199997
-2.31,-1.8199997
-2.42,-1.8199997
-2.62,-1.8199997
-2.78,-1.8199997
-2.75,-1.8199997
-2.6,-1.8199997
-2.56,-1.8199997
-2.63,-1.8199997
-2.7,-1.8199997
-2.87,-1.8199997
-3.06,-1.8199997
-3.18,-1.8199997
-3.16,-1.8199997
-3.15,-1.8199997
-3.28,-1.8199997
-3.33,-1.8199997
-3.3,-1.8199997
-3.28,-1.8199997
-2.03,-1.96
-2.07,-1.96
-2.07,-1.96
-2.25,-1.96
-2.3,-1.96
-2.31,-1.96
-2.42,-1.96
-2.62,-1.96
-2.78,-1.96
-2.75,-1.96
-2.6,-1.96
-2.56,-1.96
-2.63,-1.96
-2.7,-1.96
-2.87,-1.96
-3.06,-1.96
-3.18,-1.96
-3.16,-1.96
-3.15,-1.96
-3.28,-1.96
-3.33,-1.96
-3.3,-1.96
-3.28,-1.96
-3.24,-1.96
-2.07,-2.0299997
-2.07,-2.0299997
-2.25,-2.0299997
-2.3,-2.0299997
-2.31,-2.0299997
-2.42,-2.0299997
-2.62,-2.0299997
-2.78,-2.0299997
-2.75,-2.0299997
-2.6,-2.0299997
-2.56,-2.0299997
-2.63,-2.0299997
-2.7,-2.0299997
-2.87,-2.0299997
-3.06,-2.0299997
-3.18,-2.0299997
-3.16,-2.0299997
-3.15,-2.0299997
-3.28,-2.0299997
-3.33,-2.0299997
-3.3,-2.0299997
-3.28,-2.0299997
-3.24,-2.0299997
-3.19,-2.0299997
-2.07,-2.0699997
-2.25,-2.0699997
-2.3,-2.0699997
-2.31,-2.0699997
-2.42,-2.0699997
-2.62,-2.0699997
-2.78,-2.0699997
-2.75,-2.0699997
-2.6,-2.0699997
-2.56,-2.0699997
-2.63,-2.0699997
-2.7,-2.0699997
-2.87,-2.0699997
-3.06,-2.0699997
-3.18,-2.0699997
-3.16,-2.0699997
-3.15,-2.0699997
-3.28,-2.0699997
-3.33,-2.0699997
-3.3,-2.0699997
-3.28,-2.0699997
-3.24,-2.0699997
-3.19,-2.0699997
-3.07,-2.0699997
-2.25,-2.0699997
-2.3,-2.0699997
-2.31,-2.0699997
-2.42,-2.0699997
-2.62,-2.0699997
-2.78,-2.0699997
-2.75,-2.0699997
-2.6,-2.0699997
-2.56,-2.0699997
-2.63,-2.0699997
-2.7,-2.0699997
-2.87,-2.0699997
-3.06,-2.0699997
-3.18,-2.0699997
-3.16,-2.0699997
-3.15,-2.0699997
-3.28,-2.0699997
-3.33,-2.0699997
-3.3,-2.0699997
-3.28,-2.0699997
-3.24,-2.0699997
-3.19,-2.0699997
-3.07,-2.0699997
-3.07,-2.0699997
-2.3,-2.25
-2.31,-2.25
-2.42,-2.25
-2.62,-2.25
-2.78,-2.25
-2.75,-2.25
-2.6,-2.25
-2.56,-2.25
-2.63,-2.25
-2.7,-2.25
-2.87,-2.25
-3.06,-2.25
-3.18,-2.25
-3.16,-2.25
-3.15,-2.25
-3.28,-2.25
-3.33,-2.25
-3.3,-2.25
-3.28,-2.25
-3.24,-2.25
-3.19,-2.25
-3.07,-2.25
-3.07,-2.25
-3.14,-2.25
-2.31,-2.3000002
-2.42,-2.3000002
-2.62,-2.3000002
-2.78,-2.3000002
-2.75,-2.3000002
-2.6,-2.3000002
-2.56,-2.3000002
-2.63,-2.3000002
-2.7,-2.3000002
-2.87,-2.3000002
-3.06,-2.3000002
-3.18,-2.3000002
-3.16,-2.3000002
-3.15,-2.3000002
-3.28,-2.3000002
-3.33,-2.3000002
-3.3,-2.3000002
-3.28,-2.3000002
-3.24,-2.3000002
-3.19,-2.3000002
-3.07,-2.3000002
-3.07,-2.3000002
-3.14,-2.3000002
-3.21,-2.3000002
-2.42,-2.3100004
-2.62,-2.3100004
-2.78,-2.3100004
-2.75,-2.3100004
-2.6,-2.3100004
-2.56,-2.3100004
-2.63,-2.3100004
-2.7,-2.3100004
-2.87,-2.3100004
-3.06,-2.3100004
-3.18,-2.3100004
-3.16,-2.3100004
-3.15,-2.3100004
-3.28,-2.3100004
-3.33,-2.3100004
-3.3,-2.3100004
-3.28,-2.3100004
-3.24,-2.3100004
-3.19,-2.3100004
-3.07,-2.3100004
-3.07,-2.3100004
-3.14,-2.3100004
-3.21,-2.3100004
-3.44,-2.3100004
-2.62,-2.42
-2.78,-2.42
-2.75,-2.42
-2.6,-2.42
-2.56,-2.42
-2.63,-2.42
-2.7,-2.42
-2.87,-2.42
-3.06,-2.42
-3.18,-2.42
-3.16,-2.42
-3.15,-2.42
-3.28,-2.42
-3.33,-2.42
-3.3,-2.42
-3.28,-2.42
-3.24,-2.42
-3.19,-2.42
-3.07,-2.42
-3.07,-2.42
-3.14,-2.42
-3.21,-2.42
-3.44,-2.42
-3.47,-2.42
-2.78,-2.62
-2.75,-2.62
-2.6,-2.62
-2.56,-2.62
-2.63,-2.62
-2.7,-2.62
-2.87,-2.62
-3.06,-2.62
-3.18,-2.62
-3.16,-2.62
-3.15,-2.62
-3.28,-2.62
-3.33,-2.62
-3.3,-2.62
-3.28,-2.62
-3.24,-2.62
-3.19,-2.62
-3.07,-2.62
-3.07,-2.62
-3.14,-2.62
-3.21,-2.62
-3.44,-2.62
-3.47,-2.62
-3.38,-2.62
-2.75,-2.7799988
-2.6,-2.7799988
-2.56,-2.7799988
-2.63,-2.7799988
-2.7,-2.7799988
-2.87,-2.7799988
-3.06,-2.7799988
-3.18,-2.7799988
-3.16,-2.7799988
-3.15,-2.7799988
-3.28,-2.7799988
-3.33,-2.7799988
-3.3,-2.7799988
-3.28,-2.7799988
-3.24,-2.7799988
-3.19,-2.7799988
-3.07,-2.7799988
-3.07,-2.7799988
-3.14,-2.7799988
-3.21,-2.7799988
-3.44,-2.7799988
-3.47,-2.7799988
-3.38,-2.7799988
-3.51,-2.7799988
-2.6,-2.75
-2.56,-2.75
-2.63,-2.75
-2.7,-2.75
-2.87,-2.75
-3.06,-2.75
-3.18,-2.75
-3.16,-2.75
-3.15,-2.75
-3.28,-2.75
-3.33,-2.75
-3.3,-2.75
-3.28,-2.75
-3.24,-2.75
-3.19,-2.75
-3.07,-2.75
-3.07,-2.75
-3.14,-2.75
-3.21,-2.75
-3.44,-2.75
-3.47,-2.75
-3.38,-2.75
-3.51,-2.75
-3.74,-2.75
-2.56,-2.5999994
-2.63,-2.5999994
-2.7,-2.5999994
-2.87,-2.5999994
-3.06,-2.5999994
-3.18,-2.5999994
-3.16,-2.5999994
-3.15,-2.5999994
-3.28,-2.5999994
-3.33,-2.5999994
-3.3,-2.5999994
-3.28,-2.5999994
-3.24,-2.5999994
-3.19,-2.5999994
-3.07,-2.5999994
-3.07,-2.5999994
-3.14,-2.5999994
-3.21,-2.5999994
-3.44,-2.5999994
-3.47,-2.5999994
-3.38,-2.5999994
-3.51,-2.5999994
-3.74,-2.5999994
-3.73,-2.5999994
-2.63,-2.5600014
-2.7,-2.5600014
-2.87,-2.5600014
-3.06,-2.5600014
-3.18,-2.5600014
-3.16,-2.5600014
-3.15,-2.5600014
-3.28,-2.5600014
-3.33,-2.5600014
-3.3,-2.5600014
-3.28,-2.5600014
-3.24,-2.5600014
-3.19,-2.5600014
-3.07,-2.5600014
-3.07,-2.5600014
-3.14,-2.5600014
-3.21,-2.5600014
-3.44,-2.5600014
-3.47,-2.5600014
-3.38,-2.5600014
-3.51,-2.5600014
-3.74,-2.5600014
-3.73,-2.5600014
-3.72,-2.5600014
-2.7,-2.63
-2.87,-2.63
-3.06,-2.63
-3.18,-2.63
-3.16,-2.63
-3.15,-2.63
-3.28,-2.63
-3.33,-2.63
-3.3,-2.63
-3.28,-2.63
-3.24,-2.63
-3.19,-2.63
-3.07,-2.63
-3.07,-2.63
-3.14,-2.63
-3.21,-2.63
-3.44,-2.63
-3.47,-2.63
-3.38,-2.63
-3.51,-2.63
-3.74,-2.63
-3.73,-2.63
-3.72,-2.63
-3.86,-2.63
-2.87,-2.7000008
-3.06,-2.7000008
-3.18,-2.7000008
-3.16,-2.7000008
-3.15,-2.7000008
-3.28,-2.7000008
-3.33,-2.7000008
-3.3,-2.7000008
-3.28,-2.7000008
-3.24,-2.7000008
-3.19,-2.7000008
-3.07,-2.7000008
-3.07,-2.7000008
-3.14,-2.7000008
-3.21,-2.7000008
-3.44,-2.7000008
-3.47,-2.7000008
-3.38,-2.7000008
-3.51,-2.7000008
-3.74,-2.7000008
-3.73,-2.7000008
-3.72,-2.7000008
-3.86,-2.7000008
-3.97,-2.7000008
-3.06,-2.8700008
-3.18,-2.8700008
-3.16,-2.8700008
-3.15,-2.8700008
-3.28,-2.8700008
-3.33,-2.8700008
-3.3,-2.8700008
-3.28,-2.8700008
-3.24,-2.8700008
-3.19,-2.8700008
-3.07,-2.8700008
-3.07,-2.8700008
-3.14,-2.8700008
-3.21,-2.8700008
-3.44,-2.8700008
-3.47,-2.8700008
-3.38,-2.8700008
-3.51,-2.8700008
-3.74,-2.8700008
-3.73,-2.8700008
-3.72,-2.8700008
-3.86,-2.8700008
-3.97,-2.8700008
-3.96,-2.8700008
-3.18,-3.0600004
-3.16,-3.0600004
-3.15,-3.0600004
-3.28,-3.0600004
-3.33,-3.0600004
-3.3,-3.0600004
-3.28,-3.0600004
-3.24,-3.0600004
-3.19,-3.0600004
-3.07,-3.0600004
-3.07,-3.0600004
-3.14,-3.0600004
-3.21,-3.0600004
-3.44,-3.0600004
-3.47,-3.0600004
-3.38,-3.0600004
-3.51,-3.0600004
-3.74,-3.0600004
-3.73,-3.0600004
-3.72,-3.0600004
-3.86,-3.0600004
-3.97,-3.0600004
-3.96,-3.0600004
-4.16,-3.0600004
-3.16,-3.1800003
-3.15,-3.1800003
-3.28,-3.1800003
-3.33,-3.1800003
-3.3,-3.1800003
-3.28,-3.1800003
-3.24,-3.1800003
-3.19,-3.1800003
-3.07,-3.1800003
-3.07,-3.1800003
-3.14,-3.1800003
-3.21,-3.1800003
-3.44,-3.1800003
-3.47,-3.1800003
-3.38,-3.1800003
-3.51,-3.1800003
-3.74,-3.1800003
-3.73,-3.1800003
-3.72,-3.1800003
-3.86,-3.1800003
-3.97,-3.1800003
-3.96,-3.1800003
-4.16,-3.1800003
-4.1,-3.1800003
-3.15,-3.1599998
-3.28,-3.1599998
-3.33,-3.1599998
-3.3,-3.1599998
-3.28,-3.1599998
-3.24,-3.1599998
-3.19,-3.1599998
-3.07,-3.1599998
-3.07,-3.1599998
-3.14,-3.1599998
-3.21,-3.1599998
-3.44,-3.1599998
-3.47,-3.1599998
-3.38,-3.1599998
-3.51,-3.1599998
-3.74,-3.1599998
-3.73,-3.1599998
-3.72,-3.1599998
-3.86,-3.1599998
-3.97,-3.1599998
-3.96,-3.1599998
-4.16,-3.1599998
-4.1,-3.1599998
-4.18,-3.1599998
-3.28,-3.1499996
-3.33,-3.1499996
-3.3,-3.1499996
-3.28,-3.1499996
-3.24,-3.1499996
-3.19,-3.1499996
-3.07,-3.1499996
-3.07,-3.1499996
-3.14,-3.1499996
-3.21,-3.1499996
-3.44,-3.1499996
-3.47,-3.1499996
-3.38,-3.1499996
-3.51,-3.1499996
-3.74,-3.1499996
-3.73,-3.1499996
-3.72,-3.1499996
-3.86,-3.1499996
-3.97,-3.1499996
-3.96,-3.1499996
-4.16,-3.1499996
-4.1,-3.1499996
-4.18,-3.1499996
-4.21,-3.1499996
-3.33,-3.2799997
-3.3,-3.2799997
-3.28,-3.2799997
-3.24,-3.2799997
-3.19,-3.2799997
-3.07,-3.2799997
-3.07,-3.2799997
-3.14,-3.2799997
-3.21,-3.2799997
-3.44,-3.2799997
-3.47,-3.2799997
-3.38,-3.2799997
-3.51,-3.2799997
-3.74,-3.2799997
-3.73,-3.2799997
-3.72,-3.2799997
-3.86,-3.2799997
-3.97,-3.2799997
-3.96,-3.2799997
-4.16,-3.2799997
-4.1,-3.2799997
-4.18,-3.2799997
-4.21,-3.2799997
-4.5,-3.2799997
-3.3,-3.329999
-3.28,-3.329999
-3.24,-3.329999
-3.19,-3.329999
-3.07,-3.329999
-3.07,-3.329999
-3.14,-3.329999
-3.21,-3.329999
-3.44,-3.329999
-3.47,-3.329999
-3.38,-3.329999
-3.51,-3.329999
-3.74,-3.329999
-3.73,-3.329999
-3.72,-3.329999
-3.86,-3.329999
-3.97,-3.329999
-3.96,-3.329999
-4.16,-3.329999
-4.1,-3.329999
-4.18,-3.329999
-4.21,-3.329999
-4.5,-3.329999
-4.61,-3.329999
-3.28,-3.3000011
-3.24,-3.3000011
-3.19,-3.3000011
-3.07,-3.3000011
-3.07,-3.3000011
-3.14,-3.3000011
-3.21,-3.3000011
-3.44,-3.3000011
-3.47,-3.3000011
-3.38,-3.3000011
-3.51,-3.3000011
-3.74,-3.3000011
-3.73,-3.3000011
-3.72,-3.3000011
-3.86,-3.3000011
-3.97,-3.3000011
-3.96,-3.3000011
-4.16,-3.3000011
-4.1,-3.3000011
-4.18,-3.3000011
-4.21,-3.3000011
-4.5,-3.3000011
-4.61,-3.3000011
-4.64,-3.3000011
-3.24,-3.2799997
-3.19,-3.2799997
-3.07,-3.2799997
-3.07,-3.2799997
-3.14,-3.2799997
-3.21,-3.2799997
-3.44,-3.2799997
-3.47,-3.2799997
-3.38,-3.2799997
-3.51,-3.2799997
-3.74,-3.2799997
-3.73,-3.2799997
-3.72,-3.2799997
-3.86,-3.2799997
-3.97,-3.2799997
-3.96,-3.2799997
-4.16,-3.2799997
-4.1,-3.2799997
-4.18,-3.2799997
-4.21,-3.2799997
-4.5,-3.2799997
-4.61,-3.2799997
-4.64,-3.2799997
-4.66,-3.2799997
-3.19,-3.2399998
-3.07,-3.2399998
-3.07,-3.2399998
-3.14,-3.2399998
-3.21,-3.2399998
-3.44,-3.2399998
-3.47,-3.2399998
-3.38,-3.2399998
-3.51,-3.2399998
-3.74,-3.2399998
-3.73,-3.2399998
-3.72,-3.2399998
-3.86,-3.2399998
-3.97,-3.2399998
-3.96,-3.2399998
-4.16,-3.2399998
-4.1,-3.2399998
-4.18,-3.2399998
-4.21,-3.2399998
-4.5,-3.2399998
-4.61,-3.2399998
-4.64,-3.2399998
-4.66,-3.2399998
-4.57,-3.2399998
-3.07,-3.1899996
-3.07,-3.1899996
-3.14,-3.1899996
-3.21,-3.1899996
-3.44,-3.1899996
-3.47,-3.1899996
-3.38,-3.1899996
-3.51,-3.1899996
-3.74,-3.1899996
-3.73,-3.1899996
-3.72,-3.1899996
-3.86,-3.1899996
-3.97,-3.1899996
-3.96,-3.1899996
-4.16,-3.1899996
-4.1,-3.1899996
-4.18,-3.1899996
-4.21,-3.1899996
-4.5,-3.1899996
-4.61,-3.1899996
-4.64,-3.1899996
-4.66,-3.1899996
-4.57,-3.1899996
-4.5,-3.1899996
-3.07,-3.0699997
-3.14,-3.0699997
-3.21,-3.0699997
-3.44,-3.0699997
-3.47,-3.0699997
-3.38,-3.0699997
-3.51,-3.0699997
-3.74,-3.0699997
-3.73,-3.0699997
-3.72,-3.0699997
-3.86,-3.0699997
-3.97,-3.0699997
-3.96,-3.0699997
-4.16,-3.0699997
-4.1,-3.0699997
-4.18,-3.0699997
-4.21,-3.0699997
-4.5,-3.0699997
-4.61,-3.0699997
-4.64,-3.0699997
-4.66,-3.0699997
-4.57,-3.0699997
-4.5,-3.0699997
-4.41,-3.0699997
-3.14,-3.0699997
-3.21,-3.0699997
-3.44,-3.0699997
-3.47,-3.0699997
-3.38,-3.0699997
-3.51,-3.0699997
-3.74,-3.0699997
-3.73,-3.0699997
-3.72,-3.0699997
-3.86,-3.0699997
-3.97,-3.0699997
-3.96,-3.0699997
-4.16,-3.0699997
-4.1,-3.0699997
-4.18,-3.0699997
-4.21,-3.0699997
-4.5,-3.0699997
-4.61,-3.0699997
-4.64,-3.0699997
-4.66,-3.0699997
-4.57,-3.0699997
-4.5,-3.0699997
-4.41,-3.0699997
-4.48,-3.0699997
-3.21,-3.1400003
-3.44,-3.1400003
-3.47,-3.1400003
-3.38,-3.1400003
-3.51,-3.1400003
-3.74,-3.1400003
-3.73,-3.1400003
-3.72,-3.1400003
-3.86,-3.1400003
-3.97,-3.1400003
-3.96,-3.1400003
-4.16,-3.1400003
-4.1,-3.1400003
-4.18,-3.1400003
-4.21,-3.1400003
-4.5,-3.1400003
-4.61,-3.1400003
-4.64,-3.1400003
-4.66,-3.1400003
-4.57,-3.1400003
-4.5,-3.1400003
-4.41,-3.1400003
-4.48,-3.1400003
-4.66,-3.1400003
-3.44,-3.209999
-3.47,-3.209999
-3.38,-3.209999
-3.51,-3.209999
-3.74,-3.209999
-3.73,-3.209999
-3.72,-3.209999
-3.86,-3.209999
-3.97,-3.209999
-3.96,-3.209999
-4.16,-3.209999
-4.1,-3.209999
-4.18,-3.209999
-4.21,-3.209999
-4.5,-3.209999
-4.61,-3.209999
-4.64,-3.209999
-4.66,-3.209999
-4.57,-3.209999
-4.5,-3.209999
-4.41,-3.209999
-4.48,-3.209999
-4.66,-3.209999
-4.85,-3.209999
-3.47,-3.4399996
-3.38,-3.4399996
-3.51,-3.4399996
-3.74,-3.4399996
-3.73,-3.4399996
-3.72,-3.4399996
-3.86,-3.4399996
-3.97,-3.4399996
-3.96,-3.4399996
-4.16,-3.4399996
-4.1,-3.4399996
-4.18,-3.4399996
-4.21,-3.4399996
-4.5,-3.4399996
-4.61,-3.4399996
-4.64,-3.4399996
-4.66,-3.4399996
-4.57,-3.4399996
-4.5,-3.4399996
-4.41,-3.4399996
-4.48,-3.4399996
-4.66,-3.4399996
-4.85,-3.4399996
-5.02,-3.4399996
-3.38,-3.4700003
-3.51,-3.4700003
-3.74,-3.4700003
-3.73,-3.4700003
-3.72,-3.4700003
-3.86,-3.4700003
-3.97,-3.4700003
-3.96,-3.4700003
-4.16,-3.4700003
-4.1,-3.4700003
-4.18,-3.4700003
-4.21,-3.4700003
-4.5,-3.4700003
-4.61,-3.4700003
-4.64,-3.4700003
-4.66,-3.4700003
-4.57,-3.4700003
-4.5,-3.4700003
-4.41,-3.4700003
-4.48,-3.4700003
-4.66,-3.4700003
-4.85,-3.4700003
-5.02,-3.4700003
-4.58,-3.4700003
-3.51,-3.38
-3.74,-3.38
-3.73,-3.38
-3.72,-3.38
-3.86,-3.38
-3.97,-3.38
-3.96,-3.38
-4.16,-3.38
-4.1,-3.38
-4.18,-3.38
-4.21,-3.38
-4.5,-3.38
-4.61,-3.38
-4.64,-3.38
-4.66,-3.38
-4.57,-3.38
-4.5,-3.38
-4.41,-3.38
-4.48,-3.38
-4.66,-3.38
-4.85,-3.38
-5.02,-3.38
-4.58,-3.38
-4.28,-3.38
-3.74,-3.5099993
-3.73,-3.5099993
-3.72,-3.5099993
-3.86,-3.5099993
-3.97,-3.5099993
-3.96,-3.5099993
-4.16,-3.5099993
-4.1,-3.5099993
-4.18,-3.5099993
-4.21,-3.5099993
-4.5,-3.5099993
-4.61,-3.5099993
-4.64,-3.5099993
-4.66,-3.5099993
-4.57,-3.5099993
-4.5,-3.5099993
-4.41,-3.5099993
-4.48,-3.5099993
-4.66,-3.5099993
-4.85,-3.5099993
-5.02,-3.5099993
-4.58,-3.5099993
-4.28,-3.5099993
-4.16,-3.5099993
-3.73,-3.7400007
-3.72,-3.7400007
-3.86,-3.7400007
-3.97,-3.7400007
-3.96,-3.7400007
-4.16,-3.7400007
-4.1,-3.7400007
-4.18,-3.7400007
-4.21,-3.7400007
-4.5,-3.7400007
-4.61,-3.7400007
-4.64,-3.7400007
-4.66,-3.7400007
-4.57,-3.7400007
-4.5,-3.7400007
-4.41,-3.7400007
-4.48,-3.7400007
-4.66,-3.7400007
-4.85,-3.7400007
-5.02,-3.7400007
-4.58,-3.7400007
-4.28,-3.7400007
-4.16,-3.7400007
-4.0,-3.7400007
-3.72,-3.7300005
-3.86,-3.7300005
-3.97,-3.7300005
-3.96,-3.7300005
-4.16,-3.7300005
-4.1,-3.7300005
-4.18,-3.7300005
-4.21,-3.7300005
-4.5,-3.7300005
-4.61,-3.7300005
-4.64,-3.7300005
-4.66,-3.7300005
-4.57,-3.7300005
-4.5,-3.7300005
-4.41,-3.7300005
-4.48,-3.7300005
-4.66,-3.7300005
-4.85,-3.7300005
-5.02,-3.7300005
-4.58,-3.7300005
-4.28,-3.7300005
-4.16,-3.7300005
-4.0,-3.7300005
-3.92,-3.7300005
-3.86,-3.7200003
-3.97,-3.7200003
-3.96,-3.7200003
-4.16,-3.7200003
-4.1,-3.7200003
-4.18,-3.7200003
-4.21,-3.7200003
-4.5,-3.7200003
-4.61,-3.7200003
-4.64,-3.7200003
-4.66,-3.7200003
-4.57,-3.7200003
-4.5,-3.7200003
-4.41,-3.7200003
-4.48,-3.7200003
-4.66,-3.7200003
-4.85,-3.7200003
-5.02,-3.7200003
-4.58,-3.7200003
-4.28,-3.7200003
-4.16,-3.7200003
-4.0,-3.7200003
-3.92,-3.7200003
-3.71,-3.7200003
-3.97,-3.8599997
-3.96,-3.8599997
-4.16,-3.8599997
-4.1,-3.8599997
-4.18,-3.8599997
-4.21,-3.8599997
-4.5,-3.8599997
-4.61,-3.8599997
-4.64,-3.8599997
-4.66,-3.8599997
-4.57,-3.8599997
-4.5,-3.8599997
-4.41,-3.8599997
-4.48,-3.8599997
-4.66,-3.8599997
-4.85,-3.8599997
-5.02,-3.8599997
-4.58,-3.8599997
-4.28,-3.8599997
-4.16,-3.8599997
-4.0,-3.8599997
-3.92,-3.8599997
-3.71,-3.8599997
-3.42,-3.8599997
-3.96,-3.9700003
-4.16,-3.9700003
-4.1,-3.9700003
-4.18,-3.9700003
-4.21,-3.9700003
-4.5,-3.9700003
-4.61,-3.9700003
-4.64,-3.9700003
-4.66,-3.9700003
-4.57,-3.9700003
-4.5,-3.9700003
-4.41,-3.9700003
-4.48,-3.9700003
-4.66,-3.9700003
-4.85,-3.9700003
-5.02,-3.9700003
-4.58,-3.9700003
-4.28,-3.9700003
-4.16,-3.9700003
-4.0,-3.9700003
-3.92,-3.9700003
-3.71,-3.9700003
-3.42,-3.9700003
-3.23,-3.9700003
-4.16,-3.96
-4.1,-3.96
-4.18,-3.96
-4.21,-3.96
-4.5,-3.96
-4.61,-3.96
-4.64,-3.96
-4.66,-3.96
-4.57,-3.96
-4.5,-3.96
-4.41,-3.96
-4.48,-3.96
-4.66,-3.96
-4.85,-3.96
-5.02,-3.96
-4.58,-3.96
-4.28,-3.96
-4.16,-3.96
-4.0,-3.96
-3.92,-3.96
-3.71,-3.96
-3.42,-3.96
-3.23,-3.96
-3.19,-3.96
-4.1,-4.160001
-4.18,-4.160001
-4.21,-4.160001
-4.5,-4.160001
-4.61,-4.160001
-4.64,-4.160001
-4.66,-4.160001
-4.57,-4.160001
-4.5,-4.160001
-4.41,-4.160001
-4.48,-4.160001
-4.66,-4.160001
-4.85,-4.160001
-5.02,-4.160001
-4.58,-4.160001
-4.28,-4.160001
-4.16,-4.160001
-4.0,-4.160001
-3.92,-4.160001
-3.71,-4.160001
-3.42,-4.160001
-3.23,-4.160001
-3.19,-4.160001
-2.87,-4.160001
-4.18,-4.0999994
-4.21,-4.0999994
-4.5,-4.0999994
-4.61,-4.0999994
-4.64,-4.0999994
-4.66,-4.0999994
-4.57,-4.0999994
-4.5,-4.0999994
-4.41,-4.0999994
-4.48,-4.0999994
-4.66,-4.0999994
-4.85,-4.0999994
-5.02,-4.0999994
-4.58,-4.0999994
-4.28,-4.0999994
-4.16,-4.0999994
-4.0,-4.0999994
-3.92,-4.0999994
-3.71,-4.0999994
-3.42,-4.0999994
-3.23,-4.0999994
-3.19,-4.0999994
-2.87,-4.0999994
-2.6,-4.0999994
-4.21,-4.1799994
-4.5,-4.1799994
-4.61,-4.1799994
-4.64,-4.1799994
-4.66,-4.1799994
-4.57,-4.1799994
-4.5,-4.1799994
-4.41,-4.1799994
-4.48,-4.1799994
-4.66,-4.1799994
-4.85,-4.1799994
-5.02,-4.1799994
-4.58,-4.1799994
-4.28,-4.1799994
-4.16,-4.1799994
-4.0,-4.1799994
-3.92,-4.1799994
-3.71,-4.1799994
-3.42,-4.1799994
-3.23,-4.1799994
-3.19,-4.1799994
-2.87,-4.1799994
-2.6,-4.1799994
-2.35,-4.1799994
-4.5,-4.21
-4.61,-4.21
-4.64,-4.21
-4.66,-4.21
-4.57,-4.21
-4.5,-4.21
-4.41,-4.21
-4.48,-4.21
-4.66,-4.21
-4.85,-4.21
-5.02,-4.21
-4.58,-4.21
-4.28,-4.21
-4.16,-4.21
-4.0,-4.21
-3.92,-4.21
-3.71,-4.21
-3.42,-4.21
-3.23,-4.21
-3.19,-4.21
-2.87,-4.21
-2.6,-4.21
-2.35,-4.21
-2.05,-4.21
-4.61,-4.500001
-4.64,-4.500001
-4.66,-4.500001
-4.57,-4.500001
-4.5,-4.500001
-4.41,-4.500001
-4.48,-4.500001
-4.66,-4.500001
-4.85,-4.500001
-5.02,-4.500001
-4.58,-4.500001
-4.28,-4.500001
-4.16,-4.500001
-4.0,-4.500001
-3.92,-4.500001
-3.71,-4.500001
-3.42,-4.500001
-3.23,-4.500001
-3.19,-4.500001
-2.87,-4.500001
-2.6,-4.500001
-2.35,-4.500001
-2.05,-4.500001
-1.73,-4.500001
-4.64,-4.6099997
-4.66,-4.6099997
-4.57,-4.6099997
-4.5,-4.6099997
-4.41,-4.6099997
-4.48,-4.6099997
-4.66,-4.6099997
-4.85,-4.6099997
-5.02,-4.6099997
-4.58,-4.6099997
-4.28,-4.6099997
-4.16,-4.6099997
-4.0,-4.6099997
-3.92,-4.6099997
-3.71,-4.6099997
-3.42,-4.6099997
-3.23,-4.6099997
-3.19,-4.6099997
-2.87,-4.6099997
-2.6,-4.6099997
-2.35,-4.6099997
-2.05,-4.6099997
-1.73,-4.6099997
-1.56,-4.6099997
-4.66,-4.6400003
-4.57,-4.6400003
-4.5,-4.6400003
-4.41,-4.6400003
-4.48,-4.6400003
-4.66,-4.6400003
-4.85,-4.6400003
-5.02,-4.6400003
-4.58,-4.6400003
-4.28,-4.6400003
-4.16,-4.6400003
-4.0,-4.6400003
-3.92,-4.6400003
-3.71,-4.6400003
-3.42,-4.6400003
-3.23,-4.6400003
-3.19,-4.6400003
-2.87,-4.6400003
-2.6,-4.6400003
-2.35,-4.6400003
-2.05,-4.6400003
-1.73,-4.6400003
-1.56,-4.6400003
-1.31,-4.6400003
-4.57,-4.660001
-4.5,-4.660001
-4.41,-4.660001
-4.48,-4.660001
-4.66,-4.660001
-4.85,-4.660001
-5.02,-4.660001
-4.58,-4.660001
-4.28,-4.660001
-4.16,-4.660001
-4.0,-4.660001
-3.92,-4.660001
-3.71,-4.660001
-3.42,-4.660001
-3.23,-4.660001
-3.19,-4.660001
-2.87,-4.660001
-2.6,-4.660001
-2.35,-4.660001
-2.05,-4.660001
-1.73,-4.660001
-1.56,-4.660001
-1.31,-4.660001
-0.92,-4.660001
-4.5,-4.5700006
-4.41,-4.5700006
-4.48,-4.5700006
-4.66,-4.5700006
-4.85,-4.5700006
-5.02,-4.5700006
-4.58,-4.5700006
-4.28,-4.5700006
-4.16,-4.5700006
-4.0,-4.5700006
-3.92,-4.5700006
-3.71,-4.5700006
-3.42,-4.5700006
-3.23,-4.5700006
-3.19,-4.5700006
-2.87,-4.5700006
-2.6,-4.5700006
-2.35,-4.5700006
-2.05,-4.5700006
-1.73,-4.5700006
-1.56,-4.5700006
-1.31,-4.5700006
-0.92,-4.5700006
-0.69,-4.5700006
-4.41,-4.500001
-4.48,-4.500001
-4.66,-4.500001
-4.85,-4.500001
-5.02,-4.500001
-4.58,-4.500001
-4.28,-4.500001
-4.16,-4.500001
-4.0,-4.500001
-3.92,-4.500001
-3.71,-4.500001
-3.42,-4.500001
-3.23,-4.500001
-3.19,-4.500001
-2.87,-4.500001
-2.6,-4.500001
-2.35,-4.500001
-2.05,-4.500001
-1.73,-4.500001
-1.56,-4.500001
-1.31,-4.500001
-0.92,-4.500001
-0.69,-4.500001
-0.59,-4.500001
-4.48,-4.410001
-4.66,-4.410001
-4.85,-4.410001
-5.02,-4.410001
-4.58,-4.410001
-4.28,-4.410001
-4.16,-4.410001
-4.0,-4.410001
-3.92,-4.410001
-3.71,-4.410001
-3.42,-4.410001
-3.23,-4.410001
-3.19,-4.410001
-2.87,-4.410001
-2.6,-4.410001
-2.35,-4.410001
-2.05,-4.410001
-1.73,-4.410001
-1.56,-4.410001
-1.31,-4.410001
-0.92,-4.410001
-0.69,-4.410001
-0.59,-4.410001
-0.41,-4.410001
-4.66,-4.4800005
-4.85,-4.4800005
-5.02,-4.4800005
-4.58,-4.4800005
-4.28,-4.4800005
-4.16,-4.4800005
-4.0,-4.4800005
-3.92,-4.4800005
-3.71,-4.4800005
-3.42,-4.4800005
-3.23,-4.4800005
-3.19,-4.4800005
-2.87,-4.4800005
-2.6,-4.4800005
-2.35,-4.4800005
-2.05,-4.4800005
-1.73,-4.4800005
-1.56,-4.4800005
-1.31,-4.4800005
-0.92,-4.4800005
-0.69,-4.4800005
-0.59,-4.4800005
-0.41,-4.4800005
-0.15,-4.4800005
-4.85,-4.660001
-5.02,-4.660001
-4.58,-4.660001
-4.28,-4.660001
-4.16,-4.660001
-4.0,-4.660001
-3.92,-4.660001
-3.71,-4.660001
-3.42,-4.660001
-3.23,-4.660001
-3.19,-4.660001
-2.87,-4.660001
-2.6,-4.660001
-2.35,-4.660001
-2.05,-4.660001
-1.73,-4.660001
-1.56,-4.660001
-1.31,-4.660001
-0.92,-4.660001
-0.69,-4.660001
-0.59,-4.660001
-0.41,-4.660001
-0.15,-4.660001
0.11,-4.660001
-5.02,-4.8499994
-4.58,-4.8499994
-4.28,-4.8499994
-4.16,-4.8499994
-4.0,-4.8499994
-3.92,-4.8499994
-3.71,-4.8499994
-3.42,-4.8499994
-3.23,-4.8499994
-3.19,-4.8499994
-2.87,-4.8499994
-2.6,-4.8499994
-2.35,-4.8499994
-2.05,-4.8499994
-1.73,-4.8499994
-1.56,-4.8499994
-1.31,-4.8499994
-0.92,-4.8499994
-0.69,-4.8499994
-0.59,-4.8499994
-0.41,-4.8499994
-0.15,-4.8499994
0.11,-4.8499994
0.43,-4.8499994
-4.58,-5.0199995
-4.28,-5.0199995
-4.16,-5.0199995
-4.0,-5.0199995
-3.92,-5.0199995
-3.71,-5.0199995
-3.42,-5.0199995
-3.23,-5.0199995
-3.19,-5.0199995
-2.87,-5.0199995
-2.6,-5.0199995
-2.35,-5.0199995
-2.05,-5.0199995
-1.73,-5.0199995
-1.56,-5.0199995
-1.31,-5.0199995
-0.92,-5.0199995
-0.69,-5.0199995
-0.59,-5.0199995
-0.41,-5.0199995
-0.15,-5.0199995
0.11,-5.0199995
0.43,-5.0199995
0.74,-5.0199995
-4.28,-4.579999
-4.16,-4.579999
-4.0,-4.579999
-3.92,-4.579999
-3.71,-4.579999
-3.42,-4.579999
-3.23,-4.579999
-3.19,-4.579999
-2.87,-4.579999
-2.6,-4.579999
-2.35,-4.579999
-2.05,-4.579999
-1.73,-4.579999
-1.56,-4.579999
-1.31,-4.579999
-0.92,-4.579999
-0.69,-4.579999
-0.59,-4.579999
-0.41,-4.579999
-0.15,-4.579999
0.11,-4.579999
0.43,-4.579999
0.74,-4.579999
0.98,-4.579999
-4.16,-4.2799997
-4.0,-4.2799997
-3.92,-4.2799997
-3.71,-4.2799997
-3.42,-4.2799997
-3.23,-4.2799997
-3.19,-4.2799997
-2.87,-4.2799997
-2.6,-4.2799997
-2.35,-4.2799997
-2.05,-4.2799997
-1.73,-4.2799997
-1.56,-4.2799997
-1.31,-4.2799997
-0.92,-4.2799997
-0.69,-4.2799997
-0.59,-4.2799997
-0.41,-4.2799997
-0.15,-4.2799997
0.11,-4.2799997
0.43,-4.2799997
0.74,-4.2799997
0.98,-4.2799997
1.36,-4.2799997
-4.0,-4.160001
-3.92,-4.160001
-3.71,-4.160001
-3.42,-4.160001
-3.23,-4.160001
-3.19,-4.160001
-2.87,-4.160001
-2.6,-4.160001
-2.35,-4.160001
-2.05,-4.160001
-1.73,-4.160001
-1.56,-4.160001
-1.31,-4.160001
-0.92,-4.160001
-0.69,-4.160001
-0.59,-4.160001
-0.41,-4.160001
-0.15,-4.160001
0.11,-4.160001
0.43,-4.160001
0.74,-4.160001
0.98,-4.160001
1.36,-4.160001
1.62,-4.160001
-3.92,-4.000001
-3.71,-4.000001
-3.42,-4.000001
-3.23,-4.000001
-3.19,-4.000001
-2.87,-4.000001
-2.6,-4.000001
-2.35,-4.000001
-2.05,-4.000001
-1.73,-4.000001
-1.56,-4.000001
-1.31,-4.000001
-0.92,-4.000001
-0.69,-4.000001
-0.59,-4.000001
-0.41,-4.000001
-0.15,-4.000001
0.11,-4.000001
0.43,-4.000001
0.74,-4.000001
0.98,-4.000001
1.36,-4.000001
1.62,-4.000001
1.73,-4.000001
-3.71,-3.9199991
-3.42,-3.9199991
-3.23,-3.9199991
-3.19,-3.9199991
-2.87,-3.9199991
-2.6,-3.9199991
-2.35,-3.9199991
-2.05,-3.9199991
-1.73,-3.9199991
-1.56,-3.9199991
-1.31,-3.9199991
-0.92,-3.9199991
-0.69,-3.9199991
-0.59,-3.9199991
-0.41,-3.9199991
-0.15,-3.9199991
0.11,-3.9199991
0.43,-3.9199991
0.74,-3.9199991
0.98,-3.9199991
1.36,-3.9199991
1.62,-3.9199991
1.73,-3.9199991
2.11,-3.9199991
-3.42,-3.71
-3.23,-3.71
-3.19,-3.71
-2.87,-3.71
-2.6,-3.71
-2.35,-3.71
-2.05,-3.71
-1.73,-3.71
-1.56,-3.71
-1.31,-3.71
-0.92,-3.71
-0.69,-3.71
-0.59,-3.71
-0.41,-3.71
-0.15,-3.71
0.11,-3.71
0.43,-3.71
0.74,-3.71
0.98,-3.71
1.36,-3.71
1.62,-3.71
1.73,-3.71
2.11,-3.71
2.66,-3.71
-3.23,-3.4199991
-3.19,-3.4199991
-2.87,-3.4199991
-2.6,-3.4199991
-2.35,-3.4199991
-2.05,-3.4199991
-1.73,-3.4199991
-1.56,-3.4199991
-1.31,-3.4199991
-0.92,-3.4199991
-0.69,-3.4199991
-0.59,-3.4199991
-0.41,-3.4199991
-0.15,-3.4199991
0.11,-3.4199991
0.43,-3.4199991
0.74,-3.4199991
0.98,-3.4199991
1.36,-3.4199991
1.62,-3.4199991
1.73,-3.4199991
2.11,-3.4199991
2.66,-3.4199991
3.31,-3.4199991
-3.19,-3.2300005
-2.87,-3.2300005
-2.6,-3.2300005
-2.35,-3.2300005
-2.05,-3.2300005
-1.73,-3.2300005
-1.56,-3.2300005
-1.31,-3.2300005
-0.92,-3.2300005
-0.69,-3.2300005
-0.59,-3.2300005
-0.41,-3.2300005
-0.15,-3.2300005
0.11,-3.2300005
0.43,-3.2300005
0.74,-3.2300005
0.98,-3.2300005
1.36,-3.2300005
1.62,-3.2300005
1.73,-3.2300005
2.11,-3.2300005
2.66,-3.2300005
3.31,-3.2300005
3.48,-3.2300005
-2.87,-3.1899996
-2.6,-3.1899996
-2.35,-3.1899996
-2.05,-3.1899996
-1.73,-3.1899996
-1.56,-3.1899996
-1.31,-3.1899996
-0.92,-3.1899996
-0.69,-3.1899996
-0.59,-3.1899996
-0.41,-3.1899996
-0.15,-3.1899996
0.11,-3.1899996
0.43,-3.1899996
0.74,-3.1899996
0.98,-3.1899996
1.36,-3.1899996
1.62,-3.1899996
1.73,-3.1899996
2.11,-3.1899996
2.66,-3.1899996
3.31,-3.1899996
3.48,-3.1899996
3.64,-3.1899996
-2.6,-2.8700008
-2.35,-2.8700008
-2.05,-2.8700008
-1.73,-2.8700008
-1.56,-2.8700008
-1.31,-2.8700008
-0.92,-2.8700008
-0.69,-2.8700008
-0.59,-2.8700008
-0.41,-2.8700008
-0.15,-2.8700008
0.11,-2.8700008
0.43,-2.8700008
0.74,-2.8700008
0.98,-2.8700008
1.36,-2.8700008
1.62,-2.8700008
1.73,-2.8700008
2.11,-2.8700008
2.66,-2.8700008
3.31,-2.8700008
3.48,-2.8700008
3.64,-2.8700008
3.67,-2.8700008
-2.35,-2.5999994
-2.05,-2.5999994
-1.73,-2.5999994
-1.56,-2.5999994
-1.31,-2.5999994
-0.92,-2.5999994
-0.69,-2.5999994
-0.59,-2.5999994
-0.41,-2.5999994
-0.15,-2.5999994
0.11,-2.5999994
0.43,-2.5999994
0.74,-2.5999994
0.98,-2.5999994
1.36,-2.5999994
1.62,-2.5999994
1.73,-2.5999994
2.11,-2.5999994
2.66,-2.5999994
3.31,-2.5999994
3.48,-2.5999994
3.64,-2.5999994
3.67,-2.5999994
3.55,-2.5999994
-2.05,-2.3499994
-1.73,-2.3499994
-1.56,-2.3499994
-1.31,-2.3499994
-0.92,-2.3499994
-0.69,-2.3499994
-0.59,-2.3499994
-0.41,-2.3499994
-0.15,-2.3499994
0.11,-2.3499994
0.43,-2.3499994
0.74,-2.3499994
0.98,-2.3499994
1.36,-2.3499994
1.62,-2.3499994
1.73,-2.3499994
2.11,-2.3499994
2.66,-2.3499994
3.31,-2.3499994
3.48,-2.3499994
3.64,-2.3499994
3.67,-2.3499994
3.55,-2.3499994
3.44,-2.3499994
-1.73,-2.0500002
-1.56,-2.0500002
-1.31,-2.0500002
-0.92,-2.0500002
-0.69,-2.0500002
-0.59,-2.0500002
-0.41,-2.0500002
-0.15,-2.0500002
0.11,-2.0500002
0.43,-2.0500002
0.74,-2.0500002
0.98,-2.0500002
1.36,-2.0500002
1.62,-2.0500002
1.73,-2.0500002
2.11,-2.0500002
2.66,-2.0500002
3.31,-2.0500002
3.48,-2.0500002
3.64,-2.0500002
3.67,-2.0500002
3.55,-2.0500002
3.44,-2.0500002
3.55,-2.0500002
-1.56,-1.7300005
-1.31,-1.7300005
-0.92,-1.7300005
-0.69,-1.7300005
-0.59,-1.7300005
-0.41,-1.7300005
-0.15,-1.7300005
0.11,-1.7300005
0.43,-1.7300005
0.74,-1.7300005
0.98,-1.7300005
1.36,-1.7300005
1.62,-1.7300005
1.73,-1.7300005
2.11,-1.7300005
2.66,-1.7300005
3.31,-1.7300005
3.48,-1.7300005
3.64,-1.7300005
3.67,-1.7300005
3.55,-1.7300005
3.44,-1.7300005
3.55,-1.7300005
3.65,-1.7300005
-1.31,-1.5600004
-0.92,-1.5600004
-0.69,-1.5600004
-0.59,-1.5600004
-0.41,-1.5600004
-0.15,-1.5600004
0.11,-1.5600004
0.43,-1.5600004
0.74,-1.5600004
0.98,-1.5600004
1.36,-1.5600004
1.62,-1.5600004
1.73,-1.5600004
2.11,-1.5600004
2.66,-1.5600004
3.31,-1.5600004
3.48,-1.5600004
3.64,-1.5600004
3.67,-1.5600004
3.55,-1.5600004
3.44,-1.5600004
3.55,-1.5600004
3.65,-1.5600004
3.64,-1.5600004
-0.92,-1.3100004
-0.69,-1.3100004
-0.59,-1.3100004
-0.41,-1.3100004
-0.15,-1.3100004
0.11,-1.3100004
0.43,-1.3100004
0.74,-1.3100004
0.98,-1.3100004
1.36,-1.3100004
1.62,-1.3100004
1.73,-1.3100004
2.11,-1.3100004
2.66,-1.3100004
3.31,-1.3100004
3.48,-1.3100004
3.64,-1.3100004
3.67,-1.3100004
3.55,-1.3100004
3.44,-1.3100004
3.55,-1.3100004
3.65,-1.3100004
3.64,-1.3100004
3.17,-1.3100004
-0.69,-0.9200001
-0.59,-0.9200001
-0.41,-0.9200001
-0.15,-0.9200001
0.11,-0.9200001
0.43,-0.9200001
0.74,-0.9200001
0.98,-0.9200001
1.36,-0.9200001
1.62,-0.9200001
1.73,-0.9200001
2.11,-0.9200001
2.66,-0.9200001
3.31,-0.9200001
3.48,-0.9200001
3.64,-0.9200001
3.67,-0.9200001
3.55,-0.9200001
3.44,-0.9200001
3.55,-0.9200001
3.65,-0.9200001
3.64,-0.9200001
3.17,-0.9200001
2.83,-0.9200001
-0.59,-0.6899996
-0.41,-0.6899996
-0.15,-0.6899996
0.11,-0.6899996
0.43,-0.6899996
0.74,-0.6899996
0.98,-0.6899996
1.36,-0.6899996
1.62,-0.6899996
1.73,-0.6899996
2.11,-0.6899996
2.66,-0.6899996
3.31,-0.6899996
3.48,-0.6899996
3.64,-0.6899996
3.67,-0.6899996
3.55,-0.6899996
3.44,-0.6899996
3.55,-0.6899996
3.65,-0.6899996
3.64,-0.6899996
3.17,-0.6899996
2.83,-0.6899996
2.64,-0.6899996
-0.41,-0.59000015
-0.15,-0.59000015
0.11,-0.59000015
0.43,-0.59000015
0.74,-0.59000015
0.98,-0.59000015
1.36,-0.59000015
1.62,-0.59000015
1.73,-0.59000015
2.11,-0.59000015
2.66,-0.59000015
3.31,-0.59000015
3.48,-0.59000015
3.64,-0.59000015
3.67,-0.59000015
3.55,-0.59000015
3.44,-0.59000015
3.55,-0.59000015
3.65,-0.59000015
3.64,-0.59000015
3.17,-0.59000015
2.83,-0.59000015
2.64,-0.59000015
2.48,-0.59000015
-0.15,-0.40999985
0.11,-0.40999985
0.43,-0.40999985
0.74,-0.40999985
0.98,-0.40999985
1.36,-0.40999985
1.62,-0.40999985
1.73,-0.40999985
2.11,-0.40999985
2.66,-0.40999985
3.31,-0.40999985
3.48,-0.40999985
3.64,-0.40999985
3.67,-0.40999985
3.55,-0.40999985
3.44,-0.40999985
3.55,-0.40999985
3.65,-0.40999985
3.64,-0.40999985
3.17,-0.40999985
2.83,-0.40999985
2.64,-0.40999985
2.48,-0.40999985
2.37,-0.40999985
0.11,-0.14999962
0.43,-0.14999962
0.74,-0.14999962
0.98,-0.14999962
1.36,-0.14999962
1.62,-0.14999962
1.73,-0.14999962
2.11,-0.14999962
2.66,-0.14999962
3.31,-0.14999962
3.48,-0.14999962
3.64,-0.14999962
3.67,-0.14999962
3.55,-0.14999962
3.44,-0.14999962
3.55,-0.14999962
3.65,-0.14999962
3.64,-0.14999962
3.17,-0.14999962
2.83,-0.14999962
2.64,-0.14999962
2.48,-0.14999962
2.37,-0.14999962
2.26,-0.14999962
0.43,0.10999966
0.74,0.10999966
0.98,0.10999966
1.36,0.10999966
1.62,0.10999966
1.73,0.10999966
2.11,0.10999966
2.66,0.10999966
3.31,0.10999966
3.48,0.10999966
3.64,0.10999966
3.67,0.10999966
3.55,0.10999966
3.44,0.10999966
3.55,0.10999966
3.65,0.10999966
3.64,0.10999966
3.17,0.10999966
2.83,0.10999966
2.64,0.10999966
2.48,0.10999966
2.37,0.10999966
2.26,0.10999966
2.08,0.10999966
0.74,0.4300003
0.98,0.4300003
1.36,0.4300003
1.62,0.4300003
1.73,0.4300003
2.11,0.4300003
2.66,0.4300003
3.31,0.4300003
3.48,0.4300003
3.64,0.4300003
3.67,0.4300003
3.55,0.4300003
3.44,0.4300003
3.55,0.4300003
3.65,0.4300003
3.64,0.4300003
3.17,0.4300003
2.83,0.4300003
2.64,0.4300003
2.48,0.4300003
2.37,0.4300003
2.26,0.4300003
2.08,0.4300003
1.83,0.4300003
0.98,0.7399998
1.36,0.7399998
1.62,0.7399998
1.73,0.7399998
2.11,0.7399998
2.66,0.7399998
3.31,0.7399998
3.48,0.7399998
3.64,0.7399998
3.67,0.7399998
3.55,0.7399998
3.44,0.7399998
3.55,0.7399998
3.65,0.7399998
3.64,0.7399998
3.17,0.7399998
2.83,0.7399998
2.64,0.7399998
2.48,0.7399998
2.37,0.7399998
2.26,0.7399998
2.08,0.7399998
1.83,0.7399998
1.6,0.7399998
1.36,0.9800005
1.62,0.9800005
1.73,0.9800005
2.11,0.9800005
2.66,0.9800005
3.31,0.9800005
3.48,0.9800005
3.64,0.9800005
3.67,0.9800005
3.55,0.9800005
3.44,0.9800005
3.55,0.9800005
3.65,0.9800005
3.64,0.9800005
3.17,0.9800005
2.83,0.9800005
2.64,0.9800005
2.48,0.9800005
2.37,0.9800005
2.26,0.9800005
2.08,0.9800005
1.83,0.9800005
1.6,0.9800005
1.43,0.9800005
1.62,1.3599997
1.73,1.3599997
2.11,1.3599997
2.66,1.3599997
3.31,1.3599997
3.48,1.3599997
3.64,1.3599997
3.67,1.3599997
3.55,1.3599997
3.44,1.3599997
3.55,1.3599997
3.65,1.3599997
3.64,1.3599997
3.17,1.3599997
2.83,1.3599997
2.64,1.3599997
2.48,1.3599997
2.37,1.3599997
2.26,1.3599997
2.08,1.3599997
1.83,1.3599997
1.6,1.3599997
1.43,1.3599997
1.33,1.3599997
1.73,1.6199999
2.11,1.6199999
2.66,1.6199999
3.31,1.6199999
3.48,1.6199999
3.64,1.6199999
3.67,1.6199999
3.55,1.6199999
3.44,1.6199999
3.55,1.6199999
3.65,1.6199999
3.64,1.6199999
3.17,1.6199999
2.83,1.6199999
2.64,1.6199999
2.48,1.6199999
2.37,1.6199999
2.26,1.6199999
2.08,1.6199999
1.83,1.6199999
1.6,1.6199999
1.43,1.6199999
1.33,1.6199999
1.14,1.6199999
2.11,1.7300005
2.66,1.7300005
3.31,1.7300005
3.48,1.7300005
3.64,1.7300005
3.67,1.7300005
3.55,1.7300005
3.44,1.7300005
3.55,1.7300005
3.65,1.7300005
3.64,1.7300005
3.17,1.7300005
2.83,1.7300005
2.64,1.7300005
2.48,1.7300005
2.37,1.7300005
2.26,1.7300005
2.08,1.7300005
1.83,1.7300005
1.6,1.7300005
1.43,1.7300005
1.33,1.7300005
1.14,1.7300005
0.51,1.7300005
2.66,2.1099997
3.31,2.1099997
3.48,2.1099997
3.64,2.1099997
3.67,2.1099997
3.55,2.1099997
3.44,2.1099997
3.55,2.1099997
3.65,2.1099997
3.64,2.1099997
3.17,2.1099997
2.83,2.1099997
2.64,2.1099997
2.48,2.1099997
2.37,2.1099997
2.26,2.1099997
2.08,2.1099997
1.83,2.1099997
1.6,2.1099997
1.43,2.1099997
1.33,2.1099997
1.14,2.1099997
0.51,2.1099997
0.38,2.1099997
3.31,2.6599998
3.48,2.6599998
3.64,2.6599998
3.67,2.6599998
3.55,2.6599998
3.44,2.6599998
3.55,2.6599998
3.65,2.6599998
3.64,2.6599998
3.17,2.6599998
2.83,2.6599998
2.64,2.6599998
2.48,2.6599998
2.37,2.6599998
2.26,2.6599998
2.08,2.6599998
1.83,2.6599998
1.6,2.6599998
1.43,2.6599998
1.33,2.6599998
1.14,2.6599998
0.51,2.6599998
0.38,2.6599998
0.16,2.6599998
3.48,3.3100004
3.64,3.3100004
3.67,3.3100004
3.55,3.3100004
3.44,3.3100004
3.55,3.3100004
3.65,3.3100004
3.64,3.3100004
3.17,3.3100004
2.83,3.3100004
2.64,3.3100004
2.48,3.3100004
2.37,3.3100004
2.26,3.3100004
2.08,3.3100004
1.83,3.3100004
1.6,3.3100004
1.43,3.3100004
1.33,3.3100004
1.14,3.3100004
0.51,3.3100004
0.38,3.3100004
0.16,3.3100004
-0.12,3.3100004
3.64,3.4800005
3.67,3.4800005
3.55,3.4800005
3.44,3.4800005
3.55,3.4800005
3.65,3.4800005
3.64,3.4800005
3.17,3.4800005
2.83,3.4800005
2.64,3.4800005
2.48,3.4800005
2.37,3.4800005
2.26,3.4800005
2.08,3.4800005
1.83,3.4800005
1.6,3.4800005
1.43,3.4800005
1.33,3.4800005
1.14,3.4800005
0.51,3.4800005
0.38,3.4800005
0.16,3.4800005
-0.12,3.4800005
-0.51,3.4800005
3.67,3.6400003
3.55,3.6400003
3.44,3.6400003
3.55,3.6400003
3.65,3.6400003
3.64,3.6400003
3.17,3.6400003
2.83,3.6400003
2.64,3.6400003
2.48,3.6400003
2.37,3.6400003
2.26,3.6400003
2.08,3.6400003
1.83,3.6400003
1.6,3.6400003
1.43,3.6400003
1.33,3.6400003
1.14,3.6400003
0.51,3.6400003
0.38,3.6400003
0.16,3.6400003
-0.12,3.6400003
-0.51,3.6400003
-0.46,3.6400003
3.55,3.67
3.44,3.67
3.55,3.67
3.65,3.67
3.64,3.67
3.17,3.67
2.83,3.67
2.64,3.67
2.48,3.67
2.37,3.67
2.26,3.67
2.08,3.67
1.83,3.67
1.6,3.67
1.43,3.67
1.33,3.67
1.14,3.67
0.51,3.67
0.38,3.67
0.16,3.67
-0.12,3.67
-0.51,3.67
-0.46,3.67
-0.55,3.67
3.44,3.5500002
3.55,3.5500002
3.65,3.5500002
3.64,3.5500002
3.17,3.5500002
2.83,3.5500002
2.64,3.5500002
2.48,3.5500002
2.37,3.5500002
2.26,3.5500002
2.08,3.5500002
1.83,3.5500002
1.6,3.5500002
1.43,3.5500002
1.33,3.5500002
1.14,3.5500002
0.51,3.5500002
0.38,3.5500002
0.16,3.5500002
-0.12,3.5500002
-0.51,3.5500002
-0.46,3.5500002
-0.55,3.5500002
-0.78,3.5500002
3.55,3.4399996
3.65,3.4399996
3.64,3.4399996
3.17,3.4399996
2.83,3.4399996
2.64,3.4399996
2.48,3.4399996
2.37,3.4399996
2.26,3.4399996
2.08,3.4399996
1.83,3.4399996
1.6,3.4399996
1.43,3.4399996
1.33,3.4399996
1.14,3.4399996
0.51,3.4399996
0.38,3.4399996
0.16,3.4399996
-0.12,3.4399996
-0.51,3.4399996
-0.46,3.4399996
-0.55,3.4399996
-0.78,3.4399996
-1.09,3.4399996
3.65,3.5500002
3.64,3.5500002
3.17,3.5500002
2.83,3.5500002
2.64,3.5500002
2.48,3.5500002
2.37,3.5500002
2.26,3.5500002
2.08,3.5500002
1.83,3.5500002
1.6,3.5500002
1.43,3.5500002
1.33,3.5500002
1.14,3.5500002
0.51,3.5500002
0.38,3.5500002
0.16,3.5500002
-0.12,3.5500002
-0.51,3.5500002
-0.46,3.5500002
-0.55,3.5500002
-0.78,3.5500002
-1.09,3.5500002
-1.29,3.5500002
3.64,3.6500006
3.17,3.6500006
2.83,3.6500006
2.64,3.6500006
2.48,3.6500006
2.37,3.6500006
2.26,3.6500006
2.08,3.6500006
1.83,3.6500006
1.6,3.6500006
1.43,3.6500006
1.33,3.6500006
1.14,3.6500006
0.51,3.6500006
0.38,3.6500006
0.16,3.6500006
-0.12,3.6500006
-0.51,3.6500006
-0.46,3.6500006
-0.55,3.6500006
-0.78,3.6500006
-1.09,3.6500006
-1.29,3.6500006
-1.6,3.6500006
3.17,3.6400003
2.83,3.6400003
2.64,3.6400003
2.48,3.6400003
2.37,3.6400003
2.26,3.6400003
2.08,3.6400003
1.83,3.6400003
1.6,3.6400003
1.43,3.6400003
1.33,3.6400003
1.14,3.6400003
0.51,3.6400003
0.38,3.6400003
0.16,3.6400003
-0.12,3.6400003
-0.51,3.6400003
-0.46,3.6400003
-0.55,3.6400003
-0.78,3.6400003
-1.09,3.6400003
-1.29,3.6400003
-1.6,3.6400003
-1.72,3.6400003
2.83,3.17
2.64,3.17
2.48,3.17
2.37,3.17
2.26,3.17
2.08,3.17
1.83,3.17
1.6,3.17
1.43,3.17
1.33,3.17
1.14,3.17
0.51,3.17
0.38,3.17
0.16,3.17
-0.12,3.17
-0.51,3.17
-0.46,3.17
-0.55,3.17
-0.78,3.17
-1.09,3.17
-1.29,3.17
-1.6,3.17
-1.72,3.17
-1.8,3.17
2.64,2.83
2.48,2.83
2.37,2.83
2.26,2.83
2.08,2.83
1.83,2.83
1.6,2.83
1.43,2.83
1.33,2.83
1.14,2.83
0.51,2.83
0.38,2.83
0.16,2.83
-0.12,2.83
-0.51,2.83
-0.46,2.83
-0.55,2.83
-0.78,2.83
-1.09,2.83
-1.29,2.83
-1.6,2.83
-1.72,2.83
-1.8,2.83
-1.87,2.83
2.48,2.6400003
2.37,2.6400003
2.26,2.6400003
2.08,2.6400003
1.83,2.6400003
1.6,2.6400003
1.43,2.6400003
1.33,2.6400003
1.14,2.6400003
0.51,2.6400003
0.38,2.6400003
0.16,2.6400003
-0.12,2.6400003
-0.51,2.6400003
-0.46,2.6400003
-0.55,2.6400003
-0.78,2.6400003
-1.09,2.6400003
-1.29,2.6400003
-1.6,2.6400003
-1.72,2.6400003
-1.8,2.6400003
-1.87,2.6400003
-1.98,2.6400003
2.37,2.4800005
2.26,2.4800005
2.08,2.4800005
1.83,2.4800005
1.6,2.4800005
1.43,2.4800005
1.33,2.4800005
1.14,2.4800005
0.51,2.4800005
0.38,2.4800005
0.16,2.4800005
-0.12,2.4800005
-0.51,2.4800005
-0.46,2.4800005
-0.55,2.4800005
-0.78,2.4800005
-1.09,2.4800005
-1.29,2.4800005
-1.6,2.4800005
-1.72,2.4800005
-1.8,2.4800005
-1.87,2.4800005
-1.98,2.4800005
-2.1,2.4800005
2.26,2.37
2.08,2.37
1.83,2.37
1.6,2.37
1.43,2.37
1.33,2.37
1.14,2.37
0.51,2.37
0.38,2.37
0.16,2.37
-0.12,2.37
-0.51,2.37
-0.46,2.37
-0.55,2.37
-0.78,2.37
-1.09,2.37
-1.29,2.37
-1.6,2.37
-1.72,2.37
-1.8,2.37
-1.87,2.37
-1.98,2.37
-2.1,2.37
-2.28,2.37
2.08,2.2600002
1.83,2.2600002
1.6,2.2600002
1.43,2.2600002
1.33,2.2600002
1.14,2.2600002
0.51,2.2600002
0.38,2.2600002
0.16,2.2600002
-0.12,2.2600002
-0.51,2.2600002
-0.46,2.2600002
-0.55,2.2600002
-0.78,2.2600002
-1.09,2.2600002
-1.29,2.2600002
-1.6,2.2600002
-1.72,2.2600002
-1.8,2.2600002
-1.87,2.2600002
-1.98,2.2600002
-2.1,2.2600002
-2.28,2.2600002
-2.32,2.2600002
1.83,2.08
1.6,2.08
1.43,2.08
1.33,2.08
1.14,2.08
0.51,2.08
0.38,2.08
0.16,2.08
-0.12,2.08
-0.51,2.08
-0.46,2.08
-0.55,2.08
-0.78,2.08
-1.09,2.08
-1.29,2.08
-1.6,2.08
-1.72,2.08
-1.8,2.08
-1.87,2.08
-1.98,2.08
-2.1,2.08
-2.28,2.08
-2.32,2.08
-2.21,2.08
1.6,1.8299999
1.43,1.8299999
1.33,1.8299999
1.14,1.8299999
0.51,1.8299999
0.38,1.8299999
0.16,1.8299999
-0.12,1.8299999
-0.51,1.8299999
-0.46,1.8299999
-0.55,1.8299999
-0.78,1.8299999
-1.09,1.8299999
-1.29,1.8299999
-1.6,1.8299999
-1.72,1.8299999
-1.8,1.8299999
-1.87,1.8299999
-1.98,1.8299999
-2.1,1.8299999
-2.28,1.8299999
-2.32,1.8299999
-2.21,1.8299999
-2.08,1.8299999
1.43,1.6000004
1.33,1.6000004
1.14,1.6000004
0.51,1.6000004
0.38,1.6000004
0.16,1.6000004
-0.12,1.6000004
-0.51,1.6000004
-0.46,1.6000004
-0.55,1.6000004
-0.78,1.6000004
-1.09,1.6000004
-1.29,1.6000004
-1.6,1.6000004
-1.72,1.6000004
-1.8,1.6000004
-1.87,1.6000004
-1.98,1.6000004
-2.1,1.6000004
-2.28,1.6000004
-2.32,1.6000004
-2.21,1.6000004
-2.08,1.6000004
-1.99,1.6000004
1.33,1.4300003
1.14,1.4300003
0.51,1.4300003
0.38,1.4300003
0.16,1.4300003
-0.12,1.4300003
-0.51,1.4300003
-0.46,1.4300003
-0.55,1.4300003
-0.78,1.4300003
-1.09,1.4300003
-1.29,1.4300003
-1.6,1.4300003
-1.72,1.4300003
-1.8,1.4300003
-1.87,1.4300003
-1.98,1.4300003
-2.1,1.4300003
-2.28,1.4300003
-2.32,1.4300003
-2.21,1.4300003
-2.08,1.4300003
-1.99,1.4300003
-2.19,1.4300003
1.14,1.3299999
0.51,1.3299999
0.38,1.3299999
0.16,1.3299999
-0.12,1.3299999
-0.51,1.3299999
-0.46,1.3299999
-0.55,1.3299999
-0.78,1.3299999
-1.09,1.3299999
-1.29,1.3299999
-1.6,1.3299999
-1.72,1.3299999
-1.8,1.3299999
-1.87,1.3299999
-1.98,1.3299999
-2.1,1.3299999
-2.28,1.3299999
-2.32,1.3299999
-2.21,1.3299999
-2.08,1.3299999
-1.99,1.3299999
-2.19,1.3299999
-2.36,1.3299999
0.51,1.1400003
0.38,1.1400003
0.16,1.1400003
-0.12,1.1400003
-0.51,1.1400003
-0.46,1.1400003
-0.55,1.1400003
-0.78,1.1400003
-1.09,1.1400003
-1.29,1.1400003
-1.6,1.1400003
-1.72,1.1400003
-1.8,1.1400003
-1.87,1.1400003
-1.98,1.1400003
-2.1,1.1400003
-2.28,1.1400003
-2.32,1.1400003
-2.21,1.1400003
-2.08,1.1400003
-1.99,1.1400003
-2.19,1.1400003
-2.36,1.1400003
-2.71,1.1400003
0.38,0.5100002
0.16,0.5100002
-0.12,0.5100002
-0.51,0.5100002
-0.46,0.5100002
-0.55,0.5100002
-0.78,0.5100002
-1.09,0.5100002
-1.29,0.5100002
-1.6,0.5100002
-1.72,0.5100002
-1.8,0.5100002
-1.87,0.5100002
-1.98,0.5100002
-2.1,0.5100002
-2.28,0.5100002
-2.32,0.5100002
-2.21,0.5100002
-2.08,0.5100002
-1.99,0.5100002
-2.19,0.5100002
-2.36,0.5100002
-2.71,0.5100002
-2.63,0.5100002
0.16,0.3800001
-0.12,0.3800001
-0.51,0.3800001
-0.46,0.3800001
-0.55,0.3800001
-0.78,0.3800001
-1.09,0.3800001
-1.29,0.3800001
-1.6,0.3800001
-1.72,0.3800001
-1.8,0.3800001
-1.87,0.3800001
-1.98,0.3800001
-2.1,0.3800001
-2.28,0.3800001
-2.32,0.3800001
-2.21,0.3800001
-2.08,0.3800001
-1.99,0.3800001
-2.19,0.3800001
-2.36,0.3800001
-2.71,0.3800001
-2.63,0.3800001
-2.85,0.3800001
-0.12,0.15999985
-0.51,0.15999985
-0.46,0.15999985
-0.55,0.15999985
-0.78,0.15999985
-1.09,0.15999985
-1.29,0.15999985
-1.6,0.15999985
-1.72,0.15999985
-1.8,0.15999985
-1.87,0.15999985
-1.98,0.15999985
-2.1,0.15999985
-2.28,0.15999985
-2.32,0.15999985
-2.21,0.15999985
-2.08,0.15999985
-1.99,0.15999985
-2.19,0.15999985
-2.36,0.15999985
-2.71,0.15999985
-2.63,0.15999985
-2.85,0.15999985
-2.87,0.15999985
-0.51,-0.119999886
-0.46,-0.119999886
-0.55,-0.119999886
-0.78,-0.119999886
-1.09,-0.119999886
-1.29,-0.119999886
-1.6,-0.119999886
-1.72,-0.119999886
-1.8,-0.119999886
-1.87,-0.119999886
-1.98,-0.119999886
-2.1,-0.119999886
-2.28,-0.119999886
-2.32,-0.119999886
-2.21,-0.119999886
-2.08,-0.119999886
-1.99,-0.119999886
-2.19,-0.119999886
-2.36,-0.119999886
-2.71,-0.119999886
-2.63,-0.119999886
-2.85,-0.119999886
-2.87,-0.119999886
-2.88,-0.119999886
-0.46,-0.5100002
-0.55,-0.5100002
-0.78,-0.5100002
-1.09,-0.5100002
-1.29,-0.5100002
-1.6,-0.5100002
-1.72,-0.5100002
-1.8,-0.5100002
-1.87,-0.5100002
-1.98,-0.5100002
-2.1,-0.5100002
-2.28,-0.5100002
-2.32,-0.5100002
-2.21,-0.5100002
-2.08,-0.5100002
-1.99,-0.5100002
-2.19,-0.5100002
-2.36,-0.5100002
-2.71,-0.5100002
-2.63,-0.5100002
-2.85,-0.5100002
-2.87,-0.5100002
-2.88,-0.5100002
-2.78,-0.5100002
-0.55,-0.46000004
-0.78,-0.46000004
-1.09,-0.46000004
-1.29,-0.46000004
-1.6,-0.46000004
-1.72,-0.46000004
-1.8,-0.46000004
-1.87,-0.46000004
-1.98,-0.46000004
-2.1,-0.46000004
-2.28,-0.46000004
-2.32,-0.46000004
-2.21,-0.46000004
-2.08,-0.46000004
-1.99,-0.46000004
-2.19,-0.46000004
-2.36,-0.46000004
-2.71,-0.46000004
-2.63,-0.46000004
-2.85,-0.46000004
-2.87,-0.46000004
-2.88,-0.46000004
-2.78,-0.46000004
-2.8,-0.46000004
-0.78,-0.5500002
-1.09,-0.5500002
-1.29,-0.5500002
-1.6,-0.5500002
-1.72,-0.5500002
-1.8,-0.5500002
-1.87,-0.5500002
-1.98,-0.5500002
-2.1,-0.5500002
-2.28,-0.5500002
-2.32,-0.5500002
-2.21,-0.5500002
-2.08,-0.5500002
-1.99,-0.5500002
-2.19,-0.5500002
-2.36,-0.5500002
-2.71,-0.5500002
-2.63,-0.5500002
-2.85,-0.5500002
-2.87,-0.5500002
-2.88,-0.5500002
-2.78,-0.5500002
-2.8,-0.5500002
-2.98,-0.5500002
-1.09,-0.77999973
-1.29,-0.77999973
-1.6,-0.77999973
-1.72,-0.77999973
-1.8,-0.77999973
-1.87,-0.77999973
-1.98,-0.77999973
-2.1,-0.77999973
-2.28,-0.77999973
-2.32,-0.77999973
-2.21,-0.77999973
-2.08,-0.77999973
-1.99,-0.77999973
-2.19,-0.77999973
-2.36,-0.77999973
-2.71,-0.77999973
-2.63,-0.77999973
-2.85,-0.77999973
-2.87,-0.77999973
-2.88,-0.77999973
-2.78,-0.77999973
-2.8,-0.77999973
-2.98,-0.77999973
-3.33,-0.77999973
-1.29,-1.0900002
-1.6,-1.0900002
-1.72,-1.0900002
-1.8,-1.0900002
-1.87,-1.0900002
-1.98,-1.0900002
-2.1,-1.0900002
-2.28,-1.0900002
-2.32,-1.0900002
-2.21,-1.0900002
-2.08,-1.0900002
-1.99,-1.0900002
-2.19,-1.0900002
-2.36,-1.0900002
-2.71,-1.0900002
-2.63,-1.0900002
-2.85,-1.0900002
-2.87,-1.0900002
-2.88,-1.0900002
-2.78,-1.0900002
-2.8,-1.0900002
-2.98,-1.0900002
-3.33,-1.0900002
-3.59,-1.0900002
-1.6,-1.29
-1.72,-1.29
-1.8,-1.29
-1.87,-1.29
-1.98,-1.29
-2.1,-1.29
-2.28,-1.29
-2.32,-1.29
-2.21,-1.29
-2.08,-1.29
-1.99,-1.29
-2.19,-1.29
-2.36,-1.29
-2.71,-1.29
-2.63,-1.29
-2.85,-1.29
-2.87,-1.29
-2.88,-1.29
-2.78,-1.29
-2.8,-1.29
-2.98,-1.29
-3.33,-1.29
-3.59,-1.29
-3.71,-1.29
-1.72,-1.6000004
-1.8,-1.6000004
-1.87,-1.6000004
-1.98,-1.6000004
-2.1,-1.6000004
-2.28,-1.6000004
-2.32,-1.6000004
-2.21,-1.6000004
-2.08,-1.6000004
-1.99,-1.6000004
-2.19,-1.6000004
-2.36,-1.6000004
-2.71,-1.6000004
-2.63,-1.6000004
-2.85,-1.6000004
-2.87,-1.6000004
-2.88,-1.6000004
-2.78,-1.6000004
-2.8,-1.6000004
-2.98,-1.6000004
-3.33,-1.6000004
-3.59,-1.6000004
-3.71,-1.6000004
-3.89,-1.6000004
-1.8,-1.7200003
-1.87,-1.7200003
-1.98,-1.7200003
-2.1,-1.7200003
-2.28,-1.7200003
-2.32,-1.7200003
-2.21,-1.7200003
-2.08,-1.7200003
-1.99,-1.7200003
-2.19,-1.7200003
-2.36,-1.7200003
-2.71,-1.7200003
-2.63,-1.7200003
-2.85,-1.7200003
-2.87,-1.7200003
-2.88,-1.7200003
-2.78,-1.7200003
-2.8,-1.7200003
-2.98,-1.7200003
-3.33,-1.7200003
-3.59,-1.7200003
-3.71,-1.7200003
-3.89,-1.7200003
-4.02,-1.7200003
-1.87,-1.8000002
-1.98,-1.8000002
-2.1,-1.8000002
-2.28,-1.8000002
-2.32,-1.8000002
-2.21,-1.8000002
-2.08,-1.8000002
-1.99,-1.8000002
-2.19,-1.8000002
-2.36,-1.8000002
-2.71,-1.8000002
-2.63,-1.8000002
-2.85,-1.8000002
-2.87,-1.8000002
-2.88,-1.8000002
-2.78,-1.8000002
-2.8,-1.8000002
-2.98,-1.8000002
-3.33,-1.8000002
-3.59,-1.8000002
-3.71,-1.8000002
-3.89,-1.8000002
-4.02,-1.8000002
-4.09,-1.8000002
-1.98,-1.8699999
-2.1,-1.8699999
-2.28,-1.8699999
-2.32,-1.8699999
-2.21,-1.8699999
-2.08,-1.8699999
-1.99,-1.8699999
-2.19,-1.8699999
-2.36,-1.8699999
-2.71,-1.8699999
-2.63,-1.8699999
-2.85,-1.8699999
-2.87,-1.8699999
-2.88,-1.8699999
-2.78,-1.8699999
-2.8,-1.8699999
-2.98,-1.8699999
-3.33,-1.8699999
-3.59,-1.8699999
-3.71,-1.8699999
-3.89,-1.8699999
-4.02,-1.8699999
-4.09,-1.8699999
-4.17,-1.8699999
-2.1,-1.9800005
-2.28,-1.9800005
-2.32,-1.9800005
-2.21,-1.9800005
-2.08,-1.9800005
-1.99,-1.9800005
-2.19,-1.9800005
-2.36,-1.9800005
-2.71,-1.9800005
-2.63,-1.9800005
-2.85,-1.9800005
-2.87,-1.9800005
-2.88,-1.9800005
-2.78,-1.9800005
-2.8,-1.9800005
-2.98,-1.9800005
-3.33,-1.9800005
-3.59,-1.9800005
-3.71,-1.9800005
-3.89,-1.9800005
-4.02,-1.9800005
-4.09,-1.9800005
-4.17,-1.9800005
-4.17,-1.9800005
-2.28,-2.0999994
-2.32,-2.0999994
-2.21,-2.0999994
-2.08,-2.0999994
-1.99,-2.0999994
-2.19,-2.0999994
-2.36,-2.0999994
-2.71,-2.0999994
-2.63,-2.0999994
-2.85,-2.0999994
-2.87,-2.0999994
-2.88,-2.0999994
-2.78,-2.0999994
-2.8,-2.0999994
-2.98,-2.0999994
-3.33,-2.0999994
-3.59,-2.0999994
-3.71,-2.0999994
-3.89,-2.0999994
-4.02,-2.0999994
-4.09,-2.0999994
-4.17,-2.0999994
-4.17,-2.0999994
-4.09,-2.0999994
-2.32,-2.2799997
-2.21,-2.2799997
-2.08,-2.2799997
-1.99,-2.2799997
-2.19,-2.2799997
-2.36,-2.2799997
-2.71,-2.2799997
-2.63,-2.2799997
-2.85,-2.2799997
-2.87,-2.2799997
-2.88,-2.2799997
-2.78,-2.2799997
-2.8,-2.2799997
-2.98,-2.2799997
-3.33,-2.2799997
-3.59,-2.2799997
-3.71,-2.2799997
-3.89,-2.2799997
-4.02,-2.2799997
-4.09,-2.2799997
-4.17,-2.2799997
-4.17,-2.2799997
-4.09,-2.2799997
-4.04,-2.2799997
-2.21,-2.3199997
-2.08,-2.3199997
-1.99,-2.3199997
-2.19,-2.3199997
-2.36,-2.3199997
-2.71,-2.3199997
-2.63,-2.3199997
-2.85,-2.3199997
-2.87,-2.3199997
-2.88,-2.3199997
-2.78,-2.3199997
-2.8,-2.3199997
-2.98,-2.3199997
-3.33,-2.3199997
-3.59,-2.3199997
-3.71,-2.3199997
-3.89,-2.3199997
-4.02,-2.3199997
-4.09,-2.3199997
-4.17,-2.3199997
-4.17,-2.3199997
-4.09,-2.3199997
-4.04,-2.3199997
-4.14,-2.3199997
-2.08,-2.21
-1.99,-2.21
-2.19,-2.21
-2.36,-2.21
-2.71,-2.21
-2.63,-2.21
-2.85,-2.21
-2.87,-2.21
-2.88,-2.21
-2.78,-2.21
-2.8,-2.21
-2.98,-2.21
-3.33,-2.21
-3.59,-2.21
-3.71,-2.21
-3.89,-2.21
-4.02,-2.21
-4.09,-2.21
-4.17,-2.21
-4.17,-2.21
-4.09,-2.21
-4.04,-2.21
-4.14,-2.21
-4.3,-2.21
-1.99,-2.08
-2.19,-2.08
-2.36,-2.08
-2.71,-2.08
-2.63,-2.08
-2.85,-2.08
-2.87,-2.08
-2.88,-2.08
-2.78,-2.08
-2.8,-2.08
-2.98,-2.08
-3.33,-2.08
-3.59,-2.08
-3.71,-2.08
-3.89,-2.08
-4.02,-2.08
-4.09,-2.08
-4.17,-2.08
-4.17,-2.08
-4.09,-2.08
-4.04,-2.08
-4.14,-2.08
-4.3,-2.08
-4.26,-2.08
-2.19,-1.9899998
-2.36,-1.9899998
-2.71,-1.9899998
-2.63,-1.9899998
-2.85,-1.9899998
-2.87,-1.9899998
-2.88,-1.9899998
-2.78,-1.9899998
-2.8,-1.9899998
-2.98,-1.9899998
-3.33,-1.9899998
-3.59,-1.9899998
-3.71,-1.9899998
-3.89,-1.9899998
-4.02,-1.9899998
-4.09,-1.9899998
-4.17,-1.9899998
-4.17,-1.9899998
-4.09,-1.9899998
-4.04,-1.9899998
-4.14,-1.9899998
-4.3,-1.9899998
-4.26,-1.9899998
-4.58,-1.9899998
-2.36,-2.1899996
-2.71,-2.1899996
-2.63,-2.1899996
-2.85,-2.1899996
-2.87,-2.1899996
-2.88,-2.1899996
-2.78,-2.1899996
-2.8,-2.1899996
-2.98,-2.1899996
-3.33,-2.1899996
-3.59,-2.1899996
-3.71,-2.1899996
-3.89,-2.1899996
-4.02,-2.1899996
-4.09,-2.1899996
-4.17,-2.1899996
-4.17,-2.1899996
-4.09,-2.1899996
-4.04,-2.1899996
-4.14,-2.1899996
-4.3,-2.1899996
-4.26,-2.1899996
-4.58,-2.1899996
-4.68,-2.1899996
-2.71,-2.3599997
-2.63,-2.3599997
-2.85,-2.3599997
-2.87,-2.3599997
-2.88,-2.3599997
-2.78,-2.3599997
-2.8,-2.3599997
-2.98,-2.3599997
-3.33,-2.3599997
-3.59,-2.3599997
-3.71,-2.3599997
-3.89,-2.3599997
-4.02,-2.3599997
-4.09,-2.3599997
-4.17,-2.3599997
-4.17,-2.3599997
-4.09,-2.3599997
-4.04,-2.3599997
-4.14,-2.3599997
-4.3,-2.3599997
-4.26,-2.3599997
-4.58,-2.3599997
-4.68,-2.3599997
-4.82,-2.3599997
-2.63,-2.71
-2.85,-2.71
-2.87,-2.71
-2.88,-2.71
-2.78,-2.71
-2.8,-2.71
-2.98,-2.71
-3.33,-2.71
-3.59,-2.71
-3.71,-2.71
-3.89,-2.71
-4.02,-2.71
-4.09,-2.71
-4.17,-2.71
-4.17,-2.71
-4.09,-2.71
-4.04,-2.71
-4.14,-2.71
-4.3,-2.71
-4.26,-2.71
-4.58,-2.71
-4.68,-2.71
-4.82,-2.71
-4.96,-2.71
-2.85,-2.63
-2.87,-2.63
-2.88,-2.63
-2.78,-2.63
-2.8,-2.63
-2.98,-2.63
-3.33,-2.63
-3.59,-2.63
-3.71,-2.63
-3.89,-2.63
-4.02,-2.63
-4.09,-2.63
-4.17,-2.63
-4.17,-2.63
-4.09,-2.63
-4.04,-2.63
-4.14,-2.63
-4.3,-2.63
-4.26,-2.63
-4.58,-2.63
-4.68,-2.63
-4.82,-2.63
-4.96,-2.63
-5.08,-2.63
-2.87,-2.8499994
-2.88,-2.8499994
-2.78,-2.8499994
-2.8,-2.8499994
-2.98,-2.8499994
-3.33,-2.8499994
-3.59,-2.8499994
-3.71,-2.8499994
-3.89,-2.8499994
-4.02,-2.8499994
-4.09,-2.8499994
-4.17,-2.8499994
-4.17,-2.8499994
-4.09,-2.8499994
-4.04,-2.8499994
-4.14,-2.8499994
-4.3,-2.8499994
-4.26,-2.8499994
-4.58,-2.8499994
-4.68,-2.8499994
-4.82,-2.8499994
-4.96,-2.8499994
-5.08,-2.8499994
-5.05,-2.8499994
-2.88,-2.8700008
-2.78,-2.8700008
-2.8,-2.8700008
-2.98,-2.8700008
-3.33,-2.8700008
-3.59,-2.8700008
-3.71,-2.8700008
-3.89,-2.8700008
-4.02,-2.8700008
-4.09,-2.8700008
-4.17,-2.8700008
-4.17,-2.8700008
-4.09,-2.8700008
-4.04,-2.8700008
-4.14,-2.8700008
-4.3,-2.8700008
-4.26,-2.8700008
-4.58,-2.8700008
-4.68,-2.8700008
-4.82,-2.8700008
-4.96,-2.8700008
-5.08,-2.8700008
-5.05,-2.8700008
-5.25,-2.8700008
-2.78,-2.88
-2.8,-2.88
-2.98,-2.88
-3.33,-2.88
-3.59,-2.88
-3.71,-2.88
-3.89,-2.88
-4.02,-2.88
-4.09,-2.88
-4.17,-2.88
-4.17,-2.88
-4.09,-2.88
-4.04,-2.88
-4.14,-2.88
-4.3,-2.88
-4.26,-2.88
-4.58,-2.88
-4.68,-2.88
-4.82,-2.88
-4.96,-2.88
-5.08,-2.88
-5.05,-2.88
-5.25,-2.88
-5.34,-2.88
-2.8,-2.7799988
-2.98,-2.7799988
-3.33,-2.7799988
-3.59,-2.7799988
-3.71,-2.7799988
-3.89,-2.7799988
-4.02,-2.7799988
-4.09,-2.7799988
-4.17,-2.7799988
-4.17,-2.7799988
-4.09,-2.7799988
-4.04,-2.7799988
-4.14,-2.7799988
-4.3,-2.7799988
-4.26,-2.7799988
-4.58,-2.7799988
-4.68,-2.7799988
-4.82,-2.7799988
-4.96,-2.7799988
-5.08,-2.7799988
-5.05,-2.7799988
-5.25,-2.7799988
-5.34,-2.7799988
-5.15,-2.7799988
-2.98,-2.8000002
-3.33,-2.8000002
-3.59,-2.8000002
-3.71,-2.8000002
-3.89,-2.8000002
-4.02,-2.8000002
-4.09,-2.8000002
-4.17,-2.8000002
-4.17,-2.8000002
-4.09,-2.8000002
-4.04,-2.8000002
-4.14,-2.8000002
-4.3,-2.8000002
-4.26,-2.8000002
-4.58,-2.8000002
-4.68,-2.8000002
-4.82,-2.8000002
-4.96,-2.8000002
-5.08,-2.8000002
-5.05,-2.8000002
-5.25,-2.8000002
-5.34,-2.8000002
-5.15,-2.8000002
-5.07,-2.8000002
-3.33,-2.9799995
-3.59,-2.9799995
-3.71,-2.9799995
-3.89,-2.9799995
-4.02,-2.9799995
-4.09,-2.9799995
-4.17,-2.9799995
-4.17,-2.9799995
-4.09,-2.9799995
-4.04,-2.9799995
-4.14,-2.9799995
-4.3,-2.9799995
-4.26,-2.9799995
-4.58,-2.9799995
-4.68,-2.9799995
-4.82,-2.9799995
-4.96,-2.9799995
-5.08,-2.9799995
-5.05,-2.9799995
-5.25,-2.9799995
-5.34,-2.9799995
-5.15,-2.9799995
-5.07,-2.9799995
-4.96,-2.9799995
-3.59,-3.329999
-3.71,-3.329999
-3.89,-3.329999
-4.02,-3.329999
-4.09,-3.329999
-4.17,-3.329999
-4.17,-3.329999
-4.09,-3.329999
-4.04,-3.329999
-4.14,-3.329999
-4.3,-3.329999
-4.26,-3.329999
-4.58,-3.329999
-4.68,-3.329999
-4.82,-3.329999
-4.96,-3.329999
-5.08,-3.329999
-5.05,-3.329999
-5.25,-3.329999
-5.34,-3.329999
-5.15,-3.329999
-5.07,-3.329999
-4.96,-3.329999
-4.67,-3.329999
-3.71,-3.5899992
-3.89,-3.5899992
-4.02,-3.5899992
-4.09,-3.5899992
-4.17,-3.5899992
-4.17,-3.5899992
-4.09,-3.5899992
-4.04,-3.5899992
-4.14,-3.5899992
-4.3,-3.5899992
-4.26,-3.5899992
-4.58,-3.5899992
-4.68,-3.5899992
-4.82,-3.5899992
-4.96,-3.5899992
-5.08,-3.5899992
-5.05,-3.5899992
-5.25,-3.5899992
-5.34,-3.5899992
-5.15,-3.5899992
-5.07,-3.5899992
-4.96,-3.5899992
-4.67,-3.5899992
-4.17,-3.5899992
-3.89,-3.71
-4.02,-3.71
-4.09,-3.71
-4.17,-3.71
-4.17,-3.71
-4.09,-3.71
-4.04,-3.71
-4.14,-3.71
-4.3,-3.71
-4.26,-3.71
-4.58,-3.71
-4.68,-3.71
-4.82,-3.71
-4.96,-3.71
-5.08,-3.71
-5.05,-3.71
-5.25,-3.71
-5.34,-3.71
-5.15,-3.71
-5.07,-3.71
-4.96,-3.71
-4.67,-3.71
-4.17,-3.71
-4.07,-3.71
-4.02,-3.8900003
-4.09,-3.8900003
-4.17,-3.8900003
-4.17,-3.8900003
-4.09,-3.8900003
-4.04,-3.8900003
-4.14,-3.8900003
-4.3,-3.8900003
-4.26,-3.8900003
-4.58,-3.8900003
-4.68,-3.8900003
-4.82,-3.8900003
-4.96,-3.8900003
-5.08,-3.8900003
-5.05,-3.8900003
-5.25,-3.8900003
-5.34,-3.8900003
-5.15,-3.8900003
-5.07,-3.8900003
-4.96,-3.8900003
-4.67,-3.8900003
-4.17,-3.8900003
-4.07,-3.8900003
-3.97,-3.8900003
-4.09,-4.0199995
-4.17,-4.0199995
-4.17,-4.0199995
-4.09,-4.0199995
-4.04,-4.0199995
-4.14,-4.0199995
-4.3,-4.0199995
-4.26,-4.0199995
-4.58,-4.0199995
-4.68,-4.0199995
-4.82,-4.0199995
-4.96,-4.0199995
-5.08,-4.0199995
-5.05,-4.0199995
-5.25,-4.0199995
-5.34,-4.0199995
-5.15,-4.0199995
-5.07,-4.0199995
-4.96,-4.0199995
-4.67,-4.0199995
-4.17,-4.0199995
-4.07,-4.0199995
-3.97,-4.0199995
-4.14,-4.0199995
-4.17,-4.090001
-4.17,-4.090001
-4.09,-4.090001
-4.04,-4.090001
-4.14,-4.090001
-4.3,-4.090001
-4.26,-4.090001
-4.58,-4.090001
-4.68,-4.090001
-4.82,-4.090001
-4.96,-4.090001
-5.08,-4.090001
-5.05,-4.090001
-5.25,-4.090001
-5.34,-4.090001
-5.15,-4.090001
-5.07,-4.090001
-4.96,-4.090001
-4.67,-4.090001
-4.17,-4.090001
-4.07,-4.090001
-3.97,-4.090001
-4.14,-4.090001
-4.15,-4.090001
-4.17,-4.169999
-4.09,-4.169999
-4.04,-4.169999
-4.14,-4.169999
-4.3,-4.169999
-4.26,-4.169999
-4.58,-4.169999
-4.68,-4.169999
-4.82,-4.169999
-4.96,-4.169999
-5.08,-4.169999
-5.05,-4.169999
-5.25,-4.169999
-5.34,-4.169999
-5.15,-4.169999
-5.07,-4.169999
-4.96,-4.169999
-4.67,-4.169999
-4.17,-4.169999
-4.07,-4.169999
-3.97,-4.169999
-4.14,-4.169999
-4.15,-4.169999
-4.47,-4.169999
-4.09,-4.169999
-4.04,-4.169999
-4.14,-4.169999
-4.3,-4.169999
-4.26,-4.169999
-4.58,-4.169999
-4.68,-4.169999
-4.82,-4.169999
-4.96,-4.169999
-5.08,-4.169999
-5.05,-4.169999
-5.25,-4.169999
-5.34,-4.169999
-5.15,-4.169999
-5.07,-4.169999
-4.96,-4.169999
-4.67,-4.169999
-4.17,-4.169999
-4.07,-4.169999
-3.97,-4.169999
-4.14,-4.169999
-4.15,-4.169999
-4.47,-4.169999
-4.61,-4.169999
-4.04,-4.090001
-4.14,-4.090001
-4.3,-4.090001
-4.26,-4.090001
-4.58,-4.090001
-4.68,-4.090001
-4.82,-4.090001
-4.96,-4.090001
-5.08,-4.090001
-5.05,-4.090001
-5.25,-4.090001
-5.34,-4.090001
-5.15,-4.090001
-5.07,-4.090001
-4.96,-4.090001
-4.67,-4.090001
-4.17,-4.090001
-4.07,-4.090001
-3.97,-4.090001
-4.14,-4.090001
-4.15,-4.090001
-4.47,-4.090001
-4.61,-4.090001
-4.86,-4.090001
-4.14,-4.04
-4.3,-4.04
-4.26,-4.04
-4.58,-4.04
-4.68,-4.04
-4.82,-4.04
-4.96,-4.04
-5.08,-4.04
-5.05,-4.04
-5.25,-4.04
-5.34,-4.04
-5.15,-4.04
-5.07,-4.04
-4.96,-4.04
-4.67,-4.04
-4.17,-4.04
-4.07,-4.04
-3.97,-4.04
-4.14,-4.04
-4.15,-4.04
-4.47,-4.04
-4.61,-4.04
-4.86,-4.04
-4.92,-4.04
-4.3,-4.1400003
-4.26,-4.1400003
-4.58,-4.1400003
-4.68,-4.1400003
-4.82,-4.1400003
-4.96,-4.1400003
-5.08,-4.1400003
-5.05,-4.1400003
-5.25,-4.1400003
-5.34,-4.1400003
-5.15,-4.1400003
-5.07,-4.1400003
-4.96,-4.1400003
-4.67,-4.1400003
-4.17,-4.1400003
-4.07,-4.1400003
-3.97,-4.1400003
-4.14,-4.1400003
-4.15,-4.1400003
-4.47,-4.1400003
-4.61,-4.1400003
-4.86,-4.1400003
-4.92,-4.1400003
-5.12,-4.1400003
-4.26,-4.3
-4.58,-4.3
-4.68,-4.3
-4.82,-4.3
-4.96,-4.3
-5.08,-4.3
-5.05,-4.3
-5.25,-4.3
-5.34,-4.3
-5.15,-4.3
-5.07,-4.3
-4.96,-4.3
-4.67,-4.3
-4.17,-4.3
-4.07,-4.3
-3.97,-4.3
-4.14,-4.3
-4.15,-4.3
-4.47,-4.3
-4.61,-4.3
-4.86,-4.3
-4.92,-4.3
-5.12,-4.3
-5.22,-4.3
-4.58,-4.2599993
-4.68,-4.2599993
-4.82,-4.2599993
-4.96,-4.2599993
-5.08,-4.2599993
-5.05,-4.2599993
-5.25,-4.2599993
-5.34,-4.2599993
-5.15,-4.2599993
-5.07,-4.2599993
-4.96,-4.2599993
-4.67,-4.2599993
-4.17,-4.2599993
-4.07,-4.2599993
-3.97,-4.2599993
-4.14,-4.2599993
-4.15,-4.2599993
-4.47,-4.2599993
-4.61,-4.2599993
-4.86,-4.2599993
-4.92,-4.2599993
-5.12,-4.2599993
-5.22,-4.2599993
-4.9,-4.2599993
-4.68,-4.579999
-4.82,-4.579999
-4.96,-4.579999
-5.08,-4.579999
-5.05,-4.579999
-5.25,-4.579999
-5.34,-4.579999
-5.15,-4.579999
-5.07,-4.579999
-4.96,-4.579999
-4.67,-4.579999
-4.17,-4.579999
-4.07,-4.579999
-3.97,-4.579999
-4.14,-4.579999
-4.15,-4.579999
-4.47,-4.579999
-4.61,-4.579999
-4.86,-4.579999
-4.92,-4.579999
-5.12,-4.579999
-5.22,-4.579999
-4.9,-4.579999
-4.86,-4.579999
-4.82,-4.6799994
-4.96,-4.6799994
-5.08,-4.6799994
-5.05,-4.6799994
-5.25,-4.6799994
-5.34,-4.6799994
-5.15,-4.6799994
-5.07,-4.6799994
-4.96,-4.6799994
-4.67,-4.6799994
-4.17,-4.6799994
-4.07,-4.6799994
-3.97,-4.6799994
-4.14,-4.6799994
-4.15,-4.6799994
-4.47,-4.6799994
-4.61,-4.6799994
-4.86,-4.6799994
-4.92,-4.6799994
-5.12,-4.6799994
-5.22,-4.6799994
-4.9,-4.6799994
-4.86,-4.6799994
-4.99,-4.6799994
-4.96,-4.8200006
-5.08,-4.8200006
-5.05,-4.8200006
-5.25,-4.8200006
-5.34,-4.8200006
-5.15,-4.8200006
-5.07,-4.8200006
-4.96,-4.8200006
-4.67,-4.8200006
-4.17,-4.8200006
-4.07,-4.8200006
-3.97,-4.8200006
-4.14,-4.8200006
-4.15,-4.8200006
-4.47,-4.8200006
-4.61,-4.8200006
-4.86,-4.8200006
-4.92,-4.8200006
-5.12,-4.8200006
-5.22,-4.8200006
-4.9,-4.8200006
-4.86,-4.8200006
-4.99,-4.8200006
-4.92,-4.8200006
-5.08,-4.96
-5.05,-4.96
-5.25,-4.96
-5.34,-4.96
-5.15,-4.96
-5.07,-4.96
-4.96,-4.96
-4.67,-4.96
-4.17,-4.96
-4.07,-4.96
-3.97,-4.96
-4.14,-4.96
-4.15,-4.96
-4.47,-4.96
-4.61,-4.96
-4.86,-4.96
-4.92,-4.96
-5.12,-4.96
-5.22,-4.96
-4.9,-4.96
-4.86,-4.96
-4.99,-4.96
-4.92,-4.96
-5.07,-4.96
-5.05,-5.079999
-5.25,-5.079999
-5.34,-5.079999
-5.15,-5.079999
-5.07,-5.079999
-4.96,-5.079999
-4.67,-5.079999
-4.17,-5.079999
-4.07,-5.079999
-3.97,-5.079999
-4.14,-5.079999
-4.15,-5.079999
-4.47,-5.079999
-4.61,-5.079999
-4.86,-5.079999
-4.92,-5.079999
-5.12,-5.079999
-5.22,-5.079999
-4.9,-5.079999
-4.86,-5.079999
-4.99,-5.079999
-4.92,-5.079999
-5.07,-5.079999
-5.27,-5.079999
-5.25,-5.05
-5.34,-5.05
-5.15,-5.05
-5.07,-5.05
-4.96,-5.05
-4.67,-5.05
-4.17,-5.05
-4.07,-5.05
-3.97,-5.05
-4.14,-5.05
-4.15,-5.05
-4.47,-5.05
-4.61,-5.05
-4.86,-5.05
-4.92,-5.05
-5.12,-5.05
-5.22,-5.05
-4.9,-5.05
-4.86,-5.05
-4.99,-5.05
-4.92,-5.05
-5.07,-5.05
-5.27,-5.05
-5.17,-5.05
-5.34,-5.250001
-5.15,-5.250001
-5.07,-5.250001
-4.96,-5.250001
-4.67,-5.250001
-4.17,-5.250001
-4.07,-5.250001
-3.97,-5.250001
-4.14,-5.250001
-4.15,-5.250001
-4.47,-5.250001
-4.61,-5.250001
-4.86,-5.250001
-4.92,-5.250001
-5.12,-5.250001
-5.22,-5.250001
-4.9,-5.250001
-4.86,-5.250001
-4.99,-5.250001
-4.92,-5.250001
-5.07,-5.250001
-5.27,-5.250001
-5.17,-5.250001
-5.37,-5.250001
-5.15,-5.340001
-5.07,-5.340001
-4.96,-5.340001
-4.67,-5.340001
-4.17,-5.340001
-4.07,-5.340001
-3.97,-5.340001
-4.14,-5.340001
-4.15,-5.340001
-4.47,-5.340001
-4.61,-5.340001
-4.86,-5.340001
-4.92,-5.340001
-5.12,-5.340001
-5.22,-5.340001
-4.9,-5.340001
-4.86,-5.340001
-4.99,-5.340001
-4.92,-5.340001
-5.07,-5.340001
-5.27,-5.340001
-5.17,-5.340001
-5.37,-5.340001
-5.43,-5.340001
-5.07,-5.1500006
-4.96,-5.1500006
-4.67,-5.1500006
-4.17,-5.1500006
-4.07,-5.1500006
-3.97,-5.1500006
-4.14,-5.1500006
-4.15,-5.1500006
-4.47,-5.1500006
-4.61,-5.1500006
-4.86,-5.1500006
-4.92,-5.1500006
-5.12,-5.1500006
-5.22,-5.1500006
-4.9,-5.1500006
-4.86,-5.1500006
-4.99,-5.1500006
-4.92,-5.1500006
-5.07,-5.1500006
-5.27,-5.1500006
-5.17,-5.1500006
-5.37,-5.1500006
-5.43,-5.1500006
-5.62,-5.1500006
-4.96,-5.0700006
-4.67,-5.0700006
-4.17,-5.0700006
-4.07,-5.0700006
-3.97,-5.0700006
-4.14,-5.0700006
-4.15,-5.0700006
-4.47,-5.0700006
-4.61,-5.0700006
-4.86,-5.0700006
-4.92,-5.0700006
-5.12,-5.0700006
-5.22,-5.0700006
-4.9,-5.0700006
-4.86,-5.0700006
-4.99,-5.0700006
-4.92,-5.0700006
-5.07,-5.0700006
-5.27,-5.0700006
-5.17,-5.0700006
-5.37,-5.0700006
-5.43,-5.0700006
-5.62,-5.0700006
-5.77,-5.0700006
-4.67,-4.96
-4.17,-4.96
-4.07,-4.96
-3.97,-4.96
-4.14,-4.96
-4.15,-4.96
-4.47,-4.96
-4.61,-4.96
-4.86,-4.96
-4.92,-4.96
-5.12,-4.96
-5.22,-4.96
-4.9,-4.96
-4.86,-4.96
-4.99,-4.96
-4.92,-4.96
-5.07,-4.96
-5.27,-4.96
-5.17,-4.96
-5.37,-4.96
-5.43,-4.96
-5.62,-4.96
-5.77,-4.96
-6.09,-4.96
-4.17,-4.669999
-4.07,-4.669999
-3.97,-4.669999
-4.14,-4.669999
-4.15,-4.669999
-4.47,-4.669999
-4.61,-4.669999
-4.86,-4.669999
-4.92,-4.669999
-5.12,-4.669999
-5.22,-4.669999
-4.9,-4.669999
-4.86,-4.669999
-4.99,-4.669999
-4.92,-4.669999
-5.07,-4.669999
-5.27,-4.669999
-5.17,-4.669999
-5.37,-4.669999
-5.43,-4.669999
-5.62,-4.669999
-5.77,-4.669999
-6.09,-4.669999
-6.2,-4.669999
-4.07,-4.169999
-3.97,-4.169999
-4.14,-4.169999
-4.15,-4.169999
-4.47,-4.169999
-4.61,-4.169999
-4.86,-4.169999
-4.92,-4.169999
-5.12,-4.169999
-5.22,-4.169999
-4.9,-4.169999
-4.86,-4.169999
-4.99,-4.169999
-4.92,-4.169999
-5.07,-4.169999
-5.27,-4.169999
-5.17,-4.169999
-5.37,-4.169999
-5.43,-4.169999
-5.62,-4.169999
-5.77,-4.169999
-6.09,-4.169999
-6.2,-4.169999
-6.04,-4.169999
-3.97,-4.0700006
-4.14,-4.0700006
-4.15,-4.0700006
-4.47,-4.0700006
-4.61,-4.0700006
-4.86,-4.0700006
-4.92,-4.0700006
-5.12,-4.0700006
-5.22,-4.0700006
-4.9,-4.0700006
-4.86,-4.0700006
-4.99,-4.0700006
-4.92,-4.0700006
-5.07,-4.0700006
-5.27,-4.0700006
-5.17,-4.0700006
-5.37,-4.0700006
-5.43,-4.0700006
-5.62,-4.0700006
-5.77,-4.0700006
-6.09,-4.0700006
-6.2,-4.0700006
-6.04,-4.0700006
-6.26,-4.0700006
-4.14,-3.9700003
-4.15,-3.9700003
-4.47,-3.9700003
-4.61,-3.9700003
-4.86,-3.9700003
-4.92,-3.9700003
-5.12,-3.9700003
-5.22,-3.9700003
-4.9,-3.9700003
-4.86,-3.9700003
-4.99,-3.9700003
-4.92,-3.9700003
-5.07,-3.9700003
-5.27,-3.9700003
-5.17,-3.9700003
-5.37,-3.9700003
-5.43,-3.9700003
-5.62,-3.9700003
-5.77,-3.9700003
-6.09,-3.9700003
-6.2,-3.9700003
-6.04,-3.9700003
-6.26,-3.9700003
-6.35,-3.9700003
-4.15,-4.1400003
-4.47,-4.1400003
-4.61,-4.1400003
-4.86,-4.1400003
-4.92,-4.1400003
-5.12,-4.1400003
-5.22,-4.1400003
-4.9,-4.1400003
-4.86,-4.1400003
-4.99,-4.1400003
-4.92,-4.1400003
-5.07,-4.1400003
-5.27,-4.1400003
-5.17,-4.1400003
-5.37,-4.1400003
-5.43,-4.1400003
-5.62,-4.1400003
-5.77,-4.1400003
-6.09,-4.1400003
-6.2,-4.1400003
-6.04,-4.1400003
-6.26,-4.1400003
-6.35,-4.1400003
-6.46,-4.1400003
-4.47,-4.1500006
-4.61,-4.1500006
-4.86,-4.1500006
-4.92,-4.1500006
-5.12,-4.1500006
-5.22,-4.1500006
-4.9,-4.1500006
-4.86,-4.1500006
-4.99,-4.1500006
-4.92,-4.1500006
-5.07,-4.1500006
-5.27,-4.1500006
-5.17,-4.1500006
-5.37,-4.1500006
-5.43,-4.1500006
-5.62,-4.1500006
-5.77,-4.1500006
-6.09,-4.1500006
-6.2,-4.1500006
-6.04,-4.1500006
-6.26,-4.1500006
-6.35,-4.1500006
-6.46,-4.1500006
-6.8,-4.1500006
-4.61,-4.4700003
-4.86,-4.4700003
-4.92,-4.4700003
-5.12,-4.4700003
-5.22,-4.4700003
-4.9,-4.4700003
-4.86,-4.4700003
-4.99,-4.4700003
-4.92,-4.4700003
-5.07,-4.4700003
-5.27,-4.4700003
-5.17,-4.4700003
-5.37,-4.4700003
-5.43,-4.4700003
-5.62,-4.4700003
-5.77,-4.4700003
-6.09,-4.4700003
-6.2,-4.4700003
-6.04,-4.4700003
-6.26,-4.4700003
-6.35,-4.4700003
-6.46,-4.4700003
-6.8,-4.4700003
-6.84,-4.4700003
-4.86,-4.6099997
-4.92,-4.6099997
-5.12,-4.6099997
-5.22,-4.6099997
-4.9,-4.6099997
-4.86,-4.6099997
-4.99,-4.6099997
-4.92,-4.6099997
-5.07,-4.6099997
-5.27,-4.6099997
-5.17,-4.6099997
-5.37,-4.6099997
-5.43,-4.6099997
-5.62,-4.6099997
-5.77,-4.6099997
-6.09,-4.6099997
-6.2,-4.6099997
-6.04,-4.6099997
-6.26,-4.6099997
-6.35,-4.6099997
-6.46,-4.6099997
-6.8,-4.6099997
-6.84,-4.6099997
-6.64,-4.6099997
-4.92,-4.8599997
-5.12,-4.8599997
-5.22,-4.8599997
-4.9,-4.8599997
-4.86,-4.8599997
-4.99,-4.8599997
-4.92,-4.8599997
-5.07,-4.8599997
-5.27,-4.8599997
-5.17,-4.8599997
-5.37,-4.8599997
-5.43,-4.8599997
-5.62,-4.8599997
-5.77,-4.8599997
-6.09,-4.8599997
-6.2,-4.8599997
-6.04,-4.8599997
-6.26,-4.8599997
-6.35,-4.8599997
-6.46,-4.8599997
-6.8,-4.8599997
-6.84,-4.8599997
-6.64,-4.8599997
-6.87,-4.8599997
-5.12,-4.919999
-5.22,-4.919999
-4.9,-4.919999
-4.86,-4.919999
-4.99,-4.919999
-4.92,-4.919999
-5.07,-4.919999
-5.27,-4.919999
-5.17,-4.919999
-5.37,-4.919999
-5.43,-4.919999
-5.62,-4.919999
-5.77,-4.919999
-6.09,-4.919999
-6.2,-4.919999
-6.04,-4.919999
-6.26,-4.919999
-6.35,-4.919999
-6.46,-4.919999
-6.8,-4.919999
-6.84,-4.919999
-6.64,-4.919999
-6.87,-4.919999
-6.31,-4.919999
-5.22,-5.12
-4.9,-5.12
-4.86,-5.12
-4.99,-5.12
-4.92,-5.12
-5.07,-5.12
-5.27,-5.12
-5.17,-5.12
-5.37,-5.12
-5.43,-5.12
-5.62,-5.12
-5.77,-5.12
-6.09,-5.12
-6.2,-5.12
-6.04,-5.12
-6.26,-5.12
-6.35,-5.12
-6.46,-5.12
-6.8,-5.12
-6.84,-5.12
-6.64,-5.12
-6.87,-5.12
-6.31,-5.12
-6.42,-5.12
-4.9,-5.2200003
-4.86,-5.2200003
-4.99,-5.2200003
-4.92,-5.2200003
-5.07,-5.2200003
-5.27,-5.2200003
-5.17,-5.2200003
-5.37,-5.2200003
-5.43,-5.2200003
-5.62,-5.2200003
-5.77,-5.2200003
-6.09,-5.2200003
-6.2,-5.2200003
-6.04,-5.2200003
-6.26,-5.2200003
-6.35,-5.2200003
-6.46,-5.2200003
-6.8,-5.2200003
-6.84,-5.2200003
-6.64,-5.2200003
-6.87,-5.2200003
-6.31,-5.2200003
-6.42,-5.2200003
-6.36,-5.2200003
-4.86,-4.9000006
-4.99,-4.9000006
-4.92,-4.9000006
-5.07,-4.9000006
-5.27,-4.9000006
-5.17,-4.9000006
-5.37,-4.9000006
-5.43,-4.9000006
-5.62,-4.9000006
-5.77,-4.9000006
-6.09,-4.9000006
-6.2,-4.9000006
-6.04,-4.9000006
-6.26,-4.9000006
-6.35,-4.9000006
-6.46,-4.9000006
-6.8,-4.9000006
-6.84,-4.9000006
-6.64,-4.9000006
-6.87,-4.9000006
-6.31,-4.9000006
-6.42,-4.9000006
-6.36,-4.9000006
-6.31,-4.9000006
-4.99,-4.8599997
-4.92,-4.8599997
-5.07,-4.8599997
-5.27,-4.8599997
-5.17,-4.8599997
-5.37,-4.8599997
-5.43,-4.8599997
-5.62,-4.8599997
-5.77,-4.8599997
-6.09,-4.8599997
-6.2,-4.8599997
-6.04,-4.8599997
-6.26,-4.8599997
-6.35,-4.8599997
-6.46,-4.8599997
-6.8,-4.8599997
-6.84,-4.8599997
-6.64,-4.8599997
-6.87,-4.8599997
-6.31,-4.8599997
-6.42,-4.8599997
-6.36,-4.8599997
-6.31,-4.8599997
-6.37,-4.8599997
-4.92,-4.989999
-5.07,-4.989999
-5.27,-4.989999
-5.17,-4.989999
-5.37,-4.989999
-5.43,-4.989999
-5.62,-4.989999
-5.77,-4.989999
-6.09,-4.989999
-6.2,-4.989999
-6.04,-4.989999
-6.26,-4.989999
-6.35,-4.989999
-6.46,-4.989999
-6.8,-4.989999
-6.84,-4.989999
-6.64,-4.989999
-6.87,-4.989999
-6.31,-4.989999
-6.42,-4.989999
-6.36,-4.989999
-6.31,-4.989999
-6.37,-4.989999
-6.09,-4.989999
-5.07,-4.919999
-5.27,-4.919999
-5.17,-4.919999
-5.37,-4.919999
-5.43,-4.919999
-5.62,-4.919999
-5.77,-4.919999
-6.09,-4.919999
-6.2,-4.919999
-6.04,-4.919999
-6.26,-4.919999
-6.35,-4.919999
-6.46,-4.919999
-6.8,-4.919999
-6.84,-4.919999
-6.64,-4.919999
-6.87,-4.919999
-6.31,-4.919999
-6.42,-4.919999
-6.36,-4.919999
-6.31,-4.919999
-6.37,-4.919999
-6.09,-4.919999
-5.96,-4.919999
-5.27,-5.0700006
-5.17,-5.0700006
-5.37,-5.0700006
-5.43,-5.0700006
-5.62,-5.0700006
-5.77,-5.0700006
-6.09,-5.0700006
-6.2,-5.0700006
-6.04,-5.0700006
-6.26,-5.0700006
-6.35,-5.0700006
-6.46,-5.0700006
-6.8,-5.0700006
-6.84,-5.0700006
-6.64,-5.0700006
-6.87,-5.0700006
-6.31,-5.0700006
-6.42,-5.0700006
-6.36,-5.0700006
-6.31,-5.0700006
-6.37,-5.0700006
-6.09,-5.0700006
-5.96,-5.0700006
-5.6,-5.0700006
-5.17,-5.2699995
-5.37,-5.2699995
-5.43,-5.2699995
-5.62,-5.2699995
-5.77,-5.2699995
-6.09,-5.2699995
-6.2,-5.2699995
-6.04,-5.2699995
-6.26,-5.2699995
-6.35,-5.2699995
-6.46,-5.2699995
-6.8,-5.2699995
-6.84,-5.2699995
-6.64,-5.2699995
-6.87,-5.2699995
-6.31,-5.2699995
-6.42,-5.2699995
-6.36,-5.2699995
-6.31,-5.2699995
-6.37,-5.2699995
-6.09,-5.2699995
-5.96,-5.2699995
-5.6,-5.2699995
-5.24,-5.2699995
-5.37,-5.169999
-5.43,-5.169999
-5.62,-5.169999
-5.77,-5.169999
-6.09,-5.169999
-6.2,-5.169999
-6.04,-5.169999
-6.26,-5.169999
-6.35,-5.169999
-6.46,-5.169999
-6.8,-5.169999
-6.84,-5.169999
-6.64,-5.169999
-6.87,-5.169999
-6.31,-5.169999
-6.42,-5.169999
-6.36,-5.169999
-6.31,-5.169999
-6.37,-5.169999
-6.09,-5.169999
-5.96,-5.169999
-5.6,-5.169999
-5.24,-5.169999
-5.02,-5.169999
-5.43,-5.37
-5.62,-5.37
-5.77,-5.37
-6.09,-5.37
-6.2,-5.37
-6.04,-5.37
-6.26,-5.37
-6.35,-5.37
-6.46,-5.37
-6.8,-5.37
-6.84,-5.37
-6.64,-5.37
-6.87,-5.37
-6.31,-5.37
-6.42,-5.37
-6.36,-5.37
-6.31,-5.37
-6.37,-5.37
-6.09,-5.37
-5.96,-5.37
-5.6,-5.37
-5.24,-5.37
-5.02,-5.37
-4.48,-5.37
-5.62,-5.4299994
-5.77,-5.4299994
-6.09,-5.4299994
-6.2,-5.4299994
-6.04,-5.4299994
-6.26,-5.4299994
-6.35,-5.4299994
-6.46,-5.4299994
-6.8,-5.4299994
-6.84,-5.4299994
-6.64,-5.4299994
-6.87,-5.4299994
-6.31,-5.4299994
-6.42,-5.4299994
-6.36,-5.4299994
-6.31,-5.4299994
-6.37,-5.4299994
-6.09,-5.4299994
-5.96,-5.4299994
-5.6,-5.4299994
-5.24,-5.4299994
-5.02,-5.4299994
-4.48,-5.4299994
-4.6,-5.4299994
-5.77,-5.62
-6.09,-5.62
-6.2,-5.62
-6.04,-5.62
-6.26,-5.62
-6.35,-5.62
-6.46,-5.62
-6.8,-5.62
-6.84,-5.62
-6.64,-5.62
-6.87,-5.62
-6.31,-5.62
-6.42,-5.62
-6.36,-5.62
-6.31,-5.62
-6.37,-5.62
-6.09,-5.62
-5.96,-5.62
-5.6,-5.62
-5.24,-5.62
-5.02,-5.62
-4.48,-5.62
-4.6,-5.62
-4.41,-5.62
-6.09,-5.7699995
-6.2,-5.7699995
-6.04,-5.7699995
-6.26,-5.7699995
-6.35,-5.7699995
-6.46,-5.7699995
-6.8,-5.7699995
-6.84,-5.7699995
-6.64,-5.7699995
-6.87,-5.7699995
-6.31,-5.7699995
-6.42,-5.7699995
-6.36,-5.7699995
-6.31,-5.7699995
-6.37,-5.7699995
-6.09,-5.7699995
-5.96,-5.7699995
-5.6,-5.7699995
-5.24,-5.7699995
-5.02,-5.7699995
-4.48,-5.7699995
-4.6,-5.7699995
-4.41,-5.7699995
-4.15,-5.7699995
-6.2,-6.090001
-6.04,-6.090001
-6.26,-6.090001
-6.35,-6.090001
-6.46,-6.090001
-6.8,-6.090001
-6.84,-6.090001
-6.64,-6.090001
-6.87,-6.090001
-6.31,-6.090001
-6.42,-6.090001
-6.36,-6.090001
-6.31,-6.090001
-6.37,-6.090001
-6.09,-6.090001
-5.96,-6.090001
-5.6,-6.090001
-5.24,-6.090001
-5.02,-6.090001
-4.48,-6.090001
-4.6,-6.090001
-4.41,-6.090001
-4.15,-6.090001
-3.76,-6.090001
-6.04,-6.2
-6.26,-6.2
-6.35,-6.2
-6.46,-6.2
-6.8,-6.2
-6.84,-6.2
-6.64,-6.2
-6.87,-6.2
-6.31,-6.2
-6.42,-6.2
-6.36,-6.2
-6.31,-6.2
-6.37,-6.2
-6.09,-6.2
-5.96,-6.2
-5.6,-6.2
-5.24,-6.2
-5.02,-6.2
-4.48,-6.2
-4.6,-6.2
-4.41,-6.2
-4.15,-6.2
-3.76,-6.2
-3.31,-6.2
-6.26,-6.04
-6.35,-6.04
-6.46,-6.04
-6.8,-6.04
-6.84,-6.04
-6.64,-6.04
-6.87,-6.04
-6.31,-6.04
-6.42,-6.04
-6.36,-6.04
-6.31,-6.04
-6.37,-6.04
-6.09,-6.04
-5.96,-6.04
-5.6,-6.04
-5.24,-6.04
-5.02,-6.04
-4.48,-6.04
-4.6,-6.04
-4.41,-6.04
-4.15,-6.04
-3.76,-6.04
-3.31,-6.04
-2.96,-6.04
-6.35,-6.2599993
-6.46,-6.2599993
-6.8,-6.2599993
-6.84,-6.2599993
-6.64,-6.2599993
-6.87,-6.2599993
-6.31,-6.2599993
-6.42,-6.2599993
-6.36,-6.2599993
-6.31,-6.2599993
-6.37,-6.2599993
-6.09,-6.2599993
-5.96,-6.2599993
-5.6,-6.2599993
-5.24,-6.2599993
-5.02,-6.2599993
-4.48,-6.2599993
-4.6,-6.2599993
-4.41,-6.2599993
-4.15,-6.2599993
-3.76,-6.2599993
-3.31,-6.2599993
-2.96,-6.2599993
-2.52,-6.2599993
-6.46,-6.3499994
-6.8,-6.3499994
-6.84,-6.3499994
-6.64,-6.3499994
-6.87,-6.3499994
-6.31,-6.3499994
-6.42,-6.3499994
-6.36,-6.3499994
-6.31,-6.3499994
-6.37,-6.3499994
-6.09,-6.3499994
-5.96,-6.3499994
-5.6,-6.3499994
-5.24,-6.3499994
-5.02,-6.3499994
-4.48,-6.3499994
-4.6,-6.3499994
-4.41,-6.3499994
-4.15,-6.3499994
-3.76,-6.3499994
-3.31,-6.3499994
-2.96,-6.3499994
-2.52,-6.3499994
-1.92,-6.3499994
-6.8,-6.46
-6.84,-6.46
-6.64,-6.46
-6.87,-6.46
-6.31,-6.46
-6.42,-6.46
-6.36,-6.46
-6.31,-6.46
-6.37,-6.46
-6.09,-6.46
-5.96,-6.46
-5.6,-6.46
-5.24,-6.46
-5.02,-6.46
-4.48,-6.46
-4.6,-6.46
-4.41,-6.46
-4.15,-6.46
-3.76,-6.46
-3.31,-6.46
-2.96,-6.46
-2.52,-6.46
-1.92,-6.46
-1.89,-6.46
-6.84,-6.8
-6.64,-6.8
-6.87,-6.8
-6.31,-6.8
-6.42,-6.8
-6.36,-6.8
-6.31,-6.8
-6.37,-6.8
-6.09,-6.8
-5.96,-6.8
-5.6,-6.8
-5.24,-6.8
-5.02,-6.8
-4.48,-6.8
-4.6,-6.8
-4.41,-6.8
-4.15,-6.8
-3.76,-6.8
-3.31,-6.8
-2.96,-6.8
-2.52,-6.8
-1.92,-6.8
-1.89,-6.8
-1.19,-6.8
-6.64,-6.840001
-6.87,-6.840001
-6.31,-6.840001
-6.42,-6.840001
-6.36,-6.840001
-6.31,-6.840001
-6.37,-6.840001
-6.09,-6.840001
-5.96,-6.840001
-5.6,-6.840001
-5.24,-6.840001
-5.02,-6.840001
-4.48,-6.840001
-4.6,-6.840001
-4.41,-6.840001
-4.15,-6.840001
-3.76,-6.840001
-3.31,-6.840001
-2.96,-6.840001
-2.52,-6.840001
-1.92,-6.840001
-1.89,-6.840001
-1.19,-6.840001
-0.71,-6.840001
-6.87,-6.6400003
-6.31,-6.6400003
-6.42,-6.6400003
-6.36,-6.6400003
-6.31,-6.6400003
-6.37,-6.6400003
-6.09,-6.6400003
-5.96,-6.6400003
-5.6,-6.6400003
-5.24,-6.6400003
-5.02,-6.6400003
-4.48,-6.6400003
-4.6,-6.6400003
-4.41,-6.6400003
-4.15,-6.6400003
-3.76,-6.6400003
-3.31,-6.6400003
-2.96,-6.6400003
-2.52,-6.6400003
-1.92,-6.6400003
-1.89,-6.6400003
-1.19,-6.6400003
-0.71,-6.6400003
-0.2,-6.6400003
-6.31,-6.87
-6.42,-6.87
-6.36,-6.87
-6.31,-6.87
-6.37,-6.87
-6.09,-6.87
-5.96,-6.87
-5.6,-6.87
-5.24,-6.87
-5.02,-6.87
-4.48,-6.87
-4.6,-6.87
-4.41,-6.87
-4.15,-6.87
-3.76,-6.87
-3.31,-6.87
-2.96,-6.87
-2.52,-6.87
-1.92,-6.87
-1.89,-6.87
-1.19,-6.87
-0.71,-6.87
-0.2,-6.87
0.58,-6.87
-6.42,-6.3100004
-6.36,-6.3100004
-6.31,-6.3100004
-6.37,-6.3100004
-6.09,-6.3100004
-5.96,-6.3100004
-5.6,-6.3100004
-5.24,-6.3100004
-5.02,-6.3100004
-4.48,-6.3100004
-4.6,-6.3100004
-4.41,-6.3100004
-4.15,-6.3100004
-3.76,-6.3100004
-3.31,-6.3100004
-2.96,-6.3100004
-2.52,-6.3100004
-1.92,-6.3100004
-1.89,-6.3100004
-1.19,-6.3100004
-0.71,-6.3100004
-0.2,-6.3100004
0.58,-6.3100004
1.26,-6.3100004
-6.36,-6.419999
-6.31,-6.419999
-6.37,-6.419999
-6.09,-6.419999
-5.96,-6.419999
-5.6,-6.419999
-5.24,-6.419999
-5.02,-6.419999
-4.48,-6.419999
-4.6,-6.419999
-4.41,-6.419999
-4.15,-6.419999
-3.76,-6.419999
-3.31,-6.419999
-2.96,-6.419999
-2.52,-6.419999
-1.92,-6.419999
-1.89,-6.419999
-1.19,-6.419999
-0.71,-6.419999
-0.2,-6.419999
0.58,-6.419999
1.26,-6.419999
1.57,-6.419999
-6.31,-6.3599997
-6.37,-6.3599997
-6.09,-6.3599997
-5.96,-6.3599997
-5.6,-6.3599997
-5.24,-6.3599997
-5.02,-6.3599997
-4.48,-6.3599997
-4.6,-6.3599997
-4.41,-6.3599997
-4.15,-6.3599997
-3.76,-6.3599997
-3.31,-6.3599997
-2.96,-6.3599997
-2.52,-6.3599997
-1.92,-6.3599997
-1.89,-6.3599997
-1.19,-6.3599997
-0.71,-6.3599997
-0.2,-6.3599997
0.58,-6.3599997
1.26,-6.3599997
1.57,-6.3599997
1.64,-6.3599997
-6.37,-6.3100004
-6.09,-6.3100004
-5.96,-6.3100004
-5.6,-6.3100004
-5.24,-6.3100004
-5.02,-6.3100004
-4.48,-6.3100004
-4.6,-6.3100004
-4.41,-6.3100004
-4.15,-6.3100004
-3.76,-6.3100004
-3.31,-6.3100004
-2.96,-6.3100004
-2.52,-6.3100004
-1.92,-6.3100004
-1.89,-6.3100004
-1.19,-6.3100004
-0.71,-6.3100004
-0.2,-6.3100004
0.58,-6.3100004
1.26,-6.3100004
1.57,-6.3100004
1.64,-6.3100004
1.97,-6.3100004
-6.09,-6.37
-5.96,-6.37
-5.6,-6.37
-5.24,-6.37
-5.02,-6.37
-4.48,-6.37
-4.6,-6.37
-4.41,-6.37
-4.15,-6.37
-3.76,-6.37
-3.31,-6.37
-2.96,-6.37
-2.52,-6.37
-1.92,-6.37
-1.89,-6.37
-1.19,-6.37
-0.71,-6.37
-0.2,-6.37
0.58,-6.37
1.26,-6.37
1.57,-6.37
1.64,-6.37
1.97,-6.37
2.17,-6.37
-5.96,-6.090001
-5.6,-6.090001
-5.24,-6.090001
-5.02,-6.090001
-4.48,-6.090001
-4.6,-6.090001
-4.41,-6.090001
-4.15,-6.090001
-3.76,-6.090001
-3.31,-6.090001
-2.96,-6.090001
-2.52,-6.090001
-1.92,-6.090001
-1.89,-6.090001
-1.19,-6.090001
-0.71,-6.090001
-0.2,-6.090001
0.58,-6.090001
1.26,-6.090001
1.57,-6.090001
1.64,-6.090001
1.97,-6.090001
2.17,-6.090001
2.55,-6.090001
-5.6,-5.96
-5.24,-5.96
-5.02,-5.96
-4.48,-5.96
-4.6,-5.96
-4.41,-5.96
-4.15,-5.96
-3.76,-5.96
-3.31,-5.96
-2.96,-5.96
-2.52,-5.96
-1.92,-5.96
-1.89,-5.96
-1.19,-5.96
-0.71,-5.96
-0.2,-5.96
0.58,-5.96
1.26,-5.96
1.57,-5.96
1.64,-5.96
1.97,-5.96
2.17,-5.96
2.55,-5.96
3.08,-5.96
-5.24,-5.5999994
-5.02,-5.5999994
-4.48,-5.5999994
-4.6,-5.5999994
-4.41,-5.5999994
-4.15,-5.5999994
-3.76,-5.5999994
-3.31,-5.5999994
-2.96,-5.5999994
-2.52,-5.5999994
-1.92,-5.5999994
-1.89,-5.5999994
-1.19,-5.5999994
-0.71,-5.5999994
-0.2,-5.5999994
0.58,-5.5999994
1.26,-5.5999994
1.57,-5.5999994
1.64,-5.5999994
1.97,-5.5999994
2.17,-5.5999994
2.55,-5.5999994
3.08,-5.5999994
3.92,-5.5999994
-5.02,-5.239999
-4.48,-5.239999
-4.6,-5.239999
-4.41,-5.239999
-4.15,-5.239999
-3.76,-5.239999
-3.31,-5.239999
-2.96,-5.239999
-2.52,-5.239999
-1.92,-5.239999
-1.89,-5.239999
-1.19,-5.239999
-0.71,-5.239999
-0.2,-5.239999
0.58,-5.239999
1.26,-5.239999
1.57,-5.239999
1.64,-5.239999
1.97,-5.239999
2.17,-5.239999
2.55,-5.239999
3.08,-5.239999
3.92,-5.239999
3.97,-5.239999
-4.48,-5.0199995
-4.6,-5.0199995
-4.41,-5.0199995
-4.15,-5.0199995
-3.76,-5.0199995
-3.31,-5.0199995
-2.96,-5.0199995
-2.52,-5.0199995
-1.92,-5.0199995
-1.89,-5.0199995
-1.19,-5.0199995
-0.71,-5.0199995
-0.2,-5.0199995
0.58,-5.0199995
1.26,-5.0199995
1.57,-5.0199995
1.64,-5.0199995
1.97,-5.0199995
2.17,-5.0199995
2.55,-5.0199995
3.08,-5.0199995
3.92,-5.0199995
3.97,-5.0199995
4.15,-5.0199995
-4.6,-4.4800005
-4.41,-4.4800005
-4.15,-4.4800005
-3.76,-4.4800005
-3.31,-4.4800005
-2.96,-4.4800005
-2.52,-4.4800005
-1.92,-4.4800005
-1.89,-4.4800005
-1.19,-4.4800005
-0.71,-4.4800005
-0.2,-4.4800005
0.58,-4.4800005
1.26,-4.4800005
1.57,-4.4800005
1.64,-4.4800005
1.97,-4.4800005
2.17,-4.4800005
2.55,-4.4800005
3.08,-4.4800005
3.92,-4.4800005
3.97,-4.4800005
4.15,-4.4800005
4.41,-4.4800005
-4.41,-4.5999994
-4.15,-4.5999994
-3.76,-4.5999994
-3.31,-4.5999994
-2.96,-4.5999994
-2.52,-4.5999994
-1.92,-4.5999994
-1.89,-4.5999994
-1.19,-4.5999994
-0.71,-4.5999994
-0.2,-4.5999994
0.58,-4.5999994
1.26,-4.5999994
1.57,-4.5999994
1.64,-4.5999994
1.97,-4.5999994
2.17,-4.5999994
2.55,-4.5999994
3.08,-4.5999994
3.92,-4.5999994
3.97,-4.5999994
4.15,-4.5999994
4.41,-4.5999994
4.78,-4.5999994
-4.15,-4.410001
-3.76,-4.410001
-3.31,-4.410001
-2.96,-4.410001
-2.52,-4.410001
-1.92,-4.410001
-1.89,-4.410001
-1.19,-4.410001
-0.71,-4.410001
-0.2,-4.410001
0.58,-4.410001
1.26,-4.410001
1.57,-4.410001
1.64,-4.410001
1.97,-4.410001
2.17,-4.410001
2.55,-4.410001
3.08,-4.410001
3.92,-4.410001
3.97,-4.410001
4.15,-4.410001
4.41,-4.410001
4.78,-4.410001
5.19,-4.410001
-3.76,-4.1500006
-3.31,-4.1500006
-2.96,-4.1500006
-2.52,-4.1500006
-1.92,-4.1500006
-1.89,-4.1500006
-1.19,-4.1500006
-0.71,-4.1500006
-0.2,-4.1500006
0.58,-4.1500006
1.26,-4.1500006
1.57,-4.1500006
1.64,-4.1500006
1.97,-4.1500006
2.17,-4.1500006
2.55,-4.1500006
3.08,-4.1500006
3.92,-4.1500006
3.97,-4.1500006
4.15,-4.1500006
4.41,-4.1500006
4.78,-4.1500006
5.19,-4.1500006
5.21,-4.1500006
-3.31,-3.7599993
-2.96,-3.7599993
-2.52,-3.7599993
-1.92,-3.7599993
-1.89,-3.7599993
-1.19,-3.7599993
-0.71,-3.7599993
-0.2,-3.7599993
0.58,-3.7599993
1.26,-3.7599993
1.57,-3.7599993
1.64,-3.7599993
1.97,-3.7599993
2.17,-3.7599993
2.55,-3.7599993
3.08,-3.7599993
3.92,-3.7599993
3.97,-3.7599993
4.15,-3.7599993
4.41,-3.7599993
4.78,-3.7599993
5.19,-3.7599993
5.21,-3.7599993
5.09,-3.7599993
-2.96,-3.3100004
-2.52,-3.3100004
-1.92,-3.3100004
-1.89,-3.3100004
-1.19,-3.3100004
-0.71,-3.3100004
-0.2,-3.3100004
0.58,-3.3100004
1.26,-3.3100004
1.57,-3.3100004
1.64,-3.3100004
1.97,-3.3100004
2.17,-3.3100004
2.55,-3.3100004
3.08,-3.3100004
3.92,-3.3100004
3.97,-3.3100004
4.15,-3.3100004
4.41,-3.3100004
4.78,-3.3100004
5.19,-3.3100004
5.21,-3.3100004
5.09,-3.3100004
4.97,-3.3100004
-2.52,-2.960001
-1.92,-2.960001
-1.89,-2.960001
-1.19,-2.960001
-0.71,-2.960001
-0.2,-2.960001
0.58,-2.960001
1.26,-2.960001
1.57,-2.960001
1.64,-2.960001
1.97,-2.960001
2.17,-2.960001
2.55,-2.960001
3.08,-2.960001
3.92,-2.960001
3.97,-2.960001
4.15,-2.960001
4.41,-2.960001
4.78,-2.960001
5.19,-2.960001
5.21,-2.960001
5.09,-2.960001
4.97,-2.960001
4.6,-2.960001
-1.92,-2.5199986
-1.89,-2.5199986
-1.19,-2.5199986
-0.71,-2.5199986
-0.2,-2.5199986
0.58,-2.5199986
1.26,-2.5199986
1.57,-2.5199986
1.64,-2.5199986
1.97,-2.5199986
2.17,-2.5199986
2.55,-2.5199986
3.08,-2.5199986
3.92,-2.5199986
3.97,-2.5199986
4.15,-2.5199986
4.41,-2.5199986
4.78,-2.5199986
5.19,-2.5199986
5.21,-2.5199986
5.09,-2.5199986
4.97,-2.5199986
4.6,-2.5199986
4.42,-2.5199986
-1.89,-1.9200001
-1.19,-1.9200001
-0.71,-1.9200001
-0.2,-1.9200001
0.58,-1.9200001
1.26,-1.9200001
1.57,-1.9200001
1.64,-1.9200001
1.97,-1.9200001
2.17,-1.9200001
2.55,-1.9200001
3.08,-1.9200001
3.92,-1.9200001
3.97,-1.9200001
4.15,-1.9200001
4.41,-1.9200001
4.78,-1.9200001
5.19,-1.9200001
5.21,-1.9200001
5.09,-1.9200001
4.97,-1.9200001
4.6,-1.9200001
4.42,-1.9200001
3.98,-1.9200001
-1.19,-1.8900003
-0.71,-1.8900003
-0.2,-1.8900003
0.58,-1.8900003
1.26,-1.8900003
1.57,-1.8900003
1.64,-1.8900003
1.97,-1.8900003
2.17,-1.8900003
2.55,-1.8900003
3.08,-1.8900003
3.92,-1.8900003
3.97,-1.8900003
4.15,-1.8900003
4.41,-1.8900003
4.78,-1.8900003
5.19,-1.8900003
5.21,-1.8900003
5.09,-1.8900003
4.97,-1.8900003
4.6,-1.8900003
4.42,-1.8900003
3.98,-1.8900003
3.56,-1.8900003
-0.71,-1.1899996
-0.2,-1.1899996
0.58,-1.1899996
1.26,-1.1899996
1.57,-1.1899996
1.64,-1.1899996
1.97,-1.1899996
2.17,-1.1899996
2.55,-1.1899996
3.08,-1.1899996
3.92,-1.1899996
3.97,-1.1899996
4.15,-1.1899996
4.41,-1.1899996
4.78,-1.1899996
5.19,-1.1899996
5.21,-1.1899996
5.09,-1.1899996
4.97,-1.1899996
4.6,-1.1899996
4.42,-1.1899996
3.98,-1.1899996
3.56,-1.1899996
2.87,-1.1899996
-0.2,-0.71000004
0.58,-0.71000004
1.26,-0.71000004
1.57,-0.71000004
1.64,-0.71000004
1.97,-0.71000004
2.17,-0.71000004
2.55,-0.71000004
3.08,-0.71000004
3.92,-0.71000004
3.97,-0.71000004
4.15,-0.71000004
4.41,-0.71000004
4.78,-0.71000004
5.19,-0.71000004
5.21,-0.71000004
5.09,-0.71000004
4.97,-0.71000004
4.6,-0.71000004
4.42,-0.71000004
3.98,-0.71000004
3.56,-0.71000004
2.87,-0.71000004
2.44,-0.71000004
0.58,-0.19999981
1.26,-0.19999981
1.57,-0.19999981
1.64,-0.19999981
1.97,-0.19999981
2.17,-0.19999981
2.55,-0.19999981
3.08,-0.19999981
3.92,-0.19999981
3.97,-0.19999981
4.15,-0.19999981
4.41,-0.19999981
4.78,-0.19999981
5.19,-0.19999981
5.21,-0.19999981
5.09,-0.19999981
4.97,-0.19999981
4.6,-0.19999981
4.42,-0.19999981
3.98,-0.19999981
3.56,-0.19999981
2.87,-0.19999981
2.44,-0.19999981
2.13,-0.19999981
1.26,0.5799999
1.57,0.5799999
1.64,0.5799999
1.97,0.5799999
2.17,0.5799999
2.55,0.5799999
3.08,0.5799999
3.92,0.5799999
3.97,0.5799999
4.15,0.5799999
4.41,0.5799999
4.78,0.5799999
5.19,0.5799999
5.21,0.5799999
5.09,0.5799999
4.97,0.5799999
4.6,0.5799999
4.42,0.5799999
3.98,0.5799999
3.56,0.5799999
2.87,0.5799999
2.44,0.5799999
2.13,0.5799999
1.98,0.5799999
1.57,1.2600002
1.64,1.2600002
1.97,1.2600002
2.17,1.2600002
2.55,1.2600002
3.08,1.2600002
3.92,1.2600002
3.97,1.2600002
4.15,1.2600002
4.41,1.2600002
4.78,1.2600002
5.19,1.2600002
5.21,1.2600002
5.09,1.2600002
4.97,1.2600002
4.6,1.2600002
4.42,1.2600002
3.98,1.2600002
3.56,1.2600002
2.87,1.2600002
2.44,1.2600002
2.13,1.2600002
1.98,1.2600002
1.67,1.2600002
1.64,1.5699997
1.97,1.5699997
2.17,1.5699997
2.55,1.5699997
3.08,1.5699997
3.92,1.5699997
3.97,1.5699997
4.15,1.5699997
4.41,1.5699997
4.78,1.5699997
5.19,1.5699997
5.21,1.5699997
5.09,1.5699997
4.97,1.5699997
4.6,1.5699997
4.42,1.5699997
3.98,1.5699997
3.56,1.5699997
2.87,1.5699997
2.44,1.5699997
2.13,1.5699997
1.98,1.5699997
1.67,1.5699997
1.61,1.5699997
1.97,1.6400003
2.17,1.6400003
2.55,1.6400003
3.08,1.6400003
3.92,1.6400003
3.97,1.6400003
4.15,1.6400003
4.41,1.6400003
4.78,1.6400003
5.19,1.6400003
5.21,1.6400003
5.09,1.6400003
4.97,1.6400003
4.6,1.6400003
4.42,1.6400003
3.98,1.6400003
3.56,1.6400003
2.87,1.6400003
2.44,1.6400003
2.13,1.6400003
1.98,1.6400003
1.67,1.6400003
1.61,1.6400003
1.41,1.6400003
2.17,1.9700003
2.55,1.9700003
3.08,1.9700003
3.92,1.9700003
3.97,1.9700003
4.15,1.9700003
4.41,1.9700003
4.78,1.9700003
5.19,1.9700003
5.21,1.9700003
5.09,1.9700003
4.97,1.9700003
4.6,1.9700003
4.42,1.9700003
3.98,1.9700003
3.56,1.9700003
2.87,1.9700003
2.44,1.9700003
2.13,1.9700003
1.98,1.9700003
1.67,1.9700003
1.61,1.9700003
1.41,1.9700003
1.29,1.9700003
2.55,2.17
3.08,2.17
3.92,2.17
3.97,2.17
4.15,2.17
4.41,2.17
4.78,2.17
5.19,2.17
5.21,2.17
5.09,2.17
4.97,2.17
4.6,2.17
4.42,2.17
3.98,2.17
3.56,2.17
2.87,2.17
2.44,2.17
2.13,2.17
1.98,2.17
1.67,2.17
1.61,2.17
1.41,2.17
1.29,2.17
0.79,2.17
3.08,2.5500002
3.92,2.5500002
3.97,2.5500002
4.15,2.5500002
4.41,2.5500002
4.78,2.5500002
5.19,2.5500002
5.21,2.5500002
5.09,2.5500002
4.97,2.5500002
4.6,2.5500002
4.42,2.5500002
3.98,2.5500002
3.56,2.5500002
2.87,2.5500002
2.44,2.5500002
2.13,2.5500002
1.98,2.5500002
1.67,2.5500002
1.61,2.5500002
1.41,2.5500002
1.29,2.5500002
0.79,2.5500002
0.44,2.5500002
3.92,3.08
3.97,3.08
4.15,3.08
4.41,3.08
4.78,3.08
5.19,3.08
5.21,3.08
5.09,3.08
4.97,3.08
4.6,3.08
4.42,3.08
3.98,3.08
3.56,3.08
2.87,3.08
2.44,3.08
2.13,3.08
1.98,3.08
1.67,3.08
1.61,3.08
1.41,3.08
1.29,3.08
0.79,3.08
0.44,3.08
0.24,3.08
3.97,3.92
4.15,3.92
4.41,3.92
4.78,3.92
5.19,3.92
5.21,3.92
5.09,3.92
4.97,3.92
4.6,3.92
4.42,3.92
3.98,3.92
3.56,3.92
2.87,3.92
2.44,3.92
2.13,3.92
1.98,3.92
1.67,3.92
1.61,3.92
1.41,3.92
1.29,3.92
0.79,3.92
0.44,3.92
0.24,3.92
-0.06,3.92
4.15,3.9700003
4.41,3.9700003
4.78,3.9700003
5.19,3.9700003
5.21,3.9700003
5.09,3.9700003
4.97,3.9700003
4.6,3.9700003
4.42,3.9700003
3.98,3.9700003
3.56,3.9700003
2.87,3.9700003
2.44,3.9700003
2.13,3.9700003
1.98,3.9700003
1.67,3.9700003
1.61,3.9700003
1.41,3.9700003
1.29,3.9700003
0.79,3.9700003
0.44,3.9700003
0.24,3.9700003
-0.06,3.9700003
-0.08,3.9700003
4.41,4.1500006
4.78,4.1500006
5.19,4.1500006
5.21,4.1500006
5.09,4.1500006
4.97,4.1500006
4.6,4.1500006
4.42,4.1500006
3.98,4.1500006
3.56,4.1500006
2.87,4.1500006
2.44,4.1500006
2.13,4.1500006
1.98,4.1500006
1.67,4.1500006
1.61,4.1500006
1.41,4.1500006
1.29,4.1500006
0.79,4.1500006
0.44,4.1500006
0.24,4.1500006
-0.06,4.1500006
-0.08,4.1500006
-0.42,4.1500006
4.78,4.41
5.19,4.41
5.21,4.41
5.09,4.41
4.97,4.41
4.6,4.41
4.42,4.41
3.98,4.41
3.56,4.41
2.87,4.41
2.44,4.41
2.13,4.41
1.98,4.41
1.67,4.41
1.61,4.41
1.41,4.41
1.29,4.41
0.79,4.41
0.44,4.41
0.24,4.41
-0.06,4.41
-0.08,4.41
-0.42,4.41
-0.95,4.41
5.19,4.78
5.21,4.78
5.09,4.78
4.97,4.78
4.6,4.78
4.42,4.78
3.98,4.78
3.56,4.78
2.87,4.78
2.44,4.78
2.13,4.78
1.98,4.78
1.67,4.78
1.61,4.78
1.41,4.78
1.29,4.78
0.79,4.78
0.44,4.78
0.24,4.78
-0.06,4.78
-0.08,4.78
-0.42,4.78
-0.95,4.78
-1.28,4.78
5.21,5.19
5.09,5.19
4.97,5.19
4.6,5.19
4.42,5.19
3.98,5.19
3.56,5.19
2.87,5.19
2.44,5.19
2.13,5.19
1.98,5.19
1.67,5.19
1.61,5.19
1.41,5.19
1.29,5.19
0.79,5.19
0.44,5.19
0.24,5.19
-0.06,5.19
-0.08,5.19
-0.42,5.19
-0.95,5.19
-1.28,5.19
-1.67,5.19
5.09,5.21
4.97,5.21
4.6,5.21
4.42,5.21
3.98,5.21
3.56,5.21
2.87,5.21
2.44,5.21
2.13,5.21
1.98,5.21
1.67,5.21
1.61,5.21
1.41,5.21
1.29,5.21
0.79,5.21
0.44,5.21
0.24,5.21
-0.06,5.21
-0.08,5.21
-0.42,5.21
-0.95,5.21
-1.28,5.21
-1.67,5.21
-1.25,5.21
4.97,5.09
4.6,5.09
4.42,5.09
3.98,5.09
3.56,5.09
2.87,5.09
2.44,5.09
2.13,5.09
1.98,5.09
1.67,5.09
1.61,5.09
1.41,5.09
1.29,5.09
0.79,5.09
0.44,5.09
0.24,5.09
-0.06,5.09
-0.08,5.09
-0.42,5.09
-0.95,5.09
-1.28,5.09
-1.67,5.09
-1.25,5.09
-1.03,5.09
4.6,4.97
4.42,4.97
3.98,4.97
3.56,4.97
2.87,4.97
2.44,4.97
2.13,4.97
1.98,4.97
1.67,4.97
1.61,4.97
1.41,4.97
1.29,4.97
0.79,4.97
0.44,4.97
0.24,4.97
-0.06,4.97
-0.08,4.97
-0.42,4.97
-0.95,4.97
-1.28,4.97
-1.67,4.97
-1.25,4.97
-1.03,4.97
-0.98,4.97
4.42,4.5999994
3.98,4.5999994
3.56,4.5999994
2.87,4.5999994
2.44,4.5999994
2.13,4.5999994
1.98,4.5999994
1.67,4.5999994
1.61,4.5999994
1.41,4.5999994
1.29,4.5999994
0.79,4.5999994
0.44,4.5999994
0.24,4.5999994
-0.06,4.5999994
-0.08,4.5999994
-0.42,4.5999994
-0.95,4.5999994
-1.28,4.5999994
-1.67,4.5999994
-1.25,4.5999994
-1.03,4.5999994
-0.98,4.5999994
-1.4,4.5999994
3.98,4.42
3.56,4.42
2.87,4.42
2.44,4.42
2.13,4.42
1.98,4.42
1.67,4.42
1.61,4.42
1.41,4.42
1.29,4.42
0.79,4.42
0.44,4.42
0.24,4.42
-0.06,4.42
-0.08,4.42
-0.42,4.42
-0.95,4.42
-1.28,4.42
-1.67,4.42
-1.25,4.42
-1.03,4.42
-0.98,4.42
-1.4,4.42
-1.47,4.42
3.56,3.9800005
2.87,3.9800005
2.44,3.9800005
2.13,3.9800005
1.98,3.9800005
1.67,3.9800005
1.61,3.9800005
1.41,3.9800005
1.29,3.9800005
0.79,3.9800005
0.44,3.9800005
0.24,3.9800005
-0.06,3.9800005
-0.08,3.9800005
-0.42,3.9800005
-0.95,3.9800005
-1.28,3.9800005
-1.67,3.9800005
-1.25,3.9800005
-1.03,3.9800005
-0.98,3.9800005
-1.4,3.9800005
-1.47,3.9800005
-1.61,3.9800005
2.87,3.5600004
2.44,3.5600004
2.13,3.5600004
1.98,3.5600004
1.67,3.5600004
1.61,3.5600004
1.41,3.5600004
1.29,3.5600004
0.79,3.5600004
0.44,3.5600004
0.24,3.5600004
-0.06,3.5600004
-0.08,3.5600004
-0.42,3.5600004
-0.95,3.5600004
-1.28,3.5600004
-1.67,3.5600004
-1.25,3.5600004
-1.03,3.5600004
-0.98,3.5600004
-1.4,3.5600004
-1.47,3.5600004
-1.61,3.5600004
-1.65,3.5600004
2.44,2.87
2.13,2.87
1.98,2.87
1.67,2.87
1.61,2.87
1.41,2.87
1.29,2.87
0.79,2.87
0.44,2.87
0.24,2.87
-0.06,2.87
-0.08,2.87
-0.42,2.87
-0.95,2.87
-1.28,2.87
-1.67,2.87
-1.25,2.87
-1.03,2.87
-0.98,2.87
-1.4,2.87
-1.47,2.87
-1.61,2.87
-1.65,2.87
-1.52,2.87
2.13,2.4399996
1.98,2.4399996
1.67,2.4399996
1.61,2.4399996
1.41,2.4399996
1.29,2.4399996
0.79,2.4399996
0.44,2.4399996
0.24,2.4399996
-0.06,2.4399996
-0.08,2.4399996
-0.42,2.4399996
-0.95,2.4399996
-1.28,2.4399996
-1.67,2.4399996
-1.25,2.4399996
-1.03,2.4399996
-0.98,2.4399996
-1.4,2.4399996
-1.47,2.4399996
-1.61,2.4399996
-1.65,2.4399996
-1.52,2.4399996
-1.4,2.4399996
1.98,2.13
1.67,2.13
1.61,2.13
1.41,2.13
1.29,2.13
0.79,2.13
0.44,2.13
0.24,2.13
-0.06,2.13
-0.08,2.13
-0.42,2.13
-0.95,2.13
-1.28,2.13
-1.67,2.13
-1.25,2.13
-1.03,2.13
-0.98,2.13
-1.4,2.13
-1.47,2.13
-1.61,2.13
-1.65,2.13
-1.52,2.13
-1.4,2.13
-2.15,2.13
1.67,1.9800005
1.61,1.9800005
1.41,1.9800005
1.29,1.9800005
0.79,1.9800005
0.44,1.9800005
0.24,1.9800005
-0.06,1.9800005
-0.08,1.9800005
-0.42,1.9800005
-0.95,1.9800005
-1.28,1.9800005
-1.67,1.9800005
-1.25,1.9800005
-1.03,1.9800005
-0.98,1.9800005
-1.4,1.9800005
-1.47,1.9800005
-1.61,1.9800005
-1.65,1.9800005
-1.52,1.9800005
-1.4,1.9800005
-2.15,1.9800005
-3.19,1.9800005
1.61,1.6700001
1.41,1.6700001
1.29,1.6700001
0.79,1.6700001
0.44,1.6700001
0.24,1.6700001
-0.06,1.6700001
-0.08,1.6700001
-0.42,1.6700001
-0.95,1.6700001
-1.28,1.6700001
-1.67,1.6700001
-1.25,1.6700001
-1.03,1.6700001
-0.98,1.6700001
-1.4,1.6700001
-1.47,1.6700001
-1.61,1.6700001
-1.65,1.6700001
-1.52,1.6700001
-1.4,1.6700001
-2.15,1.6700001
-3.19,1.6700001
-3.3,1.6700001
1.41,1.6099997
1.29,1.6099997
0.79,1.6099997
0.44,1.6099997
0.24,1.6099997
-0.06,1.6099997
-0.08,1.6099997
-0.42,1.6099997
-0.95,1.6099997
-1.28,1.6099997
-1.67,1.6099997
-1.25,1.6099997
-1.03,1.6099997
-0.98,1.6099997
-1.4,1.6099997
-1.47,1.6099997
-1.61,1.6099997
-1.65,1.6099997
-1.52,1.6099997
-1.4,1.6099997
-2.15,1.6099997
-3.19,1.6099997
-3.3,1.6099997
-3.46,1.6099997
1.29,1.4099998
0.79,1.4099998
0.44,1.4099998
0.24,1.4099998
-0.06,1.4099998
-0.08,1.4099998
-0.42,1.4099998
-0.95,1.4099998
-1.28,1.4099998
-1.67,1.4099998
-1.25,1.4099998
-1.03,1.4099998
-0.98,1.4099998
-1.4,1.4099998
-1.47,1.4099998
-1.61,1.4099998
-1.65,1.4099998
-1.52,1.4099998
-1.4,1.4099998
-2.15,1.4099998
-3.19,1.4099998
-3.3,1.4099998
-3.46,1.4099998
-3.09,1.4099998
0.79,1.29
0.44,1.29
0.24,1.29
-0.06,1.29
-0.08,1.29
-0.42,1.29
-0.95,1.29
-1.28,1.29
-1.67,1.29
-1.25,1.29
-1.03,1.29
-0.98,1.29
-1.4,1.29
-1.47,1.29
-1.61,1.29
-1.65,1.29
-1.52,1.29
-1.4,1.29
-2.15,1.29
-3.19,1.29
-3.3,1.29
-3.46,1.29
-3.09,1.29
-2.75,1.29
0.44,0.78999996
0.24,0.78999996
-0.06,0.78999996
-0.08,0.78999996
-0.42,0.78999996
-0.95,0.78999996
-1.28,0.78999996
-1.67,0.78999996
-1.25,0.78999996
-1.03,0.78999996
-0.98,0.78999996
-1.4,0.78999996
-1.47,0.78999996
-1.61,0.78999996
-1.65,0.78999996
-1.52,0.78999996
-1.4,0.78999996
-2.15,0.78999996
-3.19,0.78999996
-3.3,0.78999996
-3.46,0.78999996
-3.09,0.78999996
-2.75,0.78999996
-2.61,0.78999996
0.24,0.43999958
-0.06,0.43999958
-0.08,0.43999958
-0.42,0.43999958
-0.95,0.43999958
-1.28,0.43999958
-1.67,0.43999958
-1.25,0.43999958
-1.03,0.43999958
-0.98,0.43999958
-1.4,0.43999958
-1.47,0.43999958
-1.61,0.43999958
-1.65,0.43999958
-1.52,0.43999958
-1.4,0.43999958
-2.15,0.43999958
-3.19,0.43999958
-3.3,0.43999958
-3.46,0.43999958
-3.09,0.43999958
-2.75,0.43999958
-2.61,0.43999958
-2.51,0.43999958
-0.06,0.23999977
-0.08,0.23999977
-0.42,0.23999977
-0.95,0.23999977
-1.28,0.23999977
-1.67,0.23999977
-1.25,0.23999977
-1.03,0.23999977
-0.98,0.23999977
-1.4,0.23999977
-1.47,0.23999977
-1.61,0.23999977
-1.65,0.23999977
-1.52,0.23999977
-1.4,0.23999977
-2.15,0.23999977
-3.19,0.23999977
-3.3,0.23999977
-3.46,0.23999977
-3.09,0.23999977
-2.75,0.23999977
-2.61,0.23999977
-2.51,0.23999977
-2.48,0.23999977
-0.08,-0.06000042
-0.42,-0.06000042
-0.95,-0.06000042
-1.28,-0.06000042
-1.67,-0.06000042
-1.25,-0.06000042
-1.03,-0.06000042
-0.98,-0.06000042
-1.4,-0.06000042
-1.47,-0.06000042
-1.61,-0.06000042
-1.65,-0.06000042
-1.52,-0.06000042
-1.4,-0.06000042
-2.15,-0.06000042
-3.19,-0.06000042
-3.3,-0.06000042
-3.46,-0.06000042
-3.09,-0.06000042
-2.75,-0.06000042
-2.61,-0.06000042
-2.51,-0.06000042
-2.48,-0.06000042
-2.48,-0.06000042
-0.42,-0.07999992
-0.95,-0.07999992
-1.28,-0.07999992
-1.67,-0.07999992
-1.25,-0.07999992
-1.03,-0.07999992
-0.98,-0.07999992
-1.4,-0.07999992
-1.47,-0.07999992
-1.61,-0.07999992
-1.65,-0.07999992
-1.52,-0.07999992
-1.4,-0.07999992
-2.15,-0.07999992
-3.19,-0.07999992
-3.3,-0.07999992
-3.46,-0.07999992
-3.09,-0.07999992
-2.75,-0.07999992
-2.61,-0.07999992
-2.51,-0.07999992
-2.48,-0.07999992
-2.48,-0.07999992
-2.59,-0.07999992
-0.95,-0.42000008
-1.28,-0.42000008
-1.67,-0.42000008
-1.25,-0.42000008
-1.03,-0.42000008
-0.98,-0.42000008
-1.4,-0.42000008
-1.47,-0.42000008
-1.61,-0.42000008
-1.65,-0.42000008
-1.52,-0.42000008
-1.4,-0.42000008
-2.15,-0.42000008
-3.19,-0.42000008
-3.3,-0.42000008
-3.46,-0.42000008
-3.09,-0.42000008
-2.75,-0.42000008
-2.61,-0.42000008
-2.51,-0.42000008
-2.48,-0.42000008
-2.48,-0.42000008
-2.59,-0.42000008
-2.89,-0.42000008
-1.28,-0.9499998
-1.67,-0.9499998
-1.25,-0.9499998
-1.03,-0.9499998
-0.98,-0.9499998
-1.4,-0.9499998
-1.47,-0.9499998
-1.61,-0.9499998
-1.65,-0.9499998
-1.52,-0.9499998
-1.4,-0.9499998
-2.15,-0.9499998
-3.19,-0.9499998
-3.3,-0.9499998
-3.46,-0.9499998
-3.09,-0.9499998
-2.75,-0.9499998
-2.61,-0.9499998
-2.51,-0.9499998
-2.48,-0.9499998
-2.48,-0.9499998
-2.59,-0.9499998
-2.89,-0.9499998
-3.22,-0.9499998
-1.67,-1.2799997
-1.25,-1.2799997
-1.03,-1.2799997
-0.98,-1.2799997
-1.4,-1.2799997
-1.47,-1.2799997
-1.61,-1.2799997
-1.65,-1.2799997
-1.52,-1.2799997
-1.4,-1.2799997
-2.15,-1.2799997
-3.19,-1.2799997
-3.3,-1.2799997
-3.46,-1.2799997
-3.09,-1.2799997
-2.75,-1.2799997
-2.61,-1.2799997
-2.51,-1.2799997
-2.48,-1.2799997
-2.48,-1.2799997
-2.59,-1.2799997
-2.89,-1.2799997
-3.22,-1.2799997
-4.08,-1.2799997
-1.25,-1.6700001
-1.03,-1.6700001
-0.98,-1.6700001
-1.4,-1.6700001
-1.47,-1.6700001
-1.61,-1.6700001
-1.65,-1.6700001
-1.52,-1.6700001
-1.4,-1.6700001
-2.15,-1.6700001
-3.19,-1.6700001
-3.3,-1.6700001
-3.46,-1.6700001
-3.09,-1.6700001
-2.75,-1.6700001
-2.61,-1.6700001
-2.51,-1.6700001
-2.48,-1.6700001
-2.48,-1.6700001
-2.59,-1.6700001
-2.89,-1.6700001
-3.22,-1.6700001
-4.08,-1.6700001
-4.45,-1.6700001
-1.03,-1.25
-0.98,-1.25
-1.4,-1.25
-1.47,-1.25
-1.61,-1.25
-1.65,-1.25
-1.52,-1.25
-1.4,-1.25
-2.15,-1.25
-3.19,-1.25
-3.3,-1.25
-3.46,-1.25
-3.09,-1.25
-2.75,-1.25
-2.61,-1.25
-2.51,-1.25
-2.48,-1.25
-2.48,-1.25
-2.59,-1.25
-2.89,-1.25
-3.22,-1.25
-4.08,-1.25
-4.45,-1.25
-4.09,-1.25
-0.98,-1.0299997
-1.4,-1.0299997
-1.47,-1.0299997
-1.61,-1.0299997
-1.65,-1.0299997
-1.52,-1.0299997
-1.4,-1.0299997
-2.15,-1.0299997
-3.19,-1.0299997
-3.3,-1.0299997
-3.46,-1.0299997
-3.09,-1.0299997
-2.75,-1.0299997
-2.61,-1.0299997
-2.51,-1.0299997
-2.48,-1.0299997
-2.48,-1.0299997
-2.59,-1.0299997
-2.89,-1.0299997
-3.22,-1.0299997
-4.08,-1.0299997
-4.45,-1.0299997
-4.09,-1.0299997
-3.76,-1.0299997
-1.4,-0.9800005
-1.47,-0.9800005
-1.61,-0.9800005
-1.65,-0.9800005
-1.52,-0.9800005
-1.4,-0.9800005
-2.15,-0.9800005
-3.19,-0.9800005
-3.3,-0.9800005
-3.46,-0.9800005
-3.09,-0.9800005
-2.75,-0.9800005
-2.61,-0.9800005
-2.51,-0.9800005
-2.48,-0.9800005
-2.48,-0.9800005
-2.59,-0.9800005
-2.89,-0.9800005
-3.22,-0.9800005
-4.08,-0.9800005
-4.45,-0.9800005
-4.09,-0.9800005
-3.76,-0.9800005
-3.93,-0.9800005
-1.47,-1.3999996
-1.61,-1.3999996
-1.65,-1.3999996
-1.52,-1.3999996
-1.4,-1.3999996
-2.15,-1.3999996
-3.19,-1.3999996
-3.3,-1.3999996
-3.46,-1.3999996
-3.09,-1.3999996
-2.75,-1.3999996
-2.61,-1.3999996
-2.51,-1.3999996
-2.48,-1.3999996
-2.48,-1.3999996
-2.59,-1.3999996
-2.89,-1.3999996
-3.22,-1.3999996
-4.08,-1.3999996
-4.45,-1.3999996
-4.09,-1.3999996
-3.76,-1.3999996
-3.93,-1.3999996
-4.05,-1.3999996
-1.61,-1.4700003
-1.65,-1.4700003
-1.52,-1.4700003
-1.4,-1.4700003
-2.15,-1.4700003
-3.19,-1.4700003
-3.3,-1.4700003
-3.46,-1.4700003
-3.09,-1.4700003
-2.75,-1.4700003
-2.61,-1.4700003
-2.51,-1.4700003
-2.48,-1.4700003
-2.48,-1.4700003
-2.59,-1.4700003
-2.89,-1.4700003
-3.22,-1.4700003
-4.08,-1.4700003
-4.45,-1.4700003
-4.09,-1.4700003
-3.76,-1.4700003
-3.93,-1.4700003
-4.05,-1.4700003
-3.35,-1.4700003
-1.65,-1.6099997
-1.52,-1.6099997
-1.4,-1.6099997
-2.15,-1.6099997
-3.19,-1.6099997
-3.3,-1.6099997
-3.46,-1.6099997
-3.09,-1.6099997
-2.75,-1.6099997
-2.61,-1.6099997
-2.51,-1.6099997
-2.48,-1.6099997
-2.48,-1.6099997
-2.59,-1.6099997
-2.89,-1.6099997
-3.22,-1.6099997
-4.08,-1.6099997
-4.45,-1.6099997
-4.09,-1.6099997
-3.76,-1.6099997
-3.93,-1.6099997
-4.05,-1.6099997
-3.35,-1.6099997
-3.16,-1.6099997
-1.52,-1.6499996
-1.4,-1.6499996
-2.15,-1.6499996
-3.19,-1.6499996
-3.3,-1.6499996
-3.46,-1.6499996
-3.09,-1.6499996
-2.75,-1.6499996
-2.61,-1.6499996
-2.51,-1.6499996
-2.48,-1.6499996
-2.48,-1.6499996
-2.59,-1.6499996
-2.89,-1.6499996
-3.22,-1.6499996
-4.08,-1.6499996
-4.45,-1.6499996
-4.09,-1.6499996
-3.76,-1.6499996
-3.93,-1.6499996
-4.05,-1.6499996
-3.35,-1.6499996
-3.16,-1.6499996
-4.23,-1.6499996
-1.4,-1.5199995
-2.15,-1.5199995
-3.19,-1.5199995
-3.3,-1.5199995
-3.46,-1.5199995
-3.09,-1.5199995
-2.75,-1.5199995
-2.61,-1.5199995
-2.51,-1.5199995
-2.48,-1.5199995
-2.48,-1.5199995
-2.59,-1.5199995
-2.89,-1.5199995
-3.22,-1.5199995
-4.08,-1.5199995
-4.45,-1.5199995
-4.09,-1.5199995
-3.76,-1.5199995
-3.93,-1.5199995
-4.05,-1.5199995
-3.35,-1.5199995
-3.16,-1.5199995
-4.23,-1.5199995
-4.82,-1.5199995
