run_mode,dataset,model,seed,fit_time_sec,inference_ms_per_sample,epochs_run,param_count,best_val_loss_scaled,MAE,RMSE,MSE,R2,MAPE,sMAPE,WAPE,MASE,RMSSE,MdAE,P90AE,MaxAE,Bias,Pearson,Spearman,DirectionalAccuracy
full,Energy,Persistence,42,5.0067901611328125e-06,0.00010989606380462646,0,0,,5344.605416666666,7057.022142274711,49801561.516555555,-0.012346312196683584,17.229808101321343,16.85911298764925,17.1186096777935,4.919672323039737,5.0717457675742885,4117.5,12079.099999999999,25796.0,-49.961055555555554,0.4931241503255825,0.44346849995917387,0.0
full,Energy,MovingAverage,42,5.245208740234375e-06,0.00016810372471809387,0,0,,4845.369784342448,6224.312575452405,38742067.03693495,0.2124666878431163,15.63349199067717,15.210096217839855,15.519573030419288,4.460129376171919,4.473293454969196,3835.5009765625,10600.0416015625,21589.333984375,-80.07109657118056,0.5460317778470363,0.5138432088749999,0.0
full,Energy,MLP,42,8.152848482131958,0.01895194873213768,39,25880,0.10004156082868576,1860.5525132378473,2619.7592820987584,6863138.696142603,0.860488849394318,5.941463770020457,5.834763359508552,5.959293488689524,1.7126257209549087,1.8827704920258443,1274.2705078125,4294.2990234375,15689.359375,312.0182810872396,0.9290917191454008,0.9210376643480198,0.6866666666666666
full,Energy,LSTM,42,9.452930927276611,0.055872369557619095,35,70168,0.11581429094076157,1940.8744331054688,2775.6435079080497,7704196.882992103,0.8433921534700973,6.141929928261445,6.052930501594597,6.216562171331092,1.7865614926910018,1.9948014799610796,1315.4365234375,4484.604492187499,16320.984375,159.00543060980903,0.9199684674351178,0.9141147436619488,0.6853333333333333
full,Energy,Transformer,42,32.251861333847046,0.10633328929543495,35,274712,0.10944605618715286,2047.7194145236545,2866.585790155824,8217314.092323289,0.8329617111551832,6.621851854622792,6.409032454536303,6.558783418801547,1.8849115591523302,2.060159945016855,1435.279296875,4646.133007812499,15345.79296875,718.8625518391927,0.9209876246242962,0.9107635644112554,0.6713333333333333
full,Energy,N-HiTS,42,10.868606567382812,0.022100750356912613,39,69960,0.09979584068059921,1860.992188313802,2628.422224263904,6908603.389004408,0.8595646612212523,5.929190747494482,5.827202080360486,5.9607017546742975,1.713030438821556,1.8889963815547464,1266.544921875,4313.203515624999,16174.52734375,275.30125303819443,0.9284559336409275,0.9200625799808192,0.694
full,Energy,N-BEATS,42,6.218798637390137,0.023555941879749298,22,96216,0.10310223698616028,1925.631212375217,2672.1716107536636,7140501.117317829,0.854850736538653,6.179705260489847,6.038825245370842,6.167738595861909,1.772530213430095,1.920438222219269,1364.4072265625,4369.9978515625,16488.83984375,510.2514178331163,0.9281688956036962,0.9198366714811119,0.6856666666666666
full,Energy,QELM,42,0.26946091651916504,0.005013309419155121,0,49664,,1881.4151285671658,2751.3556373204215,7569957.843014863,0.8461209112225747,5.884163322270125,5.824573303762463,6.026115815285769,1.7318296140808274,1.9773462555940935,1243.3466796875,4475.3962890625,21285.875,121.082939195421,0.9226725793036936,0.9199231737592786,0.6963333333333334
full,Energy,CeNN_NS,42,14.286036014556885,1.1844797991216183,24,46651,0.11908973008394241,1921.9625814615886,2683.7593112942654,7202564.04095867,0.8535891461395033,6.087879251830181,6.011885230172509,6.155988081882626,1.769153264046153,1.9287660792087857,1348.4033203125,4360.5291015625,15095.49609375,155.72635489908853,0.9267236047391553,0.9183109016801217,0.692
full,Energy,CeNN_Emulator,42,18.79179096221924,0.025679823011159897,39,46651,0.11163420975208282,1832.4645285373265,2581.7571172322573,6665469.812379415,0.8645069837543656,5.80947481132971,5.729439764298223,5.869328522290951,1.686770925293062,1.8554590687463628,1266.783203125,4228.692578124999,15241.8125,187.24378347439236,0.9310124076403933,0.923763686052405,0.693
full,Energy,Persistence,123,4.0531158447265625e-06,7.82310962677002e-05,0,0,,5344.605416666666,7057.022142274711,49801561.516555555,-0.012346312196683584,17.229808101321343,16.85911298764925,17.1186096777935,4.919672323039737,5.0717457675742885,4117.5,12079.099999999999,25796.0,-49.961055555555554,0.4931241503255825,0.44346849995917387,0.0
full,Energy,MovingAverage,123,3.0994415283203125e-06,0.00014808028936386108,0,0,,4845.369784342448,6224.312575452405,38742067.03693495,0.2124666878431163,15.63349199067717,15.210096217839855,15.519573030419288,4.460129376171919,4.473293454969196,3835.5009765625,10600.0416015625,21589.333984375,-80.07109657118056,0.5460317778470363,0.5138432088749999,0.0
full,Energy,MLP,123,7.023175477981567,0.01575332134962082,36,25880,0.10514214634895325,1840.6348035753037,2589.5247150608366,6705638.249910907,0.863690455750757,5.8558954967252195,5.7735083236723055,5.89549766639637,1.69429160696034,1.861041491561125,1271.5595703125,4257.560937499999,16067.1875,171.82682185872395,0.9299218091171673,0.9215902199616525,0.6846666666666666
full,Energy,LSTM,123,13.928017616271973,0.05662115290760994,51,70168,0.11503617465496063,1876.7731002875435,2653.6075984633444,7041633.286622398,0.8568604824331896,5.888528589423605,5.894029980410808,6.011247538951593,1.7275566591534515,1.9070966244653649,1296.88671875,4333.755078125,16543.75,-214.16791229926216,0.9266445510350254,0.9166233859040999,0.694
full,Energy,Transformer,123,34.96183729171753,0.1153675839304924,36,274712,0.1098843365907669,1947.3749738769532,2729.6561219243335,7451022.543958992,0.8485385806233463,6.219256442203588,6.097158722455782,6.237383207027125,1.7925451955137648,1.9617512322046602,1370.0830078125,4399.5890625,16328.03125,273.3876084255642,0.9229377628961027,0.914597204681242,0.6543333333333333
full,Energy,N-HiTS,123,9.961314916610718,0.0282912515103817,36,69960,0.10129645466804504,1867.32732421875,2635.3995540960004,6945330.809729397,0.8588180808371196,5.955130444184848,5.845454079408645,5.980993003580043,1.7188618876086035,1.8940108539953129,1282.263671875,4300.380273437499,16254.03515625,316.95894194878474,0.928640895038045,0.9205229696769727,0.6906666666666667
full,Energy,N-BEATS,123,8.402304649353027,0.021735671907663345,29,96216,0.102253757417202,1864.3884746636286,2635.9863404939724,6948423.987270805,0.8587552039557196,5.900102647155173,5.808180304624075,5.971579957243826,1.7161566969180388,1.8944325660674002,1275.44140625,4319.886914062499,17048.67578125,242.46888427734376,0.9284227378737498,0.9224730683971902,0.698
full,Energy,QELM,123,0.236846923828125,0.004961621016263962,0,49664,,1868.7041361355252,2743.6439817033606,7527582.29833707,0.8469823044214131,5.873245878447399,5.804053787723558,5.985402890553085,1.7201292334560383,1.971804037368289,1239.22265625,4407.4634765625,21120.09375,120.3156051296658,0.9235687270240421,0.9194648753369498,0.7003333333333334
full,Energy,CeNN_NS,123,20.550245761871338,0.026066787540912628,43,46651,0.11621488630771637,1839.6103701443142,2580.5143167618385,6659054.139012817,0.864637399007927,5.822610595546831,5.758183269468251,5.892216437067202,1.6933486230720403,1.8545658920071222,1280.1708984375,4185.053320312499,15582.46484375,113.41182050238716,0.930908419369677,0.9234002881283149,0.6926666666666667
full,Energy,CeNN_Emulator,123,16.894282817840576,0.027043279260396957,35,46651,0.1176922544836998,1849.6542040201823,2614.34869771514,6834819.113244849,0.8610645185989866,5.856773622943395,5.77149908583112,5.924386533526226,1.702593902692165,1.8788820093352012,1281.0546875,4237.44921875,15823.703125,230.80739743381076,0.9304104999063478,0.9231647499565908,0.687
full,Energy,Persistence,2024,3.5762786865234375e-06,9.73232090473175e-05,0,0,,5344.605416666666,7057.022142274711,49801561.516555555,-0.012346312196683584,17.229808101321343,16.85911298764925,17.1186096777935,4.919672323039737,5.0717457675742885,4117.5,12079.099999999999,25796.0,-49.961055555555554,0.4931241503255825,0.44346849995917387,0.0
full,Energy,MovingAverage,2024,2.86102294921875e-06,0.00015599653124809265,0,0,,4845.369784342448,6224.312575452405,38742067.03693495,0.2124666878431163,15.63349199067717,15.210096217839855,15.519573030419288,4.460129376171919,4.473293454969196,3835.5009765625,10600.0416015625,21589.333984375,-80.07109657118056,0.5460317778470363,0.5138432088749999,0.0
full,Energy,MLP,2024,5.654417276382446,0.02335337921977043,29,25880,0.10329976677894592,1891.4534895562067,2661.6366573160617,7084309.695568617,0.8559929733853027,6.018353391791139,5.922604682503847,6.058268382253631,1.7410698559464781,1.9128669542776995,1308.578125,4374.54375,15434.55859375,265.16981523980036,0.9269451995555672,0.9182568978942907,0.6863333333333334
full,Energy,LSTM,2024,12.3410005569458,0.060498714447021484,43,70168,0.11121024936437607,1966.8433283148872,2775.667305513255,7704328.990895213,0.8433894680332465,6.248584706027203,6.140636431821803,6.299739758111824,1.810465681131797,1.9948185828411678,1367.5546875,4464.2529296875,16178.828125,213.59046362304687,0.919685657517237,0.9124384247769333,0.6986666666666667
full,Energy,Transformer,2024,24.483815670013428,0.11920696124434471,24,274712,0.11223043501377106,1956.92642578125,2789.44486648966,7781002.663185516,0.8418308761533541,6.219221734529296,6.137784227433763,6.267976218907102,1.8013372409343453,2.0047202503095165,1319.9228515625,4506.744140625,17280.40625,190.24225602213542,0.9192512980560978,0.9098458659560623,0.675
full,Energy,N-HiTS,2024,8.013301372528076,0.02870894968509674,29,69960,0.10354918986558914,1896.8175069444444,2669.0275303049834,7123707.957525919,0.8551921012040926,6.042354183759374,5.938882951020912,6.075449167889891,1.7460073968550969,1.9181786322127443,1298.1884765625,4395.198437499999,15310.86328125,298.00553309461804,0.9268134220059541,0.9176643244071425,0.6916666666666667
full,Energy,N-BEATS,2024,9.553761959075928,0.022374093532562256,33,96216,0.10367400199174881,1848.7821029188367,2606.738309826038,6795084.61591471,0.8618722256389713,5.870191883106021,5.7787024373920195,5.921593220046628,1.7017911396597805,1.8734125702732303,1254.80859375,4347.4953125,15159.2265625,271.56451171875,0.929905793440551,0.9218564810902526,0.693
full,Energy,QELM,2024,0.23910045623779297,0.0072605907917022705,0,49664,,1892.58426175944,2820.0272203623904,7952553.523584829,0.8383436585724018,5.92510116069107,5.857558245594344,6.061890211457579,1.742110723939195,2.026699198467738,1228.193359375,4454.373437499999,19620.890625,110.50290827094184,0.9196561973144222,0.9183258906873344,0.694
full,Energy,CeNN_NS,2024,22.075222730636597,0.026652589440345764,45,46651,0.11258241534233093,1853.6695825737847,2633.9812886839245,6937857.429137027,0.8589699967420017,5.8550381001540694,5.780604446912443,5.937247669720369,1.7062900308806153,1.8929915739851364,1265.38671875,4325.544140625,15400.4765625,164.55608208550348,0.9303161992460016,0.922624788515364,0.7
full,Energy,CeNN_Emulator,2024,21.75058889389038,0.026866793632507324,45,46651,0.11091621965169907,1863.0581038411458,2659.3631708771754,7072212.474617906,0.8562388808758381,5.877929655540848,5.773923019068547,5.96731881969272,1.714932099776716,1.9112330434026032,1262.951171875,4294.858203125,16424.734375,306.1893339301215,0.9298593886044859,0.9242076278642609,0.702
full,Energy,Persistence,7,4.0531158447265625e-06,0.00012852251529693604,0,0,,5344.605416666666,7057.022142274711,49801561.516555555,-0.012346312196683584,17.229808101321343,16.85911298764925,17.1186096777935,4.919672323039737,5.0717457675742885,4117.5,12079.099999999999,25796.0,-49.961055555555554,0.4931241503255825,0.44346849995917387,0.0
full,Energy,MovingAverage,7,3.0994415283203125e-06,0.00017462298274040222,0,0,,4845.369784342448,6224.312575452405,38742067.03693495,0.2124666878431163,15.63349199067717,15.210096217839855,15.519573030419288,4.460129376171919,4.473293454969196,3835.5009765625,10600.0416015625,21589.333984375,-80.07109657118056,0.5460317778470363,0.5138432088749999,0.0
full,Energy,MLP,7,11.139248371124268,0.01685693860054016,58,25880,0.0994846299290657,1819.8491067165799,2579.8758870905895,6655759.592791457,0.8647043692316708,5.742436020410347,5.677391876445732,5.828921707337571,1.6751585167546397,1.8541070649101157,1226.00390625,4275.9140625,16501.54296875,171.85686903211806,0.9318596476781799,0.9235292485898352,0.6973333333333334
full,Energy,LSTM,7,12.766396522521973,0.06328336894512177,43,70168,0.10914866626262665,1875.3326204155817,2661.143958149403,7081687.165995072,0.8560462831222178,5.930818050019183,5.865375749815006,6.00663372544163,1.7262307073935916,1.9125128608849329,1276.541015625,4302.428124999999,17189.9296875,83.93790492078993,0.9258527248850466,0.9178697560296404,0.7046666666666667
full,Energy,Transformer,7,35.563727140426636,0.12257508933544159,34,274712,0.11056571453809738,1922.429670138889,2717.1551243635927,7382931.96985533,0.8499226987009749,6.099702046570322,6.012726395248598,6.157484152804286,1.7695832159432479,1.952767006253414,1328.2001953125,4409.5880859375,16889.4140625,163.23527099609376,0.9231515110255842,0.9151902450264231,0.6763333333333333
full,Energy,N-HiTS,7,15.033751487731934,0.022456515580415726,54,69960,0.1044086143374443,1830.9028303493924,2594.437366907187,6731105.250804298,0.8631727726972133,5.782424356711161,5.714989038376174,5.864326450177191,1.685333392911689,1.8645721197364338,1242.701171875,4289.255078124999,15838.04296875,167.36923480902777,0.9301958910614763,0.9229502965281333,0.6993333333333334
full,Energy,N-BEATS,7,5.668842315673828,0.020582694560289383,20,96216,0.10285556316375732,1935.5788719075522,2720.573454892589,7401519.923466198,0.8495448501814463,6.180393691128323,6.033969805706187,6.199600648804226,1.7816869652321343,1.9552236945056374,1347.3271484375,4442.416406249999,16258.28125,500.9344504123264,0.927253177942392,0.9180364763324252,0.6846666666666666
full,Energy,QELM,7,0.23769140243530273,0.012903474271297455,0,49664,,1919.439947482639,2859.0372818439077,8174094.178973399,0.8338402683441717,5.991824509346657,5.915582567208697,6.147908161462138,1.76683119691493,2.054734977614086,1245.796875,4500.111328124999,24805.21875,142.38934499782985,0.9173409631030525,0.9177559412670482,0.6983333333333334
full,Energy,CeNN_NS,7,22.84622836112976,0.03092130646109581,48,46651,0.11453131586313248,1851.6703189019097,2616.778582496978,6847530.1498148935,0.8608061337089545,5.838231205959619,5.771726262207084,5.930844088581321,1.7044497224974537,1.880628320684312,1260.451171875,4331.6396484375,14589.3984375,125.20528716362847,0.929795846832945,0.9226681188150743,0.6906666666666667
full,Energy,CeNN_Emulator,7,22.64119577407837,0.029789283871650696,48,46651,0.11319392174482346,1834.6172684190537,2580.396101981375,6658444.043120674,0.8646498007942905,5.806104064228116,5.725622080386409,5.8762236830933166,1.6887525074659595,1.854480933323361,1271.0078125,4225.868749999999,14886.77734375,231.91186943901909,0.9309552226379516,0.9251845409240025,0.703
full,Energy,Persistence,99,3.814697265625e-06,9.872019290924072e-05,0,0,,5344.605416666666,7057.022142274711,49801561.516555555,-0.012346312196683584,17.229808101321343,16.85911298764925,17.1186096777935,4.919672323039737,5.0717457675742885,4117.5,12079.099999999999,25796.0,-49.961055555555554,0.4931241503255825,0.44346849995917387,0.0
full,Energy,MovingAverage,99,2.6226043701171875e-06,0.00015739351511001587,0,0,,4845.369784342448,6224.312575452405,38742067.03693495,0.2124666878431163,15.63349199067717,15.210096217839855,15.519573030419288,4.460129376171919,4.473293454969196,3835.5009765625,10600.0416015625,21589.333984375,-80.07109657118056,0.5460317778470363,0.5138432088749999,0.0
full,Energy,MLP,99,7.0218000411987305,0.016795936971902847,38,25880,0.10373727232217789,1868.698704047309,2624.149859043717,6886162.48271916,0.8600208310285519,5.929892452443129,5.847418888686142,5.9853854917386435,1.7201242332564035,1.8859259150341423,1292.08203125,4317.070703124999,15934.37890625,211.03456472439237,0.9289952504694199,0.9203413205002172,0.6856666666666666
full,Energy,LSTM,99,13.675961017608643,0.060438644140958786,47,70168,0.11920613795518875,1921.1847144639758,2715.528120064942,7374092.970863437,0.8501023743529117,6.03144967319959,6.005914200930032,6.153496597390273,1.7684372428545363,1.9515977096295483,1311.1923828125,4511.78125,16588.41015625,-115.22445757378472,0.9229538759320842,0.9154426747802796,0.7006666666666667
full,Energy,Transformer,99,33.255871534347534,0.11820299550890923,32,274712,0.10843491554260254,1904.7126348198785,2681.392465800487,7189865.555651616,0.853847275892459,6.04541193305186,5.977556071499419,6.10073702394646,1.7532748074621567,1.9270650729807248,1310.2880859375,4363.6820312499985,16760.8125,103.30959836154514,0.9242804460204535,0.9171538212654301,0.6763333333333333
full,Energy,N-HiTS,99,9.906830072402954,0.0216728076338768,38,69960,0.10141684114933014,1882.990275906033,2656.240594942547,7055614.098220736,0.8565762860619897,5.981808296274407,5.879271627376774,6.03116096462364,1.733279526312621,1.9089889082757612,1287.310546875,4358.44453125,16340.94921875,282.4085126681858,0.9283104037495984,0.9196251076772928,0.6956666666666667
full,Energy,N-BEATS,99,8.00984525680542,0.02542557194828987,29,96216,0.10378081351518631,1864.0699323730469,2633.804651030067,6936926.939787612,0.8589889113589882,5.9405595419503,5.823812759897469,5.970559675910926,1.7158634809425795,1.89286462790855,1267.642578125,4312.894921875,15392.40625,374.97538229709204,0.9299954016621015,0.9220394303334916,0.7023333333333334
full,Energy,QELM,99,0.23317575454711914,0.006838236004114151,0,49664,,1945.0345684678819,2963.1595867715623,8780314.736676216,0.8215172582360599,6.0806690714847305,5.969385729821363,6.2298869592104476,1.7903908685208318,2.1295656708839097,1243.4921875,4596.3912109375,26353.3125,197.33660329861112,0.9127071263417198,0.9152609190337835,0.7016666666666667
full,Energy,CeNN_NS,99,18.34003520011902,0.029266346246004105,40,46651,0.11412036418914795,1862.974718234592,2632.177181544957,6928356.715045953,0.8591631234749885,5.889225394308398,5.796474851337896,5.967051738114182,1.7148553439025735,1.891694996964144,1283.1171875,4292.3044921875,16116.97265625,250.70250621202257,0.9292465442514004,0.9230462497591932,0.702
full,Energy,CeNN_Emulator,99,25.73553705215454,0.023673754185438156,57,46651,0.11457445472478867,1835.4334613986546,2620.6190100177114,6867643.995666209,0.8603972674595518,5.77795647438244,5.681164887371799,5.878837924548068,1.6895038074589355,1.8833883619072627,1260.9599609375,4193.885156249999,16022.70703125,259.10075865342884,0.9308182176978304,0.925681200229813,0.7016666666666667
full,AAPL,Persistence,42,3.337860107421875e-06,7.631917479177e-05,0,0,,0.018787053635652362,0.025598364315850584,0.0006552762556470126,-0.9460858770479545,598.9437461220148,145.05875468230286,142.54170935301232,1.1311578803118274,1.1222590690161114,0.014097772247623652,0.040694182191509776,0.17297694832086563,0.00023760017684189237,0.015935065541890316,0.003708538798379945,0.0
full,AAPL,MovingAverage,42,1.9073486328125e-06,0.0001469617167477885,0,0,,0.01356857824796058,0.018763142365230138,0.00035205551141789397,-0.04555941528930929,231.76221161197384,147.63663986794216,102.94793289374897,0.8169564268812132,0.822595788652844,0.010118482721736655,0.02804741155705415,0.10403636825503781,0.0002303547028723075,0.0633042367422528,0.034318601270439605,0.0
full,AAPL,MLP,42,0.36727166175842285,0.0030761042599955564,16,25880,0.6078813076019287,0.013191799141039979,0.018374620492113938,0.00033762667822921346,-0.002707643614710209,133.4112034624905,172.4271107680482,100.08922290172319,0.7942707698220726,0.8055625833184784,0.009801336214877665,0.02847168344887905,0.10910843033343554,-0.00037962745862762584,0.0286021860636846,0.016074391635091792,0.5026455026455027
full,AAPL,LSTM,42,0.5713443756103516,0.010713067635026559,13,70168,0.6078385710716248,0.013114132271571027,0.018354741140318508,0.0003368965223281008,-0.0005391748582839195,116.65990852727089,176.57240260745758,99.49994644843237,0.7895944915113408,0.8046910517407843,0.009637887385906652,0.02784754019230605,0.10647041746415198,-0.0002969726227275767,-0.002998228272035141,0.00047866389087367566,0.5052910052910053
full,AAPL,Transformer,42,2.1840741634368896,0.017765968564956908,18,274712,0.6099187731742859,0.013160876911515547,0.018398701062364787,0.00033851220078226317,-0.00533753126811809,132.32410417714874,172.7926169750388,99.85460881380394,0.7924089598607174,0.8066183007079821,0.009575717645930126,0.02829353628330864,0.10774876177310944,-0.00033035315287053483,-0.0003870513540854257,1.1869633975441872e-05,0.5238095238095238
full,AAPL,N-HiTS,42,0.4924921989440918,0.004145834181043837,15,69960,0.6074790954589844,0.013159292366868145,0.01835595095429426,0.0003369409354364564,-0.000671076055957176,122.42520247642203,177.4027511305818,99.84258650807323,0.7923135553231365,0.8047440912510185,0.009672162384958938,0.028151908231666318,0.1072036640252918,-0.000398102473012347,0.023387438672708153,0.009658901743560915,0.5317460317460317
full,AAPL,N-BEATS,42,0.4696190357208252,0.004061946162471065,13,96216,0.6092096567153931,0.01320217527753406,0.018363853622483665,0.0003372311198680064,-0.0015328863521670844,146.82554712746247,167.92858445961784,100.16794904266204,0.7948955111354309,0.8050905524911022,0.00991747621446848,0.028595295076956986,0.10848948056809604,-0.00017762291517337198,0.04998235757894787,0.019498391130994438,0.4973544973544973
full,AAPL,QELM,42,0.04336833953857422,0.0051777198831871075,0,49664,,0.024480931819365125,0.032768049294851734,0.0010737450545898334,-2.1888841817167806,826.9917473529779,149.02786571997981,185.74247648203317,1.473983067376805,1.4365855584117784,0.018845862243324518,0.05275880945846439,0.19432077556848526,-0.0012212593810288865,0.014575230467482178,0.005022480811864023,0.4708994708994709
full,AAPL,CeNN_NS,42,1.7113854885101318,0.005126630187665344,16,46651,0.7081783413887024,0.013227470413589102,0.018402917783022724,0.0003386673829286941,-0.005798402207567888,148.19175115987656,168.48652004937625,100.3598690744844,0.7964185169796215,0.8068031661525664,0.009767304232809693,0.02860050909221173,0.10847839340567589,-0.00034355433193669654,0.02717185674687496,0.019395563092185892,0.5502645502645502
full,AAPL,CeNN_Emulator,42,0.9370033740997314,0.00484406001984127,16,46651,0.7118445038795471,0.013249018442483019,0.018413582750854574,0.00033906002972256905,-0.006964512491044905,151.73636199609936,168.61826212325795,100.52335893996806,0.797715911619635,0.8072707294985042,0.00984431742108427,0.02868950041010977,0.1070291274227202,-0.0002648031211437769,0.02205160505501007,0.00637359080566405,0.4894179894179894
full,AAPL,Persistence,123,3.5762786865234375e-06,8.199580762752149e-05,0,0,,0.018787053635652362,0.025598364315850584,0.0006552762556470126,-0.9460858770479545,598.9437461220148,145.05875468230286,142.54170935301232,1.1311578803118274,1.1222590690161114,0.014097772247623652,0.040694182191509776,0.17297694832086563,0.00023760017684189237,0.015935065541890316,0.003708538798379945,0.0
full,AAPL,MovingAverage,123,2.1457672119140625e-06,0.00015894571940104166,0,0,,0.01356857824796058,0.018763142365230138,0.00035205551141789397,-0.04555941528930929,231.76221161197384,147.63663986794216,102.94793289374897,0.8169564268812132,0.822595788652844,0.010118482721736655,0.02804741155705415,0.10403636825503781,0.0002303547028723075,0.0633042367422528,0.034318601270439605,0.0
full,AAPL,MLP,123,0.38558101654052734,0.003498067300786417,16,25880,0.6068276166915894,0.013200496315864467,0.018378367326159065,0.00033776438557523103,-0.003116616653090709,132.94795184880718,172.73685894156426,100.15521037320579,0.7947944218023117,0.8057268484424276,0.009742730675498024,0.028580027562566102,0.10834884736686945,-0.000455930401146138,0.029154638727332892,0.005936923152756007,0.5211640211640212
full,AAPL,LSTM,123,0.6802985668182373,0.010848045349121094,16,70168,0.6079650521278381,0.013115589051350717,0.018356319791684127,0.00033695447629457446,-0.000711290656317809,117.00728504828979,176.69389237489992,99.5109993726415,0.7896822033984537,0.8047602614680162,0.009614851092919707,0.02786766028148123,0.10647665755823255,-0.00029293417908877816,-0.004134493827991497,-0.0006480478858863824,0.48412698412698413
full,AAPL,Transformer,123,2.698984384536743,0.017836611106912925,22,274712,0.6095661520957947,0.013139316003438792,0.018388201136029226,0.0003381259410190665,-0.004190389641131054,132.77764543035016,172.18151370175423,99.69102123098936,0.791110789772385,0.8061579729538846,0.009581426449585706,0.02831684959237464,0.10714656789787114,-0.00019935609618838544,0.0024969299952105643,0.00292958760798025,0.5026455026455027
full,AAPL,N-HiTS,123,0.6720333099365234,0.004599334070922206,15,69960,0.6070867776870728,0.01316322774342501,0.01836012871272747,0.00033709432634791963,-0.0011266272588179582,123.4566362381734,176.71972879131928,99.87244511774361,0.7925505021212148,0.8049272485509138,0.009685890341643244,0.028173908265307548,0.1068915028590709,-0.0003649758737676673,0.018786058912933182,0.00174642450714683,0.47619047619047616
full,AAPL,N-BEATS,123,0.48261308670043945,0.004031670787347057,14,96216,0.6113775968551636,0.013297337999614767,0.018443377099105103,0.0003401581588197946,-0.010225814131184396,151.43867390703866,167.98557217068299,100.88997056530933,0.800625204842657,0.808576944892465,0.009962800657376647,0.02887243512086571,0.10999414511024952,-0.0004383227721215614,0.026216160133080937,0.009138402046819516,0.5158730158730159
full,AAPL,QELM,123,0.04552936553955078,0.019061502325471748,0,49664,,0.02436529051882078,0.0326960732518692,0.0010690332060915963,-2.1748906000202264,812.7609940926587,148.00995846238823,184.86507926099605,1.4670203700354822,1.4334300533962085,0.01867849097470753,0.052207089192234,0.19147925917059183,-0.0005495118238554398,0.012603810074427704,0.0034371739462438116,0.48148148148148145
full,AAPL,CeNN_NS,123,0.8934481143951416,0.004993544684516059,16,46651,0.7116137146949768,0.01326744303690519,0.018439891399105242,0.0003400295948107955,-0.009843995623259438,147.37925669540056,169.21151947284235,100.6631505876636,0.7988252460355775,0.808424128158222,0.009793657081900164,0.028751378762535782,0.11005090782418847,-0.0003263832927675141,0.008882172151012694,-0.005036900185728903,0.4497354497354497
full,AAPL,CeNN_Emulator,123,0.8959646224975586,0.004932363197286293,16,46651,0.70881587266922,0.01326022673577698,0.018432649661889913,0.00033976257355797034,-0.009050976977281522,146.08854632265883,169.50646718740597,100.6083988464928,0.7983907566235503,0.8081066428234147,0.009902223479002714,0.028624640329508115,0.10741130425594747,-0.0003203594133532376,0.007430853861903093,-0.008635896858066101,0.5026455026455027
full,AAPL,Persistence,2024,3.5762786865234375e-06,6.74888570472677e-05,0,0,,0.018787053635652362,0.025598364315850584,0.0006552762556470126,-0.9460858770479545,598.9437461220148,145.05875468230286,142.54170935301232,1.1311578803118274,1.1222590690161114,0.014097772247623652,0.040694182191509776,0.17297694832086563,0.00023760017684189237,0.015935065541890316,0.003708538798379945,0.0
full,AAPL,MovingAverage,2024,2.384185791015625e-06,0.0002699554281890708,0,0,,0.01356857824796058,0.018763142365230138,0.00035205551141789397,-0.04555941528930929,231.76221161197384,147.63663986794216,102.94793289374897,0.8169564268812132,0.822595788652844,0.010118482721736655,0.02804741155705415,0.10403636825503781,0.0002303547028723075,0.0633042367422528,0.034318601270439605,0.0
full,AAPL,MLP,2024,0.3234748840332031,0.0032098205001265916,14,25880,0.6085042357444763,0.013152633482263207,0.018369046561785347,0.00033742187158903805,-0.0020993943358202927,126.84516523449199,173.8545254373502,99.79206401463813,0.7919126276449046,0.8053182163822108,0.009641412005294114,0.02817530441679992,0.10835650563240051,-0.0003236556719058032,0.018858499714962854,0.009353142477234719,0.4973544973544973
full,AAPL,LSTM,2024,0.644054651260376,0.01071811353088056,15,70168,0.6079562902450562,0.013116700296578614,0.01835687754039043,0.0003369749530328907,-0.0007721039253807405,116.9946739779811,176.65738103940163,99.51943064650523,0.7897491108455114,0.8047847137547387,0.009630720625864342,0.02788062021136284,0.10690906457602978,-0.0002896938977247298,-0.008770959346858204,-0.006177962816872357,0.4973544973544973
full,AAPL,Transformer,2024,2.7120840549468994,0.01849951567473235,22,274712,0.6101100444793701,0.013175652228694492,0.01840402012710286,0.0003387079568388072,-0.005918901482137029,131.44825520292721,173.31343249455549,99.9667125533133,0.7932985733565426,0.8068514940701568,0.009651635395130143,0.028418903041165334,0.10694144875742495,-0.000532461768452905,0.0033472542247510637,0.0071860091565677416,0.5052910052910053
full,AAPL,N-HiTS,2024,0.5199716091156006,0.004176740293149595,15,69960,0.6075612306594849,0.01316501998178871,0.018355711155076074,0.00033693213200858426,-0.0006449310117808693,124.30065060710265,176.31195884727612,99.88604324360647,0.7926584117800582,0.804733578202449,0.009661777003202587,0.028182798362104237,0.10709641687572002,-0.00035691169981443943,0.024746553809504857,0.0008398615711111458,0.544973544973545
full,AAPL,N-BEATS,2024,0.479567289352417,0.004154664498788339,13,96216,0.6094446182250977,0.013231333785092725,0.018401551032636444,0.00033861708040672337,-0.0056490102118356145,147.8621463781698,168.7795936471681,100.38918136520716,0.7966511283941438,0.8067432463859296,0.00975303043378517,0.028654842125251892,0.10903281113132834,-0.00027774966415010144,0.02964074294966975,0.007000644938112271,0.5052910052910053
full,AAPL,QELM,2024,0.04550957679748535,0.009415010926584718,0,49664,,0.024645963663061068,0.03302199909286172,0.0010904524240889603,-2.2385029120532995,842.6884616708365,147.7229403335564,186.99461114637762,1.4839195414040467,1.4477189832031054,0.018646315205842257,0.054185399319976575,0.17048023641109467,-0.0006352173372640869,0.005272976817834729,0.0037055750636109477,0.5026455026455027
full,AAPL,CeNN_NS,2024,0.8681914806365967,0.005045265117019573,15,46651,0.7108277678489685,0.013232296127519217,0.0184197840952459,0.0003392884461154738,-0.007642879687303594,145.03577712332026,169.75881015427086,100.39648287917073,0.7967090704876937,0.8075426029235945,0.009705945602036081,0.02854463113471866,0.10810889466665685,-0.0002677928548207623,0.011056287771559637,0.0031222678625937037,0.5211640211640212
full,AAPL,CeNN_Emulator,2024,1.1107232570648193,0.004939301304085545,16,46651,0.71030193567276,0.013248593342441013,0.018426560877459666,0.00033953814577072715,-0.008384455424871762,149.26670716278767,169.24262368239476,100.52013360789584,0.797690316586387,0.8078397041447627,0.009813348850002512,0.02862931683775969,0.1088516442105174,-0.00028446194546487524,0.015982007403531773,0.008263845017549799,0.5661375661375662
full,AAPL,Persistence,7,2.6226043701171875e-06,7.505770082826968e-05,0,0,,0.018787053635652362,0.025598364315850584,0.0006552762556470126,-0.9460858770479545,598.9437461220148,145.05875468230286,142.54170935301232,1.1311578803118274,1.1222590690161114,0.014097772247623652,0.040694182191509776,0.17297694832086563,0.00023760017684189237,0.015935065541890316,0.003708538798379945,0.0
full,AAPL,MovingAverage,7,2.1457672119140625e-06,0.00015957645638279183,0,0,,0.01356857824796058,0.018763142365230138,0.00035205551141789397,-0.04555941528930929,231.76221161197384,147.63663986794216,102.94793289374897,0.8169564268812132,0.822595788652844,0.010118482721736655,0.02804741155705415,0.10403636825503781,0.0002303547028723075,0.0633042367422528,0.034318601270439605,0.0
full,AAPL,MLP,7,0.35217928886413574,0.0036753043926582136,15,25880,0.6076663732528687,0.013184467197464746,0.018389775432921588,0.0003381838404732864,-0.004362343544809244,127.50666608888336,173.95708103164034,100.03359375463275,0.7938293176436753,0.8062269917764538,0.009677441936219111,0.02844088820274922,0.10894344095140696,-0.0003962709858330721,0.009750563077715192,0.001567889017865765,0.5317460317460317
full,AAPL,LSTM,7,0.6177351474761963,0.011286407551437458,14,70168,0.6079776287078857,0.013111281451384703,0.01835246064935345,0.0003368128118860668,-0.000290565653235042,117.54271128720879,176.03069216374644,99.4783166181089,0.7894228452393042,0.8045910726313471,0.009615829621907324,0.02791499987943099,0.10630726348608732,-0.00026481515796449284,0.004179129617913779,0.007862261326605936,0.5079365079365079
full,AAPL,Transformer,7,3.4786617755889893,0.01812990380342675,28,274712,0.6096236705780029,0.013179674945229,0.018416145725814088,0.0003391544233944205,-0.007244849509347784,134.7293177031278,171.90378418965793,99.99723383153987,0.7935407788453073,0.8073830930017534,0.009579849778674543,0.0282953801099211,0.10739188408479095,-0.0004139771089472878,-0.002614919219761363,-0.0011455895892327017,0.5317460317460317
full,AAPL,N-HiTS,7,0.46564269065856934,0.004213323038091105,14,69960,0.6080126166343689,0.013142753299344632,0.018345103080528523,0.0003365428070352171,0.0005113138936657657,122.97658569382112,177.14796499711287,99.7171007878732,0.7913177474159974,0.8042685091176084,0.009639043913921341,0.028152075735852128,0.1066818234976381,-0.0003503950312759315,0.03251867610705425,0.01706406706145522,0.5079365079365079
full,AAPL,N-BEATS,7,0.4788193702697754,0.0040909600636315725,14,96216,0.6101580262184143,0.013278171256813378,0.018418725066600833,0.0003392494330790299,-0.007527016006009024,149.00453067465153,168.18245922663226,100.74454806667681,0.7994711860922895,0.807496173999988,0.0100353887246456,0.028611038881354037,0.10619525832589716,-0.00036737686977973265,0.03419760044976626,0.007134492279464379,0.5238095238095238
full,AAPL,QELM,7,0.0458989143371582,0.024935555836511036,0,49664,,0.024835149883486576,0.03343357675272521,0.0011178040544803675,-2.319733722967386,815.2261789503812,148.98952227278613,188.43001063841464,1.4953103368012886,1.4657629783461945,0.018760028528049588,0.0538505304604769,0.19027765840291977,-0.001190782578923074,-0.007490689937152312,-0.012129384506652519,0.4708994708994709
full,AAPL,CeNN_NS,7,0.8511383533477783,0.004898934137253534,15,46651,0.7081848978996277,0.01327189233213081,0.018454419872387592,0.00034056561282637404,-0.011435899924645554,145.66284557746403,169.70590259691357,100.69690841681422,0.799093135586217,0.809061071624566,0.00986638234462589,0.028454538714140658,0.10884784022346139,-0.00030416281923248347,-0.0038508158977207927,-0.01883106423201591,0.47619047619047616
full,AAPL,CeNN_Emulator,7,0.9856452941894531,0.004909656665943287,17,46651,0.7068118453025818,0.01327508722325295,0.01843309644884483,0.0003397790446924158,-0.009099894120008667,152.06176960308406,168.66489113305317,100.72114879269107,0.7992854981748184,0.8081262304308839,0.009905049693770707,0.02866980053368025,0.10841243993490934,-0.0002962493342560717,0.016039397050908205,-0.0020072670356195703,0.47354497354497355
full,AAPL,Persistence,99,2.86102294921875e-06,7.631917479177e-05,0,0,,0.018787053635652362,0.025598364315850584,0.0006552762556470126,-0.9460858770479545,598.9437461220148,145.05875468230286,142.54170935301232,1.1311578803118274,1.1222590690161114,0.014097772247623652,0.040694182191509776,0.17297694832086563,0.00023760017684189237,0.015935065541890316,0.003708538798379945,0.0
full,AAPL,MovingAverage,99,1.430511474609375e-06,0.00022895752437531003,0,0,,0.01356857824796058,0.018763142365230138,0.00035205551141789397,-0.04555941528930929,231.76221161197384,147.63663986794216,102.94793289374897,0.8169564268812132,0.822595788652844,0.010118482721736655,0.02804741155705415,0.10403636825503781,0.0002303547028723075,0.0633042367422528,0.034318601270439605,0.0
full,AAPL,MLP,99,0.3177626132965088,0.003310738417206618,14,25880,0.6087780594825745,0.01318648767668062,0.018384010311848085,0.0003379718351461367,-0.0037327150950228205,126.15121234455862,175.50269824609157,100.04892359648704,0.7939509695552184,0.8059742428379324,0.009692064806586131,0.028299035551026478,0.10721498215571046,-0.00046772095912054625,0.009813822226773862,-0.0033506368494305976,0.5052910052910053
full,AAPL,LSTM,99,0.5527873039245605,0.011084571717277406,12,70168,0.6080619692802429,0.013114360955777006,0.01835552430318593,0.00033692527244484925,-0.0006245589931208606,116.16845155249045,176.55988068179005,99.5016815282514,0.7896082604581226,0.8047253864201268,0.009673702152213082,0.0279270080907736,0.10691264132037759,-0.0002998744936182465,-0.007906218304848282,-0.002391650142064648,0.49206349206349204
full,AAPL,Transformer,99,2.483586072921753,0.01883759069695044,20,274712,0.6103547811508179,0.013145981211401083,0.01839336646151006,0.0003383159297874031,-0.0047546317537841,130.5464718745695,172.9468039837043,99.74159170119526,0.791512098176389,0.8063844262262015,0.009546150220558047,0.028322606440633544,0.10727228433825076,-0.00026194827973650546,0.0015641594481414734,0.0020160570394132387,0.5264550264550265
full,AAPL,N-HiTS,99,0.5475525856018066,0.004185570610894097,16,69960,0.607085108757019,0.013179622991510303,0.01835320189102366,0.0003368400196526745,-0.00037136920728553235,127.1622339286289,175.45831184117577,99.9968396466925,0.7935376507412705,0.804623569441552,0.009715942840557545,0.02827701962087304,0.10567717882804573,-0.0004215785978808839,0.033750750699584275,0.012274926954656382,0.4894179894179894
full,AAPL,N-BEATS,99,0.47411251068115234,0.004052485107744812,14,96216,0.6102911829948425,0.013286254499720153,0.018438216151717954,0.0003399678148574729,-0.009660517138254443,152.80454274807224,168.5805991559969,100.80587749509027,0.7999578735787788,0.808350683560355,0.009840704617090523,0.028629377961624417,0.10746306320652366,-0.0005033165811258666,0.026160474797559997,0.009540596342478615,0.5291005291005291
full,AAPL,QELM,99,0.044998884201049805,0.040683796796849164,0,49664,,0.024328806779238068,0.032784751706064576,0.0010748399444283042,-2.1921358631766372,797.1273259630151,148.8850319507577,184.58826871344743,1.4648237046970753,1.4373178095910633,0.01850740215741098,0.05251988144591452,0.20674702525138855,-0.0010046961552308868,0.011467455090246412,-0.004578895100927255,0.5396825396825397
full,AAPL,CeNN_NS,99,1.067823886871338,0.005166997354497355,16,46651,0.7111014127731323,0.01325779691171346,0.018424643887292397,0.00033946750237354113,-0.008174653655945052,147.25829470916773,168.9610857970928,100.58996321085998,0.7982444582901063,0.8077556612905441,0.00981330859940499,0.028671207651495948,0.10683589847758412,-0.0003052695229619465,0.015384670767385648,-0.005447397692298017,0.48677248677248675
full,AAPL,CeNN_Emulator,99,0.841646671295166,0.0049840836297898065,15,46651,0.7106142044067383,0.013273007430186789,0.018457178169665397,0.00034066742598677294,-0.011738271866009953,142.0805074297816,170.20578780734465,100.7053689229733,0.7991602750098755,0.8091819982625678,0.009808740258449689,0.02890657778480091,0.10783294518478215,-0.00032615106470981547,-0.006703537532283758,-0.016098605874773686,0.5132275132275133
full,Jena,Persistence,42,3.814697265625e-06,7.497146725654602e-05,0,0,,0.7860422297174422,1.3113024089031908,1.7195140075953108,0.8640671587980162,16540373.805355694,37.23268763340008,20.679733178612842,4.968463082138345,5.51489038878721,0.409999817609787,2.010000228881836,9.600000858306885,0.0344852903942681,0.9318140137844684,0.9409893571165503,0.004666666666666667
full,Jena,MovingAverage,42,2.1457672119140625e-06,0.0001695007085800171,0,0,,1.0352659659375334,1.6194410334260203,2.6225892607439367,0.7926762981028096,22029405.775278203,46.89066297534756,27.236480605097974,6.543771488974481,6.810816276863972,0.5841668844223022,2.6566667675971987,10.76166582107544,0.04702391404513684,0.895354834989379,0.912914493601714,0.004666666666666667
full,Jena,MLP,42,6.233101844787598,0.015019439160823822,35,25880,0.03399067372083664,0.775386548749999,1.172094326751913,1.3738051108040203,0.8913965043933814,18022529.167569023,34.852189804594396,20.39939628205404,4.9011100119084965,4.929428706504691,0.49209389090538025,1.8237643480300902,8.066216468811035,0.32158861586058307,0.950647991916601,0.9509064704063128,0.6076666666666667
full,Jena,LSTM,42,10.820520877838135,0.06433948874473572,36,70168,0.04412863031029701,0.7676349073367503,1.1535795861020879,1.3307458614714642,0.8948004697440239,13923840.489323623,33.23620204146476,20.195460831690397,4.852112969851932,4.851562026349643,0.47616446018218994,1.8428958654403687,7.000462532043457,0.29652008920845885,0.9510582323553869,0.9493573769417263,0.5566666666666666
full,Jena,Transformer,42,34.32705473899841,0.11454429477453232,33,274712,0.03557837754487991,0.7519118104574477,1.099683898592604,1.2093046768238287,0.9044007668018964,15852285.645614654,33.83847674256849,19.781806913474913,4.752729471830737,4.624895159099897,0.4835388660430908,1.789203906059265,7.204206943511963,0.27220117641095487,0.955917430320113,0.9546106280137266,0.5933333333333334
full,Jena,N-HiTS,42,8.85917615890503,0.020752660930156708,35,69960,0.03449553623795509,0.7475822024405934,1.14316412343441,1.3068242131075631,0.8966915492083241,15650825.116250053,33.97487958395948,19.66790064333887,4.725362624632713,4.807758145131433,0.4732191562652588,1.7699854135513304,8.146880149841309,0.24700155996551945,0.9522729032585623,0.9524889332625563,0.5846666666666667
full,Jena,N-BEATS,42,11.180866718292236,0.019850675016641617,43,96216,0.03125017508864403,0.7536290241890691,1.1220918736387997,1.259090172886232,0.9004650710759414,15142141.183697548,33.70523192572649,19.82698453935558,4.763583739842226,4.719135454378399,0.4858222007751465,1.7643161177635192,7.1956257820129395,0.3236913185643239,0.9551279397281418,0.954530150791397,0.6273333333333333
full,Jena,QELM,42,0.21936464309692383,0.005898997187614441,0,49664,,2.0977310108227862,4.4593231555185024,19.885563005343492,-0.5720145728836521,16958083.92532506,58.79845025331873,55.1885330638164,13.25946455481957,18.754391240259544,0.832411527633667,5.091519701480862,72.21363687515259,0.2018262428171519,0.6045053681256536,0.7765305772768439,0.5196666666666667
full,Jena,CeNN_NS,42,8.13586711883545,0.028607435524463654,19,46651,0.1874428540468216,0.7313649287970944,1.1093663282494977,1.2306936502537724,0.9027099030369702,10712361.871451803,35.62938138461726,19.241245586965288,4.622855504347809,4.665616153656427,0.4640108346939087,1.7089695990085598,7.007808685302734,0.028702319641287128,0.9509615537138669,0.9525117107526313,0.5723333333333334
full,Jena,CeNN_Emulator,42,21.812116861343384,0.023525208234786987,50,46651,0.17982828617095947,0.6908767505661688,1.0510630532320984,1.104733541869581,0.912667434836736,8911454.596845908,36.09868264406707,18.17605507804742,4.366935388102015,4.42041247764304,0.4356374740600586,1.610969352722168,7.265308856964111,-0.12784139630591704,0.9570814407629868,0.9581003281051061,0.6146666666666667
full,Jena,Persistence,123,3.337860107421875e-06,9.313225746154785e-05,0,0,,0.7860422297174422,1.3113024089031908,1.7195140075953108,0.8640671587980162,16540373.805355694,37.23268763340008,20.679733178612842,4.968463082138345,5.51489038878721,0.409999817609787,2.010000228881836,9.600000858306885,0.0344852903942681,0.9318140137844684,0.9409893571165503,0.004666666666666667
full,Jena,MovingAverage,123,1.9073486328125e-06,0.0001802109181880951,0,0,,1.0352659659375334,1.6194410334260203,2.6225892607439367,0.7926762981028096,22029405.775278203,46.89066297534756,27.236480605097974,6.543771488974481,6.810816276863972,0.5841668844223022,2.6566667675971987,10.76166582107544,0.04702391404513684,0.895354834989379,0.912914493601714,0.004666666666666667
full,Jena,MLP,123,10.597398281097412,0.015661586076021194,60,25880,0.032935138791799545,0.7242657964916693,1.1182884119133705,1.250568972219728,0.901138698049571,16452632.56030117,33.58521561173406,19.05447678965953,4.577982881171572,4.703139392469816,0.4434875324368477,1.7481320858001708,7.672205448150635,0.21866416756912238,0.9524922503647317,0.9542752116654345,0.6223333333333333
full,Jena,LSTM,123,6.963089942932129,0.05896715447306633,24,70168,0.04116346687078476,0.7656258178449546,1.2017533423619342,1.4442110958780803,0.8858306959460716,14968794.048364677,33.846388098543045,20.142604339950477,4.839413795950948,5.05416440363912,0.44380509853363037,1.8866425752639766,7.488065123558044,0.24141320525875523,0.9440362294478646,0.94368066460561,0.5623333333333334
full,Jena,Transformer,123,21.23851728439331,0.12415694072842598,21,274712,0.03226953744888306,0.6682793295289804,1.0293437501006344,1.0595485558712374,0.9162394461720877,11985952.489465984,32.41783030009379,17.581546768052657,4.224100247787523,4.329068501396512,0.40494561195373535,1.6073187768459314,6.692306995391846,0.07128128166269097,0.9591666122794289,0.958738194292739,0.621
full,Jena,N-HiTS,123,13.7451171875,0.025939662009477615,54,69960,0.03399024158716202,0.7254619049867098,1.120575189230701,1.255688754719421,0.9007339635848063,14126064.051529698,33.19832217873247,19.08594482482986,4.58554331580875,4.712756797397175,0.43996667861938477,1.7434916496276844,7.263920783996582,0.1929723219997767,0.9523029289825165,0.9537796877139294,0.5816666666666667
full,Jena,N-BEATS,123,6.781621217727661,0.02548564225435257,25,96216,0.035841405391693115,0.7088723262172814,1.1320804769554984,1.281606206303789,0.8986851097720334,12731272.49549759,33.27007134009647,18.64949491218244,4.480682906853674,4.761144110852039,0.40932178497314453,1.6924356460571282,8.54820728302002,-0.07067530953283939,0.9502495953833658,0.9528402045780805,0.6276666666666667
full,Jena,QELM,123,0.23296260833740234,0.007954426109790802,0,49664,,4.156915483445447,8.420075005852919,70.89766310418902,-4.604677099322368,26092341.895196788,77.71481712087501,109.3629576041959,26.275281828677652,35.41196173160837,1.5084388256072998,10.964013910293577,97.1698088645935,-0.28257534375517734,0.4065973519530977,0.6087807994226858,0.5086666666666667
full,Jena,CeNN_NS,123,15.6790452003479,0.029401853680610657,36,46651,0.7102958559989929,0.8073741540538354,1.1809657490052043,1.3946801003234233,0.8897462726285338,9377765.353314023,42.22483412301025,21.240947941363622,5.103299194664306,4.966738880715742,0.5530061721801758,1.7897246360778807,7.192805290222168,-0.4240712814403491,0.954970183771851,0.9564260821718941,0.634
full,Jena,CeNN_Emulator,123,10.042435884475708,0.02884538844227791,23,46651,0.7094466686248779,0.7764804888207776,1.144290265131769,1.3094002108753342,0.8964879087064401,9140413.31458881,39.19652119224219,20.428176400884585,4.908024654214278,4.812494312762187,0.5120639801025391,1.7228991646319627,7.276202201843262,-0.240812825501586,0.9503656754878232,0.9516953465310175,0.622
full,Jena,Persistence,2024,3.0994415283203125e-06,8.102506399154663e-05,0,0,,0.7860422297174422,1.3113024089031908,1.7195140075953108,0.8640671587980162,16540373.805355694,37.23268763340008,20.679733178612842,4.968463082138345,5.51489038878721,0.409999817609787,2.010000228881836,9.600000858306885,0.0344852903942681,0.9318140137844684,0.9409893571165503,0.004666666666666667
full,Jena,MovingAverage,2024,1.9073486328125e-06,0.0002668239176273346,0,0,,1.0352659659375334,1.6194410334260203,2.6225892607439367,0.7926762981028096,22029405.775278203,46.89066297534756,27.236480605097974,6.543771488974481,6.810816276863972,0.5841668844223022,2.6566667675971987,10.76166582107544,0.04702391404513684,0.895354834989379,0.912914493601714,0.004666666666666667
full,Jena,MLP,2024,7.246051073074341,0.020166393369436264,41,25880,0.03353120759129524,0.7102464638732167,1.1098295849324042,1.2317217075912328,0.9026286319602693,13325214.391411116,33.61329113419373,18.685646659507317,4.4893686389367256,4.667564453156799,0.4213087558746338,1.702199363708496,8.21446704864502,0.049161719659343364,0.9521253433870903,0.9536179675738891,0.5886666666666667
full,Jena,LSTM,2024,13.388432264328003,0.061044469475746155,45,70168,0.03859693929553032,0.7282870240439143,1.125248989141048,1.2661852875629502,0.899904180561296,11920256.348556437,33.02628213097783,19.160269976955345,4.603400498549952,4.732413204668055,0.4350013732910156,1.7547160267829895,6.704199314117432,0.1614755891820209,0.9503828534769334,0.9538760142379279,0.554
full,Jena,Transformer,2024,36.380677938461304,0.1125154085457325,35,274712,0.03434470668435097,0.6983463354765748,1.0458643631046527,1.0938322660123008,0.9135292140333352,10768514.595413465,35.20688655212518,18.372569994246916,4.414149590422404,4.398548561262291,0.4459329843521118,1.645914363861084,6.486704349517822,-0.02451338451500568,0.9576171733858108,0.9586911803510986,0.62
full,Jena,N-HiTS,2024,10.674102067947388,0.01995684579014778,42,69960,0.03451814875006676,0.6962060921133185,1.1139958349921233,1.2409867203797977,0.9018962043635418,12283361.70928138,33.80056492003995,18.316263017323617,4.40062141122909,4.685086278980978,0.4034368246793747,1.6743134319782254,8.286187171936035,-0.03049989582494729,0.9517908380867892,0.9540946934095731,0.6056666666666667
full,Jena,N-BEATS,2024,5.647559404373169,0.019455794245004654,21,96216,0.03450027108192444,0.7123489855155866,1.1203211389392336,1.2551194543541013,0.9007789685198132,15066948.768961543,33.06494409862894,18.74096122776162,4.502658384404048,4.7116883485777645,0.4245122717693448,1.7279448688030243,7.888707160949707,0.11254564190511074,0.9511184830756753,0.9532515279974626,0.5793333333333334
full,Jena,QELM,2024,0.22701811790466309,0.00486522912979126,0,49664,,2.01141364819572,4.0232252951813114,16.186341775786747,-0.2795798211182048,15542097.885708258,58.147152206582554,52.91763722600504,12.71386456878028,16.920312478400277,0.7959104776382446,5.172474360466003,66.43701845407486,0.30805578267512224,0.6286177016517698,0.7751314652141916,0.53
full,Jena,CeNN_NS,2024,11.620424270629883,0.02379249781370163,27,46651,0.16838234663009644,0.7326480915338421,1.0912307274617015,1.1907845005565942,0.9058648433772815,8792697.773595886,37.00811905359176,19.275003904289058,4.630966196680712,4.589344006361925,0.4763352870941162,1.6637094497680662,6.597667217254639,-0.16330551570716004,0.9532580889355222,0.9549616644031833,0.604
full,Jena,CeNN_Emulator,2024,18.50316333770752,0.024510547518730164,42,46651,0.16418109834194183,0.7420522896347878,1.097010539657662,1.2034321241199946,0.9048650100535446,8602700.933938151,38.56752765226024,19.522415939080474,4.6904088186101465,4.613651923827858,0.49355626106262207,1.6653680980205534,7.500603199005127,-0.28199622292050885,0.9559541022276724,0.9576149477227773,0.638
full,Jena,Persistence,7,3.337860107421875e-06,8.568167686462402e-05,0,0,,0.7860422297174422,1.3113024089031908,1.7195140075953108,0.8640671587980162,16540373.805355694,37.23268763340008,20.679733178612842,4.968463082138345,5.51489038878721,0.409999817609787,2.010000228881836,9.600000858306885,0.0344852903942681,0.9318140137844684,0.9409893571165503,0.004666666666666667
full,Jena,MovingAverage,7,2.384185791015625e-06,0.00014808028936386108,0,0,,1.0352659659375334,1.6194410334260203,2.6225892607439367,0.7926762981028096,22029405.775278203,46.89066297534756,27.236480605097974,6.543771488974481,6.810816276863972,0.5841668844223022,2.6566667675971987,10.76166582107544,0.04702391404513684,0.895354834989379,0.912914493601714,0.004666666666666667
full,Jena,MLP,7,7.855328321456909,0.01550186425447464,45,25880,0.03359924256801605,0.7563631602678345,1.1439864613799697,1.308705023820665,0.8965428653692475,17506273.666950237,34.3220149101115,19.898916049451685,4.780865831891875,4.811216617869308,0.47890663146972656,1.7829242467880246,7.366869926452637,0.3301245866080539,0.9523291419149298,0.953113380453282,0.5903333333333334
full,Jena,LSTM,7,7.582038402557373,0.060854945331811905,26,70168,0.03939263895153999,0.7435484773751038,1.1301716302957103,1.2772879139252638,0.8990264839914704,10487345.015572919,34.293670750828056,19.561778662971232,4.699866012219681,4.7531161532838535,0.46932780742645264,1.7196996212005613,6.729833602905273,0.1324552183608628,0.9505469881373984,0.9525882868093513,0.629
full,Jena,Transformer,7,29.575223684310913,0.11836783960461617,29,274712,0.03166532516479492,0.6770352280486065,1.0618192244886135,1.1274600654936007,0.9108708336382513,11331689.598933032,34.185784959523666,17.811902896870276,4.2794450586653685,4.465649262903215,0.39949893951416016,1.6329158782958983,7.097185134887695,-0.021031043821531866,0.9564186498360886,0.9583754459577608,0.639
full,Jena,N-HiTS,7,11.499314069747925,0.020075589418411255,45,69960,0.03348033130168915,0.7466720648493307,1.1297926502319808,1.276431432518203,0.8990941914661315,16943295.81487963,33.972345227319394,19.643956125052746,4.719609772112969,4.751522292480416,0.4727834463119507,1.7517845541238783,7.455252647399902,0.28844039520890347,0.9535359654531694,0.9548559560460766,0.6163333333333333
full,Jena,N-BEATS,7,4.596164226531982,0.019559171050786972,18,96216,0.03512255474925041,0.7845675986493006,1.1629239960954183,1.3523922206945365,0.8930892588449711,18776688.485993102,35.72779025286456,20.640937582303696,4.959142145241011,4.8908614255661895,0.5111968517303467,1.8544996500015256,7.395464897155762,0.33470668627094063,0.9504729706646189,0.9520118314674286,0.5483333333333333
full,Jena,QELM,7,0.23895645141601562,0.00493926927447319,0,49664,,2.6006340212133816,5.449433950123911,29.69633037676309,-1.3475857385025884,22493964.62868144,64.79102582661685,68.41924723719754,16.43824420120078,22.91845932091763,0.9552633985877037,6.502179652452468,95.85546517372131,0.16742520459430912,0.5178777571964497,0.7100649709814534,0.5266666666666666
full,Jena,CeNN_NS,7,15.158129930496216,0.024088658392429352,35,46651,0.26493868231773376,0.7182200227351859,1.0844437301589396,1.1760182038810347,0.9070321642902104,9083471.990035499,37.68922301105718,18.895420464928385,4.539768390172982,4.560800212085642,0.4599825143814087,1.6589679360389706,6.707190990447998,-0.22138317889699505,0.9566910186225986,0.9585323969327864,0.6253333333333333
full,Jena,CeNN_Emulator,7,15.29926085472107,0.028565526008605957,35,46651,0.2653725743293762,0.79032679847483,1.1741990521998202,1.3787434141869561,0.8910061164078258,9765514.732107693,41.16224443638213,20.792454525301878,4.99554524247166,4.93828046340294,0.5258653163909912,1.765453720092773,7.463009834289551,-0.37937146921352377,0.9541898153663587,0.9552655819220345,0.631
full,Jena,Persistence,99,3.0994415283203125e-06,7.729977369308472e-05,0,0,,0.7860422297174422,1.3113024089031908,1.7195140075953108,0.8640671587980162,16540373.805355694,37.23268763340008,20.679733178612842,4.968463082138345,5.51489038878721,0.409999817609787,2.010000228881836,9.600000858306885,0.0344852903942681,0.9318140137844684,0.9409893571165503,0.004666666666666667
full,Jena,MovingAverage,99,2.6226043701171875e-06,0.00019045546650886536,0,0,,1.0352659659375334,1.6194410334260203,2.6225892607439367,0.7926762981028096,22029405.775278203,46.89066297534756,27.236480605097974,6.543771488974481,6.810816276863972,0.5841668844223022,2.6566667675971987,10.76166582107544,0.04702391404513684,0.895354834989379,0.912914493601714,0.004666666666666667
full,Jena,MLP,99,4.994886875152588,0.01494772732257843,29,25880,0.03497691452503204,0.7344576878116156,1.1394330292581047,1.298307628164301,0.8973648112949147,13901617.319398269,34.19318090853579,19.32261199297765,4.642404401855673,4.7920664364356655,0.4479218125343323,1.7537632584571838,8.05711841583252,0.09917171055678692,0.9509220017554624,0.9512314675404274,0.562
full,Jena,LSTM,99,6.587743759155273,0.05948590114712715,22,70168,0.0465291403234005,0.8130867516170256,1.2495419964841625,1.5613552009776266,0.8765700961685136,12964587.537150955,35.73299585566185,21.391238840373,5.139407725507524,5.255147172771827,0.4946679174900055,1.9533949822187422,7.679673075675964,0.26082530643480517,0.9413714684816713,0.9422857121661524,0.5446666666666666
full,Jena,Transformer,99,24.973714590072632,0.12711482122540474,24,274712,0.03625180944800377,0.698940460344673,1.0712900248251067,1.1476623172897777,0.9092737838479023,10639441.386077903,33.84905211582732,18.38820063504781,4.4179049706828115,4.505480216766508,0.43096625804901123,1.650686329603195,7.192233562469482,0.014035954772805174,0.958604920375334,0.9583852318328135,0.608
full,Jena,N-HiTS,99,15.15061330795288,0.020143575966358185,60,69960,0.03377939388155937,0.78527491482756,1.1614295531910859,1.3489186070256454,0.8933638586290757,18108790.519899085,34.87492402795153,20.65954613701783,4.9636129919541,4.884576308758856,0.5090513229370117,1.8326642036437986,7.576443672180176,0.35352386643427114,0.9522397863221344,0.9532263373095526,0.584
full,Jena,N-BEATS,99,8.046959161758423,0.02006208524107933,30,96216,0.03670944646000862,0.778883883914755,1.1719013350999674,1.373352739209086,0.8914322657514784,17726010.18349757,35.0517740187046,20.491406552379253,4.923216178721189,4.928617049484003,0.49504244327545166,1.8636862665414808,7.723784446716309,0.3542308612989469,0.9499647621494705,0.9516131461399876,0.581
full,Jena,QELM,99,0.23218321800231934,0.006186310201883316,0,49664,,6.360196576885776,12.883169802165321,165.97606415142445,-12.120915486566794,40343359.27796408,91.52143149411314,167.32837397400968,40.201913704762426,54.182215205798876,2.330346643924713,16.861121797561644,180.25123965740204,0.7031607522295995,0.23854444472113714,0.44715632902827024,0.526
full,Jena,CeNN_NS,99,11.270448446273804,0.029393937438726425,26,46651,1.7870100736618042,0.8520765314834813,1.2049229801631884,1.4518393881253395,0.8852276561138233,8530375.399169505,44.414684503005034,22.417008466797515,5.385856675097449,5.067494818444576,0.622215747833252,1.8025860786437988,7.240877151489258,-0.46809013627034923,0.9515753526086506,0.9559425834681217,0.5966666666666667
full,Jena,CeNN_Emulator,99,9.120779514312744,0.0283215194940567,21,46651,1.7902785539627075,1.3375846912583025,1.6400745226084799,2.6898444397094328,0.7873595705146972,13477718.804197416,64.20052176860712,35.1900870885298,8.454685901722137,6.897593690225599,1.2082428932189941,2.3878084421157837,7.808621406555176,-1.106259698027331,0.9432666101103804,0.9507034858599421,0.5906666666666667
full,ETTh1,Persistence,42,3.337860107421875e-06,7.729977369308472e-05,0,0,,1.4578782018929404,1.98832553758888,3.9534384434281082,0.5124368808705686,54192196.74705298,18.999604908950797,16.185589792768326,2.10728124036996,1.9530344770141548,1.055999755859375,3.2360000610351562,10.903999924659729,-0.02212942222168683,0.757422987362183,0.719290307342185,0.016456180635285114
full,ETTh1,MovingAverage,42,1.9073486328125e-06,0.00017136335372924805,0,0,,1.5084525215869458,2.023671105250257,4.095244742224797,0.49494842813686124,68004028.95104799,19.648493144260808,16.74707372987133,2.180383585269055,1.9877526913846326,1.143000602722168,3.300333023071289,9.672583222389221,-0.03567809476309824,0.7354532571860463,0.6980382436604667,0.016456180635285114
full,ETTh1,MLP,42,1.9138741493225098,0.013874378055334091,13,25880,0.03912273049354553,1.39129284077844,1.8939388012014091,3.587004182696231,0.5576278794594833,78403095.51941696,17.80709746907777,15.446348791837444,2.0110358323669733,1.8603230236567154,1.049506664276123,3.013968563079835,10.020792603492737,-0.08710579543503622,0.7536302158132916,0.7213801775963306,0.567929582854956
full,ETTh1,LSTM,42,7.245835781097412,0.05306815728545189,28,70168,0.05327055603265762,1.2865680499283434,1.770518415863361,3.1347354609113047,0.6134045285292817,74373192.4957065,16.49123582205966,14.283677929736443,1.8596620160402497,1.7390932435353577,0.971642017364502,2.7065456390380866,10.193134903907776,-0.04904602447293945,0.786152287646699,0.7670152734889296,0.5935706084959816
full,ETTh1,Transformer,42,13.361214876174927,0.10401150211691856,15,274712,0.07147438824176788,1.350895891674381,1.8216350325186283,3.318354191699144,0.59075950132206,74517392.85411918,17.108505010622547,14.997855600685629,1.9526443063090133,1.7893025844047177,1.025447130203247,2.9358986854553226,10.373772263526917,-0.22471599122489164,0.7731253936387722,0.7429336577812469,0.6218905472636815
full,ETTh1,N-HiTS,42,2.9702930450439453,0.018473248928785324,13,69960,0.04035355895757675,1.3794170825635617,1.8675190131808344,3.487627264591917,0.5698836716904092,75586427.29597846,17.663633169651092,15.314502283195955,1.9938700893927739,1.8343721640494106,1.0521111488342285,2.945266914367676,9.682928681373596,-0.17235302043852263,0.7616860263748833,0.7319785401415682,0.5602755453501722
full,ETTh1,N-BEATS,42,2.5184311866760254,0.01834053546190262,11,96216,0.04779212176799774,1.3902978795662662,1.8819840284304166,3.541863883267179,0.5631948676655729,81060442.27511148,17.802590350918393,15.435302578224366,2.009597671693066,1.8485804377746615,1.0641422271728516,2.972925138473511,9.73269522190094,-0.037120528793833756,0.7528586872018704,0.7233183017361922,0.5855338691159586
full,ETTh1,QELM,42,0.18654942512512207,0.004602596163749695,0,49664,,1.285883435513052,1.8155031503646148,3.296051688983841,0.5935099874985532,83051668.4220864,16.492361580546273,14.276077234371268,1.8586724442691942,1.7832795378615953,0.9296965599060059,2.7842205047607425,10.626204013824463,0.26831593998142433,0.7771450083076291,0.7664368421065265,0.596249521622656
full,ETTh1,CeNN_NS,42,6.921818017959595,0.5060266703367233,16,46651,0.08782108873128891,1.305281462809583,1.7965495521208137,3.2275902932254965,0.601953081310063,78348268.83856809,16.615786221162825,14.491437140434002,1.8867112056479491,1.7646623496125793,0.9804751873016357,2.74585509300232,10.087889194488525,-0.02605263002065694,0.7769497426602179,0.7656779887941612,0.6054343666283964
full,ETTh1,CeNN_Emulator,42,11.058100938796997,0.025993213057518005,29,46651,0.09276679158210754,1.2809160828651223,1.7706957646184278,3.1353634908376384,0.613327075893008,75937244.88455592,16.346128871186416,14.220928915251726,1.8514924143903655,1.739267444503234,0.958493709564209,2.689167737960816,10.324703812599182,0.011736821034897772,0.7837823230680306,0.7732459188645191,0.6215078453884424
full,ETTh1,Persistence,123,3.5762786865234375e-06,8.149072527885437e-05,0,0,,1.4578782018929404,1.98832553758888,3.9534384434281082,0.5124368808705686,54192196.74705298,18.999604908950797,16.185589792768326,2.10728124036996,1.9530344770141548,1.055999755859375,3.2360000610351562,10.903999924659729,-0.02212942222168683,0.757422987362183,0.719290307342185,0.016456180635285114
full,ETTh1,MovingAverage,123,2.1457672119140625e-06,0.00014388933777809143,0,0,,1.5084525215869458,2.023671105250257,4.095244742224797,0.49494842813686124,68004028.95104799,19.648493144260808,16.74707372987133,2.180383585269055,1.9877526913846326,1.143000602722168,3.300333023071289,9.672583222389221,-0.03567809476309824,0.7354532571860463,0.6980382436604667,0.016456180635285114
full,ETTh1,MLP,123,2.0845253467559814,0.01346459612250328,14,25880,0.05273106321692467,1.3139429314242348,1.8274783746944812,3.339677209975983,0.5881298113827639,81224926.3310916,16.69317033216383,14.587598107665464,1.899230873135953,1.7950422123050214,0.9776577949523926,2.7862410545349126,10.231560349464417,0.23368079434366976,0.773084389052801,0.7468502391456694,0.5614236509758898
full,ETTh1,LSTM,123,6.67707633972168,0.05395198240876198,25,70168,0.05963953584432602,1.275156077899971,1.7661334067385706,3.119227210397989,0.6153171044048673,78175227.36601272,16.288469515568103,14.156980447232112,1.8431666500077575,1.7347860645343163,0.9498653411865234,2.708477354049683,10.29712164402008,0.037907485231055735,0.7854201120343984,0.7652879194814456,0.6169154228855721
full,ETTh1,Transformer,123,12.772909879684448,0.11250004172325134,14,274712,0.07334237545728683,1.3080909728114285,1.8040585222922625,3.254627151855342,0.5986187243158515,69500713.19450547,16.646820051781404,14.522628755995237,1.8907721949088032,1.7720380420504958,0.9719028472900391,2.8765181541442875,10.579665780067444,0.05364988163913873,0.7755036166762498,0.7408389698440581,0.6111748947569843
full,ETTh1,N-HiTS,123,3.1981747150421143,0.0193803571164608,14,69960,0.05296555534005165,1.286098103492688,1.7936011831120833,3.217005204061065,0.6032585016835236,80782851.19066074,16.41056737720828,14.278460511558288,1.8589827348036214,1.761766311606653,0.9539623260498047,2.734676361083985,9.997704148292542,0.15792714271303313,0.7796757110184902,0.7586262329499625,0.5614236509758898
full,ETTh1,N-BEATS,123,5.0012054443359375,0.018437858670949936,22,96216,0.048640068620443344,1.3521178158981213,1.8150101570961437,3.294261870362168,0.5937307192899661,78165033.52506101,17.242961624446245,15.011421592836157,1.954410529296982,1.782795294797742,1.046318769454956,2.8107954978942873,9.674862504005432,-0.32433627412580446,0.779589829810109,0.7693763424369781,0.6157673172598546
full,ETTh1,QELM,123,0.19595575332641602,0.005434267222881317,0,49664,,1.2936992989117613,1.8194555602648428,3.310418535778653,0.5917381767733912,81702228.45918293,16.577401079864316,14.362850161412474,1.8699698368058335,1.7871617959005872,0.9293889999389648,2.817873811721802,10.393545746803284,0.2590536303340149,0.7752900905920992,0.7624552131912825,0.5916570991197857
full,ETTh1,CeNN_NS,123,10.184998273849487,0.027686357498168945,27,46651,0.08472497761249542,1.3311781966727307,1.8010714482701857,3.2438583617740644,0.5999467998522257,68850083.74464776,17.010225825149426,14.778946694206851,1.9241434831769,1.769103986011773,1.0255584716796875,2.7551994323730473,9.933139443397522,-0.21601763663813234,0.78001413530681,0.7693712496932392,0.6142365097588978
full,ETTh1,CeNN_Emulator,123,8.432874917984009,0.027624890208244324,22,46651,0.09267456829547882,1.2832675703418301,1.7785835686177718,3.1633595105571284,0.609874429065957,77500335.7776602,16.36129888542358,14.24703549373778,1.8548913577590211,1.7470152467958757,0.9545474052429199,2.7087504863739014,10.382569789886475,0.009850968229084815,0.7815720596798239,0.7692704473380257,0.5985457328740911
full,ETTh1,Persistence,2024,3.5762786865234375e-06,7.35744833946228e-05,0,0,,1.4578782018929404,1.98832553758888,3.9534384434281082,0.5124368808705686,54192196.74705298,18.999604908950797,16.185589792768326,2.10728124036996,1.9530344770141548,1.055999755859375,3.2360000610351562,10.903999924659729,-0.02212942222168683,0.757422987362183,0.719290307342185,0.016456180635285114
full,ETTh1,MovingAverage,2024,2.6226043701171875e-06,0.00014808028936386108,0,0,,1.5084525215869458,2.023671105250257,4.095244742224797,0.49494842813686124,68004028.95104799,19.648493144260808,16.74707372987133,2.180383585269055,1.9877526913846326,1.143000602722168,3.300333023071289,9.672583222389221,-0.03567809476309824,0.7354532571860463,0.6980382436604667,0.016456180635285114
full,ETTh1,MLP,2024,2.0803239345550537,0.014227814972400665,14,25880,0.04912129417061806,1.2995700498657698,1.7993898181062662,3.237803717504502,0.6006934970090244,80594258.11348689,16.541079040012267,14.428028148567854,1.8784556783090558,1.7674522033305,0.9740657806396484,2.7287531375885012,10.333881974220276,0.10801739400861701,0.7771570081810129,0.7539008346803694,0.5698430922311519
full,ETTh1,LSTM,2024,3.981217861175537,0.05340809002518654,15,70168,0.06121835485100746,1.402532847343712,1.8968159579293051,3.597910778255267,0.556282808877017,86678462.18357472,17.677140267913614,15.571137087112936,2.0272826319596136,1.8631491133382714,1.0715882778167725,3.0568402290344245,9.554436326026917,-0.038030826014392095,0.7488337238637696,0.7142458539927916,0.5579793340987371
full,ETTh1,Transformer,2024,9.79249358177185,0.10363152250647545,11,274712,0.0448501780629158,1.4818752010492269,1.9628106585539504,3.852625681332993,0.5248697504949471,73296114.54546374,18.752235537823637,16.452008197335147,2.141967557842542,1.9279724650397523,1.139296293258667,3.2182766914367686,10.016626954078674,-0.5020798022519845,0.7508780138839206,0.7162742323270207,0.604668962877918
full,ETTh1,N-HiTS,2024,2.701490640640259,0.019015278667211533,12,69960,0.043658461421728134,1.3706802889174352,1.8711348339550717,3.5011455668400737,0.5682165088639834,79788490.97335908,17.466579803382597,15.21750504578843,1.9812415437930382,1.8379238071286184,1.0374977588653564,2.9656040191650397,9.8060804605484,0.0007767467675791177,0.7569591803543474,0.7232780222319872,0.561806352851129
full,ETTh1,N-BEATS,2024,3.2954483032226562,0.018893741071224213,14,96216,0.04532824084162712,1.3196350122793763,1.790202136867935,3.2048236908465206,0.6047608032024641,69590821.35341468,16.831528027309123,14.650792471686385,1.9074584570240545,1.7584275954968973,1.0033893585205078,2.7824426651000977,10.133963227272034,-0.1996401572945258,0.7817123269818492,0.7605956769109977,0.6077305778798316
full,ETTh1,QELM,2024,0.19648051261901855,0.007538590580224991,0,49664,,1.2864586760961578,1.8113212201549551,3.2808845625836356,0.5953804937835838,86988615.1383859,16.497233945076832,14.28246364449676,1.8595039222952081,1.7791718333003812,0.9309029579162598,2.7828264236450195,10.576584339141846,0.22086445191697604,0.7763064646880944,0.7658239925319644,0.5931879066207424
full,ETTh1,CeNN_NS,2024,6.787714004516602,0.02162344753742218,18,46651,0.08391904085874557,1.3574513712165337,1.8278326129621763,3.3409720610081366,0.5879701221357757,77254924.69392198,17.2654227398668,15.070635550770897,1.9621198846137515,1.7953901631494917,1.0472793579101562,2.802340602874757,10.564225673675537,-0.2634751231394521,0.7742610651294742,0.7659693865398558,0.5993111366245695
full,ETTh1,CeNN_Emulator,2024,6.790120840072632,0.021985266357660294,18,46651,0.08259996026754379,1.348710912569078,1.8179121398007958,3.3048045480351083,0.5924305293707985,72735144.82739413,17.179161002682854,14.973597623950477,1.9494860414599835,1.7856457698164139,1.0416762828826904,2.7740827560424806,9.962208271026611,-0.19689406717077537,0.7746275440105514,0.7624406206921939,0.5771144278606966
full,ETTh1,Persistence,7,2.6226043701171875e-06,7.171183824539185e-05,0,0,,1.4578782018929404,1.98832553758888,3.9534384434281082,0.5124368808705686,54192196.74705298,18.999604908950797,16.185589792768326,2.10728124036996,1.9530344770141548,1.055999755859375,3.2360000610351562,10.903999924659729,-0.02212942222168683,0.757422987362183,0.719290307342185,0.016456180635285114
full,ETTh1,MovingAverage,7,2.6226043701171875e-06,0.00016111880540847778,0,0,,1.5084525215869458,2.023671105250257,4.095244742224797,0.49494842813686124,68004028.95104799,19.648493144260808,16.74707372987133,2.180383585269055,1.9877526913846326,1.143000602722168,3.300333023071289,9.672583222389221,-0.03567809476309824,0.7354532571860463,0.6980382436604667,0.016456180635285114
full,ETTh1,MLP,7,3.1819958686828613,0.01826370134949684,20,25880,0.04879007861018181,1.2714201446348405,1.7671926234342843,3.122969768320548,0.6148555484099134,74459293.62123297,16.227656193138387,14.11550353699088,1.837766567837202,1.73582648104874,0.9457273483276367,2.6926255464553837,10.144362092018127,0.01773728983243185,0.7852710960716254,0.7671614086944945,0.5916570991197857
full,ETTh1,LSTM,7,7.701707363128662,0.05489448085427284,29,70168,0.06308877468109131,1.282841707147693,1.800965854351032,3.243478008538343,0.5999937074271462,80716041.6219253,16.305256551900488,14.242307494540599,1.8542757963775531,1.7690002662934614,0.9407963752746582,2.7436119079589854,10.127014756202698,0.17984984084224348,0.779454954748391,0.7567309641193476,0.5870646766169154
full,ETTh1,Transformer,7,11.858916997909546,0.10847672820091248,13,274712,0.0846698209643364,1.3509077297544765,1.8486758342456153,3.4176023401237217,0.5785195897852692,87538616.75059931,17.050010077103952,14.997987028885948,1.9526614175903776,1.8158634352616405,1.002882957458496,2.9512501716613775,10.269579529762268,0.06611870679947807,0.7610262449440741,0.7280232159234226,0.604668962877918
full,ETTh1,N-HiTS,7,3.590202569961548,0.018940307199954987,16,69960,0.04923827573657036,1.318714146539027,1.8039307596473084,3.2541661856017154,0.5986755735997464,78413074.44960132,16.761790496296378,14.640568877487537,1.9061273972023096,1.7719125470821153,0.9959673881530762,2.7941372632980346,9.870117783546448,-0.09958019420373408,0.7753060837138066,0.7551451179226912,0.5782625334864141
full,ETTh1,N-BEATS,7,2.8844475746154785,0.01821666955947876,12,96216,0.04413546994328499,1.3289545499456523,1.823405835492096,3.324808840906628,0.5899634730177067,81488056.22579677,16.963723074887763,14.754259423540624,1.920929326447553,1.7910419571552054,0.9969239234924316,2.8119212627410892,10.034029603004456,-0.023810302143666282,0.7700808407327082,0.7476235701940125,0.5621890547263682
full,ETTh1,QELM,7,0.1997823715209961,0.0048317015171051025,0,49664,,1.2851104541923002,1.8094106797867602,3.273967008126385,0.5962336105011419,83500722.60714906,16.475458159375023,14.267495475923328,1.857555143088436,1.777295203373203,0.9258849620819092,2.788421869277955,10.469326615333557,0.2466540312657537,0.7775725497384891,0.7658774539287256,0.5947187141216992
full,ETTh1,CeNN_NS,7,9.07319974899292,0.02236897125840187,24,46651,0.08855269849300385,1.3432641283052127,1.8232247604507166,3.3241485271205726,0.5900449071044491,78871219.47588934,17.104804223384978,14.91312658071095,1.9416130200479873,1.7908640960393796,1.0296905040740967,2.7687952518463135,10.59862470626831,-0.1457206975487608,0.7726075125882668,0.7626343872030193,0.6192116341370073
full,ETTh1,CeNN_Emulator,7,9.212498903274536,0.026965513825416565,24,46651,0.08627548813819885,1.398813522731502,1.85532539029207,3.442232303862422,0.5754820663442636,69598314.00654441,17.79124556213314,15.529844568711045,2.0219065566660945,1.8223949674328324,1.1114330291748047,2.8462193965911866,9.879103302955627,-0.34460807455667264,0.770815704778728,0.7597158050453553,0.5763490241102182
full,ETTh1,Persistence,99,3.337860107421875e-06,9.313225746154785e-05,0,0,,1.4578782018929404,1.98832553758888,3.9534384434281082,0.5124368808705686,54192196.74705298,18.999604908950797,16.185589792768326,2.10728124036996,1.9530344770141548,1.055999755859375,3.2360000610351562,10.903999924659729,-0.02212942222168683,0.757422987362183,0.719290307342185,0.016456180635285114
full,ETTh1,MovingAverage,99,2.384185791015625e-06,0.00014062970876693726,0,0,,1.5084525215869458,2.023671105250257,4.095244742224797,0.49494842813686124,68004028.95104799,19.648493144260808,16.74707372987133,2.180383585269055,1.9877526913846326,1.143000602722168,3.300333023071289,9.672583222389221,-0.03567809476309824,0.7354532571860463,0.6980382436604667,0.016456180635285114
full,ETTh1,MLP,99,3.3340892791748047,0.013893935829401016,21,25880,0.04407842457294464,1.392179207603783,1.8424715382571186,3.394701369287553,0.5813438828485735,67351211.65083826,18.21359905274919,15.456189373733995,2.012317025940419,1.809769260167039,1.1017714738845825,2.856175565719605,9.64365541934967,-0.39170195969228677,0.7794148403289682,0.7600732827365948,0.5797933409873708
full,ETTh1,LSTM,99,4.3721537590026855,0.053199008107185364,17,70168,0.056505367159843445,1.3928933793723788,1.8867171598592154,3.559701641307224,0.560995002137696,82375873.59790693,17.55013510284738,15.464118219417438,2.013349321209262,1.8532295602095588,1.06318998336792,3.023220258951188,9.694946885108948,-0.02428003034355659,0.7533727748632566,0.7178110436679077,0.567929582854956
full,ETTh1,Transformer,99,9.770272493362427,0.10110298171639442,11,274712,0.06726845353841782,1.3853106665370234,1.8846296913192693,3.5518290734021645,0.5619658971745797,86241873.96451971,17.406206790317775,15.379933766072797,2.002388934746038,1.8511791424328294,1.0304701328277588,2.998913860321045,10.397026658058167,0.022207018831491256,0.7509482391315568,0.7150616175391601,0.5931879066207424
full,ETTh1,N-HiTS,99,4.897066593170166,0.01849653199315071,21,69960,0.047313135117292404,1.370925340336232,1.8185526402376226,3.307133705315228,0.5921432829131419,67666157.17484277,17.770407882150362,15.220225644626954,1.981595751886064,1.7862749019238162,1.0777897834777832,2.8188903331756596,9.528887391090393,-0.3598718989380526,0.7823476644753503,0.7663007574144044,0.6195943360122464
full,ETTh1,N-BEATS,99,2.8234012126922607,0.018223188817501068,12,96216,0.043581683188676834,1.3378521758192867,1.8274165864085608,3.3394513802811168,0.5881576621339508,71780075.0627774,17.16412351632969,14.853042245269613,1.9337903460190065,1.7949815207077968,1.0123436450958252,2.8328408241271976,9.80736219882965,-0.1065579046550979,0.7721104015929137,0.748127088793086,0.5836203597397627
full,ETTh1,QELM,99,0.19452428817749023,0.005033798515796661,0,49664,,1.2803175363982875,1.8021595916311404,3.2477791937081184,0.5994632579747676,84524058.88851209,16.39433785808792,14.214283759592277,1.850627249015499,1.7701728157681191,0.9264535903930664,2.7715811729431157,10.94062852859497,0.21964728106100775,0.7788606584558553,0.7671270457604227,0.5977803291236127
full,ETTh1,CeNN_NS,99,7.504236936569214,0.02308608964085579,20,46651,0.08002779632806778,1.3245350879276419,1.8038289380521249,3.253798837754257,0.5987208772676486,73787274.56588665,16.911648770166305,14.705193871126601,1.9145412417701166,1.7718125327322822,1.0081636905670166,2.7642405033111577,10.82682466506958,-0.17964707128489743,0.7786247367468402,0.769487260358433,0.6150019135093762
full,ETTh1,CeNN_Emulator,99,9.880552053451538,0.021984335035085678,26,46651,0.08715064078569412,1.2897781183208217,1.7661197013557826,3.1191787995170386,0.6153230747419431,71498203.56793123,16.429628471617992,14.319316606643696,1.8643019900072044,1.7347726024102326,0.9751567840576172,2.713915395736694,10.036723732948303,-0.07510901337634666,0.7852637275343544,0.7711818597980344,0.6115575966322235
full,ETTm2,Persistence,42,2.86102294921875e-06,7.59027898311615e-05,0,0,,2.603787944873174,3.7101644892089536,13.765320536987137,0.5114423187370545,6.897588544629393,6.997725489537099,7.141275040883556,11.569015358770471,10.678018949917902,1.7579994201660156,6.152500152587891,16.69999885559082,-0.07707447679837545,0.7546340351633208,0.7618738062521095,0.034
full,ETTm2,MovingAverage,42,2.6226043701171875e-06,0.00014621764421463013,0,0,,3.5180039585696328,4.629183097129695,21.429336146751275,0.2394316753663831,9.314860327773705,9.452474476806064,9.64864819830271,15.63101246744954,13.322995510727242,2.7468719482421875,7.580585479736328,18.200834274291992,-0.1124180665810903,0.6105410952596372,0.6246342031194079,0.034
full,ETTm2,MLP,42,5.329027891159058,0.014941208064556122,30,25880,0.07247775793075562,1.4745649328231811,2.3037744089495567,5.307376527330878,0.8116310068614147,3.9950841861571154,4.080545272023035,4.044213266931472,6.551710322234655,6.630365544882944,0.8427257537841797,3.6292388916015623,16.843660354614258,-0.6880792268647088,0.9101853678689505,0.9019116396050585,0.837
full,ETTm2,LSTM,42,7.885115385055542,0.06594974547624588,26,70168,0.10972820222377777,1.9795588802231683,3.1241365611601837,9.760229252777778,0.6535907057507891,5.147920625474243,5.386654784150311,5.429234147554855,8.795473200490528,8.991404424042775,1.1029300689697266,5.058123970031737,18.184898376464844,-1.3830017212231953,0.8501112544539149,0.8497883765265476,0.7106666666666667
full,ETTm2,Transformer,42,21.921449899673462,0.12426124885678291,21,274712,0.09500603377819061,2.225794972287284,3.0890635443193286,9.542313580842693,0.6613249517572948,5.804543161270081,5.995112274343707,6.10457319038456,9.889536615517258,8.890462716593763,1.5263824462890625,5.301131439208984,15.702640533447266,-1.402129838122262,0.8682702421676134,0.8728105902387782,0.7556666666666667
full,ETTm2,N-HiTS,42,11.548439264297485,0.019980594515800476,45,69960,0.06861738860607147,1.4483303941355812,2.226403928608698,4.956874453324244,0.8240709990936634,3.9964904172265525,4.045805260893022,3.972261149360708,6.435146382531076,6.407689850140342,0.8364677429199219,3.576595687866211,17.436717987060547,-0.4163888197739919,0.9115767027918893,0.9044177719683936,0.8166666666666667
full,ETTm2,N-BEATS,42,5.653514385223389,0.02428703010082245,22,96216,0.07304254174232483,1.4930566407309638,2.2444062700247183,5.037359504926268,0.8212144299290474,4.17191177359378,4.149932243257128,4.0949295214579475,6.633871718371488,6.459501392011938,0.9444160461425781,3.552813720703125,16.693767547607422,0.00030663797590467663,0.9062120112482549,0.8985615877753292,0.812
full,ETTm2,QELM,42,0.2235095500946045,0.0045388005673885345,0,49664,,21.42408713830842,40.52187298939081,1642.0221905683202,-57.278523326122716,56.43518380753718,47.2047801491682,58.75873995644007,95.190391229344,116.6237585760345,8.463132858276367,57.84735012054442,386.6877212524414,-1.4408335081471337,0.2295951907856798,0.32870069843253774,0.6216666666666667
full,ETTm2,CeNN_NS,42,13.940141201019287,0.023616012185811996,32,46651,1.7860773801803589,2.1608363530900743,2.9074343251876273,8.453174355279234,0.6999805960762222,5.65079674743324,5.826075477198582,5.926414532389127,9.60091585257965,8.367725719517765,1.5769214630126953,4.897181701660156,15.577859878540039,-1.4544324712753296,0.8977097175755246,0.8916708968671451,0.8363333333333334
full,ETTm2,CeNN_Emulator,42,13.000508785247803,0.024905893951654434,30,46651,1.787710428237915,2.4459532419045766,3.311735383454154,10.967591250022231,0.610739108053969,6.411252118506668,6.704245256921071,6.7083899332025565,10.867732404301758,9.531322205387395,1.7923717498779297,5.523261642456054,16.75851058959961,-1.9143993293179407,0.8646443101052728,0.8511466389903486,0.8133333333333334
full,ETTm2,Persistence,123,3.5762786865234375e-06,8.754432201385498e-05,0,0,,2.603787944873174,3.7101644892089536,13.765320536987137,0.5114423187370545,6.897588544629393,6.997725489537099,7.141275040883556,11.569015358770471,10.678018949917902,1.7579994201660156,6.152500152587891,16.69999885559082,-0.07707447679837545,0.7546340351633208,0.7618738062521095,0.034
full,ETTm2,MovingAverage,123,2.384185791015625e-06,0.0001969747245311737,0,0,,3.5180039585696328,4.629183097129695,21.429336146751275,0.2394316753663831,9.314860327773705,9.452474476806064,9.64864819830271,15.63101246744954,13.322995510727242,2.7468719482421875,7.580585479736328,18.200834274291992,-0.1124180665810903,0.6105410952596372,0.6246342031194079,0.034
full,ETTm2,MLP,123,8.088722944259644,0.014964956790208817,46,25880,0.0671781376004219,1.3537427090273964,2.1094665335723484,4.44984905626174,0.8420663048814718,3.7869607494742734,3.764458811611146,3.7128403788759075,6.01487929283901,6.071138809402414,0.7958507537841797,3.2560764312744137,17.692096710205078,-0.09033289498753018,0.9178036670747303,0.9102037730217788,0.8386666666666667
full,ETTm2,LSTM,123,9.96503496170044,0.0624731183052063,34,70168,0.10623808205127716,2.017855461041133,3.2313612488414716,10.441695520514314,0.6294041582069319,5.267034780057447,5.535479424185776,5.534268206601406,8.965630579298503,9.300001859625459,1.053853988647461,5.148350143432617,18.778467178344727,-1.3477439857323965,0.8338028803288589,0.8364679280384757,0.6796666666666666
full,ETTm2,Transformer,123,26.988457441329956,0.11902814731001854,26,274712,0.09573932737112045,2.4047502145502304,3.2603125897908463,10.629638183148694,0.6227337119052772,6.214408623610214,6.470310307560252,6.595384512990132,10.684661253200977,9.383325110705593,1.7410392761230469,5.569678878784179,14.502912521362305,-1.9221925843291812,0.8846223232511559,0.8978806750408044,0.829
full,ETTm2,N-HiTS,123,6.676304340362549,0.020811334252357483,26,69960,0.0726759135723114,1.5183776468435923,2.31388795838508,5.354077483959474,0.8099735001566546,4.099350000249121,4.189174572057069,4.16437614030347,6.746376697585833,6.659472791431595,0.8782272338867188,3.769207572937012,16.002145767211914,-0.8327446455690596,0.9137896282365638,0.9063787718136745,0.8336666666666667
full,ETTm2,N-BEATS,123,9.484861850738525,0.025974586606025696,36,96216,0.07267076522111893,1.562258466164271,2.3658637424541067,5.5973112478589515,0.8013406664077939,4.304140904199148,4.354905032605063,4.284725802573509,6.941345674869846,6.809061417175851,0.9764289855957031,3.7528951644897455,17.641437530517578,-0.5686113289462196,0.9017892413539363,0.8943610715977723,0.82
full,ETTm2,QELM,123,0.2140038013458252,0.008670147508382797,0,49664,,529.023649738537,1216.3493225381942,1479505.6744391238,-52509.499830144574,1373.0272649858352,138.8174396824305,1450.9259071398587,2350.5304036101347,3500.7076245699986,134.2105770111084,1423.972489547729,11770.567562103271,-300.8575086178912,-0.18846951799725775,-0.07844792918030007,0.573
full,ETTm2,CeNN_NS,123,9.283428192138672,0.02439180389046669,21,46651,1337.62646484375,5.320423374070062,6.204939553683099,38.50127486486102,-0.36648424009462643,14.067976866781006,15.444547865919468,14.592051062756825,23.639428798713507,17.85809290397522,4.770066261291504,9.661165237426758,20.112756729125977,-5.279204524199168,0.7911598601187573,0.7956765220497317,0.6263333333333333
full,ETTm2,CeNN_Emulator,123,5.482745409011841,0.029832590371370316,13,46651,1335.5926513671875,8.350543565220303,9.81984372895506,96.42933086109802,-2.4224622786406145,21.871687665193885,25.509598977369098,22.90260558949749,37.102701450912974,28.261948419804728,7.987314224243164,15.52954521179199,26.739105224609375,-8.255130086368984,0.347628430159959,0.3114232789520761,0.5716666666666667
full,ETTm2,Persistence,2024,3.0994415283203125e-06,0.00011594966053962708,0,0,,2.603787944873174,3.7101644892089536,13.765320536987137,0.5114423187370545,6.897588544629393,6.997725489537099,7.141275040883556,11.569015358770471,10.678018949917902,1.7579994201660156,6.152500152587891,16.69999885559082,-0.07707447679837545,0.7546340351633208,0.7618738062521095,0.034
full,ETTm2,MovingAverage,2024,2.1457672119140625e-06,0.00016205012798309326,0,0,,3.5180039585696328,4.629183097129695,21.429336146751275,0.2394316753663831,9.314860327773705,9.452474476806064,9.64864819830271,15.63101246744954,13.322995510727242,2.7468719482421875,7.580585479736328,18.200834274291992,-0.1124180665810903,0.6105410952596372,0.6246342031194079,0.034
full,ETTm2,MLP,2024,6.700450658798218,0.018653925508260727,37,25880,0.06897977739572525,1.4729489376809861,2.208807056788945,4.87882861412064,0.8268409959223664,4.031125170111521,4.08389014467013,4.0397811603162355,6.544530216551869,6.357045267859122,0.9271345138549805,3.4701107025146483,16.649959564208984,-0.6656907892756992,0.9179352440827928,0.9103051663472179,0.8393333333333334
full,ETTm2,LSTM,2024,8.409199237823486,0.05919113755226135,29,70168,0.09299126267433167,1.7501568883525,2.7149028373400257,7.370697416196921,0.7383997830437651,4.652979463736608,4.779853628951942,4.800065123978793,7.776206185098625,7.813611506611018,1.054647445678711,4.255255508422851,17.14647674560547,-0.8947275495794085,0.8757785039941529,0.8742326251228721,0.782
full,ETTm2,Transformer,2024,22.8479266166687,0.11890055611729622,22,274712,0.09221231192350388,2.1475313816335464,3.0126332229173616,9.075958935825449,0.6778767743903837,5.657161547583935,5.762743073483846,5.889923672690181,9.54179989444963,8.6704928412278,1.4775352478027344,5.182421112060546,14.844560623168945,-0.8143405515087976,0.8493198629360255,0.868799596115037,0.7676666666666667
full,ETTm2,N-HiTS,2024,10.441136837005615,0.01995684579014778,41,69960,0.06686273962259293,1.4532501101758746,2.2148357790841713,4.905497528311387,0.8258944649030688,3.974922176391898,4.032973603778946,3.9857542010648443,6.457005409316652,6.374396199630329,0.8655691146850586,3.5686920166015623,16.136646270751953,-0.5662104474438562,0.9150550139592027,0.9058532285175607,0.824
full,ETTm2,N-BEATS,2024,4.677386283874512,0.019712839275598526,17,96216,0.07856911420822144,1.5801830925411648,2.4099422938100115,5.8078218594942586,0.7938692402230245,4.272759338422706,4.374741161231207,4.333886751803078,7.020987443802226,6.935921454792035,0.9652080535888672,3.7651168823242185,17.320528030395508,-0.8784780861536662,0.9062527663164331,0.9005532863174782,0.8326666666666667
full,ETTm2,QELM,2024,0.21736598014831543,0.00461796298623085,0,49664,,9.268697043418884,18.988968017707595,360.5809063775219,-11.797709363479239,23.929614864061033,28.172343972428077,25.420777827935797,41.182193297360286,54.65109725517809,3.475564956665039,23.550804138183587,181.5663833618164,-5.637583317650689,-0.04345903851687529,0.24726645598382768,0.619
full,ETTm2,CeNN_NS,2024,8.183508157730103,0.02858741208910942,19,46651,0.41403502225875854,2.4470456418196362,3.2636749340882116,10.651574075395692,0.6219551649311017,6.354600160611677,6.6195717731552435,6.711386002165637,10.872586098866298,9.393002087623419,1.8461360931396484,5.497003746032714,15.518081665039062,-1.9393500094148848,0.8861962026135405,0.8805931717039203,0.8316666666666667
full,ETTm2,CeNN_Emulator,2024,10.531903982162476,0.02537434920668602,24,46651,0.40268003940582275,1.9265837103790706,2.659013728886607,7.070354010407458,0.7490595477416406,5.120688046459937,5.210858468631862,5.2839418786743915,8.560096677311451,7.652760158673379,1.3358755111694336,4.491923141479492,15.162704467773438,-0.8614771192603641,0.8936483353915425,0.8931115693734321,0.846
full,ETTm2,Persistence,7,3.814697265625e-06,0.00013224780559539795,0,0,,2.603787944873174,3.7101644892089536,13.765320536987137,0.5114423187370545,6.897588544629393,6.997725489537099,7.141275040883556,11.569015358770471,10.678018949917902,1.7579994201660156,6.152500152587891,16.69999885559082,-0.07707447679837545,0.7546340351633208,0.7618738062521095,0.034
full,ETTm2,MovingAverage,7,2.6226043701171875e-06,0.00014854595065116882,0,0,,3.5180039585696328,4.629183097129695,21.429336146751275,0.2394316753663831,9.314860327773705,9.452474476806064,9.64864819830271,15.63101246744954,13.322995510727242,2.7468719482421875,7.580585479736328,18.200834274291992,-0.1124180665810903,0.6105410952596372,0.6246342031194079,0.034
full,ETTm2,MLP,7,5.757655382156372,0.015018973499536514,33,25880,0.06789827346801758,1.441239160961575,2.162344024769905,4.67573168145811,0.8340492963921308,3.979949268934303,3.990151992641064,3.952812389497476,6.403638983603204,6.223322588497342,0.9152355194091797,3.3493354797363275,16.674266815185547,-0.3561657979223463,0.915957977680352,0.9069207293311411,0.8396666666666667
full,ETTm2,LSTM,7,10.403464078903198,0.059794168919324875,35,70168,0.10202132165431976,2.005153307437897,3.1530138923465643,9.941496605330432,0.6471571790331337,5.225170898113383,5.478490030371484,5.499430664369573,8.909193030144532,9.074514671722648,1.0621681213378906,5.158529281616211,18.090545654296875,-1.3940499991310968,0.8462454287566986,0.8454065569731635,0.7113333333333334
full,ETTm2,Transformer,7,21.811209201812744,0.12552551925182343,21,274712,0.09876638650894165,2.174933094792896,3.175480680952099,10.083677555100007,0.6421109038699409,5.582122105228769,5.790066607294375,5.965076939548034,9.663549763144324,9.13917509181223,1.3104381561279297,5.522514724731445,14.171628952026367,-1.4865078574551476,0.8652483946117305,0.8866653823118579,0.777
full,ETTm2,N-HiTS,7,7.8611741065979,0.026224181056022644,31,69960,0.07148012518882751,1.4174787079493205,2.128917164696067,4.53228829413754,0.8391403778902722,3.951880106969784,3.9420517525428624,3.8876458192356402,6.298067772871025,6.1271185936764025,0.8918380737304688,3.2852909088134763,16.156009674072266,0.032844901190863716,0.9161607099955937,0.9109288282820542,0.8413333333333334
full,ETTm2,N-BEATS,7,6.407494306564331,0.019497238099575043,24,96216,0.06944861263036728,1.5576951024002499,2.4232948189470975,5.872357779535847,0.7915787363899339,4.196033900443866,4.303736871413983,4.27221009989709,6.921069974009656,6.974350617935005,0.8787355422973633,3.9758880615234373,17.682861328125,-0.7228576989438799,0.9000841943419584,0.8946590114494368,0.7793333333333333
full,ETTm2,QELM,7,0.22176384925842285,0.015993602573871613,0,49664,,25.146145519892375,65.78062972642006,4327.091247204379,-152.5767845483142,66.19006635717137,46.52824079528283,68.96703770720472,111.72804771076787,189.31958752750793,7.583028793334961,52.815877723693816,964.6409492492676,-11.939721180121104,-0.03696007689505122,0.1848933369288143,0.5873333333333334
full,ETTm2,CeNN_NS,7,9.236763954162598,0.023554079234600067,21,46651,4.819711208343506,2.171684910800722,2.9434443897352405,8.663864875463862,0.6925027845912735,5.738529787051228,5.929974330806524,5.956168312669573,9.64911760073741,8.471364292078508,1.5669689178466797,4.906375885009765,14.79104232788086,-1.4317575372325049,0.8802874641109988,0.8676332621668419,0.817
full,ETTm2,CeNN_Emulator,7,8.215723037719727,0.028811395168304443,19,46651,4.818089485168457,2.174567833264669,2.9195090747629457,8.523533237623193,0.6974834241199388,5.757040279916012,5.883862136227503,5.964075155574013,9.661926852093389,8.402477387578783,1.5614328384399414,4.989457321166992,16.20895004272461,-1.0394869394832187,0.8693244473874178,0.8605881953121981,0.8356666666666667
full,ETTm2,Persistence,99,3.814697265625e-06,8.940696716308594e-05,0,0,,2.603787944873174,3.7101644892089536,13.765320536987137,0.5114423187370545,6.897588544629393,6.997725489537099,7.141275040883556,11.569015358770471,10.678018949917902,1.7579994201660156,6.152500152587891,16.69999885559082,-0.07707447679837545,0.7546340351633208,0.7618738062521095,0.034
full,ETTm2,MovingAverage,99,2.384185791015625e-06,0.00019650906324386597,0,0,,3.5180039585696328,4.629183097129695,21.429336146751275,0.2394316753663831,9.314860327773705,9.452474476806064,9.64864819830271,15.63101246744954,13.322995510727242,2.7468719482421875,7.580585479736328,18.200834274291992,-0.1124180665810903,0.6105410952596372,0.6246342031194079,0.034
full,ETTm2,MLP,99,5.715010166168213,0.015167053788900375,32,25880,0.06735626608133316,1.3933935594293807,2.1306629421111274,4.539724572885645,0.8388764500658065,3.844354278555319,3.862523066158902,3.821588723334231,6.191053891923426,6.13214301897468,0.835052490234375,3.2997486114501946,16.425777435302734,-0.307780970176061,0.9177581107598349,0.9104516381522898,0.8356666666666667
full,ETTm2,LSTM,99,8.235535860061646,0.061633531004190445,28,70168,0.11000221967697144,2.098454822566774,3.329623097632304,11.086389972286538,0.6065227130829621,5.480938610407749,5.785620849020329,5.755323922719737,9.323745476186797,9.582803844953657,1.132735252380371,5.435379028320311,18.781349182128906,-1.5272688869635265,0.833265089697427,0.8426101691667527,0.6676666666666666
full,ETTm2,Transformer,99,20.759751081466675,0.12237252667546272,20,274712,0.10122034698724747,2.2569310807122123,3.3015803694044035,10.900432935636516,0.613122685702281,5.770417116344452,6.031024353323701,6.189968590729275,10.027878955295577,9.50209562182882,1.3289680480957031,5.785457611083984,15.110649108886719,-1.584838840643565,0.8492797095453346,0.8691146423311189,0.7083333333333334
full,ETTm2,N-HiTS,99,8.160783767700195,0.020105857402086258,32,69960,0.07128532230854034,1.470837827152676,2.2780206643935985,5.189378147404251,0.8158189961446889,3.995174931313841,4.0597260626155185,4.033991126241435,6.535150239901247,6.556245118901913,0.8349971771240234,3.719008636474608,16.09965705871582,-0.5075893691380818,0.9084587052829405,0.9041321568194292,0.8246666666666667
full,ETTm2,N-BEATS,99,3.915107488632202,0.02117641270160675,15,96216,0.07839147746562958,1.5193501686520046,2.2937870154125655,5.261458872075284,0.8132607126950294,4.173285919152347,4.2022074064515955,4.167043425759955,6.750697755973254,6.60162138063943,0.9572086334228516,3.5952346801757806,16.646556854248047,-0.29847464111116195,0.9036818039227843,0.897704727786418,0.832
full,ETTm2,QELM,99,0.2211921215057373,0.013366341590881348,0,49664,,17.363490841203266,37.925855799431616,1438.3705381192806,-50.050534785025725,46.28706339866785,44.25050146579244,47.62195170733644,77.14856066496438,109.15230526734113,5.469715118408203,44.905464553833006,423.0789985656738,-12.01361130256123,0.02071631580790609,0.22565794202704592,0.624
full,ETTm2,CeNN_NS,99,12.635536909103394,0.023227650672197342,29,46651,2.4756217002868652,2.717706173711353,3.575523111666936,12.78436552206441,0.5462582975023991,7.101889666175398,7.4846661538237536,7.453712697684896,12.07517091635641,10.290515057565342,2.1606616973876953,5.842151260375976,17.125913619995117,-2.4039704054461586,0.8719728514284499,0.8590810258041356,0.7516666666666667
full,ETTm2,CeNN_Emulator,99,12.127642393112183,0.023088417947292328,28,46651,2.477499485015869,2.403448134051429,3.2916656322481606,10.835062634523682,0.6154428033231771,6.217518155252995,6.504284204471586,6.591813363893441,10.678875916757336,9.473560565891075,1.7545843124389648,5.583037948608398,16.305082321166992,-1.971929021941291,0.8806265450707733,0.8761683036061342,0.7993333333333333
full,ExchangeRate,Persistence,42,3.5762786865234375e-06,7.078051567077637e-05,0,0,,0.011050815128481176,0.014518145351341466,0.00021077654444267782,0.959778687845775,1.5076804125116448,1.503215356348769,1.4792809581336028,3.5982186468541184,3.0327845916252456,0.008646011352539062,0.023952990770339966,0.061846017837524414,0.0014281284291910992,0.9802116121468432,0.9722574533555476,0.000877963125548727
full,ExchangeRate,MovingAverage,42,2.1457672119140625e-06,0.00018998980522155762,0,0,,0.012653447430333373,0.016085499356682034,0.0002587432895538181,0.9506254614598002,1.7287785489780778,1.7222839902675813,1.693812051040015,4.120046346035607,3.3601988006708776,0.010600358247756958,0.026233941316604614,0.05883103609085083,0.002050987547571491,0.975866840878406,0.9657550380026504,0.000877963125548727
full,ExchangeRate,MLP,42,2.819981336593628,0.006500165909528732,40,25880,0.044853366911411285,0.012302824280521554,0.015556515537908934,0.00024200517568120211,0.9538195023561606,1.6723418844249254,1.6656724148368791,1.6468770382860072,4.005881124646638,3.249696120337408,0.01023682951927185,0.025795966386795044,0.06101357936859131,0.002545703757409293,0.9772731788396728,0.9698790759185607,0.5320456540825286
full,ExchangeRate,LSTM,42,3.382171869277954,0.02317037433385849,30,70168,0.05709375813603401,0.015496259747644877,0.019696480198982336,0.00038795133222890323,0.9259694114661332,2.0383513113846603,2.047640116162488,2.0743557557037766,5.045684877739349,4.114518777097509,0.01285475492477417,0.0328698456287384,0.0666016936302185,-0.004913050041392005,0.9715469071381435,0.9679652555269102,0.5856014047410009
full,ExchangeRate,Transformer,42,5.757765054702759,0.044772401452064514,15,274712,0.06098606437444687,0.018612001918720717,0.024513675869364305,0.0006009203046282538,0.885329730515446,2.4054871275323726,2.427752995195247,2.4914343160216896,6.060191178714423,5.120812380751807,0.01392778754234314,0.04276326298713684,0.08270895481109619,-0.0069054445093195095,0.9557941656716115,0.9627139459603966,0.5109745390693591
full,ExchangeRate,N-HiTS,42,3.771873712539673,0.008828938007354736,38,69960,0.04528290033340454,0.011818501689488475,0.015165299040293392,0.00022998629498152367,0.9561129983124795,1.604912774180208,1.6031364350580108,1.5820447903314951,3.8481824790818893,3.1679725022549934,0.009607911109924316,0.025532126426696777,0.05776691436767578,-0.0003479857424005347,0.9779700695031018,0.9703868402606622,0.5320456540825286
full,ExchangeRate,N-BEATS,42,2.8437418937683105,0.009309500455856323,29,96216,0.04241159185767174,0.011948868556001014,0.01535289875049702,0.00023571150004301296,0.9550204893687828,1.6319762061719634,1.6230594463078847,1.5994959213984257,3.8906307948453462,3.20716135845737,0.009535372257232666,0.025583267211914062,0.058133602142333984,0.0030480953386418123,0.9781583985581273,0.9706749894501556,0.5215100965759438
full,ExchangeRate,QELM,42,0.09724044799804688,0.004114117473363876,0,49664,,0.13204805947838033,0.23635384600632617,0.055863140521982144,-9.660051472003497,16.492345655100646,16.824316573490893,17.67617842428864,42.99572333550682,49.37340720818168,0.05697089433670044,0.36488305032253265,1.7262821793556213,0.010706013099628127,0.3450657257233359,0.3987373404899854,0.5013169446883231
full,ExchangeRate,CeNN_NS,42,10.539262294769287,0.49650995060801506,57,46651,0.8054094910621643,0.014937611599309703,0.018702744770446394,0.00034979266194845994,0.9332510176467358,2.00288958776837,2.005632421874533,1.9995741619008949,4.863785338112681,3.906931277256323,0.012539684772491455,0.031340062618255615,0.0689462423324585,-0.002284310718865851,0.9670983834845248,0.9679056961869086,0.5092186128182616
full,ExchangeRate,CeNN_Emulator,42,7.56998872756958,0.011554453521966934,44,46651,0.8031675219535828,0.015460311638216963,0.019452098829111062,0.0003783841488575039,0.9277950636981462,2.074854748129274,2.0683856993233265,2.0695436804731844,5.033979935057854,4.063468451102709,0.012968569993972778,0.03241550922393799,0.06849521398544312,0.0008688375619827463,0.9645791675940179,0.9681786259467224,0.504828797190518
full,ExchangeRate,Persistence,123,3.0994415283203125e-06,7.497146725654602e-05,0,0,,0.011050815128481176,0.014518145351341466,0.00021077654444267782,0.959778687845775,1.5076804125116448,1.503215356348769,1.4792809581336028,3.5982186468541184,3.0327845916252456,0.008646011352539062,0.023952990770339966,0.061846017837524414,0.0014281284291910992,0.9802116121468432,0.9722574533555476,0.000877963125548727
full,ExchangeRate,MovingAverage,123,1.9073486328125e-06,0.00021979212760925293,0,0,,0.012653447430333373,0.016085499356682034,0.0002587432895538181,0.9506254614598002,1.7287785489780778,1.7222839902675813,1.693812051040015,4.120046346035607,3.3601988006708776,0.010600358247756958,0.026233941316604614,0.05883103609085083,0.002050987547571491,0.975866840878406,0.9657550380026504,0.000877963125548727
full,ExchangeRate,MLP,123,1.3289332389831543,0.00865524634718895,20,25880,0.04669354110956192,0.01228094120358109,0.015590197716706828,0.0002430542648460108,0.953619310523208,1.6729378460333442,1.6685517586263676,1.643947732289387,3.9987558497612787,3.256732197632307,0.01023051142692566,0.02604275941848755,0.05388152599334717,0.0009512635095621153,0.9767231225302226,0.9683471937758102,0.5030728709394205
full,ExchangeRate,LSTM,123,3.29158616065979,0.024310313165187836,29,70168,0.05435037985444069,0.015059130470725504,0.01900212934939942,0.00036108091981130677,0.9310969423705733,1.9901522781957628,1.9961571269614489,2.015840885255626,4.903352688031157,3.96947156157267,0.012624800205230713,0.031779468059539795,0.06595408916473389,-0.003914785539507343,0.9728197780886854,0.968556792583614,0.5838454784899034
full,ExchangeRate,Transformer,123,5.001743793487549,0.04030158743262291,13,274712,0.05981406196951866,0.018575440000940004,0.024288909693786206,0.0005899511341129016,0.8874229161331221,2.412431006989581,2.4273245374859562,2.4865400753582603,6.048286375965144,5.073859593221765,0.013832718133926392,0.042159080505371094,0.076213538646698,-0.004457879886750698,0.9564124376240297,0.9621769441044085,0.5030728709394205
full,ExchangeRate,N-HiTS,123,2.3615918159484863,0.008934643119573593,23,69960,0.047687310725450516,0.012261308328446708,0.015607083799237531,0.0002435810647164226,0.9535187842427025,1.6624759568074656,1.6616710335549123,1.6413196421438143,3.992363255497547,3.260259635171517,0.010221034288406372,0.026310771703720093,0.058258235454559326,-0.0006841669981508252,0.9769051880322068,0.9691583790161225,0.5127304653204565
full,ExchangeRate,N-BEATS,123,2.1090948581695557,0.01114560291171074,21,96216,0.0428987480700016,0.012207296516398502,0.015655048184267096,0.0002450805336517245,0.9532326489506006,1.665310728198582,1.6556176195748735,1.6340895288763067,3.9747766515228453,3.270279210285566,0.009848296642303467,0.026018351316452026,0.05972641706466675,0.0036642398507510635,0.9777152820902667,0.9701941826002511,0.533801580333626
full,ExchangeRate,QELM,123,0.10257244110107422,0.005051027983427048,0,49664,,0.14656867002286092,0.2655616058113475,0.07052296648110154,-12.457504279608036,18.355910061636177,16.565454244536138,19.61993211387519,47.72373036642686,55.47479562584036,0.06774458289146423,0.3794831335544586,2.471872866153717,0.058835184391841995,0.5674488006528037,0.5690355688455997,0.48990342405618964
full,ExchangeRate,CeNN_NS,123,5.603163957595825,0.011385418474674225,33,46651,1.0185840129852295,0.016177561867819705,0.020203450134152097,0.00040817939732317035,0.9221094026469178,2.14807028542957,2.1490893508006343,2.1655560193398213,5.2675213635055576,4.220422842017071,0.01379406452178955,0.03379663825035095,0.06770932674407959,-0.0015165022295540733,0.9637852332201127,0.9667511298169523,0.5294117647058824
full,ExchangeRate,CeNN_Emulator,123,5.447166681289673,0.010326970368623734,32,46651,1.0310148000717163,0.01779364777703295,0.022468853787928556,0.0005048493905433114,0.9036624071164852,2.3342899842234055,2.344075413182136,2.3818880350701175,5.793729646409709,4.693656931407832,0.014519840478897095,0.03760060667991638,0.07172226905822754,-0.00420651303804301,0.9602208125302745,0.9662025932633217,0.504828797190518
full,ExchangeRate,Persistence,2024,3.5762786865234375e-06,7.031485438346863e-05,0,0,,0.011050815128481176,0.014518145351341466,0.00021077654444267782,0.959778687845775,1.5076804125116448,1.503215356348769,1.4792809581336028,3.5982186468541184,3.0327845916252456,0.008646011352539062,0.023952990770339966,0.061846017837524414,0.0014281284291910992,0.9802116121468432,0.9722574533555476,0.000877963125548727
full,ExchangeRate,MovingAverage,2024,1.6689300537109375e-06,0.00014854595065116882,0,0,,0.012653447430333373,0.016085499356682034,0.0002587432895538181,0.9506254614598002,1.7287785489780778,1.7222839902675813,1.693812051040015,4.120046346035607,3.3601988006708776,0.010600358247756958,0.026233941316604614,0.05883103609085083,0.002050987547571491,0.975866840878406,0.9657550380026504,0.000877963125548727
full,ExchangeRate,MLP,2024,1.070418357849121,0.006556045264005661,16,25880,0.04908737167716026,0.013233643671661782,0.016730877875749364,0.00027992227449323955,0.946583993911262,1.8058624768862859,1.7938456820466602,1.7714781093170902,4.308962087554258,3.4950158851556026,0.010883629322052002,0.027779042720794678,0.05964022874832153,0.0044677024143008,0.9749733371208485,0.9659044462476236,0.52414398595259
full,ExchangeRate,LSTM,2024,2.665799617767334,0.02393638715147972,23,70168,0.06040898710489273,0.016392878592799275,0.020712207271939873,0.0004289955300757989,0.9181371761570061,2.1475931527642134,2.159074494514915,2.194378683326758,5.3376299162044685,4.326700246673277,0.013797581195831299,0.03501260280609131,0.06523537635803223,-0.005624715961627106,0.9703535179747288,0.9680638400489942,0.5513608428446005
full,ExchangeRate,Transformer,2024,5.973827123641968,0.041361432522535324,15,274712,0.0669129341840744,0.01864238936352667,0.02500639336983817,0.0006253197093670864,0.8806737282217716,2.4040717491723647,2.4275329942043724,2.495502031203344,6.070085532140825,5.223739167011263,0.01342812180519104,0.04383164644241333,0.08530020713806152,-0.007054713570761129,0.9587684941470616,0.9605358473220669,0.5373134328358209
full,ExchangeRate,N-HiTS,2024,2.2474777698516846,0.009938608855009079,23,69960,0.04554849490523338,0.01207759762703413,0.015423615854998393,0.0002378879260425578,0.9546051741365319,1.6469765734358728,1.6425704970143058,1.616727814369536,3.9325458335459555,3.2219338889497924,0.009833276271820068,0.025815129280090332,0.05631762742996216,0.0010115202927331252,0.9771646053869808,0.9689973983189136,0.5074626865671642
full,ExchangeRate,N-BEATS,2024,1.8007316589355469,0.008765142410993576,18,96216,0.04295647144317627,0.012075341505319848,0.015556181290706914,0.00024199477634933984,0.953821486802647,1.6494687490950368,1.6410821497868957,1.6164258060694818,3.9318112253629827,3.24962629738554,0.009739100933074951,0.02615278959274292,0.05699867010116577,0.0024746849975950157,0.9772643855662627,0.9692102592240421,0.5496049165935031
full,ExchangeRate,QELM,2024,0.10019207000732422,0.004594679921865463,0,49664,,2.0038436678954215,3.9501455008917796,15.603649478215567,-2976.557384612585,251.2034964570302,110.0031375764023,268.23793055360784,652.4647790567859,825.1701660140384,0.8193911612033844,5.108753174543381,47.890791177749634,-1.0246838898912294,-0.32879062349451693,-0.26102973466346946,0.4978050921861282
full,ExchangeRate,CeNN_NS,2024,1.8908977508544922,0.013578683137893677,11,46651,200.91810607910156,0.058961431750139716,0.07633292921895514,0.005826716083146015,-0.11187972567789362,7.463484461446653,7.835750589452861,7.892677801430501,19.198232954036207,15.945654625056987,0.043128788471221924,0.13742390275001526,0.1836085319519043,-0.038754122259238674,0.5824478834065298,0.601153322697677,0.5118525021949079
full,ExchangeRate,CeNN_Emulator,2024,2.1576550006866455,0.010814517736434937,12,46651,200.8712615966797,0.04965286644135856,0.06658398258134664,0.004433426736393072,0.15399390786650102,6.244557897630238,6.541082362542326,6.646617375233182,16.167302395511953,13.909137257886263,0.032761454582214355,0.12130850553512573,0.18373632431030273,-0.03533556522299471,0.7208131932813758,0.7529165394040103,0.5715539947322212
full,ExchangeRate,Persistence,7,3.814697265625e-06,7.636845111846924e-05,0,0,,0.011050815128481176,0.014518145351341466,0.00021077654444267782,0.959778687845775,1.5076804125116448,1.503215356348769,1.4792809581336028,3.5982186468541184,3.0327845916252456,0.008646011352539062,0.023952990770339966,0.061846017837524414,0.0014281284291910992,0.9802116121468432,0.9722574533555476,0.000877963125548727
full,ExchangeRate,MovingAverage,7,1.6689300537109375e-06,0.00015087425708770752,0,0,,0.012653447430333373,0.016085499356682034,0.0002587432895538181,0.9506254614598002,1.7287785489780778,1.7222839902675813,1.693812051040015,4.120046346035607,3.3601988006708776,0.010600358247756958,0.026233941316604614,0.05883103609085083,0.002050987547571491,0.975866840878406,0.9657550380026504,0.000877963125548727
full,ExchangeRate,MLP,7,3.413789749145508,0.009415671229362488,52,25880,0.042242638766765594,0.012349384109946696,0.015883748970217465,0.0002522934813488844,0.9518562423791451,1.684883297982263,1.6725678036177232,1.6531096164516708,4.0210413136900796,3.3180539227531454,0.009985208511352539,0.02633926272392273,0.05944758653640747,0.004858037363656055,0.9780980633186466,0.9705966971195938,0.5267778753292361
full,ExchangeRate,LSTM,7,4.617952823638916,0.024545006453990936,39,70168,0.04996447637677193,0.014551977957589326,0.018470473421481007,0.0003411583884136363,0.934898647898894,1.930703870750479,1.9339878378435476,1.9479525849963617,4.738220468520728,3.8584106879406126,0.012013018131256104,0.031100064516067505,0.06444257497787476,-0.0028204759389362666,0.973035077258667,0.96887563066685,0.5856014047410009
full,ExchangeRate,Transformer,7,7.084075689315796,0.04235235974192619,18,274712,0.07556845247745514,0.01976114622474519,0.026875584914161817,0.0007222970644783223,0.8621680805362867,2.5273846294105917,2.5616410746024902,2.6452607324702377,6.43436018089117,5.614206074266545,0.013774126768112183,0.048613011837005615,0.08979123830795288,-0.009724328782270971,0.9547269711927259,0.9594821358605463,0.5487269534679543
full,ExchangeRate,N-HiTS,7,1.7385714054107666,0.008738599717617035,18,69960,0.045297496020793915,0.01243416486618147,0.015852653682506275,0.0002513066287774798,0.9520445579501667,1.7001612586425159,1.691685801241086,1.6644585130584957,4.048646489817959,3.311558237032935,0.009984433650970459,0.026601165533065796,0.056245505809783936,0.002747624589226767,0.9764772270600047,0.9674501459040085,0.5100965759438104
full,ExchangeRate,N-BEATS,7,2.5780563354492188,0.0086161307990551,26,96216,0.042740851640701294,0.012156174081806415,0.015598715335537937,0.00024331992011914644,0.9535686170093997,1.6582508222426857,1.6484342677484318,1.627246192602352,3.9581308479976616,3.2585114953678773,0.009894192218780518,0.02597808837890625,0.06028527021408081,0.003584904712318223,0.9778618245073506,0.9704291097985188,0.5092186128182616
full,ExchangeRate,QELM,7,0.1006782054901123,0.004702713340520859,0,49664,,0.36200097747929866,0.8743870577779508,0.7645527268095815,-144.89533178220933,43.559692718262674,30.34459360971055,48.458068168268866,117.8699174858474,182.6560853174318,0.06934294104576111,1.039795845746994,8.843683958053589,0.14113446004320246,0.3121193071151858,0.3581445184416087,0.5188762071992976
full,ExchangeRate,CeNN_NS,7,4.76648736000061,0.0104573555290699,28,46651,2.674527645111084,0.01666546924345529,0.020887841169352193,0.00043630190871608436,0.9167429406798806,2.2053986081785775,2.2054260565089394,2.2308681326743836,5.426387238695608,4.36338949071573,0.01388898491859436,0.035475701093673706,0.06501221656799316,-0.001153746484087893,0.9651765901887087,0.9685235737422148,0.5250219490781387
full,ExchangeRate,CeNN_Emulator,7,6.276446104049683,0.01170579344034195,36,46651,2.69313383102417,0.017423766274043333,0.022028379187202202,0.00048524948961516323,0.9074025468721083,2.280011440185923,2.2951820776124827,2.33237506631832,5.673293777588275,4.601643485491909,0.014238893985748291,0.037061065435409546,0.06926888227462769,-0.006223824901088204,0.9629929872571953,0.9670005079023238,0.5162423178226514
full,ExchangeRate,Persistence,99,3.337860107421875e-06,7.031485438346863e-05,0,0,,0.011050815128481176,0.014518145351341466,0.00021077654444267782,0.959778687845775,1.5076804125116448,1.503215356348769,1.4792809581336028,3.5982186468541184,3.0327845916252456,0.008646011352539062,0.023952990770339966,0.061846017837524414,0.0014281284291910992,0.9802116121468432,0.9722574533555476,0.000877963125548727
full,ExchangeRate,MovingAverage,99,1.6689300537109375e-06,0.0001564621925354004,0,0,,0.012653447430333373,0.016085499356682034,0.0002587432895538181,0.9506254614598002,1.7287785489780778,1.7222839902675813,1.693812051040015,4.120046346035607,3.3601988006708776,0.010600358247756958,0.026233941316604614,0.05883103609085083,0.002050987547571491,0.975866840878406,0.9657550380026504,0.000877963125548727
full,ExchangeRate,MLP,99,1.3967781066894531,0.0065015628933906555,21,25880,0.043491870164871216,0.012335672281204973,0.015855039519896908,0.00025138227817749273,0.9520301221971741,1.685782419773768,1.675515137821907,1.651274127673423,4.016576651374467,3.3120566292656424,0.009922772645950317,0.026321887969970703,0.056336283683776855,0.003455922740190253,0.9768932316615826,0.9685632158610019,0.5487269534679543
full,ExchangeRate,LSTM,99,5.840829372406006,0.02501765266060829,52,70168,0.05431922897696495,0.014247127915199716,0.01809934251074788,0.0003275861993213653,0.937488553030605,1.8845781582259347,1.89180124610104,1.9071448384591023,4.638959274276922,3.7808828715213285,0.01178067922592163,0.030006498098373413,0.0641489028930664,-0.004446642413922908,0.975209478719417,0.9697129926177482,0.582089552238806
full,ExchangeRate,Transformer,99,5.581811189651489,0.0412818044424057,14,274712,0.06362079083919525,0.01968814111659497,0.02556565042358597,0.0006536024815810015,0.8752766845762814,2.5620761652403368,2.57672802622395,2.635488144197109,6.410589233824586,5.340565809417576,0.014806658029556274,0.044265151023864746,0.08292919397354126,-0.0036079928448997747,0.9552906695305703,0.9596167192962927,0.5136084284460053
full,ExchangeRate,N-HiTS,99,2.712280035018921,0.01099519431591034,28,69960,0.043221548199653625,0.012073160048584022,0.01548079105171613,0.00023965489158689422,0.9542679939587638,1.6469698539836115,1.639754228809625,1.61613379255077,3.931100928591849,3.233877567114764,0.009723633527755737,0.025873273611068726,0.05509233474731445,0.00221478011713134,0.9773455957846466,0.9695691093440204,0.5083406496927129
full,ExchangeRate,N-BEATS,99,1.593250036239624,0.008779112249612808,16,96216,0.04333927854895592,0.011991689480429056,0.01546462250203793,0.00023915454913053788,0.9543634715185385,1.6381591795287869,1.6296898069626637,1.6052280033651962,3.904573571641549,3.2305000194221147,0.00958225131034851,0.02561160922050476,0.056475698947906494,0.0027518980346787976,0.9776737223940191,0.9693756683561393,0.5469710272168569
full,ExchangeRate,QELM,99,0.09747695922851562,0.004371162503957748,0,49664,,0.8927276035880342,2.0187815222846393,4.0754788347178845,-776.7008908773746,108.80689186012653,62.27176983929793,119.50203939114535,290.67802442129397,421.71567693230827,0.21907877922058105,2.605426460504532,18.52699965238571,-0.3538166475906109,-0.19641484875635676,-0.007382848088372094,0.5162423178226514
full,ExchangeRate,CeNN_NS,99,3.122908115386963,0.01053791493177414,18,46651,26.455854415893555,0.01994228579555299,0.02561986636712062,0.0006563775526691183,0.8747471332413336,2.5798367537159557,2.610576046028217,2.669508384317192,6.493340425677271,5.351891311001505,0.015774935483932495,0.044111162424087524,0.08381187915802002,-0.010295358269246727,0.9571110319200175,0.9637502645849316,0.520632133450395
full,ExchangeRate,CeNN_Emulator,99,3.5286827087402344,0.012917444109916687,21,46651,26.383865356445312,0.02372704400744465,0.031123858852656904,0.0009686945898801095,0.8151494152980914,3.0222399304007395,3.0840923425327302,3.1761425727366124,7.72568278355133,6.501654121511816,0.017330527305603027,0.05510812997817993,0.09513020515441895,-0.017470990637693973,0.955897768142808,0.961415169633483,0.5092186128182616
